TIME,ASSET,BAR_END_TIME,CLOSE,VOLUME,SENTIMENT_ASSUMED_AVAILABLE_AT,RETURN_1,RETURN_6,RETURN_30,DROP_ZSCORE,VOLATILITY_30,SMA_DISTANCE_20,SMA_20_50_SPREAD,BB_WIDTH,BB_POSITION,VOLUME_ZSCORE,FEAR_GREED_SCORE,FORWARD_RETURN_1,DATASET_ROLE,FEATURES_READY,TARGET_READY
2025-12-31 20:00:00+00:00,BTC,2026-01-01 00:00:00+00:00,88120.0,594.0,2025-12-31 00:00:00+00:00,0.004044892610949757,-0.008773903262092264,0.009450713099261154,0.36766726258027976,0.010494794528730334,-0.004558111687856914,0.0032219240428290608,0.03945430818614635,0.384471128821937,-0.36794079873879976,23,,REGIME_OOS,True,False
2026-01-01 20:00:00+00:00,BTC,2026-01-02 00:00:00+00:00,89265.0,324.0,2026-01-01 00:00:00+00:00,,0.005123296926021759,0.026919758412424555,,,0.007556817219836143,0.0035033787840001995,0.03936537930047318,0.6919660715613983,-0.7321133898746797,21,0.002072480815549227,REGIME_OOS,False,True
2026-01-02 00:00:00+00:00,BTC,2026-01-02 04:00:00+00:00,89450.0,876.0,2026-01-02 00:00:00+00:00,0.002072480815549227,0.005734202833370894,0.026626879375645673,0.176316418815227,0.010482339262065814,0.009010025239350794,0.003814213763553953,0.04014961108751487,0.7244112706275412,-0.034887057453045385,20,-0.0009502515371716536,REGIME_OOS,True,True
2026-01-02 04:00:00+00:00,BTC,2026-01-02 08:00:00+00:00,89365.0,602.0,2026-01-02 00:00:00+00:00,-0.0009502515371716536,-0.0016756968105904324,0.026829828794668442,-0.12785621284919152,0.010478364896730133,0.008790867657226809,0.002837474359148384,0.03499716254888987,0.7511880111693674,-0.4256071025217854,20,0.008672298998489314,REGIME_OOS,True,True
2026-01-02 08:00:00+00:00,BTC,2026-01-02 12:00:00+00:00,90140.0,1880.0,2026-01-02 00:00:00+00:00,0.008672298998489314,0.02176377238721372,0.03135011441647606,0.7881685233970986,0.010545625074807554,0.017548018580918923,0.002358076922641672,0.03492556049698846,1.0024405716389897,1.2534248052758836,20,-0.002828932771244741,REGIME_OOS,True,True
2026-01-02 12:00:00+00:00,BTC,2026-01-02 16:00:00+00:00,89885.0,2924.0,2026-01-02 00:00:00+00:00,-0.002828932771244741,0.024155415028769944,0.03470703349833082,-0.34828418196526933,0.01056245084113431,0.01354532256473151,0.0030146849255574537,0.03646661563506699,0.871444465817277,2.51754831645458,20,0.005284530233075513,REGIME_OOS,True,True
2026-01-02 16:00:00+00:00,BTC,2026-01-02 20:00:00+00:00,90360.0,3228.0,2026-01-02 00:00:00+00:00,0.005284530233075513,0.025419881979119374,0.012436974789916011,0.4367829266504088,0.01058950860636817,0.017619136104870092,0.0037189218517743594,0.0395796262342571,0.9451567076603771,2.5959547249709467,20,0.00188136343514822,REGIME_OOS,True,True
2026-01-02 20:00:00+00:00,BTC,2026-01-03 00:00:00+00:00,90530.0,746.0,2026-01-02 00:00:00+00:00,0.00188136343514822,0.014171287738755423,0.01776278808319276,0.09404811986262843,0.010572358188627064,0.01789438769486784,0.004907111752888493,0.04127225513132356,0.9335694194060858,-0.42128527583674996,20,,REGIME_OOS,True,False
2026-01-04 20:00:00+00:00,BTC,2026-01-05 00:00:00+00:00,92055.0,441.0,2026-01-04 00:00:00+00:00,,0.029122414756847403,0.03420963936636334,,,0.0324349786346354,0.006722548652102978,0.049163331330007255,1.159739235669705,-0.772000590672506,29,0.014502199771875501,REGIME_OOS,False,True
2026-01-05 00:00:00+00:00,BTC,2026-01-05 04:00:00+00:00,93390.0,1914.0,2026-01-05 00:00:00+00:00,0.014502199771875501,0.0450400044760253,0.06822991135258794,1.2954310606887072,0.009678321484668045,0.04407029782667027,0.008968685739552784,0.06231276294456812,1.2072435203342544,0.8423632869376249,25,-0.004390191669343624,REGIME_OOS,True,True
2026-01-05 04:00:00+00:00,BTC,2026-01-05 08:00:00+00:00,92980.0,704.0,2026-01-05 00:00:00+00:00,-0.004390191669343624,0.03150654537386277,0.05803368229403727,-0.4925228942256628,0.009693833966194308,0.03650566717109638,0.01119976282722579,0.068959053986149,1.029381786160073,-0.4870778927650157,25,0.006883200688320157,REGIME_OOS,True,True
2026-01-05 08:00:00+00:00,BTC,2026-01-05 12:00:00+00:00,93620.0,946.0,2026-01-05 00:00:00+00:00,0.006883200688320157,0.0415530956221839,0.06598348989467695,0.6747477185996024,0.009767168919236372,0.04050547093375423,0.013372272441608324,0.07705848677765802,1.0256458130384434,-0.1996194661903507,25,0.009132663960692122,REGIME_OOS,True,True
2026-01-05 12:00:00+00:00,BTC,2026-01-05 16:00:00+00:00,94475.0,2275.0,2026-01-05 00:00:00+00:00,0.009132663960692122,0.04554006197432492,0.069508122488255,0.8788012386653228,0.00924580306539488,0.04714218023924377,0.01467493806014386,0.08863354697049414,1.0318773968837935,1.3273906147403747,25,0.0029637470230219343,REGIME_OOS,True,True
2026-01-05 16:00:00+00:00,BTC,2026-01-05 20:00:00+00:00,94755.0,2751.0,2026-01-05 00:00:00+00:00,0.0029637470230219343,0.046669612283221085,0.04511112336623846,0.16401980423943982,0.009223428067788716,0.046704298165188396,0.016690082872028444,0.09731063798585987,0.9799505905199681,1.7955995418488035,25,-0.005065695741649501,REGIME_OOS,True,True
2026-01-05 20:00:00+00:00,BTC,2026-01-06 00:00:00+00:00,94275.0,1619.0,2026-01-05 00:00:00+00:00,-0.005065695741649501,0.024116017598174944,0.04569907381731464,-0.6980330354122313,0.009291964562090629,0.038319524867628685,0.018325673102158158,0.10212917355006892,0.8752064521391876,0.43099233784182733,25,-0.0006894722885176785,REGIME_OOS,True,True
2026-01-06 00:00:00+00:00,BTC,2026-01-06 04:00:00+00:00,94210.0,557.0,2026-01-06 00:00:00+00:00,-0.0006894722885176785,0.008780383338687248,0.07154231119199261,-0.20598865628880766,0.007988102518708124,0.03452725091486086,0.019828053467599638,0.10489929445398327,0.8291466457861375,-0.7659239098910146,26,-0.006846406963167406,REGIME_OOS,True,True
2026-01-06 04:00:00+00:00,BTC,2026-01-06 08:00:00+00:00,93565.0,538.0,2026-01-06 00:00:00+00:00,-0.006846406963167406,0.006291675629167548,0.06173049645390072,-0.8974300027914359,0.008022496049487755,0.02484199918945862,0.021099311602104986,0.1049507361497944,0.7367015239798034,-0.7364752581462257,26,0.007695185165393026,REGIME_OOS,True,True
2026-01-06 08:00:00+00:00,BTC,2026-01-06 12:00:00+00:00,94285.0,635.0,2026-01-06 00:00:00+00:00,0.007695185165393026,0.007103183080538367,0.07545340481350515,0.9240938650328989,0.006585292791844034,0.03003752642417412,0.02219936659385624,0.10686983216176527,0.7810664695225443,-0.575429205111109,26,-0.0031818422866839446,REGIME_OOS,True,True
2026-01-06 12:00:00+00:00,BTC,2026-01-06 16:00:00+00:00,93985.0,1738.0,2026-01-06 00:00:00+00:00,-0.0031818422866839446,-0.005186557290288385,0.07331696454062686,-0.6903791521323936,0.0066341253445091715,0.023536938972760213,0.023980939699999926,0.10336815318835185,0.7277001014990814,0.6716582598710792,26,-0.017289993084002808,REGIME_OOS,True,True
2026-01-06 16:00:00+00:00,BTC,2026-01-06 20:00:00+00:00,92360.0,4291.0,2026-01-06 00:00:00+00:00,-0.017289993084002808,-0.025275711044272064,0.05325578743300263,-2.784197631351044,0.007363371416870278,0.003329585512772404,0.025417809844305195,0.0944366927541786,0.5352573286470278,3.5238937256457845,26,0.019272412299696784,REGIME_OOS,True,True
2026-01-06 20:00:00+00:00,BTC,2026-01-07 00:00:00+00:00,94140.0,2150.0,2026-01-06 00:00:00+00:00,0.019272412299696784,-0.0014319809069212042,0.07178231912107935,2.5118817658637513,0.008087009809763268,0.0193331131671981,0.027204294138714058,0.08708371869901764,0.7220060587217002,0.8061194828002338,26,-0.011525387720416447,REGIME_OOS,True,True
2026-01-07 00:00:00+00:00,BTC,2026-01-07 04:00:00+00:00,93055.0,1292.0,2026-01-07 00:00:00+00:00,-0.011525387720416447,-0.012259845027067229,0.05486595250240889,-1.6055647399921995,0.008427353753112186,0.005521697786998514,0.027910324420867383,0.08118899494800022,0.5680104217392412,-0.08842025602439159,44,0.0009134382891837767,REGIME_OOS,True,True
2026-01-07 04:00:00+00:00,BTC,2026-01-07 08:00:00+00:00,93140.0,299.0,2026-01-07 00:00:00+00:00,0.0009134382891837767,-0.004542296799016743,0.04008933556672245,-0.013483295687732438,0.008426539796926778,0.004437686363955029,0.028586355841395683,0.07480669595050725,0.5593220474125872,-1.097023853647451,44,-0.009448142581060748,REGIME_OOS,True,True
2026-01-07 08:00:00+00:00,BTC,2026-01-07 12:00:00+00:00,92260.0,1154.0,2026-01-07 00:00:00+00:00,-0.009448142581060748,-0.02147743543511693,0.04072194021432596,-1.2401933840030344,0.008612404011077171,-0.006603085387880792,0.028998072150328014,0.06674296159794953,0.40106694054637737,-0.19419510330773634,44,-0.008183394753956241,REGIME_OOS,True,True
2026-01-07 12:00:00+00:00,BTC,2026-01-07 16:00:00+00:00,91505.0,1878.0,2026-01-07 00:00:00+00:00,-0.008183394753956241,-0.026387189445124193,0.029302587176602835,-1.0132644955499452,0.008296630914031575,-0.015455958855839391,0.02881840552325099,0.06239563247250171,0.2522910139159019,0.5481927536005673,44,-0.0012021201027265782,REGIME_OOS,True,True
2026-01-07 16:00:00+00:00,BTC,2026-01-07 20:00:00+00:00,91395.0,1989.0,2026-01-07 00:00:00+00:00,-0.0012021201027265782,-0.010448245993936789,0.02910708253575045,-0.11669066428785807,0.00809034531143488,-0.017437672683487948,0.0286236876386452,0.05656248007963643,0.1917095456398515,0.6277488451549145,44,0.0018600579900431846,REGIME_OOS,True,True
2026-01-07 20:00:00+00:00,BTC,2026-01-08 00:00:00+00:00,91565.0,799.0,2026-01-07 00:00:00+00:00,0.0018600579900431846,-0.027352878691310867,0.02951427928940853,0.22237629491523644,0.008080948688479705,-0.01624725698277507,0.028763226043908352,0.0520272174835098,0.18771620377498216,-0.6037920641861647,44,-0.007153388303391073,REGIME_OOS,True,True
2026-01-08 00:00:00+00:00,BTC,2026-01-08 04:00:00+00:00,90910.0,636.0,2026-01-08 00:00:00+00:00,-0.007153388303391073,-0.023050883885873952,0.015583980338490733,-0.8887996764116924,0.008185341938262506,-0.0234837600870067,0.028527599567360173,0.05030860916551122,0.03320593678614583,-0.8068547469684989,42,-0.002199978000219982,REGIME_OOS,True,True
2026-01-08 04:00:00+00:00,BTC,2026-01-08 08:00:00+00:00,90710.0,734.0,2026-01-08 00:00:00+00:00,-0.002199978000219982,-0.026089757354520127,0.02822489231466796,-0.24729984361244864,0.00818736797142068,-0.02492771071386346,0.027398697487854395,0.0545379191413074,0.04292882628550825,-0.7181451456874393,42,-0.003858450005512104,REGIME_OOS,True,True
2026-01-08 08:00:00+00:00,BTC,2026-01-08 12:00:00+00:00,90360.0,473.0,2026-01-08 00:00:00+00:00,-0.003858450005512104,-0.02059397355300241,0.029567595282857573,-0.43488699847166357,0.008109902916244418,-0.027105596080859162,0.025061032946754436,0.06018283630037482,0.049612518333729934,-0.9417607407484982,42,0.007193448428508109,REGIME_OOS,True,True
2026-01-08 12:00:00+00:00,BTC,2026-01-08 16:00:00+00:00,91010.0,1251.0,2026-01-08 00:00:00+00:00,0.007193448428508109,-0.005409540462269824,0.03279618701770315,0.9661564040316905,0.00779472298399429,-0.019066814688668776,0.023266945628845015,0.06285571687180848,0.1966574301021064,-0.11583167272458664,42,0.0016481705307109795,REGIME_OOS,True,True
2026-01-08 16:00:00+00:00,BTC,2026-01-08 20:00:00+00:00,91160.0,2035.0,2026-01-08 00:00:00+00:00,0.0016481705307109795,-0.0025712566332950493,0.021228925110625685,0.2011805711842632,0.007735846581328127,-0.01614574339492314,0.021159163772743073,0.06418245828645308,0.24843993474255846,0.6571006569074521,42,0.0019197016235190656,REGIME_OOS,True,True
2026-01-08 20:00:00+00:00,BTC,2026-01-09 00:00:00+00:00,91335.0,767.0,2026-01-08 00:00:00+00:00,0.0019197016235190656,-0.002511876808824365,0.021073225265511475,0.20848658154951838,0.007710123799256064,-0.01258391982616025,0.018755210851567394,0.06269736070080435,0.29929107564492996,-0.6990629091834742,42,0.0003832046860459126,REGIME_OOS,True,True
2026-01-09 00:00:00+00:00,BTC,2026-01-09 04:00:00+00:00,91370.0,468.0,2026-01-09 00:00:00+00:00,0.0003832046860459126,0.005059949400505914,0.022436076763833634,0.019086979025511795,0.007702414058593238,-0.010394807740733647,0.016733252431995638,0.059261643955524995,0.3245946779921466,-1.0010475852432734,28,-0.005417533107146766,REGIME_OOS,True,True
2026-01-09 04:00:00+00:00,BTC,2026-01-09 08:00:00+00:00,90875.0,335.0,2026-01-09 00:00:00+00:00,-0.005417533107146766,0.001818983574027211,0.008153982693587691,-0.7266897851837482,0.007767917188251908,-0.013940467503438358,0.014700312470409926,0.05746524365831026,0.2574104516752999,-1.12823994334188,28,-0.002035763411279201,REGIME_OOS,True,True
2026-01-09 08:00:00+00:00,BTC,2026-01-09 12:00:00+00:00,90690.0,659.0,2026-01-09 00:00:00+00:00,-0.002035763411279201,0.0036520584329349237,0.008955888079212437,-0.2660412676936717,0.007601381847634713,-0.014064984304292927,0.012145136443661997,0.055225653671413244,0.24531792076236822,-0.7315161329777107,28,0.007222405998456249,REGIME_OOS,True,True
2026-01-09 12:00:00+00:00,BTC,2026-01-09 16:00:00+00:00,91345.0,2278.0,2026-01-09 00:00:00+00:00,0.007222405998456249,0.0036809141852542915,0.010900841080123902,0.9930455328515353,0.0077080288296974084,-0.0057443583652389,0.010207885257366156,0.05314048959941838,0.39190241925618713,1.01067539650605,28,-0.009798018501286365,REGIME_OOS,True,True
2026-01-09 16:00:00+00:00,BTC,2026-01-09 20:00:00+00:00,90450.0,1498.0,2026-01-09 00:00:00+00:00,-0.009798018501286365,-0.0077885037297059645,-0.0008836849663095281,-1.2723033417211418,0.007842763236751626,-0.013426991415887657,0.007483516483516528,0.048804545862361666,0.22488236129162165,0.2422665279387668,28,0.0021558872305140753,REGIME_OOS,True,True
2026-01-09 20:00:00+00:00,BTC,2026-01-10 00:00:00+00:00,90645.0,897.0,2026-01-09 00:00:00+00:00,0.0021558872305140753,-0.007554606667761532,-0.015316930096138215,0.33785369240213503,0.007845789690149863,-0.009495814848001438,0.004968065573194291,0.04368808175659888,0.28264518682908063,-0.4508311672876587,28,,REGIME_OOS,True,False
2026-01-11 20:00:00+00:00,BTC,2026-01-12 00:00:00+00:00,91110.0,156.0,2026-01-11 00:00:00+00:00,,-0.0028455729451679623,-0.02441374879537428,,,-0.0037342197776963904,0.003527927137056963,0.042985588417208495,0.413128564358527,-1.3058891741076744,25,0.009878169245966406,REGIME_OOS,False,True
2026-01-12 00:00:00+00:00,BTC,2026-01-12 04:00:00+00:00,92010.0,2342.0,2026-01-12 00:00:00+00:00,0.009878169245966406,0.012489683631361714,-0.010432351043235144,1.3208151313889964,0.007582205856040893,0.007280091959056323,0.0014416725594348367,0.033632907223090265,0.7164574091310866,1.192239581688286,29,-0.005162482338876173,REGIME_OOS,True,True
2026-01-12 04:00:00+00:00,BTC,2026-01-12 08:00:00+00:00,91535.0,822.0,2026-01-12 00:00:00+00:00,-0.005162482338876173,0.009317455066710778,-0.022270882290108984,-0.5966178681272696,0.007596678949095925,0.002914461646342126,-0.00011941292661354908,0.028799707418760347,0.6011976130161527,-0.5343286473816421,29,-0.009395313268148797,REGIME_OOS,True,True
2026-01-12 08:00:00+00:00,BTC,2026-01-12 12:00:00+00:00,90675.0,1689.0,2026-01-12 00:00:00+00:00,-0.009395313268148797,-0.007334829492583017,-0.04022228102672665,-1.1492874003221014,0.0076203023321940455,-0.005164804722107119,-0.00171572707836809,0.02194972173769634,0.2646983964613472,0.40958941314460645,29,0.013289219740832747,REGIME_OOS,True,True
2026-01-12 12:00:00+00:00,BTC,2026-01-12 16:00:00+00:00,91880.0,1823.0,2026-01-12 00:00:00+00:00,0.013289219740832747,0.0158098396904367,-0.030341406785921565,1.9023369557309862,0.007849134399548948,0.008265959227120367,-0.002629505182396241,0.020249114241644835,0.9082133731124143,0.5852616888240485,29,0.0022311710927296335,REGIME_OOS,True,True
2026-01-12 16:00:00+00:00,BTC,2026-01-12 20:00:00+00:00,92085.0,2476.0,2026-01-12 00:00:00+00:00,0.0022311710927296335,0.01588614926361087,-0.023229912490055682,0.4204007811516441,0.007837287477963563,0.0101940908829119,-0.003007195613727087,0.022059465954804777,0.9621186616120941,1.3933618551299456,29,-0.007384481728837433,REGIME_OOS,True,True
2026-01-12 20:00:00+00:00,BTC,2026-01-13 00:00:00+00:00,91405.0,965.0,2026-01-12 00:00:00+00:00,-0.007384481728837433,0.0032378443639555776,-0.029773909351448857,-0.8027587872265731,0.007889080712002946,0.0027288309907438357,-0.0035673450470363743,0.022070551724965567,0.6236412675473418,-0.36020813314793537,29,0.0016957496854657084,REGIME_OOS,True,True
2026-01-13 00:00:00+00:00,BTC,2026-01-13 04:00:00+00:00,91560.0,403.0,2026-01-13 00:00:00+00:00,0.0016957496854657084,-0.004890772742093263,-0.021428953134184803,0.36329618040617545,0.007906094884468372,0.0044319627890649915,-0.004140492707707444,0.02206128034994676,0.7008932717758422,-1.0103131923057367,27,0.0067169069462647,REGIME_OOS,True,True
2026-01-13 04:00:00+00:00,BTC,2026-01-13 08:00:00+00:00,92175.0,944.0,2026-01-13 00:00:00+00:00,0.0067169069462647,0.0069918610367618594,-0.022378957416344103,0.9875574307350254,0.007953280264889232,0.010477503377850583,-0.004028357364813329,0.02401851064024698,0.9362261896578146,-0.3955059222754572,27,0.00010848928668294455,REGIME_OOS,True,True
2026-01-13 08:00:00+00:00,BTC,2026-01-13 12:00:00+00:00,92185.0,954.0,2026-01-13 00:00:00+00:00,0.00010848928668294455,0.016652881169010092,-0.01915199233920306,0.09394798160477345,0.007798256464151657,0.009770738172696802,-0.004085417405296332,0.02515948481175773,0.8883520765946115,-0.3985763689312088,27,0.017519119162553665,REGIME_OOS,True,True
2026-01-13 12:00:00+00:00,BTC,2026-01-13 16:00:00+00:00,93800.0,2720.0,2026-01-13 00:00:00+00:00,0.017519119162553665,0.02089682194166298,0.015591165006496377,2.3608757228171826,0.00847510788761488,0.025528890832558826,-0.00352114977742235,0.0334079605940782,1.264155919086066,1.6218744994650027,27,0.007995735607675858,REGIME_OOS,True,True
2026-01-13 16:00:00+00:00,BTC,2026-01-13 20:00:00+00:00,94550.0,2436.0,2026-01-13 00:00:00+00:00,0.007995735607675858,0.026768746267035848,0.004355215636286491,0.9672205796118805,0.00795865427437469,0.03173217520350935,-0.0029896602144547924,0.04452531636520866,1.2126771417688185,1.6380558844376285,27,0.012374405076678974,REGIME_OOS,True,True
2026-01-13 20:00:00+00:00,BTC,2026-01-14 00:00:00+00:00,95720.0,1611.0,2026-01-13 00:00:00+00:00,0.012374405076678974,0.04720748317925705,0.028638976949116213,1.4742581100749113,0.007487521590194738,0.04190704256013933,-0.0019110030973676917,0.059203195664127226,1.2078510220611607,0.49553736449414876,27,0.0033953196824070275,REGIME_OOS,True,True
2026-01-14 00:00:00+00:00,BTC,2026-01-14 04:00:00+00:00,96045.0,833.0,2026-01-14 00:00:00+00:00,0.0033953196824070275,0.04898427260812577,0.03118960704316076,0.3985242317051247,0.007155474231743877,0.042771604301588884,-0.0007843537164046177,0.07126603699343144,1.1001681320589103,-0.5529495453252903,26,-0.005414128793794548,REGIME_OOS,True,True
2026-01-14 04:00:00+00:00,BTC,2026-01-14 08:00:00+00:00,95525.0,963.0,2026-01-14 00:00:00+00:00,-0.005414128793794548,0.03634391103878487,0.03538911771081721,-0.8836376731637223,0.0072479897243823595,0.034791863573214066,0.0001327179553851643,0.07792778514571316,0.9464628823744767,-0.4134547784938327,26,-0.005286574195236815,REGIME_OOS,True,True
2026-01-14 08:00:00+00:00,BTC,2026-01-14 12:00:00+00:00,95020.0,881.0,2026-01-14 00:00:00+00:00,-0.005286574195236815,0.030753376362748774,0.03841320146440075,-0.8256597107286072,0.007085104824108936,0.027015634372922648,0.0013192840584164145,0.08048794553701086,0.8356482041214498,-0.5148657428509498,26,0.021732266891180796,REGIME_OOS,True,True
2026-01-14 12:00:00+00:00,BTC,2026-01-14 16:00:00+00:00,97085.0,3154.0,2026-01-14 00:00:00+00:00,0.021732266891180796,0.035021321961620444,0.062257235078505335,2.9492505135453655,0.007837145295060105,0.04572101001451423,0.0032163565752421075,0.08911881192225432,1.0130343305563856,2.6312732563443695,26,0.004738116083844002,REGIME_OOS,True,True
2026-01-14 16:00:00+00:00,BTC,2026-01-14 20:00:00+00:00,97545.0,3102.0,2026-01-14 00:00:00+00:00,0.004738116083844002,0.031676361713379064,0.0653087970294326,0.3705953383326151,0.007832839099467843,0.04717915410855045,0.005005594138508096,0.09815323538141542,0.9806683541832942,2.2901153538712102,26,-0.0025629196780972974,REGIME_OOS,True,True
2026-01-14 20:00:00+00:00,BTC,2026-01-15 00:00:00+00:00,97295.0,1238.0,2026-01-14 00:00:00+00:00,-0.0025629196780972974,0.016454241537818604,0.07023429765702338,-0.5865860468082996,0.00787767860984563,0.04067171163462313,0.007227843519180821,0.101442287389618,0.900934488774014,-0.12225163300703491,26,-0.011048871987255238,REGIME_OOS,True,True
2026-01-15 00:00:00+00:00,BTC,2026-01-15 04:00:00+00:00,96220.0,852.0,2026-01-15 00:00:00+00:00,-0.011048871987255238,0.0018220625748346375,0.060743027229632984,-1.6417468245909672,0.008061740096459777,0.026114080808350204,0.0093251270923278,0.10008271382350059,0.7609249870502434,-0.5997997930700113,48,0.00644356682602365,REGIME_OOS,True,True
2026-01-15 04:00:00+00:00,BTC,2026-01-15 08:00:00+00:00,96840.0,662.0,2026-01-15 00:00:00+00:00,0.00644356682602365,0.013766029835121651,0.0717131474103585,0.5816528901253746,0.008069991680389995,0.029580231294072057,0.011657572716644138,0.1001080298401263,0.7954831030169305,-0.829843897885421,48,-0.00030978934324654706,REGIME_OOS,True,True
2026-01-15 08:00:00+00:00,BTC,2026-01-15 12:00:00+00:00,96810.0,389.0,2026-01-15 00:00:00+00:00,-0.00030978934324654706,0.0188381393390864,0.06372926052082195,-0.2914922340398074,0.008006269385779741,0.026641674907407653,0.013404011800044024,0.10090500346358457,0.7640272929282671,-1.1668515090982887,48,0.0010329511414111092,REGIME_OOS,True,True
2026-01-15 12:00:00+00:00,BTC,2026-01-15 16:00:00+00:00,96910.0,2357.0,2026-01-15 00:00:00+00:00,0.0010329511414111092,-0.0018025441623319427,0.06307591048705574,-0.14087561301489004,0.00795155602582347,0.024781502963522994,0.015574072423410357,0.09955818015623058,0.7489147845474367,1.1728892604924321,48,-0.012950159942214379,REGIME_OOS,True,True
2026-01-15 16:00:00+00:00,BTC,2026-01-15 20:00:00+00:00,95655.0,1824.0,2026-01-15 00:00:00+00:00,-0.012950159942214379,-0.019375672766415497,0.047298406963376616,-1.8745575373338343,0.008404781645941219,0.00885403757824399,0.01799014171155444,0.091848404983778,0.5963983814395888,0.535953043630043,48,0.0007317965605562193,REGIME_OOS,True,True
2026-01-15 20:00:00+00:00,BTC,2026-01-16 00:00:00+00:00,95725.0,1025.0,2026-01-15 00:00:00+00:00,0.0007317965605562193,-0.01613649211161927,0.047663346831563924,-0.08769790748351279,0.008405382699772312,0.007549384129189374,0.01984181933526763,0.08721417367910392,0.5865614361831448,-0.42056987923865835,48,-0.002141551318882162,REGIME_OOS,True,True
2026-01-16 00:00:00+00:00,BTC,2026-01-16 04:00:00+00:00,95520.0,326.0,2026-01-16 00:00:00+00:00,-0.002141551318882162,-0.0072749948035751855,0.05111416781292988,-0.4248269156510737,0.008428824481498379,0.003577451026744116,0.021412428287199026,0.08218491036732223,0.5435292927954162,-1.266218336133968,61,0.0036118090452261775,REGIME_OOS,True,True
2026-01-16 04:00:00+00:00,BTC,2026-01-16 08:00:00+00:00,95865.0,397.0,2026-01-16 00:00:00+00:00,0.0036118090452261775,-0.010068153655514278,0.05706252067482631,0.26892078431224264,0.008339755427007873,0.004847881344828497,0.02344200057285506,0.07318554376609805,0.5662409691225685,-1.1823617222551497,61,-0.0032337140770876127,REGIME_OOS,True,True
2026-01-16 08:00:00+00:00,BTC,2026-01-16 12:00:00+00:00,95555.0,465.0,2026-01-16 00:00:00+00:00,-0.0032337140770876127,-0.012963536824708188,0.04608900322951448,-0.5851268836807548,0.0083608338356659,-0.0004942352298193953,0.025147146973259815,0.062466074349646995,0.4920879415752468,-1.0811151411417388,61,-0.009314007639579347,REGIME_OOS,True,True
2026-01-16 12:00:00+00:00,BTC,2026-01-16 16:00:00+00:00,94665.0,1697.0,2026-01-16 00:00:00+00:00,-0.009314007639579347,-0.023165823960375587,0.046600331674958584,-1.3061109922688106,0.008521364190175636,-0.011091466074007572,0.02639851948271965,0.05352272628975998,0.292770906064074,0.41242491390627545,61,0.004700786985686323,REGIME_OOS,True,True
2026-01-16 16:00:00+00:00,BTC,2026-01-16 20:00:00+00:00,95110.0,993.0,2026-01-16 00:00:00+00:00,0.004700786985686323,-0.00569755893575874,0.04925809476529319,0.42784598270160445,0.008292692347228136,-0.007958445026232663,0.027718700957902076,0.04125977998967784,0.3071137308966838,-0.40789367058477516,61,0.005782777836189634,REGIME_OOS,True,True
2026-01-16 20:00:00+00:00,BTC,2026-01-17 00:00:00+00:00,95660.0,717.0,2026-01-16 00:00:00+00:00,0.005782777836189634,-0.0006790284669626612,0.04993963341016361,0.5118396526061401,0.008328368044670662,-0.0031886293062126647,0.02798832819871211,0.035978595396859804,0.41137426931094373,-0.7311108063566463,61,,REGIME_OOS,True,False
2026-01-18 20:00:00+00:00,BTC,2026-01-19 00:00:00+00:00,93700.0,472.0,2026-01-18 00:00:00+00:00,,-0.019053601340033532,0.018367568742527984,,,-0.023179929839924562,0.0276299381644749,0.03973324595861813,-0.08338877885955355,-1.061283461562807,50,-0.0108324439701174,REGIME_OOS,False,True
2026-01-19 00:00:00+00:00,BTC,2026-01-19 04:00:00+00:00,92685.0,1448.0,2026-01-19 00:00:00+00:00,-0.0108324439701174,-0.033171647629478995,0.01256350030043163,-1.4998844098452278,0.008480565037219338,-0.03223027667344491,0.026085582352121772,0.050005473050133954,-0.14453498202350465,0.16873759652238665,49,0.0023196849544155906,REGIME_OOS,True,True
2026-01-19 04:00:00+00:00,BTC,2026-01-19 08:00:00+00:00,92900.0,393.0,2026-01-19 00:00:00+00:00,0.0023196849544155906,-0.027785045261891073,0.024538185828508308,0.15929284225979862,0.008403705699388175,-0.02839004544289836,0.024453511221207647,0.056709739242606284,-0.0006202783166517317,-1.1189613503372595,49,0.004090419806243251,REGIME_OOS,True,True
2026-01-19 08:00:00+00:00,BTC,2026-01-19 12:00:00+00:00,93280.0,374.0,2026-01-19 00:00:00+00:00,0.004090419806243251,-0.01463053927005753,0.015237265999129335,0.34178048195350946,0.008173942420403545,-0.023269085283331048,0.0230272108114824,0.060850113953710275,0.11759997194036131,-1.0719416726563396,49,-0.0010720411663808216,REGIME_OOS,True,True
2026-01-19 12:00:00+00:00,BTC,2026-01-19 16:00:00+00:00,93180.0,523.0,2026-01-19 00:00:00+00:00,-0.0010720411663808216,-0.020292293134265615,0.0118911874898191,-0.3351825451407492,0.0078852960677752,-0.023375371094824682,0.021675067274465887,0.06458780730274705,0.13808384165674384,-0.8302937801088053,49,-0.00010731916720330137,REGIME_OOS,True,True
2026-01-19 16:00:00+00:00,BTC,2026-01-19 20:00:00+00:00,93170.0,245.0,2026-01-19 00:00:00+00:00,-0.00010731916720330137,-0.026029688480033397,0.019309665773207252,-0.1643986626599692,0.007886197079831393,-0.021472569829175225,0.019191493187870945,0.06575117684240038,0.17342683644061635,-1.1087731472970495,49,-0.005044542234624916,REGIME_OOS,True,True
2026-01-19 20:00:00+00:00,BTC,2026-01-20 00:00:00+00:00,92700.0,171.0,2026-01-19 00:00:00+00:00,-0.005044542234624916,-0.01067235859124871,0.01245085190039319,-0.7805543607391411,0.007810483032311974,-0.023925409790754637,0.01635145214849909,0.06571872887988721,0.13594229227283666,-1.1462787699592982,49,-0.002912621359223322,REGIME_OOS,True,True
2026-01-20 00:00:00+00:00,BTC,2026-01-20 04:00:00+00:00,92430.0,486.0,2026-01-20 00:00:00+00:00,-0.002912621359223322,-0.002751254248260282,0.002766476810414975,-0.5251509555914573,0.007845413496900556,-0.024269231175247263,0.013418604178456972,0.06580514963124687,0.13119556279037312,-0.7599357235135934,44,-0.013848317645785979,REGIME_OOS,True,True
2026-01-20 04:00:00+00:00,BTC,2026-01-20 08:00:00+00:00,91150.0,1093.0,2026-01-20 00:00:00+00:00,-0.013848317645785979,-0.018837459634015064,-0.01122742311655911,-1.8971296480849478,0.008221323831755832,-0.035199602013220366,0.010611498285793663,0.07232634803585157,0.013322558526358734,-0.035305289526290036,44,0.0008776741634668461,REGIME_OOS,True,True
2026-01-20 08:00:00+00:00,BTC,2026-01-20 12:00:00+00:00,91230.0,483.0,2026-01-20 00:00:00+00:00,0.0008776741634668461,-0.02197684391080612,-0.027398720682302757,0.06419072645700097,0.008221744260912262,-0.03147725463134987,0.00742345795601973,0.07471301334069741,0.07869113794392117,-0.7449362857888184,44,-0.006138331689137355,REGIME_OOS,True,True
2026-01-20 12:00:00+00:00,BTC,2026-01-20 16:00:00+00:00,90670.0,2167.0,2026-01-20 00:00:00+00:00,-0.006138331689137355,-0.026937110968018874,-0.04103648863035436,-0.7922786689275556,0.0076342910673061785,-0.03427488070892981,0.00421310007797282,0.07728063361329972,0.056488099199134875,1.3586675132739374,44,-0.010863571192235577,REGIME_OOS,True,True
2026-01-20 16:00:00+00:00,BTC,2026-01-20 20:00:00+00:00,89685.0,1760.0,2026-01-20 00:00:00+00:00,-0.010863571192235577,-0.03740474401631422,-0.0630484747179273,-1.3688986069832623,0.0076942463843365965,-0.04107648346596027,0.0006649576417165903,0.08117083474004023,-0.006049784969106865,0.8884285911453823,44,-0.01377041868762896,REGIME_OOS,True,True
2026-01-20 20:00:00+00:00,BTC,2026-01-21 00:00:00+00:00,88450.0,1626.0,2026-01-20 00:00:00+00:00,-0.01377041868762896,-0.045846817691477915,-0.07907751574782651,-1.6543237254071907,0.007602376327963617,-0.05062441972168108,-0.002573685669902237,0.09191821538881638,-0.0507550326944284,0.7122325911413744,44,0.010853589598643243,REGIME_OOS,True,True
2026-01-21 00:00:00+00:00,BTC,2026-01-21 04:00:00+00:00,89410.0,674.0,2026-01-21 00:00:00+00:00,0.010853589598643243,-0.032673374445526315,-0.06401465584925414,1.679307563617062,0.007898151406917122,-0.03705678198614448,-0.0055367113038020666,0.09513528234266604,0.11048329206959956,-0.49349317628179806,32,-0.002125041941617223,REGIME_OOS,True,True
2026-01-21 04:00:00+00:00,BTC,2026-01-21 08:00:00+00:00,89220.0,424.0,2026-01-21 00:00:00+00:00,-0.002125041941617223,-0.02117388919363683,-0.061039781098716106,-0.05830636116350205,0.007867074659709724,-0.03583209732454751,-0.008558990985122361,0.09753458576047905,0.13262162805979041,-0.7855177726225347,32,-0.004875588433086775,REGIME_OOS,True,True
2026-01-21 08:00:00+00:00,BTC,2026-01-21 12:00:00+00:00,88785.0,426.0,2026-01-21 00:00:00+00:00,-0.004875588433086775,-0.026800394607037203,-0.08549209455631668,-0.4221003780906943,0.007860707590440134,-0.03684840003579881,-0.011948465376514616,0.09815070184395916,0.12457323948247716,-0.7572329673494785,32,0.01723264064875818,REGIME_OOS,True,True
2026-01-21 12:00:00+00:00,BTC,2026-01-21 16:00:00+00:00,90315.0,2324.0,2026-01-21 00:00:00+00:00,0.01723264064875818,-0.003915297231719461,-0.07411963709057356,2.3883135394758503,0.00743259130350576,-0.017458163234778112,-0.01453912532604884,0.09362132997672093,0.31352365706491075,1.8657971591638585,32,0.000719703260809279,REGIME_OOS,True,True
2026-01-21 16:00:00+00:00,BTC,2026-01-21 20:00:00+00:00,90380.0,3115.0,2026-01-21 00:00:00+00:00,0.000719703260809279,0.007749344929475432,-0.07107251143429771,0.32436662035174646,0.007348462743707278,-0.014453876812186794,-0.0168213177234936,0.09053610525566237,0.34035234593568015,3.2894141656830045,32,-0.009404735560964772,REGIME_OOS,True,True
2026-01-21 20:00:00+00:00,BTC,2026-01-22 00:00:00+00:00,89530.0,1182.0,2026-01-21 00:00:00+00:00,-0.009404735560964772,0.012210288298473815,-0.06952816462273959,-1.031454804964427,0.007477190596749771,-0.020743438718533458,-0.019578090382854185,0.08601836710312197,0.25884872711353063,0.2396779459063033,32,0.004635317770579794,REGIME_OOS,True,True
2026-01-22 00:00:00+00:00,BTC,2026-01-22 04:00:00+00:00,89945.0,424.0,2026-01-22 00:00:00+00:00,0.004635317770579794,0.005983670730343338,-0.07119991738950848,0.8945213537530972,0.007374132352363369,-0.01311981742524615,-0.022398097585619836,0.07540319515008632,0.3260044896090707,-0.7560359198308138,24,-0.001500917227194365,REGIME_OOS,True,True
2026-01-22 04:00:00+00:00,BTC,2026-01-22 08:00:00+00:00,89810.0,486.0,2026-01-22 00:00:00+00:00,-0.001500917227194365,0.00661286707016373,-0.07230657989877076,0.003995769323256513,0.007218917156363939,-0.012493643223332462,-0.02402374204404356,0.07173849957845153,0.32584465389229794,-0.6613105160963157,24,0.001670192628883127,REGIME_OOS,True,True
2026-01-22 08:00:00+00:00,BTC,2026-01-22 12:00:00+00:00,89960.0,478.0,2026-01-22 00:00:00+00:00,0.001670192628883127,0.013234217491693512,-0.07171602517800024,0.4800430934394366,0.007241980108498039,-0.009360202620856684,-0.025156355001535013,0.07010388814690753,0.3664809774710101,-0.6778838995631516,24,-0.01017118719430854,REGIME_OOS,True,True
2026-01-22 12:00:00+00:00,BTC,2026-01-22 16:00:00+00:00,89045.0,1489.0,2026-01-22 00:00:00+00:00,-0.01017118719430854,-0.014061894480429604,-0.06910250378966076,-1.1657016137523648,0.007382166913116309,-0.01735044927980045,-0.026884970919493822,0.0687807981759737,0.2477428331754765,0.7444919243632839,24,0.009208826997585406,REGIME_OOS,True,True
2026-01-22 16:00:00+00:00,BTC,2026-01-22 20:00:00+00:00,89865.0,2316.0,2026-01-22 00:00:00+00:00,0.009208826997585406,-0.005698163310466908,-0.06121702794463302,1.5322733424538,0.007367940470647461,-0.006429215060837046,-0.02829808606528761,0.0633800960314879,0.3985609763411692,1.9119599264669886,24,-0.0031714238023702324,REGIME_OOS,True,True
2026-01-22 20:00:00+00:00,BTC,2026-01-23 00:00:00+00:00,89580.0,740.0,2026-01-22 00:00:00+00:00,-0.0031714238023702324,0.0005584720205518146,-0.06218592964824121,-0.24530411648094683,0.0073641164987836814,-0.007605257764508377,-0.029709643299394517,0.05719669316799669,0.36703326113328866,-0.3026484089601383,24,0.004576914489841544,REGIME_OOS,True,True
2026-01-23 00:00:00+00:00,BTC,2026-01-23 04:00:00+00:00,89990.0,517.0,2026-01-23 00:00:00+00:00,0.004576914489841544,0.0005003057423982327,-0.06128409742867569,0.8244111172343644,0.0074454572549478735,-0.0013039980023860087,-0.03112402838215489,0.04862252672113863,0.47318119624130667,-0.6176457754274504,20,-0.005222802533614845,REGIME_OOS,True,True
2026-01-23 04:00:00+00:00,BTC,2026-01-23 08:00:00+00:00,89520.0,709.0,2026-01-23 00:00:00+00:00,-0.005222802533614845,-0.00322903908250749,-0.06315734393804617,-0.5308748997134066,0.0074203764704128304,-0.004763837084553968,-0.03240918532765791,0.04069727821593475,0.3829445777853348,-0.37161933861355456,20,-0.0038538873994637957,REGIME_OOS,True,True
2026-01-23 08:00:00+00:00,BTC,2026-01-23 12:00:00+00:00,89175.0,691.0,2026-01-23 00:00:00+00:00,-0.0038538873994637957,-0.00872610048910627,-0.05799397876723178,-0.3085024319034942,0.007426048267349486,-0.0068023043745806255,-0.033536129203789455,0.032034181043968005,0.2876548064317859,-0.40859952200556027,20,0.006672273619287905,REGIME_OOS,True,True
2026-01-23 12:00:00+00:00,BTC,2026-01-23 16:00:00+00:00,89770.0,1218.0,2026-01-23 00:00:00+00:00,0.006672273619287905,0.008141950699084743,-0.05614551571864157,1.1119816325966871,0.0074259035598091185,0.0005935346521135365,-0.03377650695184864,0.028689950130430453,0.5206878941725283,0.34093449306906315,20,0.0025621031525009386,REGIME_OOS,True,True
2026-01-23 16:00:00+00:00,BTC,2026-01-23 20:00:00+00:00,90000.0,2757.0,2026-01-23 00:00:00+00:00,0.0025621031525009386,0.001502253380070151,-0.059167886263851166,0.48675326015313697,0.007378883975739568,0.0038452851338879324,-0.03364788686851272,0.024183050624695574,0.6590074467263897,2.399029154970754,20,-0.007333333333333303,REGIME_OOS,True,True
2026-01-23 20:00:00+00:00,BTC,2026-01-24 00:00:00+00:00,89340.0,708.0,2026-01-23 00:00:00+00:00,-0.007333333333333303,-0.0026791694574681557,-0.04653148345784419,-0.8415316296914424,0.00734404243354589,-0.002776576300037692,-0.033278912474857814,0.02188144833591464,0.37310820301230246,-0.4103051424344773,20,,REGIME_OOS,True,False
2026-01-25 20:00:00+00:00,BTC,2026-01-26 00:00:00+00:00,86620.0,539.0,2026-01-25 00:00:00+00:00,,-0.03744860540060002,-0.06543669417920916,,,-0.03148078783033581,-0.033033555769871215,0.036849662270485174,-0.3543032931824301,-0.632218405411422,25,0.0064072962364349895,REGIME_OOS,False,True
2026-01-26 00:00:00+00:00,BTC,2026-01-26 04:00:00+00:00,87175.0,1332.0,2026-01-26 00:00:00+00:00,0.0064072962364349895,-0.02619526362823954,-0.061625403659849254,1.0849976821503178,0.007267642024051632,-0.024579914794104374,-0.031865904624897246,0.04228008426144294,-0.08135917237326559,0.38917344212819494,25,0.009807857757384575,REGIME_OOS,True,True
2026-01-26 04:00:00+00:00,BTC,2026-01-26 08:00:00+00:00,88030.0,557.0,2026-01-26 00:00:00+00:00,0.009807857757384575,-0.012839921502663332,-0.05628216123499141,1.4852372332529582,0.007509661437986354,-0.01425208070300188,-0.031039945314576767,0.04438759890532798,0.17891751177171367,-0.6152026515813526,25,-0.0018743610132909705,REGIME_OOS,True,True
2026-01-26 08:00:00+00:00,BTC,2026-01-26 12:00:00+00:00,87865.0,342.0,2026-01-26 00:00:00+00:00,-0.0018743610132909705,-0.021220897850061315,-0.05704013736853397,-0.15149178269802105,0.007456222946536434,-0.015352720345156001,-0.030269375051618974,0.04670573469551151,0.17128832368776614,-0.8967394596898869,25,-0.002390030159904355,REGIME_OOS,True,True
2026-01-26 12:00:00+00:00,BTC,2026-01-26 16:00:00+00:00,87655.0,1607.0,2026-01-26 00:00:00+00:00,-0.002390030159904355,-0.02605555555555561,-0.05919287324246003,-0.19507130197472924,0.007460936377364288,-0.017083714123919957,-0.028893041408313946,0.0491968123882962,0.15274754004216387,0.6968437980405655,25,0.0041070104386515816,REGIME_OOS,True,True
2026-01-26 16:00:00+00:00,BTC,2026-01-26 20:00:00+00:00,88015.0,1713.0,2026-01-26 00:00:00+00:00,0.0041070104386515816,-0.014830982762480405,-0.05053937432578204,0.6817479991444315,0.007517384856730464,-0.011772499396498048,-0.028128178155676697,0.04904175386551378,0.25994946206896485,0.7809690395732537,25,0.0038061694029427606,REGIME_OOS,True,True
2026-01-26 20:00:00+00:00,BTC,2026-01-27 00:00:00+00:00,88350.0,871.0,2026-01-26 00:00:00+00:00,0.0038061694029427606,0.019972292773031697,-0.04414151249594289,0.6179223022772056,0.0075203192570720825,-0.006879341741417688,-0.027336946479587843,0.04752276311770065,0.35524112467157115,-0.3528574124952229,25,0.004301075268817289,REGIME_OOS,True,True
2026-01-27 00:00:00+00:00,BTC,2026-01-27 04:00:00+00:00,88730.0,190.0,2026-01-27 00:00:00+00:00,0.004301075268817289,0.017837682821910006,-0.026549643444871096,0.6442601353447464,0.007557207510423276,-0.002159195699601879,-0.02617932922655719,0.04720603996735943,0.4542601815128981,-1.2558740401615647,20,-0.004733461061647737,REGIME_OOS,True,True
2026-01-27 04:00:00+00:00,BTC,2026-01-27 08:00:00+00:00,88310.0,188.0,2026-01-27 00:00:00+00:00,-0.004733461061647737,0.0031807338407361385,-0.032007015236216185,-0.5861888768074816,0.007167030538178808,-0.005968578431510441,-0.025253478367249227,0.04633092107363469,0.3711750534373252,-1.188615397884162,20,-0.004812592005435379,REGIME_OOS,True,True
2026-01-27 08:00:00+00:00,BTC,2026-01-27 12:00:00+00:00,87885.0,398.0,2026-01-27 00:00:00+00:00,-0.004812592005435379,0.00022762191999081693,-0.030715782507996003,-0.6715348083547202,0.007218124996026127,-0.009679527630036988,-0.0243988241424572,0.04613476750960101,0.29019017212945586,-0.8994449252873413,20,0.0009102804801730535,REGIME_OOS,True,True
2026-01-27 12:00:00+00:00,BTC,2026-01-27 16:00:00+00:00,87965.0,1104.0,2026-01-27 00:00:00+00:00,0.0009102804801730535,0.003536592322172183,-0.01917823493337789,0.15234393228835763,0.007132009754872832,-0.007662651553823285,-0.02357505961920814,0.044927189435150415,0.3294428908159535,0.055881570117105095,20,0.004831467060762762,REGIME_OOS,True,True
2026-01-27 16:00:00+00:00,BTC,2026-01-27 20:00:00+00:00,88390.0,2356.0,2026-01-27 00:00:00+00:00,0.004831467060762762,0.00426063739135385,-0.0006783493499151749,0.6710409199856087,0.006875204829917584,-0.0024996755500132917,-0.022371115367302408,0.044803491633873385,0.44420801908832935,1.698904093662981,20,0.009503337481615581,REGIME_OOS,True,True
2026-01-27 20:00:00+00:00,BTC,2026-01-28 00:00:00+00:00,89230.0,1195.0,2026-01-27 00:00:00+00:00,0.009503337481615581,0.009960384833050284,-0.0020131976289006204,1.2995355174675591,0.006504490824732667,0.007340842574064643,-0.021318803703044953,0.04334800996708958,0.6693467031044306,0.16446470977605795,20,-0.001512944077104117,REGIME_OOS,True,True
2026-01-28 00:00:00+00:00,BTC,2026-01-28 04:00:00+00:00,89095.0,283.0,2026-01-28 00:00:00+00:00,-0.001512944077104117,0.004113603065479587,-0.001401031158932975,-0.4393119525697668,0.00626866734828461,0.006092224650078304,-0.02019566102535053,0.04242508603959265,0.6435995826712694,-0.9928686828408322,29,-0.0001683596161400347,REGIME_OOS,True,True
2026-01-28 04:00:00+00:00,BTC,2026-01-28 08:00:00+00:00,89080.0,274.0,2026-01-28 00:00:00+00:00,-0.0001683596161400347,0.008719284339259392,0.003322633327701663,-0.17558729046788243,0.006245897576619437,0.006439950288102958,-0.019226528642552365,0.04007069746972893,0.6607147041293215,-0.992815446777675,29,0.011394252357431522,REGIME_OOS,True,True
2026-01-28 08:00:00+00:00,BTC,2026-01-28 12:00:00+00:00,90095.0,651.0,2026-01-28 00:00:00+00:00,0.011394252357431522,0.025146498264777772,-0.0024359187288933715,1.6645631452199323,0.006422212427524346,0.017577049596927852,-0.01771935488523435,0.04198966247030168,0.9186042126287569,-0.51635912960892,29,-0.007714079582662792,REGIME_OOS,True,True
2026-01-28 12:00:00+00:00,BTC,2026-01-28 16:00:00+00:00,89400.0,1482.0,2026-01-28 00:00:00+00:00,-0.007714079582662792,0.01631330642869333,-0.010843106882053588,-1.4409316347003749,0.005915288306540039,0.009599096555618303,-0.016445519634435413,0.042409878216800145,0.7263410544719681,0.6000708634708949,29,-0.0006711409395973034,REGIME_OOS,True,True
2026-01-28 16:00:00+00:00,BTC,2026-01-28 20:00:00+00:00,89340.0,1715.0,2026-01-28 00:00:00+00:00,-0.0006711409395973034,0.010747822151827124,-0.00212219367809674,-0.23320470549976371,0.005920644104609829,0.009166539588945977,-0.01542230902005437,0.04129903667779184,0.7219552882180216,1.1136958994056816,29,-0.001623013207969537,REGIME_OOS,True,True
2026-01-28 20:00:00+00:00,BTC,2026-01-29 00:00:00+00:00,89195.0,587.0,2026-01-28 00:00:00+00:00,-0.001623013207969537,-0.0003922447607307422,-0.008338429039968842,-0.38593501350961446,0.005627613085778698,0.007986936118637322,-0.01445271473583265,0.038968975564858344,0.704956276188069,-0.5654506691818387,29,-0.014406637143337675,REGIME_OOS,True,True
2026-01-29 00:00:00+00:00,BTC,2026-01-29 04:00:00+00:00,87910.0,488.0,2026-01-29 00:00:00+00:00,-0.014406637143337675,-0.01330040967506596,-0.021155773299187164,-2.7237122220965984,0.006235323111289711,-0.005731380083524917,-0.013977345848839362,0.0383131091809088,0.35040681359317055,-0.7206484727693369,29,0.003696962802866466,REGIME_OOS,True,True
2026-01-29 04:00:00+00:00,BTC,2026-01-29 08:00:00+00:00,88235.0,124.0,2026-01-29 00:00:00+00:00,0.003696962802866466,-0.009485855410866662,-0.019175188972876844,0.5469376923750905,0.006256122037290855,-0.0029661854854656777,-0.01209630156361119,0.03328101976941421,0.41087456135608974,-1.2506605436367364,29,-0.00657335524451752,REGIME_OOS,True,True
2026-01-29 08:00:00+00:00,BTC,2026-01-29 12:00:00+00:00,87655.0,306.0,2026-01-29 00:00:00+00:00,-0.00657335524451752,-0.02708252400244182,-0.01561008478859005,-1.1242183959052832,0.006380923524650507,-0.009788582434775761,-0.010669876458767824,0.031529504633364056,0.18954214318934778,-0.9520420241060435,29,-0.033198334379099914,REGIME_OOS,True,True
2026-01-29 12:00:00+00:00,BTC,2026-01-29 16:00:00+00:00,84745.0,1641.0,2026-01-29 00:00:00+00:00,-0.033198334379099914,-0.05206935123042511,-0.0569743504145106,-5.23175705802685,0.008650883401687013,-0.04088232714349982,-0.010618047040775735,0.04951689043204664,-0.32562387877735854,1.0100128419201795,29,-0.0114461030149271,REGIME_OOS,True,True
2026-01-29 16:00:00+00:00,BTC,2026-01-29 20:00:00+00:00,83775.0,1376.0,2026-01-29 00:00:00+00:00,-0.0114461030149271,-0.0622901276024177,-0.06480241125251174,-1.2557837443170414,0.008666670434976306,-0.04966095782604629,-0.01082448545401904,0.06798372045120415,-0.2304830847215961,0.7005054232182213,29,0.00877350044762748,REGIME_OOS,True,True
2026-01-29 20:00:00+00:00,BTC,2026-01-30 00:00:00+00:00,84510.0,444.0,2026-01-29 00:00:00+00:00,0.00877350044762748,-0.05252536577162392,-0.060895655072785826,1.1589759245120215,0.008848821361402866,-0.0396099800557983,-0.010666237933445899,0.07746429148980745,-0.011332115662738397,-0.7257005935564202,29,-0.022837534019642614,REGIME_OOS,True,True
2026-01-30 00:00:00+00:00,BTC,2026-01-30 04:00:00+00:00,82580.0,138.0,2026-01-30 00:00:00+00:00,-0.022837534019642614,-0.06063018996701175,-0.07752457551385161,-2.482221680383973,0.009646235795891012,-0.05863577423445765,-0.01147204586789996,0.09531830541033097,-0.1151575395936742,-1.1754495061841155,26,0.0012109469605230405,REGIME_OOS,True,True
2026-01-30 04:00:00+00:00,BTC,2026-01-30 08:00:00+00:00,82680.0,37.0,2026-01-30 00:00:00+00:00,0.0012109469605230405,-0.0629568765229217,-0.07283431455004208,0.3107491631750948,0.00963872269162275,-0.05444003190750257,-0.01249678136307586,0.10828775673492136,-0.002734875566467094,-1.2702620393793609,26,0.005140299951620797,REGIME_OOS,True,True
2026-01-30 08:00:00+00:00,BTC,2026-01-30 12:00:00+00:00,83105.0,94.0,2026-01-30 00:00:00+00:00,0.005140299951620797,-0.0519080485996235,-0.07424529352790465,0.6964049688682536,0.009704955192735867,-0.04651269518925183,-0.013881173354573506,0.11629986731646728,0.10006235378855036,-1.1270482131181454,26,-0.0013837915889537422,REGIME_OOS,True,True
2026-01-30 12:00:00+00:00,BTC,2026-01-30 16:00:00+00:00,82990.0,298.0,2026-01-30 00:00:00+00:00,-0.0013837915889537422,-0.02070918638267749,-0.0778888888888889,-0.011483145198324777,0.009588302082716072,-0.04491731209648653,-0.015054221722467842,0.12345641378742328,0.13616866294343724,-0.7713001474605696,26,,REGIME_OOS,True,False
2026-02-01 20:00:00+00:00,BTC,2026-02-02 00:00:00+00:00,77230.0,1669.0,2026-02-01 00:00:00+00:00,,-0.07812593255744549,-0.1355495858518021,,,-0.1057228296583208,-0.01810128899414798,0.15881128372274542,-0.1657135889846024,1.4425971657711782,20,-0.01061763563382101,REGIME_OOS,False,True
2026-02-02 00:00:00+00:00,BTC,2026-02-02 04:00:00+00:00,76410.0,2735.0,2026-02-02 00:00:00+00:00,-0.01061763563382101,-0.09584664536741216,-0.11787116139459708,-0.946648517041313,0.009695169983314291,-0.10925888147349405,-0.02171706573851484,0.1892971344210402,-0.0771819093176404,2.9967048170747583,14,0.007917811804737607,REGIME_OOS,True,True
2026-02-02 04:00:00+00:00,BTC,2026-02-02 08:00:00+00:00,77015.0,1944.0,2026-02-02 00:00:00+00:00,0.007917811804737607,-0.06738919835311208,-0.1165471752222541,1.0209228032367528,0.009804036670936106,-0.09621393261064093,-0.02566200271901642,0.20901938525130587,0.03968895040542758,1.459682803702907,14,0.013763552554697078,REGIME_OOS,True,True
2026-02-02 08:00:00+00:00,BTC,2026-02-02 12:00:00+00:00,78075.0,729.0,2026-02-02 00:00:00+00:00,0.013763552554697078,-0.05569666182873734,-0.1130864478018857,1.5539914704464741,0.010095556296102402,-0.07773814023814019,-0.029523772403056592,0.21823939979913534,0.1437941988949319,-0.21796818269814555,14,0.014473262888248462,REGIME_OOS,True,True
2026-02-02 12:00:00+00:00,BTC,2026-02-02 16:00:00+00:00,79205.0,2802.0,2026-02-02 00:00:00+00:00,0.014473262888248462,-0.046928584321039635,-0.0985602913560576,1.5551288796487357,0.010305152072427758,-0.05889272410781654,-0.032972121460029924,0.2209032630886595,0.23340038854844833,2.526793659379681,14,-0.007196515371504342,REGIME_OOS,True,True
2026-02-02 16:00:00+00:00,BTC,2026-02-02 20:00:00+00:00,78635.0,1831.0,2026-02-02 00:00:00+00:00,-0.007196515371504342,-0.05247620195204239,-0.10290342821288001,-0.5944017680549765,0.010365093556118183,-0.059831359080814384,-0.03672601381350049,0.2225249912993317,0.23112521550295634,1.03483938977895,14,0.0038150950594519895,REGIME_OOS,True,True
2026-02-02 20:00:00+00:00,BTC,2026-02-03 00:00:00+00:00,78935.0,1756.0,2026-02-02 00:00:00+00:00,0.0038150950594519895,0.022076913116664487,-0.10316423336931202,0.48852573658775666,0.010403370585431464,-0.04990596554577598,-0.040637756133047764,0.21688780517874795,0.2698996238878161,0.9266446243723901,14,0.000633432571102821,REGIME_OOS,True,True
2026-02-03 00:00:00+00:00,BTC,2026-02-03 04:00:00+00:00,78985.0,691.0,2026-02-03 00:00:00+00:00,0.000633432571102821,0.033699777516031926,-0.10599886813808712,0.16101656236185363,0.010363344300105683,-0.04330763500705548,-0.044135524460303444,0.21001389164950984,0.29378680778254834,-0.3607851326161923,14,0.00018990947648278578,REGIME_OOS,True,True
2026-02-03 04:00:00+00:00,BTC,2026-02-03 08:00:00+00:00,79000.0,376.0,2026-02-03 00:00:00+00:00,0.00018990947648278578,0.02577419983120177,-0.10965851459483822,0.13001380287318215,0.010324577412464833,-0.037096174590308784,-0.04779949397646299,0.1995760043557347,0.3141250762582327,-0.7320264179768565,14,-0.009620253164556947,REGIME_OOS,True,True
2026-02-03 08:00:00+00:00,BTC,2026-02-03 12:00:00+00:00,78240.0,756.0,2026-02-03 00:00:00+00:00,-0.009620253164556947,0.0021133525456291657,-0.11403012116408107,-0.8079984785119287,0.01037788891286804,-0.03994993603960939,-0.05157987103141115,0.18696663142968228,0.2863258500507642,-0.2839871341504574,14,0.0011503067484661678,REGIME_OOS,True,True
2026-02-03 12:00:00+00:00,BTC,2026-02-03 16:00:00+00:00,78330.0,2267.0,2026-02-03 00:00:00+00:00,0.0011503067484661678,-0.011047282368537359,-0.10872162485065706,0.27870421218317354,0.010375003206486962,-0.03316289532720085,-0.05462827150596927,0.17546987268517786,0.3110051895535332,1.5473891430582696,14,-0.04072513723988258,REGIME_OOS,True,True
2026-02-03 16:00:00+00:00,BTC,2026-02-03 20:00:00+00:00,75140.0,4234.0,2026-02-03 00:00:00+00:00,-0.04072513723988258,-0.044445857442614645,-0.14579662365713641,-3.776308059735063,0.012598479603517733,-0.06498096115079266,-0.059013909526603014,0.16698732088622256,0.11086290380652504,3.7845389766816244,14,0.010447165291455951,REGIME_OOS,True,True
2026-02-03 20:00:00+00:00,BTC,2026-02-04 00:00:00+00:00,75925.0,1471.0,2026-02-03 00:00:00+00:00,0.010447165291455951,-0.038132640780388916,-0.14102274012897387,1.0469659482061622,0.012812347881141337,-0.04826669842244802,-0.06300248415835186,0.15150283832563405,0.18141389985905407,0.29045411009853844,14,0.012907474481396175,REGIME_OOS,True,True
2026-02-04 00:00:00+00:00,BTC,2026-02-04 04:00:00+00:00,76905.0,503.0,2026-02-04 00:00:00+00:00,0.012907474481396175,-0.026334114072292247,-0.13812619074302368,1.1967043289688777,0.01305266228080294,-0.03122185340782402,-0.0647594318116218,0.14342463685353418,0.28231178343712365,-0.6480632163615246,17,-0.0031207333723425323,REGIME_OOS,True,True
2026-02-04 04:00:00+00:00,BTC,2026-02-04 08:00:00+00:00,76665.0,263.0,2026-02-04 00:00:00+00:00,-0.0031207333723425323,-0.029556962025316436,-0.1395140019080756,-0.07391717541754539,0.012865977845071885,-0.029900794655059015,-0.0661057408238992,0.13715476254857514,0.28199229761001404,-0.8606105607777575,17,-0.006456662101349986,REGIME_OOS,True,True
2026-02-04 08:00:00+00:00,BTC,2026-02-04 12:00:00+00:00,76170.0,620.0,2026-02-04 00:00:00+00:00,-0.006456662101349986,-0.026457055214723968,-0.1449259092950157,-0.30156606372294437,0.012883531116052341,-0.031051633995242356,-0.06798932013051073,0.12472154993276298,0.25103232751691873,-0.5025616783367456,17,-0.025600630169357985,REGIME_OOS,True,True
2026-02-04 12:00:00+00:00,BTC,2026-02-04 16:00:00+00:00,74220.0,2514.0,2026-02-04 00:00:00+00:00,-0.025600630169357985,-0.052470317885867535,-0.17620289694211666,-1.7742899486153478,0.01352893971553891,-0.05081017482383332,-0.06956958386284573,0.12540664425159156,0.09483666015416495,1.3906078274103992,17,-0.00269469145782808,REGIME_OOS,True,True
2026-02-04 16:00:00+00:00,BTC,2026-02-04 20:00:00+00:00,74020.0,4649.0,2026-02-04 00:00:00+00:00,-0.00269469145782808,-0.014905509715198328,-0.17203579418344517,0.06612205540332401,0.01323216077964563,-0.04809670781893005,-0.07137269888280495,0.12248072638570047,0.10731202991505695,3.3888095213576555,17,-0.01013239664955412,REGIME_OOS,True,True
2026-02-04 20:00:00+00:00,BTC,2026-02-05 00:00:00+00:00,73270.0,1018.0,2026-02-04 00:00:00+00:00,-0.01013239664955412,-0.03496871913072108,-0.1798746362211775,-0.4589962690856109,0.013262527514655372,-0.05174505699300813,-0.07359438413073327,0.11543340789183629,0.05173239759589863,-0.23704460812266223,17,-0.02715981984441107,REGIME_OOS,True,True
2026-02-05 00:00:00+00:00,BTC,2026-02-05 04:00:00+00:00,71280.0,979.0,2026-02-05 00:00:00+00:00,-0.02715981984441107,-0.07314218841427733,-0.20085206569874992,-1.7357419262897604,0.01389053510113396,-0.07045587175733792,-0.07646861876310496,0.11399198243907903,-0.11807743184913679,-0.25052749885423153,14,-0.00694444444444442,REGIME_OOS,True,True
2026-02-05 04:00:00+00:00,BTC,2026-02-05 08:00:00+00:00,70785.0,1863.0,2026-02-05 00:00:00+00:00,-0.00694444444444442,-0.0766973195069458,-0.19480150153566145,-0.1383671455638537,0.01387960046081298,-0.07301549885084568,-0.07622095062968026,0.13335787489117742,-0.0475154647629748,0.47979118558976597,14,-0.0048032775305502096,REGIME_OOS,True,True
2026-02-05 08:00:00+00:00,BTC,2026-02-05 12:00:00+00:00,70445.0,1616.0,2026-02-05 00:00:00+00:00,-0.0048032775305502096,-0.07516082447157668,-0.20162067206890688,0.028571014268835068,0.013770250041058392,-0.07385069466128069,-0.0762137543646576,0.1508581928799823,0.010462817753399382,0.23493044317483247,14,-0.041024913052736145,REGIME_OOS,True,True
2026-02-05 12:00:00+00:00,BTC,2026-02-05 16:00:00+00:00,67555.0,5496.0,2026-02-05 00:00:00+00:00,-0.041024913052736145,-0.08980059283212072,-0.2293080828247105,-2.624875593303975,0.015160316964944508,-0.10628826188909135,-0.07756229475587928,0.18143101417156338,-0.08583292594387361,3.5314368094375945,14,-0.03241802975353414,REGIME_OOS,True,True
2026-02-05 16:00:00+00:00,BTC,2026-02-05 20:00:00+00:00,65365.0,5392.0,2026-02-05 00:00:00+00:00,-0.03241802975353414,-0.1169278573358552,-0.2286860581745236,-1.7181422269935909,0.015889045770332545,-0.1279288894818471,-0.08022954456767428,0.2168177046374551,-0.09002971964747715,2.806156459296454,14,-0.03732884571253725,REGIME_OOS,True,True
2026-02-05 20:00:00+00:00,BTC,2026-02-06 00:00:00+00:00,62925.0,5800.0,2026-02-05 00:00:00+00:00,-0.03732884571253725,-0.14119011873891085,-0.24888093106535358,-1.8941922627585914,0.01613776134628254,-0.15126500966080947,-0.08461533712789993,0.2557649414290529,-0.09142198620200322,2.6816261890141857,14,0.023043305522447266,REGIME_OOS,True,True
2026-02-06 00:00:00+00:00,BTC,2026-02-06 04:00:00+00:00,64375.0,4656.0,2026-02-06 00:00:00+00:00,0.023043305522447266,-0.09687149270482609,-0.2382558277126967,1.884581555813125,0.017040591202108397,-0.12327591783648328,-0.08817681931864174,0.2772020064612457,0.055284900675068124,1.6543087612162783,12,0.008388349514563131,REGIME_OOS,True,True
2026-02-06 04:00:00+00:00,BTC,2026-02-06 08:00:00+00:00,64915.0,1749.0,2026-02-06 00:00:00+00:00,0.008388349514563131,-0.0829271738362648,-0.21391378057641075,0.8572662915815186,0.017029046788768626,-0.10740006118878109,-0.09167068421565361,0.28891023223567625,0.1282580220240508,-0.12735067501031894,12,0.02780559192790566,REGIME_OOS,True,True
2026-02-06 08:00:00+00:00,BTC,2026-02-06 12:00:00+00:00,66720.0,1752.0,2026-02-06 00:00:00+00:00,0.02780559192790566,-0.0528781318759316,-0.19303338171262696,1.998843835840294,0.01781811360987741,-0.07477899115964637,-0.09443721682522788,0.28839784186168754,0.24070890864880473,-0.15918801977446514,12,0.031624700239808234,REGIME_OOS,True,True
2026-02-06 12:00:00+00:00,BTC,2026-02-06 16:00:00+00:00,68830.0,4819.0,2026-02-06 00:00:00+00:00,0.031624700239808234,0.018873510472948052,-0.17177065158534388,2.0299235996321574,0.01898396363796804,-0.038740852466342623,-0.09630616850171902,0.2783662368010181,0.3608277608967521,1.6212818187822884,12,0.029783524625889957,REGIME_OOS,True,True
2026-02-06 16:00:00+00:00,BTC,2026-02-06 20:00:00+00:00,70880.0,4675.0,2026-02-06 00:00:00+00:00,0.029783524625889957,0.08437237053468971,-0.1459211953247379,1.7548728265099263,0.019883934312332294,-0.004997473187714041,-0.09697767163331483,0.26574471871441946,0.4811944590587158,1.418889198863241,12,-0.004232505643340878,REGIME_OOS,True,True
2026-02-06 20:00:00+00:00,BTC,2026-02-07 00:00:00+00:00,70580.0,2309.0,2026-02-06 00:00:00+00:00,-0.004232505643340878,0.12165276122367907,-0.08610643532306095,-0.07659596637468429,0.019884187219529288,-0.0037897767772077096,-0.09793213912383614,0.2500408480339178,0.48484336936541833,-0.04537388567582671,12,,REGIME_OOS,True,False
2026-02-08 20:00:00+00:00,BTC,2026-02-09 00:00:00+00:00,70470.0,627.0,2026-02-08 00:00:00+00:00,,0.09467961165048533,-0.07773851590106007,,,-0.002053388090349051,-0.09688170640310423,0.24426297743480954,0.4915935353285493,-1.0330410234699194,6,0.013622818220519362,REGIME_OOS,False,True
2026-02-09 00:00:00+00:00,BTC,2026-02-09 04:00:00+00:00,71430.0,1057.0,2026-02-09 00:00:00+00:00,0.013622818220519362,0.10036201186166527,-0.07251834058300333,0.8261465079592787,0.02004758818040178,0.014771221866664686,-0.09583370798062962,0.23493628293490815,0.5628733105084383,-0.7307403488080578,7,-0.013089738205235846,REGIME_OOS,True,True
2026-02-09 04:00:00+00:00,BTC,2026-02-09 08:00:00+00:00,70495.0,577.0,2026-02-09 00:00:00+00:00,-0.013089738205235846,0.056579736211031184,-0.0970861351264809,-0.553349341545994,0.02005623746119797,0.0060689527221089445,-0.09559762146617745,0.21925138356592713,0.5276803394505568,-0.9795870798702693,7,-0.021774593942832876,REGIME_OOS,True,True
2026-02-09 08:00:00+00:00,BTC,2026-02-09 12:00:00+00:00,68960.0,1287.0,2026-02-09 00:00:00+00:00,-0.021774593942832876,0.0018887113177392667,-0.12934789470361718,-0.951221475449611,0.020099971482702497,-0.010396860133889185,-0.09587070021382171,0.20189044360617892,0.44850246525699855,-0.5735707544164911,7,0.010585846867749327,REGIME_OOS,True,True
2026-02-09 12:00:00+00:00,BTC,2026-02-09 16:00:00+00:00,69690.0,2063.0,2026-02-09 00:00:00+00:00,0.010585846867749327,-0.016788939051918694,-0.11375341768932412,0.7197583298302055,0.019989791855946085,0.004750542455720375,-0.09552355194833984,0.1827877981811716,0.5259893849753138,-0.10699261614869529,7,0.02008896541828098,REGIME_OOS,True,True
2026-02-09 16:00:00+00:00,BTC,2026-02-09 20:00:00+00:00,71090.0,2047.0,2026-02-09 00:00:00+00:00,0.02008896541828098,0.007225843015018496,-0.09938557040603024,1.2056063996186315,0.020455163698571432,0.027252759956071904,-0.09306906299267281,0.17277210174116692,0.6577381977843837,-0.12042129524569713,7,-0.01033900689267131,REGIME_OOS,True,True
2026-02-09 20:00:00+00:00,BTC,2026-02-10 00:00:00+00:00,70355.0,776.0,2026-02-09 00:00:00+00:00,-0.01033900689267131,-0.0016319000993330057,-0.10926125213648163,-0.35383082019582857,0.020453367266616663,0.01933114317071305,-0.09093273870988139,0.16132084330260998,0.6198304123320957,-0.8415049651563481,7,-0.0099495416104044,REGIME_OOS,True,True
2026-02-10 00:00:00+00:00,BTC,2026-02-10 04:00:00+00:00,69655.0,519.0,2026-02-10 00:00:00+00:00,-0.0099495416104044,-0.024849503009939822,-0.11829113924050638,-0.3117530030589048,0.020469570868567315,0.011839047065659525,-0.08858735011141117,0.15135414125188432,0.5782208333894006,-0.9891876904511352,14,-0.008613882707630416,REGIME_OOS,True,True
2026-02-10 04:00:00+00:00,BTC,2026-02-10 08:00:00+00:00,69055.0,390.0,2026-02-10 00:00:00+00:00,-0.008613882707630416,-0.020426980636924608,-0.11739519427402867,-0.22902160427842613,0.020471637399243268,0.004746921775821589,-0.0851816159822597,0.14793591309050805,0.5320876903833177,-1.06766059194722,14,-0.00637173267685176,REGIME_OOS,True,True
2026-02-10 08:00:00+00:00,BTC,2026-02-10 12:00:00+00:00,68615.0,527.0,2026-02-10 00:00:00+00:00,-0.00637173267685176,-0.005002900232018548,-0.12402655432146048,-0.10513883901835275,0.020450665236497006,-7.650802787806388e-05,-0.08191000021406847,0.14545908110794978,0.4994740237096552,-0.976636894762495,14,0.011513517452452104,REGIME_OOS,True,True
2026-02-10 12:00:00+00:00,BTC,2026-02-10 16:00:00+00:00,69405.0,1850.0,2026-02-10 00:00:00+00:00,0.011513517452452104,-0.004089539388721475,-0.07632419483630559,0.7640143605794133,0.020629346042717028,0.012203169834434924,-0.07795989554338156,0.14385645031470473,0.5848287984844546,-0.19805100726848515,14,-0.00302571860816947,REGIME_OOS,True,True
2026-02-10 16:00:00+00:00,BTC,2026-02-10 20:00:00+00:00,69195.0,1455.0,2026-02-10 00:00:00+00:00,-0.00302571860816947,-0.026656351104234033,-0.08864010536713862,0.03586761815583654,0.019412665712486205,0.0079351495442479,-0.07225129262695862,0.14320607853759412,0.5554107034092458,-0.38093143953886355,14,-0.0029626418093793294,REGIME_OOS,True,True
2026-02-10 20:00:00+00:00,BTC,2026-02-11 00:00:00+00:00,68990.0,903.0,2026-02-10 00:00:00+00:00,-0.0029626418093793294,-0.01940160614028852,-0.10291918600871208,-0.02336850533500167,0.019257820329320552,0.0023027247699092257,-0.065823849948766,0.1355931356840805,0.5169826057808284,-0.6926206997090832,14,-0.01065371793013481,REGIME_OOS,True,True
2026-02-11 00:00:00+00:00,BTC,2026-02-11 04:00:00+00:00,68255.0,542.0,2026-02-11 00:00:00+00:00,-0.01065371793013481,-0.020099059651137785,-0.10969803691384594,-0.39971956334416914,0.019068069388751798,-0.012200063677675232,-0.05823955208522169,0.10908214284770316,0.38815709556871736,-0.909985819282616,9,-0.015676507215588553,REGIME_OOS,True,True
2026-02-11 04:00:00+00:00,BTC,2026-02-11 08:00:00+00:00,67185.0,1203.0,2026-02-11 00:00:00+00:00,-0.015676507215588553,-0.02707986387662009,-0.11795982670342653,-0.6259230284271129,0.019191372338943878,-0.029658354817045485,-0.05184691186257784,0.0922267541658556,0.17841918448404406,-0.5421962686678287,9,7.44213738186339e-05,REGIME_OOS,True,True
2026-02-11 08:00:00+00:00,BTC,2026-02-11 12:00:00+00:00,67190.0,508.0,2026-02-11 00:00:00+00:00,7.44213738186339e-05,-0.020768053632587602,-0.09471840474265691,0.2206361572967752,0.019201460775502478,-0.031177791636176178,-0.046269225268438685,0.07677580045839173,0.09391121355911047,-0.9587600487786471,9,-0.00781366274743267,REGIME_OOS,True,True
2026-02-11 12:00:00+00:00,BTC,2026-02-11 16:00:00+00:00,66665.0,3243.0,2026-02-11 00:00:00+00:00,-0.00781366274743267,-0.03947842374468702,-0.09936503647662798,-0.20162404844635637,0.018779612068268694,-0.03870972393456329,-0.04208766998404623,0.07711156355023774,-0.0019963563486061343,0.6479664874812634,9,0.015750393759843995,REGIME_OOS,True,True
2026-02-11 16:00:00+00:00,BTC,2026-02-11 20:00:00+00:00,67715.0,1648.0,2026-02-11 00:00:00+00:00,0.015750393759843995,-0.021388828672591953,-0.07581547700286606,1.0170434440359863,0.019100974590612173,-0.02278344006494093,-0.03877098629882347,0.07978767698468316,0.2144491364335039,-0.23944965721226155,9,-0.008196116074724924,REGIME_OOS,True,True
2026-02-11 20:00:00+00:00,BTC,2026-02-12 00:00:00+00:00,67160.0,854.0,2026-02-11 00:00:00+00:00,-0.008196116074724924,-0.02652558341788669,-0.05780022446689115,-0.28593643989264705,0.01907837274687019,-0.028184248510478183,-0.037122363704002015,0.08147088570886916,0.1540574186072709,-0.7210194941459529,9,0.00655151876116733,REGIME_OOS,True,True
2026-02-12 00:00:00+00:00,BTC,2026-02-12 04:00:00+00:00,67600.0,470.0,2026-02-12 00:00:00+00:00,0.00655151876116733,-0.00959636656655194,-0.044995408631772316,0.48334454932262677,0.018572265250338255,-0.019703808436202785,-0.03661313644269659,0.08127929266129949,0.25757898732816337,-0.9432056480239152,11,-0.005621301775147969,REGIME_OOS,True,True
2026-02-12 04:00:00+00:00,BTC,2026-02-12 08:00:00+00:00,67220.0,700.0,2026-02-12 00:00:00+00:00,-0.005621301775147969,0.0005209496167299932,-0.04578039605365891,-0.2194188103117166,0.018560571025556593,-0.022911859294656334,-0.03640905544731676,0.08170162676989842,0.21956666959417498,-0.7693769696511615,11,0.014727759595358547,REGIME_OOS,True,True
2026-02-12 08:00:00+00:00,BTC,2026-02-12 12:00:00+00:00,68210.0,748.0,2026-02-12 00:00:00+00:00,0.014727759595358547,0.015180830480726382,0.0096958034194361,0.8744263442376362,0.01878200166509495,-0.006195795892052547,-0.03628706142691063,0.07372432194557617,0.4159599474292034,-0.7173708023202977,11,-0.014660606949127741,REGIME_OOS,True,True
2026-02-12 12:00:00+00:00,BTC,2026-02-12 16:00:00+00:00,67210.0,1807.0,2026-02-12 00:00:00+00:00,-0.014660606949127741,0.008175204380109546,0.02822611489329141,-0.7352543723906466,0.017403665692409555,-0.018416555914182675,-0.03565095778587457,0.07147091275355119,0.24232096380680995,-0.019223015968182017,11,-0.01986311560779641,REGIME_OOS,True,True
2026-02-12 16:00:00+00:00,BTC,2026-02-12 20:00:00+00:00,65875.0,3786.0,2026-02-12 00:00:00+00:00,-0.01986311560779641,-0.027172709148637675,0.04688120778704796,-1.1429125369436948,0.016734646559718427,-0.03574160070553711,-0.03419701791316121,0.07885521396768119,0.04674397662295645,1.3988481399205128,11,0.00629981024667936,REGIME_OOS,True,True
2026-02-12 20:00:00+00:00,BTC,2026-02-13 00:00:00+00:00,66290.0,1030.0,2026-02-12 00:00:00+00:00,0.00629981024667936,-0.012954139368671846,0.029747572815534085,0.3497869516851782,0.015160362556766815,-0.02724634703782647,-0.033225845808128374,0.0809153881126992,0.16327360378130293,-0.46953909994913307,11,0.004978126414240558,REGIME_OOS,True,True
2026-02-13 00:00:00+00:00,BTC,2026-02-13 04:00:00+00:00,66620.0,399.0,2026-02-13 00:00:00+00:00,0.004978126414240558,-0.014497041420118317,0.026265115920819593,0.2030023115684918,0.014641506611579544,-0.01918709720162093,-0.033017759903192556,0.07247332096483303,0.2352529600384768,-0.9432990077527645,5,-0.004803362353647533,REGIME_OOS,True,True
2026-02-13 04:00:00+00:00,BTC,2026-02-13 08:00:00+00:00,66300.0,370.0,2026-02-13 00:00:00+00:00,-0.004803362353647533,-0.013686402856292745,-0.006294964028776939,-0.41674177730330797,0.01461930732230448,-0.020975923095665316,-0.03240947122968252,0.06731206151900364,0.1883779426404387,-0.917171914565222,5,0.014328808446455454,REGIME_OOS,True,True
2026-02-13 08:00:00+00:00,BTC,2026-02-13 12:00:00+00:00,67250.0,879.0,2026-02-13 00:00:00+00:00,0.014328808446455454,-0.01407418267116256,-0.022955106784832147,0.9213957094112316,0.013954672169612535,-0.005181193856531596,-0.030873586815342025,0.06200751549800045,0.4164424858032141,-0.4550256336777837,5,0.02267657992565053,REGIME_OOS,True,True
2026-02-13 12:00:00+00:00,BTC,2026-02-13 16:00:00+00:00,68775.0,2972.0,2026-02-13 00:00:00+00:00,0.02267657992565053,0.023285225412885024,-0.029698081264108334,1.5956780901716614,0.013346854246408111,0.01758863674194089,-0.028437637013131734,0.0609103505579997,0.7887626910830648,1.5739837163658768,5,0.003562340966921207,REGIME_OOS,True,True
2026-02-13 16:00:00+00:00,BTC,2026-02-13 20:00:00+00:00,69020.0,1975.0,2026-02-13 00:00:00+00:00,0.003562340966921207,0.04774193548387107,-0.022102578634173975,0.25857751132009354,0.012140782371932862,0.020907752952748604,-0.02553824466728072,0.062370544233478625,0.8352183824864875,0.7996628834196913,5,-0.0005795421616923147,REGIME_OOS,True,True
2026-02-13 20:00:00+00:00,BTC,2026-02-14 00:00:00+00:00,68980.0,1068.0,2026-02-13 00:00:00+00:00,-0.0005795421616923147,0.040579272891838825,-0.0211437491130978,0.015102213025212016,0.01212308984717702,0.020636899323447144,-0.024111581674129523,0.06035174462315555,0.8419437077139467,-0.19300631551941544,5,,REGIME_OOS,True,False
2026-02-15 20:00:00+00:00,BTC,2026-02-16 00:00:00+00:00,68880.0,187.0,2026-02-15 00:00:00+00:00,,0.033923746622635864,-0.03569928601427974,,,0.01939484530742419,-0.02234996570892811,0.05894374433616067,0.8290399265580063,-1.2049935787629897,9,-0.006387921022067311,REGIME_OOS,False,True
2026-02-16 00:00:00+00:00,BTC,2026-02-16 04:00:00+00:00,68440.0,151.0,2026-02-16 00:00:00+00:00,-0.006387921022067311,0.03227752639517356,-0.02915100361727785,-0.4740368751311209,0.011858835891201194,0.013295430991087098,-0.020348133074382546,0.056936847448468525,0.7335118923315914,-1.1852190903452962,8,0.0026300409117474555,REGIME_OOS,True,True
2026-02-16 04:00:00+00:00,BTC,2026-02-16 08:00:00+00:00,68620.0,150.0,2026-02-16 00:00:00+00:00,0.0026300409117474555,0.02037174721189583,-0.004930394431554519,0.33208950551939925,0.011666034218919924,0.015685998793669276,-0.017791201442195814,0.057960602191945265,0.7706320880125228,-1.1531966360723596,8,0.004954823666569519,REGIME_OOS,True,True
2026-02-16 08:00:00+00:00,BTC,2026-02-16 12:00:00+00:00,68960.0,197.0,2026-02-16 00:00:00+00:00,0.004954823666569519,0.0026899309342056643,-0.01047496053953223,0.4919396735033174,0.01100989613857337,0.01937944389421875,-0.014434773994096761,0.06046698842468138,0.8204962641451545,-1.038460425060122,8,-0.020591647331786533,REGIME_OOS,True,True
2026-02-16 12:00:00+00:00,BTC,2026-02-16 16:00:00+00:00,67540.0,1476.0,2026-02-16 00:00:00+00:00,-0.020591647331786533,-0.021443059982613755,-0.049936699957799924,-1.8799874458474395,0.011449336476592784,-0.00186946273266686,-0.012257284742110852,0.06013881295741605,0.46891420630482705,0.38674832679729787,8,0.008735564110156968,REGIME_OOS,True,True
2026-02-16 16:00:00+00:00,BTC,2026-02-16 20:00:00+00:00,68130.0,264.0,2026-02-16 00:00:00+00:00,0.008735564110156968,-0.01232241229341835,-0.03162532869021395,0.8444152853536947,0.010905244294012535,0.005761019194785888,-0.009484795667101364,0.05869005176242859,0.5981600632779461,-0.8932485376918068,8,0.011815646558050785,REGIME_OOS,True,True
2026-02-16 20:00:00+00:00,BTC,2026-02-17 00:00:00+00:00,68935.0,242.0,2026-02-16 00:00:00+00:00,0.011815646558050785,0.0007984901277584555,-0.01033665924915661,1.203689118029591,0.011022303080102162,0.016729165975302607,-0.007334370886815322,0.06071481349667328,0.7755368090889263,-0.888344530245319,8,-0.00660042068615363,REGIME_OOS,True,True
2026-02-17 00:00:00+00:00,BTC,2026-02-17 04:00:00+00:00,68480.0,378.0,2026-02-17 00:00:00+00:00,-0.00660042068615363,0.0005844535359438296,-0.008326696111794929,-0.5468940349940702,0.010940711818221963,0.009036089101069456,-0.005552730794760707,0.060601035266121886,0.6491078339072677,-0.7281588077101714,12,-0.00036507009345798647,REGIME_OOS,True,True
2026-02-17 04:00:00+00:00,BTC,2026-02-17 08:00:00+00:00,68455.0,407.0,2026-02-17 00:00:00+00:00,-0.00036507009345798647,-0.002404546779364636,-0.00233185163593963,0.008745447621602821,0.010831855298954996,0.00803274946804211,-0.004246390348259799,0.060921120377542014,0.6318549202355646,-0.6968437762615265,12,-0.008691841355635055,REGIME_OOS,True,True
2026-02-17 08:00:00+00:00,BTC,2026-02-17 12:00:00+00:00,67860.0,396.0,2026-02-17 00:00:00+00:00,-0.008691841355635055,-0.01595127610208813,-0.022260644045818068,-0.7852810091841601,0.010885693196919797,-0.001199561387369985,-0.0030213918652801652,0.060148727558509814,0.4800567454032483,-0.702307931171035,12,-0.0064102564102563875,REGIME_OOS,True,True
2026-02-17 12:00:00+00:00,BTC,2026-02-17 16:00:00+00:00,67425.0,1953.0,2026-02-17 00:00:00+00:00,-0.0064102564102563875,-0.0017026946994374015,-0.02557988293951874,-0.5646979248782655,0.010707458342247943,-0.007028485801280571,-0.0035593324802479787,0.060431633239513,0.3836952532223642,0.9952496850837735,12,0.0065999258435298636,REGIME_OOS,True,True
2026-02-17 16:00:00+00:00,BTC,2026-02-17 20:00:00+00:00,67870.0,2119.0,2026-02-17 00:00:00+00:00,0.0065999258435298636,-0.003816233670923208,-0.016234236845919736,0.6967585382933057,0.010784285000963324,-0.0009604733919430508,-0.003807469473523617,0.05964237232276421,0.4838961236024397,1.1386585430413387,12,-0.004862236628849326,REGIME_OOS,True,True
2026-02-17 20:00:00+00:00,BTC,2026-02-18 00:00:00+00:00,67540.0,753.0,2026-02-17 00:00:00+00:00,-0.004862236628849326,-0.020236454631174294,-0.010475423045930743,-0.4008150993476693,0.010804559314439898,-0.0070348508126465426,-0.003934851626659075,0.052717364118165196,0.36655533844829485,-0.32548009822194424,12,0.0031832987859046202,REGIME_OOS,True,True
2026-02-18 00:00:00+00:00,BTC,2026-02-18 04:00:00+00:00,67755.0,409.0,2026-02-18 00:00:00+00:00,0.0031832987859046202,-0.010587032710280386,0.008484036615315826,0.3504401121621498,0.010655021526695726,-0.004945533049157902,-0.0038483032647305127,0.047155266435551374,0.3951223601733402,-0.6873151840571011,10,0.006862962143015183,REGIME_OOS,True,True
2026-02-18 04:00:00+00:00,BTC,2026-02-18 08:00:00+00:00,68220.0,345.0,2026-02-18 00:00:00+00:00,0.006862962143015183,-0.0034329121320575418,0.01532966215210596,0.6574158885592714,0.010310960291330298,0.0007077711808776144,-0.003641431200115619,0.04249356296590688,0.5166559622558731,-0.7205224808902178,10,-0.01187335092348285,REGIME_OOS,True,True
2026-02-18 08:00:00+00:00,BTC,2026-02-18 12:00:00+00:00,67410.0,669.0,2026-02-18 00:00:00+00:00,-0.01187335092348285,-0.006631299734747964,0.011175279381984593,-1.2106387683104423,0.010560071263406152,-0.011978351758278438,-0.0030313568993507456,0.03553593716123778,0.16292286864621486,-0.38306412400941464,10,0.005340453938584844,REGIME_OOS,True,True
2026-02-18 12:00:00+00:00,BTC,2026-02-18 16:00:00+00:00,67770.0,1937.0,2026-02-18 00:00:00+00:00,0.005340453938584844,0.005116796440489457,0.0008122277191169314,0.48571790317596686,0.010488220275392183,-0.007080248925875332,-0.0023423739466625904,0.03353439191140514,0.28886604103093005,1.093116358348481,10,-0.022428803305297285,REGIME_OOS,True,True
2026-02-18 16:00:00+00:00,BTC,2026-02-18 20:00:00+00:00,66250.0,2162.0,2026-02-18 00:00:00+00:00,-0.022428803305297285,-0.02386916163253283,-0.013549731983323432,-2.2004221424277173,0.010900931372279127,-0.027551484727053932,-0.0028380773672477266,0.04182832363357074,-0.1586801079673561,1.3205296747235908,10,0.0039245283018867205,REGIME_OOS,True,True
2026-02-18 20:00:00+00:00,BTC,2026-02-19 00:00:00+00:00,66510.0,759.0,2026-02-18 00:00:00+00:00,0.0039245283018867205,-0.015250222090612997,-0.016124260355029563,0.4171624630430384,0.01083498181001651,-0.02193333970574174,-0.003487716058880874,0.04505154641754225,0.013150125803420924,-0.2739303539052242,10,0.00841978649827091,REGIME_OOS,True,True
2026-02-19 00:00:00+00:00,BTC,2026-02-19 04:00:00+00:00,67070.0,318.0,2026-02-19 00:00:00+00:00,0.00841978649827091,-0.010109954984871994,-0.00223147872656948,0.7972967790218862,0.010880511075223065,-0.01231113598209288,-0.0038945893811930254,0.04456063114466323,0.22372168737633943,-0.762918778251571,8,0.003131057104517776,REGIME_OOS,True,True
2026-02-19 04:00:00+00:00,BTC,2026-02-19 08:00:00+00:00,67280.0,419.0,2026-02-19 00:00:00+00:00,0.003131057104517776,-0.013778950454412242,-0.01363436446268873,0.30216329822811816,0.010846218117317258,-0.008050010320526102,-0.0038552765885575546,0.043185447206803985,0.31359437400343165,-0.6348776922177889,8,-0.010924494649227068,REGIME_OOS,True,True
2026-02-19 08:00:00+00:00,BTC,2026-02-19 12:00:00+00:00,66545.0,463.0,2026-02-19 00:00:00+00:00,-0.010924494649227068,-0.012831924046877274,-0.00989436095819074,-1.019673937699886,0.010665781362199546,-0.017514072160191962,-0.004091340180416014,0.04548916389030259,0.11498364308415882,-0.572702701394624,8,-0.0009016455030430581,REGIME_OOS,True,True
2026-02-19 12:00:00+00:00,BTC,2026-02-19 16:00:00+00:00,66485.0,2021.0,2026-02-19 00:00:00+00:00,-0.0009016455030430581,-0.01896119226796522,0.00925996204933588,-0.017034068390941435,0.010336392099768194,-0.016850401851399965,-0.004936727486756887,0.04663029077105363,0.13863828484080307,1.1487495263129752,8,0.009325411747010515,REGIME_OOS,True,True
2026-02-19 16:00:00+00:00,BTC,2026-02-19 20:00:00+00:00,67105.0,1897.0,2026-02-19 00:00:00+00:00,0.009325411747010515,0.012905660377358519,0.01229446372001819,0.9274748345604275,0.009786806331572265,-0.006319249834337182,-0.005544977565334452,0.043232971246203254,0.3538326269931738,1.270543488384472,8,-0.0007451009611801895,REGIME_OOS,True,True
2026-02-19 20:00:00+00:00,BTC,2026-02-20 00:00:00+00:00,67055.0,617.0,2026-02-19 00:00:00+00:00,-0.0007451009611801895,0.008194256502781494,0.006529570699489673,-0.14884529416240763,0.009732465330691088,-0.006702958930489222,-0.004719317799833811,0.04370636653493311,0.34663655522287024,-0.38015170297023726,8,0.006188949369920316,REGIME_OOS,True,True
2026-02-20 00:00:00+00:00,BTC,2026-02-20 04:00:00+00:00,67470.0,305.0,2026-02-20 00:00:00+00:00,0.006188949369920316,0.005963918294319415,0.01764705882352935,0.5869181593022766,0.009754262427199343,-6.669186136987193e-05,-0.0043588672847384435,0.042856415499829194,0.49844383015723476,-0.7786175644871541,9,0.006891951978657218,REGIME_OOS,True,True
2026-02-20 04:00:00+00:00,BTC,2026-02-20 08:00:00+00:00,67935.0,480.0,2026-02-20 00:00:00+00:00,0.006891951978657218,0.00973543400713428,0.010185873605947915,0.6535401859943967,0.00976798843489009,0.007571431749586521,-0.004591388562865895,0.03839651816631839,0.6971905816248795,-0.5573850726605467,9,-0.008095974092882874,REGIME_OOS,True,True
2026-02-20 08:00:00+00:00,BTC,2026-02-20 12:00:00+00:00,67385.0,989.0,2026-02-20 00:00:00+00:00,-0.008095974092882874,0.012623037042602814,-0.02021083242457289,-0.921680800680453,0.009561309032276023,0.00022636272214171527,-0.004909005776778108,0.03548450424264793,0.5063791992299995,0.0896683346181841,9,0.0043778288936706655,REGIME_OOS,True,True
2026-02-20 12:00:00+00:00,BTC,2026-02-20 16:00:00+00:00,67680.0,1806.0,2026-02-20 00:00:00+00:00,0.0043778288936706655,0.017973979093028447,-0.019414662416690764,0.44118732298246416,0.008611848766789205,0.005183347937799843,-0.0052065942313771485,0.03246732194011905,0.6596481516818574,1.3419678488436855,9,0.0007387706855792597,REGIME_OOS,True,True
2026-02-20 16:00:00+00:00,BTC,2026-02-20 20:00:00+00:00,67730.0,2005.0,2026-02-20 00:00:00+00:00,0.0007387706855792597,0.00931376201475298,-0.018121194549144626,0.1380921249320261,0.008581857758508735,0.006023067382602276,-0.004810058847093512,0.03212102065035972,0.6875117060620153,1.649160343910615,9,0.0028790786948176272,REGIME_OOS,True,True
2026-02-20 20:00:00+00:00,BTC,2026-02-21 00:00:00+00:00,67925.0,365.0,2026-02-20 00:00:00+00:00,0.0028790786948176272,0.012974423980314675,-0.013864692218350738,0.3989410697259715,0.008604573070943465,0.008544978062198005,-0.004066573505164595,0.03307180403309227,0.7583765328812323,-0.695865802216892,9,,REGIME_OOS,True,False
2026-02-22 20:00:00+00:00,BTC,2026-02-23 00:00:00+00:00,67660.0,230.0,2026-02-22 00:00:00+00:00,,0.0028160663998815227,-0.0113968439509059,,,0.004766925555770074,-0.0038300006361143835,0.03257710490945399,0.646327476582693,-0.894019895860742,8,-0.03938811705586753,REGIME_OOS,False,True
2026-02-23 00:00:00+00:00,BTC,2026-02-23 04:00:00+00:00,64995.0,2360.0,2026-02-23 00:00:00+00:00,-0.03938811705586753,-0.043276661514683123,-0.05282716409210142,-4.527688622891955,0.01113104726102848,-0.0329815843211938,-0.004752512486543514,0.04496224991780052,-0.23353945546520474,2.0314352046372117,9,0.01653973382567897,REGIME_OOS,True,True
2026-02-23 04:00:00+00:00,BTC,2026-02-23 08:00:00+00:00,66070.0,828.0,2026-02-23 00:00:00+00:00,0.01653973382567897,-0.019514728797210057,-0.04190835266821347,1.6233000717835204,0.011590493454734499,-0.015753603217757206,-0.005671718727781161,0.04678264874783421,0.1632596990676685,-0.170958645325228,9,0.0029514151657332732,REGIME_OOS,True,True
2026-02-23 08:00:00+00:00,BTC,2026-02-23 12:00:00+00:00,66265.0,1150.0,2026-02-23 00:00:00+00:00,0.0029514151657332732,-0.020907210401891252,-0.01887770210245776,0.3465818554776299,0.011560341810087848,-0.011409113117682779,-0.006847488365270382,0.0455511845523823,0.24953202139973485,0.22868777532576484,9,-0.008526371387610365,REGIME_OOS,True,True
2026-02-23 12:00:00+00:00,BTC,2026-02-23 16:00:00+00:00,65700.0,2130.0,2026-02-23 00:00:00+00:00,-0.008526371387610365,-0.029971947438358182,-0.03566710700132103,-0.6395962735363995,0.01105902689873689,-0.018586361039222954,-0.007830586045298515,0.048557524523675004,0.11723005401231162,1.5650692113161637,9,-0.020852359208523574,REGIME_OOS,True,True
2026-02-23 16:00:00+00:00,BTC,2026-02-23 20:00:00+00:00,64330.0,2763.0,2026-02-23 00:00:00+00:00,-0.020852359208523574,-0.052926021347074026,-0.06680205991151089,-1.8195195122055954,0.01149644126951696,-0.03657582304025997,-0.009385816164700134,0.05848319652554474,-0.125407385594665,2.2819150354946345,9,0.0062179387533032315,REGIME_OOS,True,True
2026-02-23 20:00:00+00:00,BTC,2026-02-24 00:00:00+00:00,64730.0,1389.0,2026-02-23 00:00:00+00:00,0.0062179387533032315,-0.04330475908956544,-0.05476051401869164,0.69016547453076,0.011313203231813356,-0.029480667953595607,-0.009799380310379302,0.06437496305741329,0.04204761364595898,0.34022503710003443,9,-0.017920593233431203,REGIME_OOS,True,True
2026-02-24 00:00:00+00:00,BTC,2026-02-24 04:00:00+00:00,63570.0,850.0,2026-02-24 00:00:00+00:00,-0.017920593233431203,-0.02192476344334182,-0.07136074793660063,-1.4158231363989744,0.011658787148138491,-0.044767596930093134,-0.010798103921623947,0.07701975023987735,-0.08124827450965204,-0.37442694480536115,5,-0.005899008966493646,REGIME_OOS,True,True
2026-02-24 04:00:00+00:00,BTC,2026-02-24 08:00:00+00:00,63195.0,785.0,2026-02-24 00:00:00+00:00,-0.005899008966493646,-0.04351445436658086,-0.06874447391688776,-0.3103728959590749,0.011671209533226166,-0.04762981214820172,-0.012496428316308261,0.08901172029345797,-0.035095962544859916,-0.4807501829092679,5,0.001424163304058812,REGIME_OOS,True,True
2026-02-24 08:00:00+00:00,BTC,2026-02-24 12:00:00+00:00,63285.0,395.0,2026-02-24 00:00:00+00:00,0.001424163304058812,-0.04497094997359086,-0.061401557285873154,0.33321870865602055,0.01163116468396484,-0.0433938093060694,-0.014023789545536514,0.09729879770754131,0.05401494850428122,-1.006113413547939,5,0.01208817255273753,REGIME_OOS,True,True
2026-02-24 12:00:00+00:00,BTC,2026-02-24 16:00:00+00:00,64050.0,2267.0,2026-02-24 00:00:00+00:00,0.01208817255273753,-0.02511415525114158,-0.05628407249152789,1.2222227823899343,0.011883892580584554,-0.030001060108131083,-0.014955208962682875,0.10134050465573978,0.20395785762024163,1.4759686060834976,5,0.007181889149102227,REGIME_OOS,True,True
2026-02-24 16:00:00+00:00,BTC,2026-02-24 20:00:00+00:00,64510.0,1818.0,2026-02-24 00:00:00+00:00,0.007181889149102227,0.002798072438986443,-0.04486230381995859,0.7314923709653461,0.011898055766203671,-0.021571385778583307,-0.016027621324593788,0.10330116473130772,0.2911796460892601,0.8818661418691989,5,-0.006045574329561321,REGIME_OOS,True,True
2026-02-24 20:00:00+00:00,BTC,2026-02-25 00:00:00+00:00,64120.0,615.0,2026-02-24 00:00:00+00:00,-0.006045574329561321,-0.00942376023482161,-0.05364917718249573,-0.3827419861639876,0.011911568998035228,-0.02528008756061595,-0.017618737567724252,0.10490177214418117,0.2590118160647472,-0.6972112197278744,5,0.020352464129756775,REGIME_OOS,True,True
2026-02-25 00:00:00+00:00,BTC,2026-02-25 04:00:00+00:00,65425.0,1379.0,2026-02-25 00:00:00+00:00,0.020352464129756775,0.029180431020921827,-0.04097038991498092,1.8371717073967984,0.012541680532415509,-0.004208427509265422,-0.018485514401939573,0.10351399892161137,0.4593443635343242,0.2656814403356005,8,-0.0051203668322507,REGIME_OOS,True,True
2026-02-25 04:00:00+00:00,BTC,2026-02-25 08:00:00+00:00,65090.0,517.0,2026-02-25 00:00:00+00:00,-0.0051203668322507,0.029986549568794985,-0.034416258715324166,-0.3318166898621007,0.012474622654506436,-0.007509625281134413,-0.01990892883028683,0.10079423620596048,0.42549548899016937,-0.897931653594896,8,0.004916269780304239,REGIME_OOS,True,True
2026-02-25 08:00:00+00:00,BTC,2026-02-25 12:00:00+00:00,65410.0,690.0,2026-02-25 00:00:00+00:00,0.004916269780304239,0.03357825709093776,-0.034823668289803766,0.5029845123122613,0.012362731423053028,-0.0007065788217320845,-0.021257395940960988,0.09515337078355969,0.4925743164334205,-0.6621769447479365,8,0.032028741782601955,REGIME_OOS,True,True
2026-02-25 12:00:00+00:00,BTC,2026-02-25 16:00:00+00:00,67505.0,2233.0,2026-02-25 00:00:00+00:00,0.032028741782601955,0.05394223263075726,0.018943396226415166,2.6553484701431533,0.01370688465078511,0.03120500746613497,-0.02079578175834862,0.09563554266311469,0.8262909018674958,1.4063079448302578,8,0.023776016591363636,REGIME_OOS,True,True
2026-02-25 16:00:00+00:00,BTC,2026-02-25 20:00:00+00:00,69110.0,2563.0,2026-02-25 00:00:00+00:00,0.023776016591363636,0.07130677414354358,0.03909186588482938,1.7279656018407523,0.013685076614209167,0.054571117935414915,-0.01975265614926791,0.10368619379483462,1.0263103595392422,1.8274010475655207,8,-0.01656779047894663,REGIME_OOS,True,True
2026-02-25 20:00:00+00:00,BTC,2026-02-26 00:00:00+00:00,67965.0,1361.0,2026-02-25 00:00:00+00:00,-0.01656779047894663,0.05996568933250157,0.013344267183539538,-1.3298385578404974,0.014072598017468308,0.036913289241824465,-0.0192791094353173,0.10468804183216682,0.8526027289821967,0.17339190842607788,8,0.00367836386375342,REGIME_OOS,True,True
2026-02-26 00:00:00+00:00,BTC,2026-02-26 04:00:00+00:00,68215.0,649.0,2026-02-26 00:00:00+00:00,0.00367836386375342,0.04264424914023701,0.013897146254459036,0.1940145723930119,0.014012286562657864,0.040497254423429,-0.018866908009045114,0.1060225887501044,0.8819681720739821,-0.7726071192230328,11,-0.004324562046470692,REGIME_OOS,True,True
2026-02-26 04:00:00+00:00,BTC,2026-02-26 08:00:00+00:00,67920.0,262.0,2026-02-26 00:00:00+00:00,-0.004324562046470692,0.04347826086956519,0.020662709444736693,-0.36500747964189,0.014035431514250931,0.03579217055800399,-0.018519599522828112,0.10706434804380204,0.8343052212241633,-1.2867235822338916,11,0.002576560659599547,REGIME_OOS,True,True
2026-02-26 08:00:00+00:00,BTC,2026-02-26 12:00:00+00:00,68095.0,429.0,2026-02-26 00:00:00+00:00,0.002576560659599547,0.04104876930133017,0.02421598856885021,0.1449940416947319,0.013870587963743224,0.03601204965920157,-0.016044958218437877,0.11175779545788818,0.8222329996011005,-1.0529120122482893,11,-0.010132902562596358,REGIME_OOS,True,True
2026-02-26 12:00:00+00:00,BTC,2026-02-26 16:00:00+00:00,67405.0,1891.0,2026-02-26 00:00:00+00:00,-0.010132902562596358,-0.0014813717502407675,0.004470605767081359,-0.802016791649675,0.014015670629194807,0.024473837198256687,-0.014586924711728622,0.11389234753086082,0.7148857032877046,0.8725525294974245,11,0.0033380313033157805,REGIME_OOS,True,True
2026-02-26 16:00:00+00:00,BTC,2026-02-26 20:00:00+00:00,67630.0,1657.0,2026-02-26 00:00:00+00:00,0.0033380313033157805,-0.021415135291564136,0.008575050331817158,0.18937359815371593,0.013930745708934955,0.026828416561650803,-0.013591331501186854,0.1163504537648309,0.7305828270844281,0.5756370019785954,11,-0.0030311991719651488,REGIME_OOS,True,True
2026-02-26 20:00:00+00:00,BTC,2026-02-27 00:00:00+00:00,67425.0,704.0,2026-02-26 00:00:00+00:00,-0.0030311991719651488,-0.007945265945707325,-0.0006669630947087057,-0.25235211545890474,0.013943948747255974,0.02237705508402299,-0.01209097554691374,0.1180698513330198,0.6895238693992063,-0.6828497093288128,11,0.003930292918057132,REGIME_OOS,True,True
2026-02-27 00:00:00+00:00,BTC,2026-02-27 04:00:00+00:00,67690.0,80.0,2026-02-27 00:00:00+00:00,0.003930292918057132,-0.007696254489481746,-0.003606388459556964,0.25260005454613127,0.013917732231023706,0.02378728697881405,-0.009204798333620534,0.11764199285632991,0.702200646225573,-1.5222465869344883,11,0.0003693307726400086,REGIME_OOS,True,True
2026-02-27 04:00:00+00:00,BTC,2026-02-27 08:00:00+00:00,67715.0,80.0,2026-02-27 00:00:00+00:00,0.0003693307726400086,-0.0030182567726737553,0.004897232321733336,0.002627483882907243,0.013862570613475612,0.02185870688809577,-0.006740491814581695,0.11752629009028753,0.6859899335825476,-1.472222451258702,11,-0.023333087203721514,REGIME_OOS,True,True
2026-02-27 08:00:00+00:00,BTC,2026-02-27 12:00:00+00:00,66135.0,111.0,2026-02-27 00:00:00+00:00,-0.023333087203721514,-0.028783317424186827,-0.022828014184397172,-1.6914920981233277,0.0144408653534511,-0.0039122069139502225,-0.004125556098863448,0.11095309661927392,0.4647399934462882,-1.3481196318286903,11,-0.0007560293339381463,REGIME_OOS,True,True
2026-02-27 12:00:00+00:00,BTC,2026-02-27 16:00:00+00:00,66085.0,251.0,2026-02-27 00:00:00+00:00,-0.0007560293339381463,-0.019583116979452586,-0.024287612579359186,-0.025169337385943506,0.014412777016448075,-0.006826797717136901,-0.0014264425378521794,0.10123564288462687,0.4325652752072999,-1.0856975992153408,11,,REGIME_OOS,True,False
2026-03-01 20:00:00+00:00,BTC,2026-03-02 00:00:00+00:00,66010.0,576.0,2026-03-01 00:00:00+00:00,,-0.02395386662723642,-0.02819285977180719,,,-0.009981177493982085,0.001043449539080532,0.09046280865589107,0.38966540347040113,-0.6238492073233673,11,0.016967126193001114,REGIME_OOS,False,True
2026-03-02 00:00:00+00:00,BTC,2026-03-02 04:00:00+00:00,67130.0,1416.0,2026-03-02 00:00:00+00:00,0.016967126193001114,-0.004375231738969254,-0.007833284067395807,1.2163386072159306,0.014763620935185861,0.004496517256600718,0.003578550919641099,0.08243561292525844,0.5545458097179139,0.3830374315494365,14,-0.01221510502011025,REGIME_OOS,True,True
2026-03-02 04:00:00+00:00,BTC,2026-03-02 08:00:00+00:00,66310.0,866.0,2026-03-02 00:00:00+00:00,-0.01221510502011025,-0.020387058649726675,0.02023232556350485,-0.8258380059958085,0.014917715863118497,-0.009107958069023203,0.005301457487688843,0.0760654627949547,0.3802615834524661,-0.33866291950628835,14,0.0060322726587240805,REGIME_OOS,True,True
2026-03-02 08:00:00+00:00,BTC,2026-03-02 12:00:00+00:00,66710.0,962.0,2026-03-02 00:00:00+00:00,0.0060322726587240805,-0.014841615594772262,0.00968669592856064,0.4396221192160291,0.013021968785533867,-0.005056003818103227,0.007563223468984415,0.06512267961625394,0.42236185845090274,-0.16503377159159352,14,0.04204766901514012,REGIME_OOS,True,True
2026-03-02 12:00:00+00:00,BTC,2026-03-02 16:00:00+00:00,69515.0,4923.0,2026-03-02 00:00:00+00:00,0.04204766901514012,0.05110758297421936,0.049045499132271964,3.1530978075411698,0.014785738053742056,0.03362650270989609,0.010243106670111413,0.06856133314453315,0.9904587056236006,4.937067419576618,14,-0.003740199956843826,REGIME_OOS,True,True
2026-03-02 16:00:00+00:00,BTC,2026-03-02 20:00:00+00:00,69255.0,4193.0,2026-03-02 00:00:00+00:00,-0.003740199956843826,0.047968525383975225,0.05410958904109586,-0.3772954877522043,0.014818805300137215,0.026581729646799834,0.012809926661011772,0.06622945632129672,0.901358113493259,2.846945448488577,14,-0.002599090318388564,REGIME_OOS,True,True
2026-03-02 20:00:00+00:00,BTC,2026-03-03 00:00:00+00:00,69075.0,2242.0,2026-03-02 00:00:00+00:00,-0.002599090318388564,0.046432358733525136,0.07376029846106014,-0.2843973376753533,0.014718096728316763,0.021139773819203178,0.015163293544194767,0.06279530311176071,0.8366457803632132,0.8165973252871248,14,-0.006514657980456029,REGIME_OOS,True,True
2026-03-03 00:00:00+00:00,BTC,2026-03-03 04:00:00+00:00,68625.0,664.0,2026-03-03 00:00:00+00:00,-0.006514657980456029,0.02227022195739603,0.06017302641742628,-0.5658049832336586,0.014179672527502081,0.01364824744095361,0.015279962688637516,0.06401607256257708,0.7132003244593325,-0.5295050457109364,10,-0.0029143897996356527,REGIME_OOS,True,True
2026-03-03 04:00:00+00:00,BTC,2026-03-03 08:00:00+00:00,68425.0,1051.0,2026-03-03 00:00:00+00:00,-0.0029143897996356527,0.03189564168300407,0.07637250275287077,-0.36709082356799216,0.014190480745035669,0.011205651224567514,0.014183817842818858,0.061880319967960846,0.681085864300141,-0.17055059031230363,10,-0.017245158933138494,REGIME_OOS,True,True
2026-03-03 08:00:00+00:00,BTC,2026-03-03 12:00:00+00:00,67245.0,2226.0,2026-03-03 00:00:00+00:00,-0.017245158933138494,0.008019787138360046,0.06408734868264898,-1.3552455475838106,0.014158306694824393,-0.0057037664080318295,0.01359108205605497,0.06200685918568692,0.4080139442162149,0.844101955123506,10,0.011301955535727659,REGIME_OOS,True,True
2026-03-03 12:00:00+00:00,BTC,2026-03-03 16:00:00+00:00,68005.0,2188.0,2026-03-03 00:00:00+00:00,0.011301955535727659,-0.021721930518593058,0.0745832345737536,0.6563648001638099,0.014175298816014972,0.005689863613340673,0.013213532239310544,0.06171360057685242,0.5921978876642442,0.7628926381436887,10,0.01014631277111988,REGIME_OOS,True,True
2026-03-03 16:00:00+00:00,BTC,2026-03-03 20:00:00+00:00,68695.0,3130.0,2026-03-03 00:00:00+00:00,0.01014631277111988,-0.008086058768320026,0.07252146760343492,0.53360468760246,0.014240024729737236,0.015312079693758474,0.013141383678689111,0.06320316590704114,0.7422676059658035,1.5257114962999037,10,-0.002329136036101631,REGIME_OOS,True,True
2026-03-03 20:00:00+00:00,BTC,2026-03-04 00:00:00+00:00,68535.0,951.0,2026-03-03 00:00:00+00:00,-0.002329136036101631,-0.007817589576547213,0.06239342737560061,-0.36532108090622795,0.014161368426689967,0.012618016873273241,0.01284898477157359,0.06400304301905414,0.6971471398557836,-0.36898648433819975,10,-0.008608740059823483,REGIME_OOS,True,True
2026-03-04 00:00:00+00:00,BTC,2026-03-04 04:00:00+00:00,67945.0,682.0,2026-03-04 00:00:00+00:00,-0.008608740059823483,-0.009908925318761419,0.05965377417342488,-0.776846415239474,0.01427025225281567,0.0035003249246765566,0.012998360243689389,0.06394727987521312,0.5547376672081611,-0.5704780779418456,14,0.02708072705865039,REGIME_OOS,True,True
2026-03-04 04:00:00+00:00,BTC,2026-03-04 08:00:00+00:00,69785.0,1070.0,2026-03-04 00:00:00+00:00,0.02708072705865039,0.019875776397515477,0.06664119220481468,1.7669353478529706,0.01490448485004148,0.029038239641971053,0.013782293725277839,0.06944458076297594,0.9181498300217644,-0.24713096296329742,14,0.024073941391416387,REGIME_OOS,True,True
2026-03-04 08:00:00+00:00,BTC,2026-03-04 12:00:00+00:00,71465.0,3580.0,2026-03-04 00:00:00+00:00,0.024073941391416387,0.06275559521153995,0.09794131202949763,1.41592397369655,0.015068726024407873,0.05068162354679484,0.015588955067437071,0.08391419843464912,1.1039695843161121,1.8678179898138345,14,0.03225355068914859,REGIME_OOS,True,True
2026-03-04 12:00:00+00:00,BTC,2026-03-04 16:00:00+00:00,73770.0,3723.0,2026-03-04 00:00:00+00:00,0.03225355068914859,0.08477317844276167,0.12780920348570546,1.9350791449268163,0.01588877718099634,0.0797440053862788,0.018353594553021102,0.11222989993996844,1.2105415350894346,1.8171669676724358,14,0.0027789074149382476,REGIME_OOS,True,True
2026-03-04 16:00:00+00:00,BTC,2026-03-04 20:00:00+00:00,73975.0,2902.0,2026-03-04 00:00:00+00:00,0.0027789074149382476,0.07686148919135305,0.09584475224057476,-0.09826200195842262,0.01589089670389256,0.07780679612004127,0.021013147442362934,0.13333413935308294,1.0835474432695784,1.030638631341871,14,-0.013856032443393063,REGIME_OOS,True,True
2026-03-04 20:00:00+00:00,BTC,2026-03-05 00:00:00+00:00,72950.0,1926.0,2026-03-04 00:00:00+00:00,-0.013856032443393063,0.06441963960020436,0.055563594270004346,-1.1405874594974015,0.015325011769669045,0.05762190922863919,0.024475846458213102,0.13921822017643437,0.9138963215850168,0.26206730888384794,14,-0.0028786840301576744,REGIME_OOS,True,True
2026-03-05 00:00:00+00:00,BTC,2026-03-05 04:00:00+00:00,72740.0,605.0,2026-03-05 00:00:00+00:00,-0.0028786840301576744,0.07057178600338498,0.07025674979769003,-0.36659786613100603,0.014827940213765262,0.04951430745979013,0.02788834872263357,0.1408101944778021,0.8516386554497362,-0.7269883319813025,10,-0.0059114654935386035,REGIME_OOS,True,True
2026-03-05 04:00:00+00:00,BTC,2026-03-05 08:00:00+00:00,72310.0,559.0,2026-03-05 00:00:00+00:00,-0.0059114654935386035,0.03618256072221815,0.060030785017958,-0.5234987425057649,0.014495405370042687,0.03858983888284451,0.031218757174278577,0.13776517557629703,0.7801131615549145,-0.7365946538064955,10,0.011962384179228236,REGIME_OOS,True,True
2026-03-05 08:00:00+00:00,BTC,2026-03-05 12:00:00+00:00,73175.0,1073.0,2026-03-05 00:00:00+00:00,0.011962384179228236,0.023927796823620007,0.07737043580683167,0.6730567745436151,0.01460292325967314,0.04647088687245704,0.03400625205173169,0.1400101941376363,0.8319107380622167,-0.3450420454610659,10,-0.01762897164332078,REGIME_OOS,True,True
2026-03-05 12:00:00+00:00,BTC,2026-03-05 16:00:00+00:00,71885.0,2942.0,2026-03-05 00:00:00+00:00,-0.01762897164332078,-0.02555239257150599,0.055657537264116375,-1.3772077474747935,0.015013034522175483,0.023940858281371824,0.036017124237791354,0.13268218809235655,0.6804376203436384,1.0605873812262399,10,-0.010363775474716563,REGIME_OOS,True,True
2026-03-05 16:00:00+00:00,BTC,2026-03-05 20:00:00+00:00,71140.0,2164.0,2026-03-05 00:00:00+00:00,-0.010363775474716563,-0.03832375802636023,0.05541131963504187,-0.8261209645646831,0.015181997157831733,0.010141887022857343,0.03773299933691887,0.12410885962335562,0.5817176715154414,0.39890765930423044,10,-0.0007731234186112435,REGIME_OOS,True,True
2026-03-05 20:00:00+00:00,BTC,2026-03-06 00:00:00+00:00,71085.0,948.0,2026-03-05 00:00:00+00:00,-0.0007731234186112435,-0.02556545579163816,0.05108679580068021,-0.15680321513949153,0.015027800591294032,0.008237092090193077,0.03741609207579599,0.12361617127165767,0.566634421738329,-0.5340397133355042,10,0.00323556305831052,REGIME_OOS,True,True
2026-03-06 00:00:00+00:00,BTC,2026-03-06 04:00:00+00:00,71315.0,503.0,2026-03-06 00:00:00+00:00,0.00323556305831052,-0.01959032169370356,0.05769373377827214,0.08757820974579214,0.015027478692185752,0.010023758183472564,0.03721775076130718,0.1226702269998566,0.5817130482972399,-0.8506056220683894,22,-0.0009114492042346933,REGIME_OOS,True,True
2026-03-06 04:00:00+00:00,BTC,2026-03-06 08:00:00+00:00,71250.0,575.0,2026-03-06 00:00:00+00:00,-0.0009114492042346933,-0.014659106624256624,0.052592702023932736,-0.18815456937871886,0.015008386279867848,0.007551332088919116,0.03670756361408012,0.12097982331675843,0.5624181113998455,-0.7878236023177688,22,-0.012140350877193007,REGIME_OOS,True,True
2026-03-06 08:00:00+00:00,BTC,2026-03-06 12:00:00+00:00,70385.0,460.0,2026-03-06 00:00:00+00:00,-0.012140350877193007,-0.038127775879740367,0.039429963818947034,-0.941276998336724,0.015221904810645658,-0.00591774476018303,0.036279440089454607,0.11771874058459417,0.4497297989190559,-0.8984176616097344,22,-0.02401079775520354,REGIME_OOS,True,True
2026-03-06 12:00:00+00:00,BTC,2026-03-06 16:00:00+00:00,68695.0,2893.0,2026-03-06 00:00:00+00:00,-0.02401079775520354,-0.044376434583014546,0.038708701897633535,-1.6727083670295448,0.015916599215800964,-0.02997140537296572,0.03492445310890191,0.11682609411016306,0.24345281675938168,0.9606517791090682,22,-0.006041196593638554,REGIME_OOS,True,True
2026-03-06 16:00:00+00:00,BTC,2026-03-06 20:00:00+00:00,68280.0,1570.0,2026-03-06 00:00:00+00:00,-0.006041196593638554,-0.040202417767781884,0.033214799122342376,-0.41965845441218125,0.015320513329712276,-0.03653559195278633,0.03414373976716578,0.11206748833303107,0.17398580537279967,-0.13386943775160265,22,0.0017574692442883233,REGIME_OOS,True,True
2026-03-06 20:00:00+00:00,BTC,2026-03-07 00:00:00+00:00,68400.0,1346.0,2026-03-06 00:00:00+00:00,0.0017574692442883233,-0.03777168178940704,0.03620663535827906,0.035425318080152625,0.0153162363592766,-0.03511123023318141,0.03289004935037321,0.11044357070907655,0.18208896174074968,-0.3514918232238829,22,,REGIME_OOS,True,False
2026-03-08 20:00:00+00:00,BTC,2026-03-09 00:00:00+00:00,66095.0,810.0,2026-03-08 00:00:00+00:00,,-0.07319638224777392,-0.015417845970504995,,,-0.06591387667999826,0.030381840792397474,0.1234569779430747,-0.03390158886272763,-0.8123933533188505,12,0.018987820561313207,REGIME_OOS,False,True
2026-03-09 00:00:00+00:00,BTC,2026-03-09 04:00:00+00:00,67350.0,1200.0,2026-03-09 00:00:00+00:00,0.018987820561313207,-0.054736842105263195,0.015683908912682787,1.1549379151638894,0.015391775483855182,-0.047379941230343836,0.02866822640674882,0.1279840994130332,0.12979822143813205,-0.4750393635391068,12,0.0051967334818114885,REGIME_OOS,True,True
2026-03-09 04:00:00+00:00,BTC,2026-03-09 08:00:00+00:00,67700.0,680.0,2026-03-09 00:00:00+00:00,0.0051967334818114885,-0.03814733252823754,0.014840353770049441,0.24888996948487882,0.015188950778250321,-0.042263483642793975,0.02741965959797099,0.1289290742647532,0.17219586517772711,-0.9072010643847525,12,0.002954209748892156,REGIME_OOS,True,True
2026-03-09 08:00:00+00:00,BTC,2026-03-09 12:00:00+00:00,67900.0,817.0,2026-03-09 00:00:00+00:00,0.002954209748892156,-0.01157289467937983,-0.023232395885780077,0.06636009264629888,0.01517078323282224,-0.03815166464215769,0.02531208923682482,0.133463400278016,0.21414137087258053,-0.783981071701448,12,0.01730486008836518,REGIME_OOS,True,True
2026-03-09 12:00:00+00:00,BTC,2026-03-09 16:00:00+00:00,69075.0,2602.0,2026-03-09 00:00:00+00:00,0.01730486008836518,0.011643233743409587,-0.002599090318388564,1.0191426757625566,0.01348908511961316,-0.01984781567604954,0.022392942425816242,0.13448605354998044,0.35241729419420176,0.8552007226322833,12,0.001447701773434673,REGIME_OOS,True,True
2026-03-09 16:00:00+00:00,BTC,2026-03-09 20:00:00+00:00,69175.0,1997.0,2026-03-09 00:00:00+00:00,0.001447701773434673,0.011330409356725246,0.001447701773434673,0.031788264077107484,0.013459190839471868,-0.015218381641136647,0.017947844737013607,0.12829017369867107,0.38137531346023695,0.3884442466025444,12,-0.008890495121069764,REGIME_OOS,True,True
2026-03-09 20:00:00+00:00,BTC,2026-03-10 00:00:00+00:00,68560.0,461.0,2026-03-09 00:00:00+00:00,-0.008890495121069764,0.03729480293516918,-0.0009471766848816454,-0.7491039002635294,0.013568863476206115,-0.020197003855044637,0.013714278263741608,0.12011413323913567,0.3318515622567553,-1.121627530912373,12,0.016117269544924095,REGIME_OOS,True,True
2026-03-10 00:00:00+00:00,BTC,2026-03-10 04:00:00+00:00,69665.0,1054.0,2026-03-10 00:00:00+00:00,0.016117269544924095,0.03437268002969551,0.01812203142126423,1.1154320944946852,0.013765405233542255,-0.002062771275910036,0.011172156662229593,0.11352256031558876,0.4818294154908456,-0.5244931434217486,8,0.013277829613148606,REGIME_OOS,True,True
2026-03-10 04:00:00+00:00,BTC,2026-03-10 08:00:00+00:00,70590.0,688.0,2026-03-10 00:00:00+00:00,0.013277829613148606,0.04268833087149182,0.04974347535132728,0.838428516662874,0.013893605921919103,0.01274721490929176,0.008847853964817132,0.10725555479211941,0.618848995131284,-0.8842574327857129,8,0.002974925626859415,REGIME_OOS,True,True
2026-03-10 08:00:00+00:00,BTC,2026-03-10 12:00:00+00:00,70800.0,1073.0,2026-03-10 00:00:00+00:00,0.002974925626859415,0.042709867452135564,0.0410999191235939,0.05028670467311563,0.013395457468310884,0.016861517249303404,0.0070015432031806935,0.10264775420410814,0.6642658174067347,-0.4531381663518709,8,0.011016949152542477,REGIME_OOS,True,True
2026-03-10 12:00:00+00:00,BTC,2026-03-10 16:00:00+00:00,71580.0,3716.0,2026-03-10 00:00:00+00:00,0.011016949152542477,0.03626492942453852,0.04199723415095713,0.6021955117202756,0.013389429816404796,0.029243129572047444,0.004784360638068863,0.09492311187934727,0.808071754002514,2.1753609842685386,8,-0.01934898016205644,REGIME_OOS,True,True
2026-03-10 16:00:00+00:00,BTC,2026-03-10 20:00:00+00:00,70195.0,2233.0,2026-03-10 00:00:00+00:00,-0.01934898016205644,0.014745211420310822,0.024221200846282986,-1.6647269557109825,0.013914693068139555,0.010556169402584858,0.0029549316965336025,0.09014554181647308,0.6171014027967809,0.6760096352472902,8,-0.001638293325735396,REGIME_OOS,True,True
2026-03-10 20:00:00+00:00,BTC,2026-03-11 00:00:00+00:00,70080.0,430.0,2026-03-10 00:00:00+00:00,-0.001638293325735396,0.022170361726954413,0.031422474059901395,-0.25842334084795426,0.013907924140197836,0.009670970879031904,0.0014160893138999153,0.08776846262705054,0.6101873109037595,-1.069330562594793,8,-0.0049942922374429655,REGIME_OOS,True,True
2026-03-11 00:00:00+00:00,BTC,2026-03-11 04:00:00+00:00,69730.0,294.0,2026-03-11 00:00:00+00:00,-0.0049942922374429655,0.0009330366755184727,-0.000788134986028477,-0.5015060767721723,0.013828456006049865,0.005609956591338561,-0.00016726121298993313,0.08501910589373589,0.565984657593909,-1.1807560689716192,13,0.0014341029685931428,REGIME_OOS,True,True
2026-03-11 04:00:00+00:00,BTC,2026-03-11 08:00:00+00:00,69830.0,324.0,2026-03-11 00:00:00+00:00,0.0014341029685931428,-0.01076639750672903,-0.02287833205065415,-0.04823350194317005,0.01299880325778859,0.008131607156391718,-0.0019300958059500495,0.08113224453408448,0.600226577029748,-1.1062581097719923,13,-0.00716024631247314,REGIME_OOS,True,True
2026-03-11 08:00:00+00:00,BTC,2026-03-11 12:00:00+00:00,69330.0,569.0,2026-03-11 00:00:00+00:00,-0.00716024631247314,-0.020762711864406813,-0.06018706791378614,-0.6467100474037559,0.012341605772367963,0.0023022737211899624,-0.0037841963893510133,0.07665974659245829,0.5300323680096335,-0.8193868934838868,13,0.015866147410933173,REGIME_OOS,True,True
2026-03-11 12:00:00+00:00,BTC,2026-03-11 16:00:00+00:00,70430.0,2114.0,2026-03-11 00:00:00+00:00,0.015866147410933173,-0.016065940206761664,-0.047921595133491035,1.268965881049573,0.011182428408680781,0.01817183004929679,-0.0045302916483181965,0.07678480233135519,0.7366592020498853,0.8405177761826554,13,0.0059633678830044445,REGIME_OOS,True,True
2026-03-11 16:00:00+00:00,BTC,2026-03-11 20:00:00+00:00,70850.0,2026.0,2026-03-11 00:00:00+00:00,0.0059633678830044445,0.009331148942232304,-0.02878684030157641,0.5637902305385701,0.011228087894396957,0.022650591975404533,-0.004330855205577411,0.0793105609427329,0.7855936423367318,0.8053722838360705,13,-0.006774876499647142,REGIME_OOS,True,True
2026-03-11 20:00:00+00:00,BTC,2026-03-12 00:00:00+00:00,70370.0,350.0,2026-03-11 00:00:00+00:00,-0.006774876499647142,0.004138127853881235,-0.03258179818531759,-0.58245439792761,0.011004066953991688,0.014192497685026728,-0.004055675649295654,0.07915417290695996,0.6793019516697999,-1.023231628262242,13,-0.011084268864572921,REGIME_OOS,True,True
2026-03-12 00:00:00+00:00,BTC,2026-03-12 04:00:00+00:00,69590.0,1089.0,2026-03-12 00:00:00+00:00,-0.011084268864572921,-0.0020077441560304443,-0.037615820771677466,-1.0073802819576716,0.011178707590599543,0.0020915907970004977,-0.004225014840965047,0.07797502042970511,0.5268238569925874,-0.20854672948295838,15,0.0053887052737462415,REGIME_OOS,True,True
2026-03-12 04:00:00+00:00,BTC,2026-03-12 08:00:00+00:00,69965.0,472.0,2026-03-12 00:00:00+00:00,0.0053887052737462415,0.0019332665043676478,-0.04386744106593787,0.5064282714369491,0.01117252886685478,0.004692105272605218,-0.002261587681833266,0.06336282789868938,0.57405138672326,-0.9020410380626044,15,0.009433288072607793,REGIME_OOS,True,True
2026-03-12 08:00:00+00:00,BTC,2026-03-12 12:00:00+00:00,70625.0,718.0,2026-03-12 00:00:00+00:00,0.009433288072607793,0.018678782633780422,-0.017527996104889754,0.8350055849607092,0.011089197285611087,0.01179049310907998,-0.0011505042757545825,0.05627302001075664,0.7095230202115722,-0.6045835217455484,15,-0.0013451327433627869,REGIME_OOS,True,True
2026-03-12 12:00:00+00:00,BTC,2026-03-12 16:00:00+00:00,70530.0,2306.0,2026-03-12 00:00:00+00:00,-0.0013451327433627869,0.001419849495953418,-0.0085746415518696,-0.12309219281626838,0.0105824867278396,0.008385339595530672,-0.00021870014923075498,0.04914860210467139,0.6706119652736509,1.2504355851327207,15,0.0013469445625975407,REGIME_OOS,True,True
2026-03-12 16:00:00+00:00,BTC,2026-03-12 20:00:00+00:00,70625.0,1271.0,2026-03-12 00:00:00+00:00,0.0013469445625975407,-0.00317572335920957,-0.006471126116620929,0.07411198196359652,0.010379586373226687,0.007780421591115916,0.0014110972978380598,0.041305526431952184,0.6883627268117138,0.06821034786284755,15,0.00021238938053103062,REGIME_OOS,True,True
2026-03-12 20:00:00+00:00,BTC,2026-03-13 00:00:00+00:00,70640.0,305.0,2026-03-12 00:00:00+00:00,0.00021238938053103062,0.0038368622992752677,-0.009465049428591499,-0.07135385019294968,0.010375493652277136,0.006870207246500781,0.0021325920921257957,0.03952692089104351,0.6738108380725778,-1.0364312549527102,15,0.014368629671574151,REGIME_OOS,True,True
2026-03-13 00:00:00+00:00,BTC,2026-03-13 04:00:00+00:00,71655.0,1514.0,2026-03-13 00:00:00+00:00,0.014368629671574151,0.029673803707429336,0.005684210526315736,1.2898438244745971,0.010654092574939789,0.01953558521385279,0.00316441693798053,0.04149408773369202,0.9708040658522641,0.33605866931465167,18,0.002721373246807657,REGIME_OOS,True,True
2026-03-13 04:00:00+00:00,BTC,2026-03-13 08:00:00+00:00,71850.0,450.0,2026-03-13 00:00:00+00:00,0.002721373246807657,0.026942042449796366,0.02081409391205513,0.12806419302810884,0.010648064352753606,0.019922920230245555,0.0045875353655198126,0.03919080351830193,1.0083570236303456,-0.9009015467546863,18,0.009255393180236604,REGIME_OOS,True,True
2026-03-13 08:00:00+00:00,BTC,2026-03-13 12:00:00+00:00,72515.0,996.0,2026-03-13 00:00:00+00:00,0.009255393180236604,0.026761061946902753,0.055608122861925846,0.7303988182389916,0.010418523809344759,0.027284704415702077,0.005446781356738484,0.04561775629776479,1.0981158792116894,-0.2825223225746855,18,-0.0071019789009170164,REGIME_OOS,True,True
2026-03-13 12:00:00+00:00,BTC,2026-03-13 16:00:00+00:00,72000.0,5279.0,2026-03-13 00:00:00+00:00,-0.0071019789009170164,0.020842194810718917,0.054481546572934914,-0.8919910440301725,0.009355267744956918,0.018971263595128685,0.005089492857214051,0.048947541184498566,0.8875835871636562,4.946687874209383,18,-0.009236111111111112,REGIME_OOS,True,True
2026-03-13 16:00:00+00:00,BTC,2026-03-13 20:00:00+00:00,71335.0,3340.0,2026-03-13 00:00:00+00:00,-0.009236111111111112,0.010053097345132711,0.042909356725146175,-1.28173663888471,0.00947625462023823,0.009177881129639687,0.004518369777300357,0.04965091666692759,0.6848481709050329,1.8239123279907328,18,0.0022429382491062633,REGIME_OOS,True,True
2026-03-13 20:00:00+00:00,BTC,2026-03-14 00:00:00+00:00,71495.0,257.0,2026-03-13 00:00:00+00:00,0.0022429382491062633,0.012103624009059955,0.08170058249489376,-0.042785144631079415,0.00947509521577868,0.011502221216151298,0.003659248299237472,0.04940705100560225,0.7328052571858009,-0.949148890580308,18,,REGIME_OOS,True,False
2026-03-16 00:00:00+00:00,BTC,2026-03-16 04:00:00+00:00,73745.0,399.0,2026-03-16 00:00:00+00:00,,0.029167538901681667,0.09495174461766887,,,0.040721427613799044,0.004693138234898031,0.06210374929573884,1.1556999871277205,-0.8035007310962732,15,-0.0013560241372296833,REGIME_OOS,False,True
2026-03-16 04:00:00+00:00,BTC,2026-03-16 08:00:00+00:00,73645.0,760.0,2026-03-16 00:00:00+00:00,-0.0013560241372296833,0.024982602644398,0.08781388478581986,-0.42433215914168015,0.008981717292177126,0.03670231672596613,0.0055950737870262834,0.0701775017943399,1.022992637063725,-0.4723897076063319,15,0.0007468259895444529,REGIME_OOS,True,True
2026-03-16 08:00:00+00:00,BTC,2026-03-16 12:00:00+00:00,73700.0,983.0,2026-03-16 00:00:00+00:00,0.0007468259895444529,0.016341446597255782,0.0854197349042709,-0.13801473451761959,0.008963598186593749,0.03458562178666069,0.007288520491849582,0.07522664759594537,0.9597522672075675,-0.2893093171684067,15,-0.003934871099050219,REGIME_OOS,True,True
2026-03-16 12:00:00+00:00,BTC,2026-03-16 16:00:00+00:00,73410.0,2740.0,2026-03-16 00:00:00+00:00,-0.003934871099050219,0.019583333333333286,0.06275787187839299,-0.6440467372889193,0.00902207305496465,0.027931709263777638,0.009264454202038808,0.07732129847118542,0.8612421133122427,1.1724250818074426,15,0.009399264405394403,REGIME_OOS,True,True
2026-03-16 16:00:00+00:00,BTC,2026-03-16 20:00:00+00:00,74100.0,1882.0,2026-03-16 00:00:00+00:00,0.009399264405394403,0.038760776617368764,0.07119624141669689,0.8635260786297542,0.008655818818408234,0.03413987404706664,0.01254057369114947,0.07887510419386105,0.932834598394404,0.45028630711297024,15,0.012213225371120018,REGIME_OOS,True,True
2026-03-16 20:00:00+00:00,BTC,2026-03-17 00:00:00+00:00,75005.0,530.0,2026-03-16 00:00:00+00:00,0.012213225371120018,0.04909434226169673,0.09400525087514588,1.255603475083835,0.008880467593488284,0.04343894550133909,0.015477440034808776,0.0871634926269923,0.9983616901084005,-0.6714104687040231,15,-0.005666288914072393,REGIME_OOS,True,True
2026-03-17 00:00:00+00:00,BTC,2026-03-17 04:00:00+00:00,74580.0,1250.0,2026-03-17 00:00:00+00:00,-0.005666288914072393,0.011322801545867511,0.07055192707959512,-0.8299212632786027,0.008766611897185342,0.03484161012363152,0.017643445661152724,0.09193656275555515,0.8789744697794486,-0.07397933610266198,23,-0.002949852507374673,REGIME_OOS,True,True
2026-03-17 04:00:00+00:00,BTC,2026-03-17 08:00:00+00:00,74360.0,512.0,2026-03-17 00:00:00+00:00,-0.002949852507374673,0.009708737864077666,0.05340699815837935,-0.5430976154832006,0.008376155265946731,0.028940686467824772,0.01999381809097578,0.0930496712888024,0.8110240591608363,-0.6953374838443722,23,-0.002555137170521804,REGIME_OOS,True,True
2026-03-17 08:00:00+00:00,BTC,2026-03-17 12:00:00+00:00,74170.0,924.0,2026-03-17 00:00:00+00:00,-0.002555137170521804,0.006377204884667531,0.0475988700564971,-0.44541198519400127,0.008080928873399127,0.023069761026242253,0.022688960644160927,0.08868716409745572,0.7601251405546309,-0.3455571864932378,23,-0.0010111905082917927,REGIME_OOS,True,True
2026-03-17 12:00:00+00:00,BTC,2026-03-17 16:00:00+00:00,74095.0,2113.0,2026-03-17 00:00:00+00:00,-0.0010111905082917927,0.009331153793761038,0.03513551271304838,-0.2053139867465436,0.008074115996433845,0.019132372359154992,0.025335824842223964,0.08408171384775508,0.7275449855101372,0.646885351621416,23,0.007962750522977347,REGIME_OOS,True,True
2026-03-17 16:00:00+00:00,BTC,2026-03-17 20:00:00+00:00,74685.0,975.0,2026-03-17 00:00:00+00:00,0.007962750522977347,0.007894736842105177,0.06396466984827986,0.9224147694662991,0.007955515644859183,0.02438723305032431,0.027387318832921226,0.08268502391303763,0.7949413557160385,-0.2714318380527606,23,-0.008971011581977661,REGIME_OOS,True,True
2026-03-17 20:00:00+00:00,BTC,2026-03-18 00:00:00+00:00,74015.0,226.0,2026-03-17 00:00:00+00:00,-0.008971011581977661,-0.01319912005866275,0.056150114155251174,-1.1795931348006201,0.007261958003815625,0.01277687505345071,0.02900902549950013,0.07753194704916622,0.6647949721338539,-0.9093622707619464,23,0.009187326893197234,REGIME_OOS,True,True
2026-03-18 00:00:00+00:00,BTC,2026-03-18 04:00:00+00:00,74695.0,582.0,2026-03-18 00:00:00+00:00,0.009187326893197234,0.001541968356127743,0.07120321239064964,1.1605870684282509,0.007406250932696705,0.01924343059094835,0.030826436283639014,0.07287210288146972,0.7640712951875255,-0.5807209828507004,28,-0.009572260526139686,REGIME_OOS,True,True
2026-03-18 04:00:00+00:00,BTC,2026-03-18 08:00:00+00:00,73980.0,410.0,2026-03-18 00:00:00+00:00,-0.009572260526139686,-0.005110274341043608,0.05943004439352717,-1.4436868225370847,0.007581660563973701,0.007191795974908599,0.03240145333923672,0.06467487343407334,0.611199227660487,-0.747645815836278,28,-0.01284130846174647,REGIME_OOS,True,True
2026-03-18 08:00:00+00:00,BTC,2026-03-18 12:00:00+00:00,73030.0,1195.0,2026-03-18 00:00:00+00:00,-0.01284130846174647,-0.01537009572603476,0.05336795038222997,-1.8213365992937576,0.007988432993707162,-0.006671608598962209,0.03285095550707262,0.06070464729126229,0.3900972347808618,-0.044792294443160977,28,-0.019923319183897004,REGIME_OOS,True,True
2026-03-18 12:00:00+00:00,BTC,2026-03-18 16:00:00+00:00,71575.0,3809.0,2026-03-18 00:00:00+00:00,-0.019923319183897004,-0.034010392064241834,0.016257276728666836,-2.5555599651573373,0.008716660828510782,-0.026279899465015077,0.032312631397117375,0.06197437150565153,0.07595536950917497,2.3058277892822536,28,-0.006426825008732151,REGIME_OOS,True,True
2026-03-18 16:00:00+00:00,BTC,2026-03-18 20:00:00+00:00,71115.0,2247.0,2026-03-18 00:00:00+00:00,-0.006426825008732151,-0.04780076320546289,0.003740296400846832,-0.7448941438993285,0.008261624357605543,-0.031615642032088886,0.030629028704232564,0.06762032553625565,0.03245356656649571,0.7784591384469112,28,0.0025311115798354322,REGIME_OOS,True,True
2026-03-18 20:00:00+00:00,BTC,2026-03-19 00:00:00+00:00,71295.0,469.0,2026-03-18 00:00:00+00:00,0.0025311115798354322,-0.03674930757278927,0.013144806025294775,0.3883069387868572,0.008189951661552047,-0.028698323603741027,0.029263292509528194,0.07047932360765166,0.09281215915889683,-0.7210785765961528,28,0.0004909180166912108,REGIME_OOS,True,True
2026-03-19 00:00:00+00:00,BTC,2026-03-19 04:00:00+00:00,71330.0,416.0,2026-03-19 00:00:00+00:00,0.0004909180166912108,-0.045049869469174664,0.02500359247018258,0.15656515410501123,0.008113984805395559,-0.0282181842952266,0.028414727096445214,0.07050250029887975,0.09975626147155307,-0.7708678843643926,26,-0.014930604233842737,REGIME_OOS,True,True
2026-03-19 04:00:00+00:00,BTC,2026-03-19 08:00:00+00:00,70265.0,784.0,2026-03-19 00:00:00+00:00,-0.014930604233842737,-0.050216274668829386,0.004287858214821805,-1.7724280611804735,0.008314113649212236,-0.04192474067609997,0.02635375878505264,0.07705934337938584,-0.04405784993121585,-0.438732236365191,26,-0.00327332242225864,REGIME_OOS,True,True
2026-03-19 08:00:00+00:00,BTC,2026-03-19 12:00:00+00:00,70035.0,612.0,2026-03-19 00:00:00+00:00,-0.00327332242225864,-0.04101054361221412,-0.00835398230088491,-0.3122354920853506,0.008246317711067904,-0.04263935451460443,0.02298899599078741,0.08690637642134443,0.009364487734733367,-0.5936360089029876,26,-0.007139287499107638,REGIME_OOS,True,True
2026-03-19 12:00:00+00:00,BTC,2026-03-19 16:00:00+00:00,69535.0,1910.0,2026-03-19 00:00:00+00:00,-0.007139287499107638,-0.028501571777855395,-0.014107471997731436,-0.7485998482141167,0.008079042782689635,-0.0467965523740983,0.019592016436747794,0.09744955067014609,0.019786884061698477,0.4946774182291058,26,0.01179262242036394,REGIME_OOS,True,True
2026-03-19 16:00:00+00:00,BTC,2026-03-19 20:00:00+00:00,70355.0,1755.0,2026-03-19 00:00:00+00:00,0.01179262242036394,-0.010686915559305343,-0.003823008849557552,1.6476131240306582,0.008436905764283412,-0.03333951622321607,0.016556767756902957,0.10213202710071147,0.17356453044508488,0.37910505725829513,26,-0.0054722478857224255,REGIME_OOS,True,True
2026-03-19 20:00:00+00:00,BTC,2026-03-20 00:00:00+00:00,69970.0,321.0,2026-03-19 00:00:00+00:00,-0.0054722478857224255,-0.01858475348902444,-0.009484711211778074,-0.5205295261726779,0.008461074532976457,-0.03635199250786747,0.013900913229256906,0.10763548060047592,0.16226756915965596,-0.8396771577772869,26,0.012219522652565429,REGIME_OOS,True,True
2026-03-20 00:00:00+00:00,BTC,2026-03-20 04:00:00+00:00,70825.0,545.0,2026-03-20 00:00:00+00:00,0.012219522652565429,-0.007079770082714099,-0.011583280999232448,1.598782558960294,0.008812173708414077,-0.022371912776111835,0.01114840816782281,0.10819552756184993,0.2932270096532143,-0.6522556917910085,23,0.0016943169784680023,REGIME_OOS,True,True
2026-03-20 04:00:00+00:00,BTC,2026-03-20 08:00:00+00:00,70945.0,462.0,2026-03-20 00:00:00+00:00,0.0016943169784680023,0.00967764890059053,-0.01259568545581069,0.2952705007471129,0.008346026230691141,-0.01796374030612069,0.00764421916822311,0.10462194612640359,0.3282985456567879,-0.6903779214136376,23,-0.005920078934385842,REGIME_OOS,True,True
2026-03-20 08:00:00+00:00,BTC,2026-03-20 12:00:00+00:00,70525.0,1029.0,2026-03-20 00:00:00+00:00,-0.005920078934385842,0.006996501749125361,-0.02744259808315519,-0.5499556019427433,0.008350494865018423,-0.021029983342587433,0.004575251806185676,0.10230556904118454,0.2944395056918012,-0.21745270644756667,23,-0.008649415101028013,REGIME_OOS,True,True
2026-03-20 12:00:00+00:00,BTC,2026-03-20 16:00:00+00:00,69915.0,1524.0,2026-03-20 00:00:00+00:00,-0.008649415101028013,0.005464873804558845,-0.028958333333333308,-0.8420137673022264,0.0081847411596226,-0.026494146642020988,0.0016646117626055723,0.10113604129873614,0.23803456906363968,0.19497941136971034,23,0.0047915325752698745,REGIME_OOS,True,True
2026-03-20 16:00:00+00:00,BTC,2026-03-20 20:00:00+00:00,70250.0,1049.0,2026-03-20 00:00:00+00:00,0.0047915325752698745,-0.0014924312415606211,-0.015209925001752334,0.8560494268822695,0.008227799060244841,-0.0191527015187426,-0.0009157815738888297,0.09825266356768254,0.3050668468081887,-0.12469571368793801,23,-0.001352313167259811,REGIME_OOS,True,True
2026-03-20 20:00:00+00:00,BTC,2026-03-21 00:00:00+00:00,70155.0,238.0,2026-03-20 00:00:00+00:00,-0.001352313167259811,0.002643990281549158,-0.018742569410448273,0.056667263066524844,0.00810774248279406,-0.01777745109363349,-0.003267563415011887,0.09446789241745988,0.31181488610888264,-1.0155192101279056,23,,REGIME_OOS,True,False
2026-03-22 20:00:00+00:00,BTC,2026-03-23 00:00:00+00:00,67900.0,483.0,2026-03-22 00:00:00+00:00,,-0.04129897635015889,-0.07925961082107258,,,-0.04481223315584748,-0.00736598103696251,0.09447245491689128,0.02565821227711852,-0.7218326400276711,12,0.004860088365242987,REGIME_OOS,False,True
2026-03-23 00:00:00+00:00,BTC,2026-03-23 04:00:00+00:00,68230.0,809.0,2026-03-23 00:00:00+00:00,0.004860088365242987,-0.03826908168299392,-0.07352841333423854,0.7913244821389724,0.008163911077270526,-0.036248388862404446,-0.010894014753548675,0.09297880463200785,0.11014352673312419,-0.3373550258962559,10,0.0020518833357761057,REGIME_OOS,True,True
2026-03-23 04:00:00+00:00,BTC,2026-03-23 08:00:00+00:00,68370.0,817.0,2026-03-23 00:00:00+00:00,0.0020518833357761057,-0.030556540233959595,-0.07232021709633651,0.43121632775288754,0.008189201030840124,-0.029937570942111247,-0.01493805626369693,0.08249140191832552,0.13708252925859674,-0.32998827283692317,10,0.026181073570279434,REGIME_OOS,True,True
2026-03-23 08:00:00+00:00,BTC,2026-03-23 12:00:00+00:00,70160.0,2075.0,2026-03-23 00:00:00+00:00,0.026181073570279434,0.0035042551669883792,-0.04427189756164007,3.362477605553821,0.009607967631149605,-0.0018352800580461182,-0.0176981751202564,0.06816867899792295,0.473077370941837,1.179963887354008,10,-0.0002850627137970241,REGIME_OOS,True,True
2026-03-23 12:00:00+00:00,BTC,2026-03-23 16:00:00+00:00,70140.0,2462.0,2026-03-23 00:00:00+00:00,-0.0002850627137970241,-0.001565836298932366,-0.05344129554655874,0.023112123743072067,0.009586150277059268,-6.415328357889383e-05,-0.019939473198866686,0.05755510557301005,0.49888535894530645,1.7465903787088828,10,0.008269175933846684,REGIME_OOS,True,True
2026-03-23 16:00:00+00:00,BTC,2026-03-23 20:00:00+00:00,70720.0,1285.0,2026-03-23 00:00:00+00:00,0.008269175933846684,0.008053595609721409,-0.05712952469835342,0.9028273764555257,0.009548521011384686,0.008819323340715446,-0.0206161442019408,0.0549223458787384,0.6605780525141335,0.24259069890508655,10,0.0031108597285067763,REGIME_OOS,True,True
2026-03-23 20:00:00+00:00,BTC,2026-03-24 00:00:00+00:00,70940.0,348.0,2026-03-23 00:00:00+00:00,0.0031108597285067763,0.04477172312223865,-0.04880665057656208,0.37010886933281134,0.009273810254036006,0.012083945615111391,-0.02076301495406485,0.05441891431549654,0.7220541472961779,-0.9278974553384932,10,-0.005215675218494531,REGIME_OOS,True,True
2026-03-24 00:00:00+00:00,BTC,2026-03-24 04:00:00+00:00,70570.0,602.0,2026-03-24 00:00:00+00:00,-0.005215675218494531,0.034295764326542466,-0.05096826250672404,-0.48406537557055684,0.009265895184927358,0.0073262033993868325,-0.021324137507124585,0.05245106738827386,0.6396769172523036,-0.5740235691055502,8,0.010840300410939419,REGIME_OOS,True,True
2026-03-24 04:00:00+00:00,BTC,2026-03-24 08:00:00+00:00,71335.0,604.0,2026-03-24 00:00:00+00:00,0.010840300410939419,0.0433669738189264,-0.03822300121342859,1.2467035832777156,0.009490363881222081,0.018242288422284814,-0.021797562348065735,0.05247174035467942,0.8476592981093654,-0.5765821540019734,8,-0.00315413191280578,REGIME_OOS,True,True
2026-03-24 08:00:00+00:00,BTC,2026-03-24 12:00:00+00:00,71110.0,415.0,2026-03-24 00:00:00+00:00,-0.00315413191280578,0.013540478905359254,-0.04028611917133407,-0.30581328542173936,0.009496005216296672,0.014418841856367992,-0.021520498038832492,0.05409669053041888,0.76653833561704,-0.7875136516937552,8,-0.01729714526789483,REGIME_OOS,True,True
2026-03-24 12:00:00+00:00,BTC,2026-03-24 16:00:00+00:00,69880.0,2070.0,2026-03-24 00:00:00+00:00,-0.01729714526789483,-0.003706871970345027,-0.06433688156925754,-1.7928935204064258,0.009992278609287695,-0.003017484288394434,-0.02142515088773511,0.05417033677027209,0.44429637199430505,1.2886459568558828,8,-0.007012020606754432,REGIME_OOS,True,True
2026-03-24 16:00:00+00:00,BTC,2026-03-24 20:00:00+00:00,69390.0,2140.0,2026-03-24 00:00:00+00:00,-0.007012020606754432,-0.018806561085972895,-0.06248733364858472,-0.6202125305523148,0.009912395841265895,-0.009905934642947645,-0.02121480434560985,0.054462148622599085,0.3181134073208943,1.2943797356803073,8,0.01678916270355968,REGIME_OOS,True,True
2026-03-24 20:00:00+00:00,BTC,2026-03-25 00:00:00+00:00,70555.0,721.0,2026-03-24 00:00:00+00:00,0.01678916270355968,-0.005427121511136224,-0.055425396612892475,1.8262997398023448,0.010333039064173396,0.006573292388462715,-0.02105600549706077,0.05468413531846087,0.6202047422014113,-0.46501702891743596,8,0.0035433349868896347,REGIME_OOS,True,True
2026-03-25 00:00:00+00:00,BTC,2026-03-25 04:00:00+00:00,70805.0,324.0,2026-03-25 00:00:00+00:00,0.0035433349868896347,0.0033300269236218316,-0.042917004595836694,0.3869631894386914,0.010201973538641065,0.009538610699213024,-0.020518062933976844,0.055359418310942154,0.6723033043020177,-0.9412897099408065,11,0.002895275757361704,REGIME_OOS,True,True
2026-03-25 04:00:00+00:00,BTC,2026-03-25 08:00:00+00:00,71010.0,417.0,2026-03-25 00:00:00+00:00,0.002895275757361704,-0.00455596831849725,-0.027659865808571826,0.34685245687807714,0.010078898442901663,0.012327990847562642,-0.02021236920730307,0.05579473252390126,0.7209525933703812,-0.82538564100374,11,0.010139416983523386,REGIME_OOS,True,True
2026-03-25 08:00:00+00:00,BTC,2026-03-25 12:00:00+00:00,71730.0,706.0,2026-03-25 00:00:00+00:00,0.010139416983523386,0.008718886232597312,0.002165560600768446,1.0285981478027912,0.009959768575101858,0.022020531598857307,-0.019631260834279574,0.05851755814490033,0.8763063992576446,-0.44925004926711504,11,-0.012198522236163356,REGIME_OOS,True,True
2026-03-25 12:00:00+00:00,BTC,2026-03-25 16:00:00+00:00,70855.0,1383.0,2026-03-25 00:00:00+00:00,-0.012198522236163356,0.01395248998282761,-0.003656050059762328,-1.2788276188239036,0.009501855235390332,0.009316106608167951,-0.018945814997058275,0.058981131573344774,0.6579506252195776,0.5729724244825336,11,0.00035283325100565754,REGIME_OOS,True,True
2026-03-25 16:00:00+00:00,BTC,2026-03-25 20:00:00+00:00,70880.0,1369.0,2026-03-25 00:00:00+00:00,0.00035283325100565754,0.021472834702406685,-0.00582088505505296,-0.04661877753166609,0.009404272950150477,0.008978743545304813,-0.017964109525080985,0.05942025106818615,0.6511057826901713,0.6285096507432404,11,0.0060665914221218475,REGIME_OOS,True,True
2026-03-25 20:00:00+00:00,BTC,2026-03-26 00:00:00+00:00,71310.0,257.0,2026-03-25 00:00:00+00:00,0.0060665914221218475,0.010700871660406674,-0.00028038693396892356,0.5364375017444365,0.009445899458508001,0.014334534100971075,-0.017216336892490025,0.06088995379583416,0.7354170631995434,-1.127380199157645,11,-0.005609311457018706,REGIME_OOS,True,True
2026-03-26 00:00:00+00:00,BTC,2026-03-26 04:00:00+00:00,70910.0,280.0,2026-03-26 00:00:00+00:00,-0.005609311457018706,0.0014829461196244065,0.009179534618942498,-0.7144843696209818,0.009525668610252514,0.008103497298834306,-0.016527758552950855,0.06130197414277322,0.6321898260561898,-1.0747608203210761,14,-0.012269073473416992,REGIME_OOS,True,True
2026-03-26 04:00:00+00:00,BTC,2026-03-26 08:00:00+00:00,70040.0,525.0,2026-03-26 00:00:00+00:00,-0.012269073473416992,-0.013660047880580173,7.139287499113856e-05,-1.3862930881138948,0.009384138583405822,-0.005777392933694836,-0.014010189228529812,0.05208368817365198,0.38907481139906114,-0.6631963053828736,14,-0.01163620788121078,REGIME_OOS,True,True
2026-03-26 08:00:00+00:00,BTC,2026-03-26 12:00:00+00:00,69225.0,856.0,2026-03-26 00:00:00+00:00,-0.01163620788121078,-0.03492262651610201,-0.004458186524771701,-1.3492150122605442,0.009637032045706264,-0.018039838715969148,-0.012091575625423956,0.04605093324693359,0.10826334139123224,-0.16184019986359274,14,-0.002600216684723766,REGIME_OOS,True,True
2026-03-26 12:00:00+00:00,BTC,2026-03-26 16:00:00+00:00,69045.0,1198.0,2026-03-26 00:00:00+00:00,-0.002600216684723766,-0.025545127372803567,-0.01861985644232822,-0.3472507503217013,0.009544143499499985,-0.02106181013887609,-0.010327432945352988,0.04130257579912024,-0.009939385894782634,0.4175291572240997,14,-0.008545151712651133,REGIME_OOS,True,True
2026-03-26 16:00:00+00:00,BTC,2026-03-26 20:00:00+00:00,68455.0,992.0,2026-03-26 00:00:00+00:00,-0.008545151712651133,-0.034212753950338626,-0.02165213662998433,-0.989371544722406,0.009465553124547594,-0.0282524371763887,-0.010147202230234575,0.048918915050490404,-0.0775360542487242,0.1299611317420681,14,0.00401723760134387,REGIME_OOS,True,True
2026-03-26 20:00:00+00:00,BTC,2026-03-27 00:00:00+00:00,68730.0,270.0,2026-03-26 00:00:00+00:00,0.00401723760134387,-0.03618005889777032,-0.029579950582421466,0.4012032969766611,0.009427265887437569,-0.023371308601451535,-0.009643259217562594,0.053529080080915004,0.06339043065706994,-1.0733958172365934,14,-0.0006547359231776628,REGIME_OOS,True,True
2026-03-27 00:00:00+00:00,BTC,2026-03-27 04:00:00+00:00,68685.0,21.0,2026-03-27 00:00:00+00:00,-0.0006547359231776628,-0.03137780284868141,-0.03185566283740926,-0.12630158100602293,0.009166493916509203,-0.022597583709248248,-0.009312934913778603,0.05748847266814945,0.1069197412898388,-1.4432128305667276,10,-0.002693455630778163,REGIME_OOS,True,True
2026-03-27 04:00:00+00:00,BTC,2026-03-27 08:00:00+00:00,68500.0,52.0,2026-03-27 00:00:00+00:00,-0.002693455630778163,-0.021987435750999373,-0.028713222261609328,-0.3054882670221245,0.009175291383102564,-0.023534946044960203,-0.009334576060554656,0.06105145353281678,0.1145063764565491,-1.3355595504421125,10,-0.02759124087591236,REGIME_OOS,True,True
2026-03-27 08:00:00+00:00,BTC,2026-03-27 12:00:00+00:00,66610.0,95.0,2026-03-27 00:00:00+00:00,-0.02759124087591236,-0.03777537016973642,-0.047271687048559,-3.00282370869688,0.010422551090405916,-0.04778922991151202,-0.00996362709993348,0.07576963671167807,-0.13071742172080994,-1.1841442681334577,10,-0.0057799129259871185,REGIME_OOS,True,True
2026-03-27 12:00:00+00:00,BTC,2026-03-27 16:00:00+00:00,66225.0,335.0,2026-03-27 00:00:00+00:00,-0.0057799129259871185,-0.04084292852487503,-0.05729537366548043,-0.4814639373040811,0.010360652119169153,-0.04982244700312066,-0.011356334426034231,0.08737874300668645,-0.07018955971142873,-0.7446392019550399,10,,REGIME_OOS,True,False
2026-03-29 20:00:00+00:00,BTC,2026-03-30 00:00:00+00:00,66150.0,703.0,2026-03-29 00:00:00+00:00,,-0.033671755167628326,-0.05708787684413086,,,-0.04750934131995188,-0.01264870797506934,0.09655973414069861,0.007979783263224937,-0.15270977721699658,12,0.018065003779289546,REGIME_OOS,False,True
2026-03-30 00:00:00+00:00,BTC,2026-03-30 04:00:00+00:00,67345.0,859.0,2026-03-30 00:00:00+00:00,0.018065003779289546,-0.020151316746689907,-0.00817378497790866,1.8079155571085448,0.010872534285851948,-0.02852959526273846,-0.01238951795351051,0.10022584334409332,0.21534691741339407,0.05843286878827788,9,0.006830499665899437,REGIME_OOS,True,True
2026-03-30 04:00:00+00:00,BTC,2026-03-30 08:00:00+00:00,67805.0,852.0,2026-03-30 00:00:00+00:00,0.006830499665899437,-0.012812113270728731,-0.006228931555034456,0.6488120257013908,0.010945640893544235,-0.02077451313119638,-0.011769961266309026,0.10222502039539996,0.29677663011617006,0.028946772363149412,9,0.0008848904948013381,REGIME_OOS,True,True
2026-03-30 08:00:00+00:00,BTC,2026-03-30 12:00:00+00:00,67865.0,836.0,2026-03-30 00:00:00+00:00,0.0008848904948013381,-0.009270072992700773,-0.007386280532397205,0.07636477423029168,0.010909392055529722,-0.018000549856024506,-0.01176292262725298,0.10226756485267312,0.32398573895881677,0.0023868655487663333,9,-0.0006630811169232587,REGIME_OOS,True,True
2026-03-30 12:00:00+00:00,BTC,2026-03-30 16:00:00+00:00,67820.0,2260.0,2026-03-30 00:00:00+00:00,-0.0006630811169232587,0.01816544062453085,-0.03335233751425315,-0.05312886524305146,0.01090232605523194,-0.016527757133690257,-0.012156846454008274,0.10104428138116625,0.3364305539336452,2.1709576306056553,9,-0.016145679740489527,REGIME_OOS,True,True
2026-03-30 16:00:00+00:00,BTC,2026-03-30 20:00:00+00:00,66725.0,1575.0,2026-03-30 00:00:00+00:00,-0.016145679740489527,0.0075500188750472486,-0.04868833761049329,-1.4649812661962585,0.010081989535752763,-0.029391014684597483,-0.013443873121294803,0.10124707796965611,0.20970999584396882,1.0965535809262656,9,0.003297115024353703,REGIME_OOS,True,True
2026-03-30 20:00:00+00:00,BTC,2026-03-31 00:00:00+00:00,66945.0,242.0,2026-03-30 00:00:00+00:00,0.003297115024353703,0.012018140589569182,-0.053379524886877805,0.4842281472003342,0.010119059191702109,-0.022789891433263376,-0.015569114394802686,0.0953976010769668,0.2611062419182166,-0.9304469949359705,9,0.014862947195458887,REGIME_OOS,True,True
2026-03-31 00:00:00+00:00,BTC,2026-03-31 04:00:00+00:00,67940.0,1145.0,2026-03-31 00:00:00+00:00,0.014862947195458887,0.00883510282871769,-0.04228925852833376,1.6136291971570436,0.010405353266627325,-0.006151213054322313,-0.01676634132168875,0.0901480499377853,0.43176543409904594,0.5994565533731898,8,-0.00529879305269354,REGIME_OOS,True,True
2026-03-31 04:00:00+00:00,BTC,2026-03-31 08:00:00+00:00,67580.0,449.0,2026-03-31 00:00:00+00:00,-0.00529879305269354,-0.0033183393555047402,-0.04236927873033869,-0.3895228888622209,0.01039721609223861,-0.009025522211876136,-0.018090217834213274,0.08383509129358607,0.3923419528432396,-0.5791012057336622,8,-0.010728026043207994,REGIME_OOS,True,True
2026-03-31 08:00:00+00:00,BTC,2026-03-31 12:00:00+00:00,66855.0,1452.0,2026-03-31 00:00:00+00:00,-0.010728026043207994,-0.014882487290945212,-0.06280227097497726,-0.8850479218238945,0.010512737393770635,-0.016444089727133293,-0.02003462971292791,0.07384541082799354,0.2773173777117152,1.063739858593751,8,0.0001495774437214603,REGIME_OOS,True,True
2026-03-31 12:00:00+00:00,BTC,2026-03-31 16:00:00+00:00,66865.0,2648.0,2026-03-31 00:00:00+00:00,0.0001495774437214603,-0.014081391919787634,-0.0596962452538321,0.1768629757965717,0.010250577241065779,-0.01336127075940119,-0.021991676095037938,0.06307834980574108,0.2881797669002251,2.915873909718313,8,0.016899723323113847,REGIME_OOS,True,True
2026-03-31 16:00:00+00:00,BTC,2026-03-31 20:00:00+00:00,67995.0,2446.0,2026-03-31 00:00:00+00:00,0.016899723323113847,0.019033345822405456,-0.026974813966800237,1.8502194447042897,0.010815488324185728,0.004828704747056323,-0.022891950743354927,0.0549043955262413,0.587947507677205,2.20034192691538,8,0.007132877417457273,REGIME_OOS,True,True
2026-03-31 20:00:00+00:00,BTC,2026-04-01 00:00:00+00:00,68480.0,425.0,2026-03-31 00:00:00+00:00,0.007132877417457273,0.02292927029651204,-0.01311428159677186,0.788730876342701,0.010491950477176513,0.012553414854134859,-0.023132199472790993,0.05184437143869741,0.7421365040364802,-0.6724038444720477,8,-0.0021904205607476968,REGIME_OOS,True,True
2026-04-01 00:00:00+00:00,BTC,2026-04-01 04:00:00+00:00,68330.0,493.0,2026-04-01 00:00:00+00:00,-0.0021904205607476968,0.005740359140417928,-0.03153568138331797,-0.15317671268116187,0.010426804253687909,0.010869846623838164,-0.023077089836975317,0.049066552618108196,0.7215327151357003,-0.5240238032256761,11,0.009439484852919566,REGIME_OOS,True,True
2026-04-01 04:00:00+00:00,BTC,2026-04-01 08:00:00+00:00,68975.0,1259.0,2026-04-01 00:00:00+00:00,0.009439484852919566,0.020642201834862428,-0.02584563237059534,0.9458375441294101,0.010089333448823982,0.020019594432223675,-0.022420166512221007,0.05116297206665378,0.8912906858917929,0.5890469714888715,11,-0.0005799202609640952,REGIME_OOS,True,True
2026-04-01 08:00:00+00:00,BTC,2026-04-01 12:00:00+00:00,68935.0,703.0,2026-04-01 00:00:00+00:00,-0.0005799202609640952,0.031112108294069296,-0.029221236445571064,0.008687102738270346,0.010058028376132577,0.01927356335435415,-0.021737400971731824,0.05203747590597312,0.8703785208410117,-0.25543408135178886,11,0.003263944295350596,REGIME_OOS,True,True
2026-04-01 12:00:00+00:00,BTC,2026-04-01 16:00:00+00:00,69160.0,1473.0,2026-04-01 00:00:00+00:00,0.003263944295350596,0.03432288940402306,-0.035828802453645614,0.4045478220956238,0.01006292932749373,0.02224143728683292,-0.02088826691134127,0.054125419782760614,0.9109240607481986,0.8476918991904047,11,-0.011567379988432602,REGIME_OOS,True,True
2026-04-01 16:00:00+00:00,BTC,2026-04-01 20:00:00+00:00,68360.0,1666.0,2026-04-01 00:00:00+00:00,-0.011567379988432602,0.005368041767777054,-0.03521275845035632,-1.070727957064229,0.010030108731816883,0.010521336472118614,-0.020375698896391792,0.05375935889063704,0.6957117177219738,1.0797235279432895,11,-0.001170275014628408,REGIME_OOS,True,True
2026-04-01 20:00:00+00:00,BTC,2026-04-02 00:00:00+00:00,68280.0,257.0,2026-04-01 00:00:00+00:00,-0.001170275014628408,-0.0029205607476635587,-0.03668171557562072,0.03449664616922252,0.009825099284363899,0.008094431341283848,-0.018701845482494206,0.05227560464122036,0.6548414675801032,-0.9483495101393562,11,-0.02284710017574687,REGIME_OOS,True,True
2026-04-02 00:00:00+00:00,BTC,2026-04-02 04:00:00+00:00,66720.0,1236.0,2026-04-02 00:00:00+00:00,-0.02284710017574687,-0.0235621249817064,-0.06436684896928901,-2.2084691117989848,0.010586378275371705,-0.015297425339266368,-0.01733814827706226,0.049998242919177274,0.1940407413117536,0.49162758629979975,8,0.005470623501198979,REGIME_OOS,True,True
2026-04-02 04:00:00+00:00,BTC,2026-04-02 08:00:00+00:00,67085.0,809.0,2026-04-02 00:00:00+00:00,0.005470623501198979,-0.02740123233055458,-0.053941616133126535,0.6983149769447842,0.010571419164140571,-0.010593150033368581,-0.01578372085596591,0.045806356393482676,0.2687406100941091,-0.15839565963770363,8,-0.011254378773198126,REGIME_OOS,True,True
2026-04-02 08:00:00+00:00,BTC,2026-04-02 12:00:00+00:00,66330.0,654.0,2026-04-02 00:00:00+00:00,-0.011254378773198126,-0.03778922173061583,-0.05296973158195317,-0.880913908638409,0.01068854151795936,-0.020995535220102557,-0.016071926481864396,0.049513272471774616,0.07596147109704315,-0.41041166240407956,8,0.011382481531735156,REGIME_OOS,True,True
2026-04-02 12:00:00+00:00,BTC,2026-04-02 16:00:00+00:00,67085.0,2855.0,2026-04-02 00:00:00+00:00,0.011382481531735156,-0.03000289184499716,-0.030913687251715394,1.2642060675004358,0.010786716382223793,-0.009325644414581391,-0.016267579750800176,0.050306352551791784,0.3146229264985894,2.7761160590180336,8,0.0015651785048818034,REGIME_OOS,True,True
2026-04-02 16:00:00+00:00,BTC,2026-04-02 20:00:00+00:00,67190.0,1998.0,2026-04-02 00:00:00+00:00,0.0015651785048818034,-0.017115272088940925,-0.02686653631689473,0.2694824581494662,0.010620258505071926,-0.007280289290845898,-0.016420660721058744,0.05075400860645677,0.3565573539757859,1.2813190205051541,8,-0.00014883167137969,REGIME_OOS,True,True
2026-04-02 20:00:00+00:00,BTC,2026-04-03 00:00:00+00:00,67180.0,367.0,2026-04-02 00:00:00+00:00,-0.00014883167137969,-0.01611013473930878,-0.018625374333503752,0.07088099188471125,0.010616168398780096,-0.006958533349593288,-0.016033458854946225,0.05116326988122421,0.36399357652965525,-0.8433940526916318,8,-0.005954153021732633,REGIME_OOS,True,True
2026-04-03 00:00:00+00:00,BTC,2026-04-03 04:00:00+00:00,66780.0,307.0,2026-04-03 00:00:00+00:00,-0.005954153021732633,0.0008992805755396738,-0.028371890004364908,-0.4836264398188633,0.010561552168742123,-0.0129113793077964,-0.015030741389426283,0.05098294137756521,0.2467509924117887,-0.8824201158976145,12,0.007861635220125729,REGIME_OOS,True,True
2026-04-03 04:00:00+00:00,BTC,2026-04-03 08:00:00+00:00,67305.0,281.0,2026-04-03 00:00:00+00:00,0.007861635220125729,0.0032794216292761913,-0.02009172308364271,0.8138161658706161,0.01064418174000064,-0.005415869309827626,-0.013788007741454167,0.05026641874396452,0.3922567104409461,-0.9177109565507067,12,-0.0008914642299977515,REGIME_OOS,True,True
2026-04-03 08:00:00+00:00,BTC,2026-04-03 12:00:00+00:00,67245.0,150.0,2026-04-03 00:00:00+00:00,-0.0008914642299977515,0.013794663048394495,-0.018321167883211698,-0.02687704445452157,0.010644307338279316,-0.0057919696023241984,-0.013231704737269756,0.05044876306726824,0.38519104829981293,-1.1056832161206969,12,-0.0011896795300765373,REGIME_OOS,True,True
2026-04-03 12:00:00+00:00,BTC,2026-04-03 16:00:00+00:00,67165.0,293.0,2026-04-03 00:00:00+00:00,-0.0011896795300765373,0.0011925169561004534,0.008332082269929542,-0.05415180941396025,0.01063771232752829,-0.006670018930430621,-0.01255337667723988,0.05084733966906159,0.36882265672418085,-0.9336682321081153,12,,REGIME_OOS,True,False
2026-04-05 20:00:00+00:00,BTC,2026-04-06 00:00:00+00:00,69295.0,1734.0,2026-04-05 00:00:00+00:00,,0.03132906682542047,0.04635711589278979,,,0.022985621069414597,-0.010181954210430999,0.05415350498410217,0.9244530631242132,0.897595368279182,11,0.0006493975034274069,REGIME_OOS,False,True
2026-04-06 00:00:00+00:00,BTC,2026-04-06 04:00:00+00:00,69340.0,1032.0,2026-04-06 00:00:00+00:00,0.0006493975034274069,0.032152426317356264,0.0482237339380196,0.11398528403673942,0.00933298678896245,0.021783257873544404,-0.00786044906826655,0.05653174237387213,0.8853279053293813,-0.06284260089531153,12,0.00014421690222099492,REGIME_OOS,True,True
2026-04-06 04:00:00+00:00,BTC,2026-04-06 08:00:00+00:00,69350.0,528.0,2026-04-06 00:00:00+00:00,0.00014421690222099492,0.03848457622042534,0.02977206919593134,-0.025071561546981178,0.00926058959010527,0.02091138606938081,-0.006716011978569636,0.05978024301591785,0.8498043001232468,-0.727629246367104,12,0.0067772170151405575,REGIME_OOS,True,True
2026-04-06 08:00:00+00:00,BTC,2026-04-06 12:00:00+00:00,69820.0,887.0,2026-04-06 00:00:00+00:00,0.0067772170151405575,0.03736720897407331,0.02971757245040929,0.6696697338337427,0.008740181791490852,0.026817556786010943,-0.005861333910353261,0.06438974062316431,0.9164880387227928,-0.24828097952620454,12,0.006301919220853547,REGIME_OOS,True,True
2026-04-06 12:00:00+00:00,BTC,2026-04-06 16:00:00+00:00,70260.0,2305.0,2026-04-06 00:00:00+00:00,0.006301919220853547,0.044836047289761316,0.03529065055625136,0.6982118308349682,0.008726875890829584,0.031824122890752315,-0.004364577469422315,0.07078688390060112,0.9495765477604546,1.5671976137659778,12,-0.004412183319100538,REGIME_OOS,True,True
2026-04-06 16:00:00+00:00,BTC,2026-04-06 20:00:00+00:00,69950.0,1933.0,2026-04-06 00:00:00+00:00,-0.004412183319100538,0.041465048760515044,0.03140666470067832,-0.5264180353643026,0.008765661028510044,0.02653659467213565,-0.003402589273178158,0.07402243010235,0.8584939677803579,0.9902453602439956,12,-0.012365975696926323,REGIME_OOS,True,True
2026-04-06 20:00:00+00:00,BTC,2026-04-07 00:00:00+00:00,69085.0,827.0,2026-04-06 00:00:00+00:00,-0.012365975696926323,-0.003030521682661047,0.03536905207943053,-1.411326318891109,0.009052152485225525,0.013730892122804095,-0.0027313608220568275,0.07433128129372403,0.6847256213510654,-0.3680349285402265,12,-0.00166461605268875,REGIME_OOS,True,True
2026-04-07 00:00:00+00:00,BTC,2026-04-07 04:00:00+00:00,68970.0,435.0,2026-04-07 00:00:00+00:00,-0.00166461605268875,-0.005336025382174814,0.030248711628949154,-0.14137543350771029,0.008555189770437167,0.012184517847511955,-0.002064272920459187,0.07391372482486816,0.6648478395099424,-0.8321671376817146,13,-0.0020298680585761897,REGIME_OOS,True,True
2026-04-07 04:00:00+00:00,BTC,2026-04-07 08:00:00+00:00,68830.0,475.0,2026-04-07 00:00:00+00:00,-0.0020298680585761897,-0.007498197548666208,0.013099793935825721,-0.24870355511495135,0.00854176909068601,0.009781663873128066,-0.0011276344442131547,0.0743977925492611,0.6314778777428292,-0.7962777244203947,13,-0.004867063780328307,REGIME_OOS,True,True
2026-04-07 08:00:00+00:00,BTC,2026-04-07 12:00:00+00:00,68495.0,1246.0,2026-04-07 00:00:00+00:00,-0.004867063780328307,-0.018977370380979686,0.013539508730393557,-0.5604618526621975,0.008099706292808862,0.0047085399125765814,-0.00027129083110311036,0.07450059600560899,0.5632013724054254,0.20975362071956974,13,-0.003357909336447862,REGIME_OOS,True,True
2026-04-07 12:00:00+00:00,BTC,2026-04-07 16:00:00+00:00,68265.0,2270.0,2026-04-07 00:00:00+00:00,-0.003357909336447862,-0.028394534585824083,0.02109041956472968,-0.3235320094876099,0.008069711772671066,0.00020146151169386783,0.001756160137146301,0.07166252372845607,0.502811253375018,1.4801447223882707,13,0.013623379477037956,REGIME_OOS,True,True
2026-04-07 16:00:00+00:00,BTC,2026-04-07 20:00:00+00:00,69195.0,1897.0,2026-04-07 00:00:00+00:00,0.013623379477037956,-0.010793423874195907,0.03484633216181865,1.7715723732357151,0.008246188431104194,0.012262870894242273,0.0038099895296876962,0.07067496495533744,0.6735108167650564,0.9399900752097781,13,0.043427993352120886,REGIME_OOS,True,True
2026-04-07 20:00:00+00:00,BTC,2026-04-08 00:00:00+00:00,72200.0,3106.0,2026-04-07 00:00:00+00:00,0.043427993352120886,0.04508938264456819,0.06184278255754094,5.249574291911242,0.011422136125298755,0.05170775051802434,0.007480866738576841,0.08093056261798685,1.1389150012721185,2.5775943150081018,13,-0.009002770083102463,REGIME_OOS,True,True
2026-04-08 00:00:00+00:00,BTC,2026-04-08 04:00:00+00:00,71550.0,1025.0,2026-04-08 00:00:00+00:00,-0.009002770083102463,0.03740756850804705,0.04483060747663559,-0.9266566593627731,0.011201156710205684,0.03886110042323976,0.010067901506152221,0.08595463856825855,0.952111730914664,-0.127724798446,11,0.004332634521313716,REGIME_OOS,True,True
2026-04-08 04:00:00+00:00,BTC,2026-04-08 08:00:00+00:00,71860.0,461.0,2026-04-08 00:00:00+00:00,0.004332634521313716,0.044021502251925027,0.05166105663690912,0.3226829728523182,0.01115744096336445,0.03983677485638215,0.012656187493863769,0.09065892781396194,0.9394136994221882,-0.848739035425179,11,0.0004870581686613473,REGIME_OOS,True,True
2026-04-08 08:00:00+00:00,BTC,2026-04-08 12:00:00+00:00,71895.0,505.0,2026-04-08 00:00:00+00:00,0.0004870581686613473,0.04963865975618664,0.042334179050380616,-0.012351611502992703,0.011144846252620164,0.03680629914446709,0.015087371051395015,0.0931640886666753,0.8950695989326275,-0.7923351012106103,11,-0.005772306836358543,REGIME_OOS,True,True
2026-04-08 12:00:00+00:00,BTC,2026-04-08 16:00:00+00:00,71480.0,4545.0,2026-04-08 00:00:00+00:00,-0.005772306836358543,0.04709587636416912,0.03691883658518891,-0.5820113194134267,0.011080036087412832,0.0273399182928451,0.01770807888589676,0.08989445278321676,0.8041335415743184,4.167867940802576,11,0.00013989927252389123,REGIME_OOS,True,True
2026-04-08 16:00:00+00:00,BTC,2026-04-08 20:00:00+00:00,71490.0,1999.0,2026-04-08 00:00:00+00:00,0.00013989927252389123,0.03316713635378288,0.033689994216310026,-0.006061427937511068,0.011079052449810353,0.02440282574118391,0.019931835985455226,0.08729456064349864,0.77954577652143,0.7276032893912262,11,-0.0025877745139180064,REGIME_OOS,True,True
2026-04-08 20:00:00+00:00,BTC,2026-04-09 00:00:00+00:00,71305.0,506.0,2026-04-08 00:00:00+00:00,-0.0025877745139180064,-0.012396121883656464,0.04308074897600944,-0.25442867284454673,0.01107532617054572,0.01878839834262047,0.022060681110934288,0.08197452739775234,0.7291980074670797,-0.7375039376963424,11,-0.0009816983381250033,REGIME_OOS,True,True
2026-04-09 00:00:00+00:00,BTC,2026-04-09 04:00:00+00:00,71235.0,477.0,2026-04-09 00:00:00+00:00,-0.0009816983381250033,-0.004402515723270439,0.04327768014059763,-0.09188850297263408,0.010859422687855377,0.014837556183977085,0.02364966356432241,0.07375833887794997,0.7011644569237016,-0.7237456463925261,17,-0.0007019021548395621,REGIME_OOS,True,True
2026-04-09 04:00:00+00:00,BTC,2026-04-09 08:00:00+00:00,71185.0,230.0,2026-04-09 00:00:00+00:00,-0.0007019021548395621,-0.009393264681324842,0.0669214628297361,-0.10044318605350347,0.010857440364240478,0.012761780104711962,0.02354705770995036,0.07365589284434962,0.6732621737636167,-0.9738757211172068,17,0.0023179040528200634,REGIME_OOS,True,True
2026-04-09 08:00:00+00:00,BTC,2026-04-09 12:00:00+00:00,71350.0,618.0,2026-04-09 00:00:00+00:00,0.0023179040528200634,-0.007580499339314262,0.06357606022210627,0.17623295190569124,0.009931755114761591,0.013659901830554766,0.023460559796437686,0.07358207377660607,0.6856417076804051,-0.5579016772188514,17,0.014786264891380574,REGIME_OOS,True,True
2026-04-09 12:00:00+00:00,BTC,2026-04-09 16:00:00+00:00,72405.0,2705.0,2026-04-09 00:00:00+00:00,0.014786264891380574,0.012940682708449947,0.09158751696065126,1.363602502610652,0.010210207842543213,0.026420711285949805,0.02417453343825593,0.07627288912870653,0.8463971482890353,1.4290160248932378,17,-0.0013811200883916408,REGIME_OOS,True,True
2026-04-09 16:00:00+00:00,BTC,2026-04-09 20:00:00+00:00,72305.0,2022.0,2026-04-09 00:00:00+00:00,-0.0013811200883916408,0.011400195831584803,0.07781173138555575,-0.2874515656195335,0.00993863329534516,0.023200854731092235,0.024639606067899944,0.07862516853501562,0.7950817805975168,0.6968899512402975,17,-0.0044948482124334,REGIME_OOS,True,True
2026-04-09 20:00:00+00:00,BTC,2026-04-10 00:00:00+00:00,71980.0,873.0,2026-04-09 00:00:00+00:00,-0.0044948482124334,0.009466376831919199,0.07129037059086163,-0.6417156954060889,0.009837556591989552,0.017363589464534313,0.02466382325466876,0.08003144894510797,0.7169595789330726,-0.3476804207769888,17,0.0006946373992775534,REGIME_OOS,True,True
2026-04-10 00:00:00+00:00,BTC,2026-04-10 04:00:00+00:00,72030.0,587.0,2026-04-10 00:00:00+00:00,0.0006946373992775534,0.011160244261949837,0.07219410538850846,-0.06699296048051194,0.009838195137223515,0.016575989161039084,0.024920189722085206,0.08072408874009675,0.7053412979910852,-0.5883302623588942,14,-0.005553241704845169,REGIME_OOS,True,True
2026-04-10 04:00:00+00:00,BTC,2026-04-10 08:00:00+00:00,71630.0,578.0,2026-04-10 00:00:00+00:00,-0.005553241704845169,0.00625131699093906,0.07262653489068582,-0.699102631257856,0.009915284714785807,0.009118412572068468,0.025305933197363073,0.07755810129972297,0.6175687957706765,-0.6070559342783415,14,0.009632835404160378,REGIME_OOS,True,True
2026-04-10 08:00:00+00:00,BTC,2026-04-10 12:00:00+00:00,72320.0,497.0,2026-04-10 00:00:00+00:00,0.009632835404160378,0.01359495444989478,0.07451155189064695,0.85608393979872,0.009938839075811176,0.01644056064455146,0.026132022273404498,0.07427785550516113,0.7213386551447913,-0.6983993954426405,14,0.004009955752212413,REGIME_OOS,True,True
2026-04-10 12:00:00+00:00,BTC,2026-04-10 16:00:00+00:00,72610.0,2331.0,2026-04-10 00:00:00+00:00,0.004009955752212413,0.0028312961812029247,0.07978288348576101,0.23603059191873793,0.00988072682425416,0.01781277487498123,0.02747376198479956,0.06950958446920466,0.756263578771254,1.0782515951873388,14,0.011844098609006926,REGIME_OOS,True,True
2026-04-10 16:00:00+00:00,BTC,2026-04-10 20:00:00+00:00,73470.0,1188.0,2026-04-10 00:00:00+00:00,0.011844098609006926,0.016112302053799876,0.09387329710414649,1.0432838014645285,0.010045070291304322,0.02628932223277647,0.02931005974162293,0.06333593073245701,0.9150775385906544,-0.1069633502360593,14,0.002177759629780951,REGIME_OOS,True,True
2026-04-10 20:00:00+00:00,BTC,2026-04-11 00:00:00+00:00,73630.0,414.0,2026-04-10 00:00:00+00:00,0.002177759629780951,0.02292303417616015,0.06255862616350383,0.021656842172882357,0.010027457439962913,0.024684700356614853,0.03115806845088609,0.05124407217420529,0.9817084066367446,-0.9070886757826397,14,,REGIME_OOS,True,False
2026-04-12 20:00:00+00:00,BTC,2026-04-13 00:00:00+00:00,70805.0,1443.0,2026-04-12 00:00:00+00:00,,-0.017006802721088454,0.021127776175367652,,,-0.015732570626279307,0.03114724255272794,0.04032790006078276,0.10988371319689366,0.15687601692903838,15,0.0045194548407598845,REGIME_OOS,False,True
2026-04-13 00:00:00+00:00,BTC,2026-04-13 04:00:00+00:00,71125.0,448.0,2026-04-13 00:00:00+00:00,0.0045194548407598845,-0.007050118665363647,0.02559480894015853,0.24402913256413894,0.01003341071498704,-0.01054491326182827,0.029453043547999158,0.041417997009284176,0.24540262631569262,-0.8352114178571923,16,-0.002882249560632655,REGIME_OOS,True,True
2026-04-13 04:00:00+00:00,BTC,2026-04-13 08:00:00+00:00,70920.0,441.0,2026-04-13 00:00:00+00:00,-0.002882249560632655,-0.01935840707964598,0.015754798052133978,-0.5066786077186466,0.010069957288743775,-0.012964238742406264,0.028283282194541126,0.042975554513093615,0.19833457905804747,-0.8376697803152435,16,0.002185561195713559,REGIME_OOS,True,True
2026-04-13 08:00:00+00:00,BTC,2026-04-13 12:00:00+00:00,71075.0,363.0,2026-04-13 00:00:00+00:00,0.002185561195713559,-0.021140338796309055,0.011599772274409226,0.008438804415851263,0.010031245480910408,-0.010266354277995715,0.026914733426664617,0.04407190638036514,0.2670544543866249,-0.8914460153245773,16,0.01322546605698216,REGIME_OOS,True,True
2026-04-13 12:00:00+00:00,BTC,2026-04-13 16:00:00+00:00,72015.0,2440.0,2026-04-13 00:00:00+00:00,0.01322546605698216,-0.019804001633319746,0.029521086490350346,1.1242809755525622,0.010212878972755001,0.0027395543611825612,0.02610839409123189,0.04413031110596111,0.5620787457084686,1.198194423971325,16,0.020551274040130574,REGIME_OOS,True,True
2026-04-13 16:00:00+00:00,BTC,2026-04-13 20:00:00+00:00,73495.0,2057.0,2026-04-13 00:00:00+00:00,0.020551274040130574,-0.0018334917832405484,0.06383440689006292,1.7989992432995348,0.01066438257877744,0.021913541623215016,0.026210687179750503,0.0484570827654225,0.9522257711900858,0.7944047093355899,16,0.015511259269338051,REGIME_OOS,True,True
2026-04-13 20:00:00+00:00,BTC,2026-04-14 00:00:00+00:00,74635.0,1231.0,2026-04-13 00:00:00+00:00,0.015511259269338051,0.05409222512534417,0.0821371610845294,1.1722039635630592,0.010491498939093593,0.03550059832469077,0.026850078926823118,0.05851160526519792,1.1067274716492224,-0.039876362296911105,16,0.0004689488845714962,REGIME_OOS,True,True
2026-04-14 00:00:00+00:00,BTC,2026-04-14 04:00:00+00:00,74670.0,898.0,2026-04-14 00:00:00+00:00,0.0004689488845714962,0.04984182776801416,0.08484672381229119,-0.33081259814842046,0.010459381369918707,0.03357349002346188,0.027399890212719935,0.06561873162480358,1.0116449098015081,-0.38783995707271735,12,0.0010713807419311383,REGIME_OOS,True,True
2026-04-14 04:00:00+00:00,BTC,2026-04-14 08:00:00+00:00,74750.0,686.0,2026-04-14 00:00:00+00:00,0.0010713807419311383,0.0540045121263395,0.09132053434557275,-0.2810306740367151,0.010412842038367355,0.0321698696151973,0.028007500652971418,0.07092296742742255,0.9535888835745308,-0.6115616372184138,12,-0.002140468227424752,REGIME_OOS,True,True
2026-04-14 08:00:00+00:00,BTC,2026-04-14 12:00:00+00:00,74590.0,534.0,2026-04-14 00:00:00+00:00,-0.002140468227424752,0.04945480126626811,0.092653629238995,-0.600665111669051,0.010343415810675013,0.027544926677733228,0.02812706254266706,0.07363675821560287,0.8740649010794833,-0.7369787157203851,12,0.012669258613755119,REGIME_OOS,True,True
2026-04-14 12:00:00+00:00,BTC,2026-04-14 16:00:00+00:00,75535.0,4275.0,2026-04-14 00:00:00+00:00,0.012669258613755119,0.048878705825175395,0.09162511742177903,0.8183185856500205,0.010353216108513424,0.03757224441018003,0.028628612929114672,0.07990750655091955,0.9701966815375196,2.966218572564324,12,-0.01476136890183355,REGIME_OOS,True,True
2026-04-14 16:00:00+00:00,BTC,2026-04-14 20:00:00+00:00,74420.0,2719.0,2026-04-14 00:00:00+00:00,-0.01476136890183355,0.012585890196612048,0.030747922437673214,-1.8835361732906475,0.010800663312758392,0.020843478439791285,0.027702670316936295,0.08201640196861247,0.7541379277741053,1.2092781674186288,12,-0.0018140284869658796,REGIME_OOS,True,True
2026-04-14 20:00:00+00:00,BTC,2026-04-15 00:00:00+00:00,74285.0,399.0,2026-04-14 00:00:00+00:00,-0.0018140284869658796,-0.00468948884571585,0.03822501747030049,-0.5191494442284452,0.00782406833802698,0.017609709655545647,0.027013452561501783,0.08321268894759982,0.7116228892282842,-0.7920968814510585,12,0.002692333580130546,REGIME_OOS,True,True
2026-04-15 00:00:00+00:00,BTC,2026-04-15 04:00:00+00:00,74485.0,399.0,2026-04-15 00:00:00+00:00,0.002692333580130546,-0.0024775679657158545,0.036529362649596386,0.05205362325839249,0.007528009398546604,0.018601772997514532,0.026668192341766206,0.08387536495316122,0.7217787428752455,-0.7664783672880489,21,-0.008390951198227858,REGIME_OOS,True,True
2026-04-15 04:00:00+00:00,BTC,2026-04-15 08:00:00+00:00,73860.0,552.0,2026-04-15 00:00:00+00:00,-0.008390951198227858,-0.011906354515050177,0.02733152514083037,-1.4699570465007248,0.0077854096048995194,0.008792447031908956,0.026028287992107657,0.08299308462505607,0.6059419236148551,-0.6310610855156534,21,0.006227998916869648,REGIME_OOS,True,True
2026-04-15 08:00:00+00:00,BTC,2026-04-15 12:00:00+00:00,74320.0,363.0,2026-04-15 00:00:00+00:00,0.006227998916869648,-0.0036197881753585737,0.039731393396754244,0.5108554821652563,0.007811076185329465,0.013213907151596871,0.025745458308453317,0.08125787310946855,0.6626169458533022,-0.7969219669718876,21,-0.004709364908503821,REGIME_OOS,True,True
2026-04-15 12:00:00+00:00,BTC,2026-04-15 16:00:00+00:00,73970.0,1899.0,2026-04-15 00:00:00+00:00,-0.004709364908503821,-0.020718872046071368,0.03469016645684708,-0.9155600546883934,0.007774856997706831,0.007309359179935582,0.0249884845693229,0.0803786341766565,0.5909365934717301,0.7677077486904944,21,0.01602000811139659,REGIME_OOS,True,True
2026-04-15 16:00:00+00:00,BTC,2026-04-15 20:00:00+00:00,75155.0,1590.0,2026-04-15 00:00:00+00:00,0.01602000811139659,0.009876377317925344,0.053993408596872516,1.7418239701237075,0.008142122172334442,0.021676035372244717,0.02450237600485794,0.08212098228398096,0.7639524609835662,0.45885856300326433,21,-0.0027942252677799484,REGIME_OOS,True,True
2026-04-15 20:00:00+00:00,BTC,2026-04-16 00:00:00+00:00,74945.0,489.0,2026-04-15 00:00:00+00:00,-0.0027942252677799484,0.008884700814430824,0.05208113988909946,-0.7124847717581273,0.008147099561349394,0.017800819591426542,0.023311903808951984,0.08372512078143458,0.7126102587286293,-0.7013155962837996,21,0.0023350457001800606,REGIME_OOS,True,True
2026-04-16 00:00:00+00:00,BTC,2026-04-16 04:00:00+00:00,75120.0,286.0,2026-04-16 00:00:00+00:00,0.0023350457001800606,0.008525206417399511,0.05527849968392218,-0.08162234827494175,0.008113639112643964,0.0191463021690097,0.022691482143872843,0.08556095382163566,0.7237738280585682,-0.909458191328132,23,-0.003993610223642197,REGIME_OOS,True,True
2026-04-16 04:00:00+00:00,BTC,2026-04-16 08:00:00+00:00,74820.0,205.0,2026-04-16 00:00:00+00:00,-0.003993610223642197,0.012997562956945652,0.04863349684653118,-0.8755873113938006,0.008188883194295052,0.012319120004870898,0.023919792637868698,0.07776408114572242,0.6584165828666576,-0.9960195394775871,23,-0.0013365410318096904,REGIME_OOS,True,True
2026-04-16 08:00:00+00:00,BTC,2026-04-16 12:00:00+00:00,74720.0,425.0,2026-04-16 00:00:00+00:00,-0.0013365410318096904,0.005382131324004336,0.031972930046267445,-0.5296701099797497,0.008226487760909847,0.0085133808211042,0.02488508140096246,0.06949911052127905,0.6224962558117585,-0.748162640902027,23,0.0018736616702355047,REGIME_OOS,True,True
2026-04-16 12:00:00+00:00,BTC,2026-04-16 16:00:00+00:00,74860.0,2598.0,2026-04-16 00:00:00+00:00,0.0018736616702355047,0.012031904826280915,0.035336422100822995,-0.12221365340278201,0.007913866357921915,0.00772350199397609,0.026179323148840083,0.05695640013169799,0.6356037596497893,1.586784581564913,23,0.008081752604862436,REGIME_OOS,True,True
2026-04-16 16:00:00+00:00,BTC,2026-04-16 20:00:00+00:00,75465.0,1500.0,2026-04-16 00:00:00+00:00,0.008081752604862436,0.004124808728627416,0.04841622672964707,0.7118040238859377,0.007944482681935934,0.012874845230066212,0.02773356029088836,0.041535435765932834,0.8099725569901454,0.402420270233898,23,-0.0025177234479559774,REGIME_OOS,True,True
2026-04-16 20:00:00+00:00,BTC,2026-04-17 00:00:00+00:00,75275.0,297.0,2026-04-16 00:00:00+00:00,-0.0025177234479559774,0.004403229034625422,0.04505067333055668,-0.6648366465117777,0.007890204611475212,0.008119193102871014,0.02847109640683354,0.028102775782317024,0.7889107170680205,-0.8492750495972441,23,-0.005579541680504785,REGIME_OOS,True,True
2026-04-17 00:00:00+00:00,BTC,2026-04-17 04:00:00+00:00,74855.0,487.0,2026-04-17 00:00:00+00:00,-0.005579541680504785,-0.0035276890308839626,0.04502303504118377,-1.0658159109921481,0.008030657901008376,0.0015822202597783885,0.027774072398376592,0.02391465333051442,0.5661611204608022,-0.6406340135484829,23,0.004542114755193394,REGIME_OOS,True,True
2026-04-17 04:00:00+00:00,BTC,2026-04-17 08:00:00+00:00,75195.0,307.0,2026-04-17 00:00:00+00:00,0.004542114755193394,0.005012028869286311,0.039753871681415864,0.23924442382515643,0.007886547496910165,0.005754717296587053,0.02640180885647747,0.02447848340076815,0.7350928855505147,-0.8187105212551057,23,0.007646785025600122,REGIME_OOS,True,True
2026-04-17 08:00:00+00:00,BTC,2026-04-17 12:00:00+00:00,75770.0,1336.0,2026-04-17 00:00:00+00:00,0.007646785025600122,0.014052462526766618,0.043520176284258305,0.5946136142217352,0.007836757935508027,0.01270052359169882,0.02520334226723886,0.02720068929031175,0.966919181942288,0.22908263185352465,23,0.028969249043157008,REGIME_OOS,True,True
2026-04-17 12:00:00+00:00,BTC,2026-04-17 16:00:00+00:00,77965.0,4415.0,2026-04-17 00:00:00+00:00,0.028969249043157008,0.0414774245257814,0.06118143459915615,3.327666162757497,0.009170942134858102,0.03980368229072884,0.024746548439383398,0.04626376994144697,1.3603640027845945,3.457627821186781,23,-0.004938113255948173,REGIME_OOS,True,True
2026-04-17 16:00:00+00:00,BTC,2026-04-17 20:00:00+00:00,77580.0,2736.0,2026-04-17 00:00:00+00:00,-0.004938113255948173,0.02802623732856291,0.05364661143555627,-0.9444203667477746,0.00917033729489788,0.032610142419805754,0.02418203803092034,0.05523155307752148,1.0904259540562797,1.359342044803891,23,-0.00045114720288730314,REGIME_OOS,True,True
2026-04-17 20:00:00+00:00,BTC,2026-04-18 00:00:00+00:00,77545.0,279.0,2026-04-17 00:00:00+00:00,-0.00045114720288730314,0.030156094320823668,0.09519101758350401,-0.39418958135928883,0.00919261733265517,0.030765447524607747,0.023222633430853623,0.06209431194622792,0.9954632165221476,-0.841271764432646,23,,REGIME_OOS,True,False
2026-04-19 20:00:00+00:00,BTC,2026-04-20 00:00:00+00:00,73920.0,1649.0,2026-04-19 00:00:00+00:00,,-0.012490815576781777,0.03929701230228466,,,-0.01709316472864353,0.022404241579716544,0.06335854132379844,0.2302153052847657,0.362091827444627,26,0.010619588744588793,REGIME_OOS,False,True
2026-04-20 00:00:00+00:00,BTC,2026-04-20 04:00:00+00:00,74705.0,677.0,2026-04-20 00:00:00+00:00,0.010619588744588793,-0.0065163907174679014,0.05336999435984202,0.8206057625433201,0.009292568532706104,-0.006932397492904752,0.021813188156575736,0.06262539490083864,0.38930373207416014,-0.4985766854894267,27,0.00153938826049127,REGIME_OOS,True,True
2026-04-20 04:00:00+00:00,BTC,2026-04-20 08:00:00+00:00,74820.0,535.0,2026-04-20 00:00:00+00:00,0.00153938826049127,-0.012537943777220506,0.0526908195568061,-0.1872489310931849,0.009226298587988036,-0.005625089293724073,0.021219520139848402,0.06214625192460499,0.4094862663552372,-0.6289743378489462,27,0.006214915797914999,REGIME_OOS,True,True
2026-04-20 08:00:00+00:00,BTC,2026-04-20 12:00:00+00:00,75285.0,355.0,2026-04-20 00:00:00+00:00,0.006214915797914999,-0.034374398768678205,0.04540720683191002,0.30219226687758305,0.009236928717260237,-0.00039169084306478474,0.021246793115979212,0.059632019773836094,0.4934315348607963,-0.7908162102855164,27,0.0075712293285514765,REGIME_OOS,True,True
2026-04-20 12:00:00+00:00,BTC,2026-04-20 16:00:00+00:00,75855.0,1870.0,2026-04-20 00:00:00+00:00,0.0075712293285514765,-0.02223511214230467,0.03211102796108589,0.4341397361076619,0.00908944125649947,0.006151244342015749,0.021076019399987267,0.05854944063271243,0.6050606850474166,0.5753602442125444,27,0.007250675631138348,REGIME_OOS,True,True
2026-04-20 16:00:00+00:00,BTC,2026-04-20 20:00:00+00:00,76405.0,1534.0,2026-04-20 00:00:00+00:00,0.007250675631138348,-0.014701141272809304,0.02371541501976293,0.42665314033300483,0.008529779632474112,0.011812535589898365,0.021365174603088732,0.05680380757743797,0.7079532357720026,0.2907164516230255,27,-0.005758785419802348,REGIME_OOS,True,True
2026-04-20 20:00:00+00:00,BTC,2026-04-21 00:00:00+00:00,75965.0,305.0,2026-04-20 00:00:00+00:00,-0.005758785419802348,0.02766504329004338,0.01734297576001076,-1.0185572768616835,0.008329534115784543,0.005446471705480294,0.02062636944017404,0.05682963203764211,0.5958385882539703,-0.7857361136217701,27,-0.002106233133679969,REGIME_OOS,True,True
2026-04-21 00:00:00+00:00,BTC,2026-04-21 04:00:00+00:00,75805.0,468.0,2026-04-21 00:00:00+00:00,-0.002106233133679969,0.014724583361220844,0.014113712374582033,-0.5194186468032954,0.008361412876590264,0.0027580641960938124,0.019947920882916526,0.05634930486958987,0.5489458424105988,-0.6213126918449642,29,0.0052107380779631285,REGIME_OOS,True,True
2026-04-21 04:00:00+00:00,BTC,2026-04-21 08:00:00+00:00,76200.0,284.0,2026-04-21 00:00:00+00:00,0.0052107380779631285,0.01844426623897344,0.021584662823434853,0.36791572414054546,0.008377403684939107,0.007263666466183372,0.019297127527846847,0.05641199855414636,0.6287610198601874,-0.7707823208069204,29,0.004921259842519676,REGIME_OOS,True,True
2026-04-21 08:00:00+00:00,BTC,2026-04-21 12:00:00+00:00,76575.0,574.0,2026-04-21 00:00:00+00:00,0.004921259842519676,0.01713488742777436,0.013768451711127394,0.3161884707525416,0.008348293995063906,0.011047918323964456,0.01904462695162179,0.056360926826019245,0.69602087733703,-0.51243727063377,29,-0.009402546523016642,REGIME_OOS,True,True
2026-04-21 12:00:00+00:00,BTC,2026-04-21 16:00:00+00:00,75855.0,1935.0,2026-04-21 00:00:00+00:00,-0.009402546523016642,0.0,0.019282450954044572,-1.4266817685416642,0.008394351967595508,0.0007916089451811548,0.018862293962506493,0.05488508717144529,0.5144230242854188,0.8675539342991277,29,-0.010216861116604026,REGIME_OOS,True,True
2026-04-21 16:00:00+00:00,BTC,2026-04-21 20:00:00+00:00,75080.0,1629.0,2026-04-21 00:00:00+00:00,-0.010216861116604026,-0.017341797002813908,0.010702025981019103,-1.4282158578957769,0.008122299046135848,-0.00957707833153043,0.018250493973589244,0.054387035241158864,0.3239087994213229,0.6138364268600375,29,0.01798082045817795,REGIME_OOS,True,True
2026-04-21 20:00:00+00:00,BTC,2026-04-22 00:00:00+00:00,76430.0,569.0,2026-04-21 00:00:00+00:00,0.01798082045817795,0.006121240044757448,0.026112640128884923,1.9769342761027302,0.008598285709414342,0.007590214127751516,0.017681988507612934,0.05465658271494878,0.6388709968813258,-0.5056670141313953,29,0.016616511840900072,REGIME_OOS,True,True
2026-04-22 00:00:00+00:00,BTC,2026-04-22 04:00:00+00:00,77700.0,1301.0,2026-04-22 00:00:00+00:00,0.016616511840900072,0.024998351032253785,0.051990251827782386,1.632082829516603,0.008972061374051371,0.0226981066264782,0.01776028570777921,0.05816338195936324,0.8902473663298441,0.2342647432080323,33,0.005469755469755366,REGIME_OOS,True,True
2026-04-22 04:00:00+00:00,BTC,2026-04-22 08:00:00+00:00,78125.0,921.0,2026-04-22 00:00:00+00:00,0.005469755469755366,0.02526246719160108,0.051197524219591006,0.26997350130872755,0.008715944249328018,0.026083872916639272,0.018178754633616512,0.06147831990996963,0.9242775819969897,-0.18005566541188786,33,0.0039039999999999075,REGIME_OOS,True,True
2026-04-22 08:00:00+00:00,BTC,2026-04-22 12:00:00+00:00,78430.0,752.0,2026-04-22 00:00:00+00:00,0.0039039999999999075,0.024224616389160847,0.060294714073273026,0.045254970255799026,0.008701265230844888,0.027906016651212395,0.018677121244082162,0.0657129585090825,0.924665351923783,-0.3759988266014056,33,0.012240214203748545,REGIME_OOS,True,True
2026-04-22 12:00:00+00:00,BTC,2026-04-22 16:00:00+00:00,79390.0,2124.0,2026-04-22 00:00:00+00:00,0.012240214203748545,0.04660206973831649,0.05635020956689507,1.012280444094708,0.008704679380475639,0.038025411290928846,0.019248401463803466,0.07440969548614142,1.0110276428696177,1.0947657719023112,33,-0.00617206197254061,REGIME_OOS,True,True
2026-04-22 16:00:00+00:00,BTC,2026-04-22 20:00:00+00:00,78900.0,1695.0,2026-04-22 00:00:00+00:00,-0.00617206197254061,0.050879062333510916,0.05277203282407106,-1.1682384922115767,0.008589922347870907,0.030988455281365734,0.018397519495382264,0.0777706656696803,0.8984594321589681,0.6180903147326129,33,-0.00792141951837766,REGIME_OOS,True,True
2026-04-22 20:00:00+00:00,BTC,2026-04-23 00:00:00+00:00,78275.0,458.0,2026-04-22 00:00:00+00:00,-0.00792141951837766,0.024139735705874577,0.04199946751863681,-1.3013811927852061,0.00876372461269187,0.02235733200980894,0.01760193197933524,0.07949008748477492,0.7812593710390755,-0.6977362558032598,33,-0.005940594059405946,REGIME_OOS,True,True
2026-04-23 00:00:00+00:00,BTC,2026-04-23 04:00:00+00:00,77810.0,485.0,2026-04-23 00:00:00+00:00,-0.005940594059405946,0.0014157014157014647,0.03996257685110938,-1.030045084248734,0.00891709523831817,0.016108074931604266,0.01588638745539206,0.08000494201018546,0.7013384989336486,-0.6791009437001282,32,0.003341472818403801,REGIME_OOS,True,True
2026-04-23 04:00:00+00:00,BTC,2026-04-23 08:00:00+00:00,78070.0,401.0,2026-04-23 00:00:00+00:00,0.003341472818403801,-0.0007040000000000379,0.044834047109207686,0.05953621277570226,0.008824172114111217,0.01674828089185243,0.016765561542362972,0.07452433219050168,0.724735739315851,-0.7822820229139605,32,-0.004162930703215051,REGIME_OOS,True,True
2026-04-23 08:00:00+00:00,BTC,2026-04-23 12:00:00+00:00,77745.0,803.0,2026-04-23 00:00:00+00:00,-0.004162930703215051,-0.008733902843299779,0.03853860539674048,-0.8179822556605186,0.008887537735929985,0.010515233440781868,0.016940191185178977,0.07058813147273656,0.6489660261774074,-0.361343287191589,32,0.009582609814136056,REGIME_OOS,True,True
2026-04-23 12:00:00+00:00,BTC,2026-04-23 16:00:00+00:00,78490.0,1093.0,2026-04-23 00:00:00+00:00,0.009582609814136056,-0.011336440357727628,0.04008480752666799,0.7450586982478471,0.008966116160740526,0.017771121441399362,0.01737141289162536,0.06761366542922256,0.7628332797606137,0.003950234409772061,32,-0.009491654987896503,REGIME_OOS,True,True
2026-04-23 16:00:00+00:00,BTC,2026-04-23 20:00:00+00:00,77745.0,1449.0,2026-04-23 00:00:00+00:00,-0.009491654987896503,-0.01463878326996193,0.032813018930587745,-1.417502541362599,0.009208177219922222,0.006505485969511504,0.017455836811899328,0.06398890279018085,0.6016658465115904,0.4071983041473839,32,0.007460286835166308,REGIME_OOS,True,True
2026-04-23 20:00:00+00:00,BTC,2026-04-24 00:00:00+00:00,78325.0,141.0,2026-04-23 00:00:00+00:00,0.007460286835166308,0.0006387735547748186,0.04635628882506171,0.5243415191561216,0.009195947710772699,0.012395625985575087,0.01778753622692708,0.06271053432093797,0.6976641742858882,-1.0731847913918482,32,-0.007660389403127965,REGIME_OOS,True,True
2026-04-24 00:00:00+00:00,BTC,2026-04-24 04:00:00+00:00,77725.0,122.0,2026-04-24 00:00:00+00:00,-0.007660389403127965,-0.0010924045752473965,0.03364585411264054,-1.155405324506725,0.009270163719155788,0.0037839652856699324,0.017828294711714765,0.06166089297363729,0.5613673448953751,-1.06916553008057,46,0.0002573174654230126,REGIME_OOS,True,True
2026-04-24 04:00:00+00:00,BTC,2026-04-24 08:00:00+00:00,77745.0,49.0,2026-04-24 00:00:00+00:00,0.0002573174654230126,-0.004162930703215051,0.02606572522106365,-0.28456654807034587,0.009276921794473467,0.002889539608622149,0.018175083927436386,0.059019487138246354,0.5489590768868216,-1.134441969673941,46,0.006881471477265366,REGIME_OOS,True,True
2026-04-24 08:00:00+00:00,BTC,2026-04-24 12:00:00+00:00,78280.0,291.0,2026-04-24 00:00:00+00:00,0.006881471477265366,0.006881471477265366,0.004040274482139505,0.44508320648134364,0.009264042222349509,0.008181493275462914,0.018855681439432725,0.05566484159529073,0.6469777518625883,-0.8099252474344709,46,-0.004087889626980035,REGIME_OOS,True,True
2026-04-24 12:00:00+00:00,BTC,2026-04-24 16:00:00+00:00,77960.0,304.0,2026-04-24 00:00:00+00:00,-0.004087889626980035,-0.006752452541725074,0.00489816963134837,-0.7356236500771233,0.007900699285951869,0.0029234781993432435,0.01910909443698605,0.05284816348808452,0.555318444509475,-0.8679163157834877,46,,REGIME_OOS,True,False
2026-04-26 20:00:00+00:00,BTC,2026-04-27 00:00:00+00:00,79055.0,654.0,2026-04-26 00:00:00+00:00,,0.01684995819666857,0.019472564317493113,,,0.015390444630683842,0.01979354409422407,0.05289605340701562,0.7909563878473148,-0.29017929385279856,31,0.006071722218708553,REGIME_OOS,False,True
2026-04-27 00:00:00+00:00,BTC,2026-04-27 04:00:00+00:00,79535.0,1151.0,2026-04-27 00:00:00+00:00,0.006071722218708553,0.01544845196297473,0.07596049783549774,0.5628195369819632,0.007840803013221107,0.019147048176753723,0.02083575873241794,0.05026513425779733,0.8809210590894551,0.4924541927240024,33,-0.019991198843276492,REGIME_OOS,True,True
2026-04-27 04:00:00+00:00,BTC,2026-04-27 08:00:00+00:00,77945.0,1467.0,2026-04-27 00:00:00+00:00,-0.019991198843276492,0.0028304921196526944,0.04337059099123208,-2.803698502154152,0.008803279982992239,-0.0030568914355878496,0.02173126105087353,0.03541789037589696,0.4136907533694283,1.0594645429071166,33,0.0036564244018217895,REGIME_OOS,True,True
2026-04-27 08:00:00+00:00,BTC,2026-04-27 12:00:00+00:00,78230.0,316.0,2026-04-27 00:00:00+00:00,0.0036564244018217895,0.0062383433018200485,0.04557604918470992,0.26305089016798855,0.008640488535038742,-0.0005621279096507115,0.02190714919839154,0.028402719643465624,0.48020865900494714,-0.8865238593977738,33,-0.014891985171928912,REGIME_OOS,True,True
2026-04-27 12:00:00+00:00,BTC,2026-04-27 16:00:00+00:00,77065.0,2175.0,2026-04-27 00:00:00+00:00,-0.014891985171928912,-0.015521205927439996,0.023643488078634478,-1.8518158313443767,0.009119734141459666,-0.015046218635072495,0.02063850686341384,0.030989338389258336,0.014471124033810536,2.1514642318597454,33,0.0024005709466035086,REGIME_OOS,True,True
2026-04-27 16:00:00+00:00,BTC,2026-04-27 20:00:00+00:00,77250.0,1447.0,2026-04-27 00:00:00+00:00,0.0024005709466035086,-0.009107234479220128,0.018390350009887202,0.20172464218907424,0.009064611869714601,-0.01212938867113822,0.01928864800889496,0.03301263457700221,0.13258343883926296,0.8202259618757937,33,0.00640776699029133,REGIME_OOS,True,True
2026-04-27 20:00:00+00:00,BTC,2026-04-28 00:00:00+00:00,77745.0,561.0,2026-04-27 00:00:00+00:00,0.00640776699029133,-0.01657074188855856,0.017538119233034388,0.6590481825890244,0.009035463865752711,-0.005363705274470054,0.01784054004078439,0.0332943799849338,0.3389005809119358,-0.5269386082042021,33,-0.007524599652710795,REGIME_OOS,True,True
2026-04-28 00:00:00+00:00,BTC,2026-04-28 04:00:00+00:00,77160.0,420.0,2026-04-28 00:00:00+00:00,-0.007524599652710795,-0.029861067454579726,0.0157309287171723,-0.8764982854358484,0.00905155826635614,-0.011437777656777004,0.015858151893099803,0.03176538648974387,0.13992952956923987,-0.7072695342379604,47,0.0010368066355623817,REGIME_OOS,True,True
2026-04-28 04:00:00+00:00,BTC,2026-04-28 08:00:00+00:00,77240.0,404.0,2026-04-28 00:00:00+00:00,0.0010368066355623817,-0.009044839309769737,0.018930149726271273,0.1253206182374075,0.00898981840673474,-0.009359398997688229,0.014172049500391637,0.031371496179812275,0.20165914484783068,-0.7426236924592177,47,-0.009709994821336054,REGIME_OOS,True,True
2026-04-28 08:00:00+00:00,BTC,2026-04-28 12:00:00+00:00,76490.0,639.0,2026-04-28 00:00:00+00:00,-0.009709994821336054,-0.022242106608717838,0.003805774278215157,-1.094457515043319,0.009160579365312855,-0.017854276744499575,0.012650245229339996,0.03543135748545083,-0.003911732759070386,-0.3621874629559257,47,-0.0018303046149823476,REGIME_OOS,True,True
2026-04-28 12:00:00+00:00,BTC,2026-04-28 16:00:00+00:00,76350.0,1233.0,2026-04-28 00:00:00+00:00,-0.0018303046149823476,-0.009277882307143326,-0.002938295788442735,-0.1862137007741277,0.009109227925791446,-0.018732127365613804,0.011298678679771523,0.03959861882282475,0.026949981527724185,0.5747718027224334,47,0.0037982973149968124,REGIME_OOS,True,True
2026-04-28 16:00:00+00:00,BTC,2026-04-28 20:00:00+00:00,76640.0,864.0,2026-04-28 00:00:00+00:00,0.0037982973149968124,-0.007896440129449789,0.010348691582624747,0.4564028918912036,0.009089066006254986,-0.014099001749511175,0.009865335699420275,0.04167774191732885,0.16171387649845165,-0.05758811132228851,47,0.0003262004175366151,REGIME_OOS,True,True
2026-04-28 20:00:00+00:00,BTC,2026-04-29 00:00:00+00:00,76665.0,254.0,2026-04-28 00:00:00+00:00,0.0003262004175366151,-0.01389156858961993,0.021110815130527483,0.07952557001131466,0.008928804936167184,-0.013091835946551278,0.008690774378771415,0.043489863230944045,0.19896810488849317,-1.0389816415259796,47,0.009130633274636368,REGIME_OOS,True,True
2026-04-29 00:00:00+00:00,BTC,2026-04-29 04:00:00+00:00,77365.0,455.0,2026-04-29 00:00:00+00:00,0.009130633274636368,0.002656817003628742,0.01223341619782814,1.0307039422661008,0.008869335651308556,-0.0033590657739216434,0.007463267692571218,0.04252142682388643,0.4210029854399262,-0.6272493587392937,33,0.0001938861242163359,REGIME_OOS,True,True
2026-04-29 04:00:00+00:00,BTC,2026-04-29 08:00:00+00:00,77380.0,771.0,2026-04-29 00:00:00+00:00,0.0001938861242163359,0.0018125323666493554,-0.00411840411840414,-0.04269870907858089,0.008237508024727704,-0.0029314177109170947,0.006676369258867165,0.04259632067403237,0.43118143387665475,-0.07453453876778517,33,0.008206254846213401,REGIME_OOS,True,True
2026-04-29 08:00:00+00:00,BTC,2026-04-29 12:00:00+00:00,78015.0,775.0,2026-04-29 00:00:00+00:00,0.008206254846213401,0.019937246698914945,-0.0014079999999999648,0.9986706326402085,0.0077823286164281765,0.005451592947726569,0.005650889107781554,0.04202045795105692,0.6297366381412663,-0.03771235413408616,33,-0.023457027494712568,REGIME_OOS,True,True
2026-04-29 12:00:00+00:00,BTC,2026-04-29 16:00:00+00:00,76185.0,2233.0,2026-04-29 00:00:00+00:00,-0.023457027494712568,-0.00216110019646365,-0.028624250924391137,-2.975508261343179,0.008771826228638396,-0.01715796942527248,0.0043951601408731555,0.04502865052500366,0.1189543940308628,2.5145036235732166,33,-0.0051191179366016915,REGIME_OOS,True,True
2026-04-29 16:00:00+00:00,BTC,2026-04-29 20:00:00+00:00,75795.0,2196.0,2026-04-29 00:00:00+00:00,-0.0051191179366016915,-0.01102557411273486,-0.04528278120670115,-0.43938939660701315,0.008743129792735642,-0.02095779378047602,0.0031253117861311797,0.04913461306167113,0.07346171111247188,2.1487635839976607,33,0.0035622402533148634,REGIME_OOS,True,True
2026-04-29 20:00:00+00:00,BTC,2026-04-30 00:00:00+00:00,76065.0,484.0,2026-04-29 00:00:00+00:00,0.0035622402533148634,-0.007826257092545474,-0.03593155893536126,0.5865040867082695,0.008407735608961768,-0.016062633599265297,0.002183740113536281,0.05039344634999936,0.18125550517611166,-0.5655704420087438,33,0.0025635969236836864,REGIME_OOS,True,True
2026-04-30 00:00:00+00:00,BTC,2026-04-30 04:00:00+00:00,76260.0,553.0,2026-04-30 00:00:00+00:00,0.0025635969236836864,-0.014282944483939741,-0.025742574257425765,0.5255283976897689,0.008404334160162528,-0.012454392706717998,0.0014245531493843888,0.05117767457789923,0.2566440286816716,-0.40482012937243084,26,0.00262260687123006,REGIME_OOS,True,True
2026-04-30 04:00:00+00:00,BTC,2026-04-30 08:00:00+00:00,76460.0,199.0,2026-04-30 00:00:00+00:00,0.00262260687123006,-0.0118893771000258,-0.01734995501863512,0.49811502739774005,0.008349584374374325,-0.00819799719815284,2.3349271373040992e-05,0.04675774997214224,0.3246708363204574,-0.9853204100288738,26,-0.0009809050483913229,REGIME_OOS,True,True
2026-04-30 08:00:00+00:00,BTC,2026-04-30 12:00:00+00:00,76385.0,514.0,2026-04-30 00:00:00+00:00,-0.0009809050483913229,-0.02089341793244892,-0.021583194568976505,0.027707447956032753,0.00830169811696095,-0.007142439347756824,-0.0026575230588739007,0.0366967822684026,0.3053660591951468,-0.453429474992554,26,0.005563919617725954,REGIME_OOS,True,True
2026-04-30 12:00:00+00:00,BTC,2026-04-30 16:00:00+00:00,76810.0,1451.0,2026-04-30 00:00:00+00:00,0.005563919617725954,0.00820371464198999,-0.012026496880828352,0.7963247133841828,0.008351973044199976,-0.0008812692879278661,-0.003936819138240288,0.03458586678339189,0.4745193811840189,1.0464596800234045,26,-0.001171722431975053,REGIME_OOS,True,True
2026-04-30 16:00:00+00:00,BTC,2026-04-30 20:00:00+00:00,76720.0,795.0,2026-04-30 00:00:00+00:00,-0.001171722431975053,0.012203971238208267,-0.022550643394062986,-0.023811886728440135,0.008330403034011363,-0.0010709321667008442,-0.00540471590114433,0.030409813350793704,0.46478333640699926,-0.04293080265005879,26,-0.0009775808133472008,REGIME_OOS,True,True
2026-04-30 20:00:00+00:00,BTC,2026-05-01 00:00:00+00:00,76645.0,255.0,2026-04-30 00:00:00+00:00,-0.0009775808133472008,0.0076250575165977,-0.0141488198597981,-0.012537395778796742,0.008093087284057292,-0.0017745217745217534,-0.006026786870135803,0.030293125784415776,0.44142163515411564,-0.8834612524371407,26,0.010829147367734437,REGIME_OOS,True,True
2026-05-01 00:00:00+00:00,BTC,2026-05-01 04:00:00+00:00,77475.0,897.0,2026-05-01 00:00:00+00:00,0.010829147367734437,0.01593233674272221,-0.01085221832109795,1.4894554515979017,0.008226639011544624,0.008887586678386628,-0.006297943042888554,0.0308932731173181,0.7876867933234427,0.19872419223497426,29,-0.00019361084220714808,REGIME_OOS,True,True
2026-05-01 04:00:00+00:00,BTC,2026-05-01 08:00:00+00:00,77460.0,446.0,2026-05-01 00:00:00+00:00,-0.00019361084220714808,0.013078733978550972,-0.0034094564168543062,0.04305217313378556,0.008087226138315308,0.008879467818034392,-0.006753531357575615,0.02980290494842309,0.7979396751223148,-0.5711405984955946,29,0.005099406145107066,REGIME_OOS,True,True
2026-05-01 08:00:00+00:00,BTC,2026-05-01 12:00:00+00:00,77855.0,731.0,2026-05-01 00:00:00+00:00,0.005099406145107066,0.019244616089546307,0.0014148819859798323,0.7298326392734018,0.00804958543284947,0.013565412104721952,-0.006789667705826785,0.03207235473233753,0.9229627733271573,-0.1277405437914545,29,0.01303705606576333,REGIME_OOS,True,True
2026-05-01 12:00:00+00:00,BTC,2026-05-01 16:00:00+00:00,78870.0,4366.0,2026-05-01 00:00:00+00:00,0.01303705606576333,0.026819424554094473,0.007537046499744404,1.666501351059097,0.008414241786920067,0.025691044222928783,-0.006523306382219984,0.03980188724655987,1.1454730164874112,5.998703344855716,29,-0.001584886522124962,REGIME_OOS,True,True
2026-05-01 16:00:00+00:00,BTC,2026-05-01 20:00:00+00:00,78745.0,2094.0,2026-05-01 00:00:00+00:00,-0.001584886522124962,0.02639468196037531,0.010069266290405388,-0.194110047775901,0.008318595646252187,0.02256605709202697,-0.005720442658065927,0.044793852105030126,1.0037757645650884,1.3022593476579063,29,-0.006667089973966589,REGIME_OOS,True,True
2026-05-01 20:00:00+00:00,BTC,2026-05-02 00:00:00+00:00,78220.0,524.0,2026-05-01 00:00:00+00:00,-0.006667089973966589,0.020549285667688766,-0.010562266776295015,-0.773361354170889,0.0083729519232991,0.014516720005966155,-0.004935908687302537,0.04608700347469537,0.81498511318786,-0.5713939590107284,29,,REGIME_OOS,True,False
2026-05-03 20:00:00+00:00,BTC,2026-05-04 00:00:00+00:00,78895.0,640.0,2026-05-03 00:00:00+00:00,,0.01832849306227824,-0.008046771861444646,,,0.021777279879813705,-0.004262096358196632,0.05006633004360431,0.9349685679147495,-0.43351580298978803,39,0.0233855123898854,REGIME_OOS,False,True
2026-05-04 00:00:00+00:00,BTC,2026-05-04 04:00:00+00:00,80740.0,1679.0,2026-05-04 00:00:00+00:00,0.0233855123898854,0.042344435837851746,0.03585861825646286,2.8311753766317524,0.0093664493640991,0.04292002105473913,-0.0030898615968640852,0.06388956166617488,1.1717845597219412,0.7618480456327925,47,-0.008607877136487474,REGIME_OOS,True,True
2026-05-04 04:00:00+00:00,BTC,2026-05-04 08:00:00+00:00,80045.0,788.0,2026-05-04 00:00:00+00:00,-0.008607877136487474,0.02812921456553852,0.02320081810047303,-0.9464867855289905,0.008726594657380455,0.03215615480085754,-0.002293209141960295,0.07059717518365433,0.9554878395233971,-0.25239551131448806,47,-0.011618464613654789,REGIME_OOS,True,True
2026-05-04 08:00:00+00:00,BTC,2026-05-04 12:00:00+00:00,79115.0,2269.0,2026-05-04 00:00:00+00:00,-0.011618464613654789,0.003106377583365072,0.026600921300201197,-1.4043567468945868,0.008986092249842743,0.01902418918570814,-0.0015406814493208465,0.07272779461432342,0.7615807242140861,1.4095785711916315,47,0.016242179106364052,REGIME_OOS,True,True
2026-05-04 12:00:00+00:00,BTC,2026-05-04 16:00:00+00:00,80400.0,3861.0,2026-05-04 00:00:00+00:00,0.016242179106364052,0.02101720744174229,0.040776699029126284,1.7932772282609164,0.00898950490143889,0.03398718447475968,-0.0005918772082932344,0.07922259972033292,0.9290086994713528,3.198512612327044,47,-0.0003109452736318463,REGIME_OOS,True,True
2026-05-04 16:00:00+00:00,BTC,2026-05-04 20:00:00+00:00,80375.0,1798.0,2026-05-04 00:00:00+00:00,-0.0003109452736318463,0.02755049859371006,0.033828542028426334,-0.164233210775355,0.008990289370810717,0.030888167071219552,0.001600031859325668,0.0820231017359835,0.876578871287293,0.6709811912855735,47,-0.0028615863141524533,REGIME_OOS,True,True
2026-05-04 20:00:00+00:00,BTC,2026-05-05 00:00:00+00:00,80145.0,465.0,2026-05-04 00:00:00+00:00,-0.0028615863141524533,0.015843843082578024,0.038685847589424505,-0.4378760524147476,0.00895992787566159,0.025078580404621187,0.00419934932241417,0.08101830014369991,0.809542169610322,-0.6712879038677979,47,0.01428660552748151,REGIME_OOS,True,True
2026-05-05 00:00:00+00:00,BTC,2026-05-05 04:00:00+00:00,81290.0,783.0,2026-05-05 00:00:00+00:00,0.01428660552748151,0.006811989100817373,0.05243397203521494,1.5090007478838352,0.009146963083426779,0.0362608435155618,0.006936644712605355,0.08389805530861238,0.9322012397329009,-0.36282748785778884,40,-0.00043055726411611595,REGIME_OOS,True,True
2026-05-05 04:00:00+00:00,BTC,2026-05-05 08:00:00+00:00,81255.0,837.0,2026-05-05 00:00:00+00:00,-0.00043055726411611595,0.01511649697045403,0.062295724931363594,-0.21030642425982857,0.00915340822255266,0.03252737617581758,0.00937026628717863,0.08513795671940207,0.8820549309519055,-0.3247244840536524,40,0.0012306934957848625,REGIME_OOS,True,True
2026-05-05 08:00:00+00:00,BTC,2026-05-05 12:00:00+00:00,81355.0,595.0,2026-05-05 00:00:00+00:00,0.0012306934957848625,0.02831321494027672,0.0655533726260642,-0.02332488662483574,0.008908347968116202,0.03059285533316447,0.011589582190692393,0.08557159265244126,0.857511814200079,-0.5709344844903609,40,0.006576117018007421,REGIME_OOS,True,True
2026-05-05 12:00:00+00:00,BTC,2026-05-05 16:00:00+00:00,81890.0,1975.0,2026-05-05 00:00:00+00:00,0.006576117018007421,0.018532338308457685,0.0685020876826723,0.5351420622198799,0.008922131412621314,0.033765594377345165,0.014123950225317428,0.08579140889021791,0.8935778047491103,0.8073141391565204,40,0.00030528758090131447,REGIME_OOS,True,True
2026-05-05 16:00:00+00:00,BTC,2026-05-05 20:00:00+00:00,81915.0,1514.0,2026-05-05 00:00:00+00:00,0.00030528758090131447,0.019160186625194475,0.0684797495597731,-0.19993112703829088,0.008921849124791563,0.030759841702266977,0.01630658580939559,0.08567192603995358,0.8590422571791121,0.31565322335922846,40,-0.008179210156869954,REGIME_OOS,True,True
2026-05-05 20:00:00+00:00,BTC,2026-05-06 00:00:00+00:00,81245.0,684.0,2026-05-05 00:00:00+00:00,-0.008179210156869954,0.013725123214174406,0.05015187746396954,-1.1378667949750132,0.00910914791758843,0.019426764579484113,0.018482310017188475,0.08109743487433711,0.7395484469957213,-0.5396883503782615,40,0.008062034586743705,REGIME_OOS,True,True
2026-05-06 00:00:00+00:00,BTC,2026-05-06 04:00:00+00:00,81900.0,769.0,2026-05-06 00:00:00+00:00,0.008062034586743705,0.007503998031738179,0.05841302662186609,0.6996134674951217,0.00908109180598247,0.024268535946322833,0.0207560995537035,0.07592425375286246,0.819641415578719,-0.4658023475628936,50,-0.002869352869352859,REGIME_OOS,True,True
2026-05-06 04:00:00+00:00,BTC,2026-05-06 08:00:00+00:00,81665.0,408.0,2026-05-06 00:00:00+00:00,-0.002869352869352859,0.00504584333271807,0.04678587451131189,-0.4980551937933131,0.00911522743404105,0.018660579525751952,0.02255855837470233,0.0720536146129858,0.7589818654620105,-0.8234352359348055,50,0.014877854650094946,REGIME_OOS,True,True
2026-05-06 08:00:00+00:00,BTC,2026-05-06 12:00:00+00:00,82880.0,1118.0,2026-05-06 00:00:00+00:00,0.014877854650094946,0.018745006453198876,0.08787819124499574,1.4619964935651248,0.00936125004207234,0.030333167578319165,0.0246676899756062,0.07047733149792,0.9303960852889906,-0.10692772723532389,50,-0.010979729729729715,REGIME_OOS,True,True
2026-05-06 12:00:00+00:00,BTC,2026-05-06 16:00:00+00:00,81970.0,2807.0,2026-05-06 00:00:00+00:00,-0.010979729729729715,0.000976920258883851,0.08146975394155298,-1.3623757976786288,0.008432746580975353,0.016420580129764994,0.026184023006056822,0.0653452393485313,0.7512896164046895,1.618406425977821,50,-0.003049896303525701,REGIME_OOS,True,True
2026-05-06 16:00:00+00:00,BTC,2026-05-06 20:00:00+00:00,81720.0,1417.0,2026-05-06 00:00:00+00:00,-0.003049896303525701,-0.0023805163889397685,0.07434431078682713,-0.6213416877074928,0.008379196269655534,0.011533236578339157,0.027098102134843982,0.06280602024967784,0.6836326602527918,0.20169757699024066,50,-0.00036710719530097524,REGIME_OOS,True,True
2026-05-06 20:00:00+00:00,BTC,2026-05-07 00:00:00+00:00,81690.0,493.0,2026-05-06 00:00:00+00:00,-0.00036710719530097524,0.00547726013908556,0.07120377655389465,-0.3133715757862182,0.008388822447299424,0.00932223807846988,0.02799518362432285,0.05867148532394463,0.6588887349109834,-0.7349855241504649,50,-0.007283633247643584,REGIME_OOS,True,True
2026-05-07 00:00:00+00:00,BTC,2026-05-07 04:00:00+00:00,81095.0,637.0,2026-05-07 00:00:00+00:00,-0.007283633247643584,-0.009829059829059794,0.06061993199058335,-1.1218916364035245,0.008562043679292988,0.00019425438691156316,0.02928761669726132,0.049354519585371216,0.5039358986480571,-0.5906932089458493,46,0.00881681977927129,REGIME_OOS,True,True
2026-05-07 04:00:00+00:00,BTC,2026-05-07 08:00:00+00:00,81810.0,572.0,2026-05-07 00:00:00+00:00,0.00881681977927129,0.00177554643972333,0.07102179747332582,0.819587536874826,0.008656741045178126,0.00720221606648197,0.030542631921510077,0.04280304314572473,0.6682641124828848,-0.6769921981204343,46,-0.00861752841950858,REGIME_OOS,True,True
2026-05-07 08:00:00+00:00,BTC,2026-05-07 12:00:00+00:00,81105.0,604.0,2026-05-07 00:00:00+00:00,-0.00861752841950858,-0.02141650579150578,0.05591719828147368,-1.227191343395006,0.00885754859356563,-0.0017016798318629789,0.0299483144842414,0.04245296432059446,0.4599161128299008,-0.6480420807711083,46,-0.012514641514086655,REGIME_OOS,True,True
2026-05-07 12:00:00+00:00,BTC,2026-05-07 16:00:00+00:00,80090.0,2485.0,2026-05-07 00:00:00+00:00,-0.012514641514086655,-0.02293522020251315,0.04392596454640252,-1.6106077775543424,0.009197673666519671,-0.014222326159602727,0.02949133342034327,0.04229233625796465,0.16371386832704746,1.243105373248801,46,0.003745785990760364,REGIME_OOS,True,True
2026-05-07 16:00:00+00:00,BTC,2026-05-07 20:00:00+00:00,80390.0,1761.0,2026-05-07 00:00:00+00:00,0.003745785990760364,-0.016275085658345567,0.04886163480983763,0.28235504417076474,0.009198711502828461,-0.01130560176117723,0.02943168668322671,0.03592417758354515,0.185292676919744,0.4617858856419413,46,-0.0019902973006592495,REGIME_OOS,True,True
2026-05-07 20:00:00+00:00,BTC,2026-05-08 00:00:00+00:00,80230.0,365.0,2026-05-07 00:00:00+00:00,-0.0019902973006592495,-0.01787244460766313,0.03555985801871575,-0.35907101591892165,0.009209258293414435,-0.01317023520693228,0.028547951652366788,0.03651985785502847,0.13936784038936617,-0.951421762868353,46,-0.005608874485853121,REGIME_OOS,True,True
2026-05-08 00:00:00+00:00,BTC,2026-05-08 04:00:00+00:00,79780.0,428.0,2026-05-08 00:00:00+00:00,-0.005608874485853121,-0.016215549663974316,0.02995094242189511,-0.7479224095974498,0.009109924789949033,-0.01834602748827996,0.027642445017949102,0.038961660426558346,0.029126138685446723,-0.8616309468334068,47,0.0015668087239910644,REGIME_OOS,True,True
2026-05-08 04:00:00+00:00,BTC,2026-05-08 08:00:00+00:00,79905.0,360.0,2026-05-08 00:00:00+00:00,0.0015668087239910644,-0.023285661899523302,0.026330999935778143,0.0917468187154255,0.009109433385816995,-0.016662769662437404,0.02677792968898074,0.039929527363294574,0.08269554480740665,-0.9265416804610426,47,0.007008322382829668,REGIME_OOS,True,True
2026-05-08 08:00:00+00:00,BTC,2026-05-08 12:00:00+00:00,80465.0,725.0,2026-05-08 00:00:00+00:00,0.007008322382829668,-0.00789100548671473,0.020223152022315283,0.6826593226455525,0.009147164285374416,-0.009268294184460957,0.02542096830601359,0.04089013500565563,0.2733366695126102,-0.5555562908537861,47,-0.001429192816752578,REGIME_OOS,True,True
2026-05-08 12:00:00+00:00,BTC,2026-05-08 16:00:00+00:00,80350.0,1817.0,2026-05-08 00:00:00+00:00,-0.001429192816752578,0.003246347858659071,0.02038224649184084,-0.2495315536906448,0.008859513337201787,-0.010132742000061645,0.02385171824448329,0.04200824586600073,0.2587915945744712,0.7305135314421328,47,0.0008711885500933825,REGIME_OOS,True,True
2026-05-08 16:00:00+00:00,BTC,2026-05-08 20:00:00+00:00,80420.0,1085.0,2026-05-08 00:00:00+00:00,0.0008711885500933825,0.00037318074387360234,0.028125799028381415,0.05644593872181212,0.008852160119138723,-0.008699457323969262,0.022212519955798093,0.042770626775586615,0.2966020612787722,-0.10175547512615393,47,-0.0003730415319572744,REGIME_OOS,True,True
2026-05-08 20:00:00+00:00,BTC,2026-05-09 00:00:00+00:00,80390.0,196.0,2026-05-08 00:00:00+00:00,-0.0003730415319572744,0.0019942664838588087,0.018949236326763375,-0.09331233202638908,0.008751606574563775,-0.008152299639423433,0.020303280927617795,0.04257713222588104,0.3085286816365718,-1.1676942508849928,47,,REGIME_OOS,True,False
2026-05-10 20:00:00+00:00,BTC,2026-05-11 00:00:00+00:00,82425.0,1277.0,2026-05-10 00:00:00+00:00,,0.033153672599649076,0.020869457517958878,,,0.016635574536316033,0.019146331192624766,0.0442296225780525,0.8761183923050472,0.11604926224408607,38,-0.01916894146193504,REGIME_OOS,False,True
2026-05-11 00:00:00+00:00,BTC,2026-05-11 04:00:00+00:00,80845.0,1676.0,2026-05-11 00:00:00+00:00,-0.01916894146193504,0.011763969714035483,0.009994378162283768,-2.266065902292661,0.008382534066015678,-0.002606214819955266,0.018004287721968826,0.04426515493255716,0.4411226545140047,0.5956583178650064,47,0.0003092337188446148,REGIME_OOS,True,True
2026-05-11 04:00:00+00:00,BTC,2026-05-11 08:00:00+00:00,80870.0,437.0,2026-05-11 00:00:00+00:00,0.0003092337188446148,0.005033244267694137,0.02218289831258291,0.12704269598599716,0.008251575509600291,-0.0016634826970023386,0.016466417793393306,0.04322241213494368,0.46151342290178493,-0.8756806472871557,47,0.005811796710770478,REGIME_OOS,True,True
2026-05-11 08:00:00+00:00,BTC,2026-05-11 12:00:00+00:00,81340.0,434.0,2026-05-11 00:00:00+00:00,0.005811796710770478,0.012321095208462918,0.011691542288557288,0.7598870886003226,0.008049866242072235,0.00434012236305148,0.015415188254616963,0.0427400368606866,0.6015469962554876,-0.8218071625048354,47,0.003688222276862607,REGIME_OOS,True,True
2026-05-11 12:00:00+00:00,BTC,2026-05-11 16:00:00+00:00,81640.0,1643.0,2026-05-11 00:00:00+00:00,0.003688222276862607,0.015170355632927235,0.015738724727838216,0.44294929113206566,0.007489827522003868,0.008816642261805452,0.013251848986015613,0.03760532871712322,0.7344519397271189,0.9154188316314085,47,0.006736893679568867,REGIME_OOS,True,True
2026-05-11 16:00:00+00:00,BTC,2026-05-11 20:00:00+00:00,82190.0,2542.0,2026-05-11 00:00:00+00:00,0.006736893679568867,0.02239084463241703,0.025516251793624045,0.9389827943739554,0.0075990756209087995,0.015474903474903545,0.011769338466923296,0.03845398252911859,0.9024265487504547,2.2567540913350945,47,-0.0023725514052804764,REGIME_OOS,True,True
2026-05-11 20:00:00+00:00,BTC,2026-05-12 00:00:00+00:00,81995.0,315.0,2026-05-11 00:00:00+00:00,-0.0023725514052804764,-0.005216863815589945,0.008672653462910462,-0.3041888236518744,0.00759338316862245,0.012893562483593524,0.010443165165899826,0.039277779838554176,0.828266071468161,-1.0579178398722804,47,-0.009939630465272242,REGIME_OOS,True,True
2026-05-12 00:00:00+00:00,BTC,2026-05-12 04:00:00+00:00,81180.0,767.0,2026-05-12 00:00:00+00:00,-0.009939630465272242,0.0041437318325190375,-0.0009230201218386469,-1.303099537828512,0.007299230931444174,0.0031417688436623514,0.00888571677907568,0.03845252525401858,0.5817051369944528,-0.40601434261717423,48,-0.0024020694752402427,REGIME_OOS,True,True
2026-05-12 04:00:00+00:00,BTC,2026-05-12 08:00:00+00:00,80985.0,519.0,2026-05-12 00:00:00+00:00,-0.0024020694752402427,0.0014220353654013085,-0.00454796877880892,-0.21232810995467702,0.007304176878209438,0.0008001705382769675,0.007680238096720471,0.03841207430634784,0.5208312243669864,-0.7388915765755035,48,-0.000926097425449135,REGIME_OOS,True,True
2026-05-12 08:00:00+00:00,BTC,2026-05-12 12:00:00+00:00,80910.0,692.0,2026-05-12 00:00:00+00:00,-0.000926097425449135,-0.005286451930169633,-0.011967273171327397,-0.0011148120365629744,0.007292904712989459,0.00042967409683436486,0.005986143244520736,0.037013597809039116,0.511608547189903,-0.499489471450994,48,-0.00549993820294159,REGIME_OOS,True,True
2026-05-12 12:00:00+00:00,BTC,2026-05-12 16:00:00+00:00,80465.0,1511.0,2026-05-12 00:00:00+00:00,-0.00549993820294159,-0.014392454679078903,-0.017701275712628917,-0.6184217000741425,0.00719349172648185,-0.0046788074452721595,0.0046745812885016225,0.037193238060510815,0.3742027398189939,0.6835058989688796,48,0.006959547629403984,REGIME_OOS,True,True
2026-05-12 16:00:00+00:00,BTC,2026-05-12 20:00:00+00:00,81025.0,1604.0,2026-05-12 00:00:00+00:00,0.006959547629403984,-0.014174473780265262,-0.0027078589451658974,1.1610398389067518,0.007348563215365023,0.0016689331190504753,0.004181087778015069,0.03615718383723173,0.5461577186587201,0.8127228429501581,48,-0.004443073125578567,REGIME_OOS,True,True
2026-05-12 20:00:00+00:00,BTC,2026-05-13 00:00:00+00:00,80665.0,206.0,2026-05-12 00:00:00+00:00,-0.004443073125578567,-0.016220501250076236,-0.015079365079365026,-0.4453250046392749,0.0072567757611647285,-0.002951037498261866,0.0033503403047860925,0.03578771283314566,0.4175404834608864,-1.1613341995110702,48,0.009979545031922221,REGIME_OOS,True,True
2026-05-13 00:00:00+00:00,BTC,2026-05-13 04:00:00+00:00,81470.0,525.0,2026-05-13 00:00:00+00:00,0.009979545031922221,0.0035723084503571645,-0.0023878038327312945,1.519349869881287,0.007347640873524681,0.006227942061921343,0.0031252516617419346,0.03538078830261301,0.676026096667306,-0.6821693550367263,49,-0.0032527310666502496,REGIME_OOS,True,True
2026-05-13 04:00:00+00:00,BTC,2026-05-13 08:00:00+00:00,81205.0,257.0,2026-05-13 00:00:00+00:00,-0.0032527310666502496,0.0027165524479841885,-0.02020994208494209,-0.30902596411727296,0.007351368846887363,0.002073127090094662,0.003077174445836439,0.03261325575133434,0.5635670080258647,-1.0538316194817063,49,-0.007080844775568029,REGIME_OOS,True,True
2026-05-13 08:00:00+00:00,BTC,2026-05-13 12:00:00+00:00,80630.0,485.0,2026-05-13 00:00:00+00:00,-0.007080844775568029,-0.003460635273760948,-0.016347444186897597,-0.8278657168970409,0.006788066927414557,-0.005467278047938118,0.0028369487370105695,0.030271359276175733,0.31939106209079265,-0.6931819809219228,49,-0.021642068708917273,REGIME_OOS,True,True
2026-05-13 12:00:00+00:00,BTC,2026-05-13 16:00:00+00:00,78885.0,4290.0,2026-05-13 00:00:00+00:00,-0.021642068708917273,-0.019635866525818724,-0.0346916299559471,-2.9338563893646583,0.007528035537098638,-0.026041972115304457,0.0018560391469022441,0.038331611941858836,-0.17938630274158032,4.987464373136065,49,0.011092096089243775,REGIME_OOS,True,True
2026-05-13 16:00:00+00:00,BTC,2026-05-13 20:00:00+00:00,79760.0,2268.0,2026-05-13 00:00:00+00:00,0.011092096089243775,-0.01561246528849125,-0.023625902803280696,1.750039901660012,0.007898994354237746,-0.014879932316224087,0.0012397281872762456,0.04013133156111033,0.1292190730435772,1.3687934247169378,49,-0.0044508525576729685,REGIME_OOS,True,True
2026-05-13 20:00:00+00:00,BTC,2026-05-14 00:00:00+00:00,79405.0,288.0,2026-05-13 00:00:00+00:00,-0.0044508525576729685,-0.015620157441269433,-0.020839755841913776,-0.3595376442801972,0.007911998581184597,-0.01864943025928767,0.00031895876036314164,0.043366655453295544,0.06995922179490047,-0.8537636671730311,49,-0.003967004596687862,REGIME_OOS,True,True
2026-05-14 00:00:00+00:00,BTC,2026-05-14 04:00:00+00:00,79090.0,369.0,2026-05-14 00:00:00+00:00,-0.003967004596687862,-0.029213207315576306,-0.03324776922136663,-0.280588146361286,0.007854933249424711,-0.021756607997625244,-0.0005328085190025034,0.04760301073063801,0.04295731165545117,-0.7478990450057605,42,0.009798963206473665,REGIME_OOS,True,True
2026-05-14 04:00:00+00:00,BTC,2026-05-14 08:00:00+00:00,79865.0,823.0,2026-05-14 00:00:00+00:00,0.009798963206473665,-0.016501446955236698,-0.015288823130509832,1.4558240198573482,0.00790190933250361,-0.010604427596288435,-0.001899236595915177,0.04511125950667905,0.2649272551408504,-0.2558882269397212,42,-0.006824015526200489,REGIME_OOS,True,True
2026-05-14 08:00:00+00:00,BTC,2026-05-14 12:00:00+00:00,79320.0,490.0,2026-05-14 00:00:00+00:00,-0.006824015526200489,-0.016247054446235865,-0.009614184042951668,-0.6606398692215344,0.007853651997135162,-0.01642698377761731,-0.002663241821368123,0.047707217201080634,0.15567088710332128,-0.618525984152185,42,0.027672718103882943,REGIME_OOS,True,True
2026-05-14 12:00:00+00:00,BTC,2026-05-14 16:00:00+00:00,81515.0,3955.0,2026-05-14 00:00:00+00:00,0.027672718103882943,0.033339671673955795,0.013994277895260643,3.7201334525142102,0.009225407859425305,0.010387099173246428,-0.0028563271168152715,0.048609542232346765,0.713684365172532,3.252434976810891,42,0.0012881064834693312,REGIME_OOS,True,True
2026-05-14 16:00:00+00:00,BTC,2026-05-14 20:00:00+00:00,81620.0,4358.0,2026-05-14 00:00:00+00:00,0.0012881064834693312,0.023319959879638974,0.01732519007852429,0.1617753130640009,0.009199997999389383,0.011513055978981557,-0.0029839681215827474,0.04919065077863714,0.7340496780738164,3.1307747120179217,42,-0.004471943151188484,REGIME_OOS,True,True
2026-05-14 20:00:00+00:00,BTC,2026-05-15 00:00:00+00:00,81255.0,338.0,2026-05-14 00:00:00+00:00,-0.004471943151188484,0.023298280964674678,0.01848834294309354,-0.45496572282852327,0.009226965448372485,0.007229916296596972,-0.003438538062337293,0.04842046881148618,0.6493152890515168,-0.7297516168684798,42,-0.00030767337394621563,REGIME_OOS,True,True
2026-05-15 00:00:00+00:00,BTC,2026-05-15 04:00:00+00:00,81230.0,920.0,2026-05-15 00:00:00+00:00,-0.00030767337394621563,0.027057782273359532,0.016582191352230824,0.0066443909563895604,0.009173763877355893,0.007519496426301231,-0.004298410063750646,0.04564112934969557,0.6647526372252517,-0.2405362181157352,34,-0.0025852517542779285,REGIME_OOS,True,True
2026-05-15 04:00:00+00:00,BTC,2026-05-15 08:00:00+00:00,81020.0,1123.0,2026-05-15 00:00:00+00:00,-0.0025852517542779285,0.014461904463782593,0.006897408811284311,-0.2608501319931044,0.009177629627202961,0.005522804840210949,-0.004834104023397234,0.04308064600138716,0.628196890084544,-0.08747694827967753,34,-0.0033325104912367287,REGIME_OOS,True,True
2026-05-15 08:00:00+00:00,BTC,2026-05-15 12:00:00+00:00,80750.0,698.0,2026-05-15 00:00:00+00:00,-0.0033325104912367287,0.01802824004034287,0.004978220286247614,-0.3270816497541772,0.009086221782237251,0.00243937259088689,-0.0049755238319934,0.042570012106092917,0.5573026050546427,-0.45725293528387456,34,-0.019256965944272397,REGIME_OOS,True,True
2026-05-15 12:00:00+00:00,BTC,2026-05-15 16:00:00+00:00,79195.0,5243.0,2026-05-15 00:00:00+00:00,-0.019256965944272397,-0.02846101944427404,-0.015232529221586688,-2.045029904456419,0.009699513816873034,-0.015771028037383172,-0.005550399131908246,0.04484667776495968,0.14833452948201106,3.409534312479226,34,0.00012627059789127593,REGIME_OOS,True,True
2026-05-15 16:00:00+00:00,BTC,2026-05-15 20:00:00+00:00,79205.0,2066.0,2026-05-15 00:00:00+00:00,0.00012627059789127593,-0.029588336192109765,-0.014740639383007847,0.14391446927861268,0.009694796717122771,-0.014602740152092397,-0.005944268693559351,0.04666072175537205,0.18704427186852884,0.519203059265681,34,-0.0005050186225616926,REGIME_OOS,True,True
2026-05-15 20:00:00+00:00,BTC,2026-05-16 00:00:00+00:00,79165.0,280.0,2026-05-15 00:00:00+00:00,-0.0005050186225616926,-0.025721494061903938,-0.03955110706703069,0.08142942902302679,0.009694394119886766,-0.01430327932639186,-0.0060720703328035475,0.048590891744158635,0.20563867397820954,-0.8121556779090273,34,,REGIME_OOS,True,False
2026-05-17 20:00:00+00:00,BTC,2026-05-18 00:00:00+00:00,77450.0,1208.0,2026-05-17 00:00:00+00:00,,-0.0465345315770036,-0.04199393901911064,,,-0.03350595869470274,-0.007351802647144412,0.05741895002074796,-0.08353485534994164,-0.11632340661374524,31,-0.006649451258876726,REGIME_OOS,False,True
2026-05-18 00:00:00+00:00,BTC,2026-05-18 04:00:00+00:00,76935.0,786.0,2026-05-18 00:00:00+00:00,-0.006649451258876726,-0.0504196494692668,-0.048658340546556156,-0.5519263579160559,0.009152955922049332,-0.03769301487832788,-0.008442350910092045,0.06732593931634835,-0.059858729949797525,-0.4070876645429625,27,0.0017547280171572588,REGIME_OOS,True,True
2026-05-18 04:00:00+00:00,BTC,2026-05-18 08:00:00+00:00,77070.0,726.0,2026-05-18 00:00:00+00:00,0.0017547280171572588,-0.04557275541795669,-0.05249569707401036,0.2880240350321553,0.009163239506311236,-0.03334441260026211,-0.010042551712063919,0.0722536212373196,0.03850876912118738,-0.46045496172896205,27,0.0030491760736992557,REGIME_OOS,True,True
2026-05-18 08:00:00+00:00,BTC,2026-05-18 12:00:00+00:00,77305.0,501.0,2026-05-18 00:00:00+00:00,0.0030491760736992557,-0.02386514300145215,-0.05309897109260164,0.4237078172769465,0.009107869588366532,-0.028019639522968265,-0.011094698467407293,0.0750776378545506,0.12679114149473758,-0.6317400116427233,27,-0.0120302697108855,REGIME_OOS,True,True
2026-05-18 12:00:00+00:00,BTC,2026-05-18 16:00:00+00:00,76375.0,2841.0,2026-05-18 00:00:00+00:00,-0.0120302697108855,-0.03573006754624075,-0.07075069959849134,-1.2192557339418726,0.009283728429155216,-0.037137192979138534,-0.012365854478489924,0.0819760537599808,0.04697510704927109,1.0779255504050742,27,0.007266775777414081,REGIME_OOS,True,True
2026-05-18 16:00:00+00:00,BTC,2026-05-18 20:00:00+00:00,76930.0,2442.0,2026-05-18 00:00:00+00:00,0.007266775777414081,-0.028232173308911812,-0.061772059271906876,0.9388655719657839,0.00930032952087304,-0.028943614859321176,-0.012404931056706703,0.08632750567473155,0.1647231420264111,0.7789847177381247,27,0.0009099181073703999,REGIME_OOS,True,True
2026-05-18 20:00:00+00:00,BTC,2026-05-19 00:00:00+00:00,77000.0,257.0,2026-05-18 00:00:00+00:00,0.0009099181073703999,-0.005810200129115595,-0.051490514905149,0.25178168039313564,0.009308184743906482,-0.026364038692546,-0.012971096159342443,0.08974252821314556,0.2062258082374353,-0.8280854574271387,27,-0.0031168831168830735,REGIME_OOS,True,True
2026-05-19 00:00:00+00:00,BTC,2026-05-19 04:00:00+00:00,76760.0,701.0,2026-05-19 00:00:00+00:00,-0.0031168831168830735,-0.0022746474296484465,-0.052170154966969196,-0.19279422670189955,0.009172743605133146,-0.027772940144580094,-0.013554254500384944,0.09354087947198782,0.20309301878119332,-0.49568294527175466,28,0.006318394997394394,REGIME_OOS,True,True
2026-05-19 04:00:00+00:00,BTC,2026-05-19 08:00:00+00:00,77245.0,319.0,2026-05-19 00:00:00+00:00,0.006318394997394394,0.002270663033605791,-0.045297243851192714,0.808186649719075,0.009267575648284433,-0.0204855409235295,-0.013581616660183204,0.09560172372939578,0.28571996273294603,-0.7718979299628909,28,-0.007508576606900075,REGIME_OOS,True,True
2026-05-19 08:00:00+00:00,BTC,2026-05-19 12:00:00+00:00,76665.0,402.0,2026-05-19 00:00:00+00:00,-0.007508576606900075,-0.008278895284910437,-0.0472255017709563,-0.723421646054623,0.009348133031564529,-0.02586387634131926,-0.014488307297373493,0.09810937393585503,0.23637711358519742,-0.7002333307155801,28,-0.002217439509554553,REGIME_OOS,True,True
2026-05-19 12:00:00+00:00,BTC,2026-05-19 16:00:00+00:00,76495.0,1387.0,2026-05-19 00:00:00+00:00,-0.002217439509554553,0.0015711947626841916,-0.05590867016352974,-0.12770590195134518,0.009313077226577083,-0.02627634556083469,-0.01537056812256854,0.10107918115084817,0.24004196253212162,0.019593759671731444,28,0.004640826197790604,REGIME_OOS,True,True
2026-05-19 16:00:00+00:00,BTC,2026-05-19 20:00:00+00:00,76850.0,1557.0,2026-05-19 00:00:00+00:00,0.004640826197790604,-0.001039906408423219,-0.04729436558606581,0.5964771029732818,0.009254918473367277,-0.01884431734034675,-0.01742210982151371,0.09659404414851076,0.30491222304168025,0.14354368043200486,28,0.00013012361743647283,REGIME_OOS,True,True
2026-05-19 20:00:00+00:00,BTC,2026-05-20 00:00:00+00:00,76860.0,293.0,2026-05-19 00:00:00+00:00,0.00013012361743647283,-0.0018181818181818299,-0.056585246102859976,0.1211923650257762,0.009233745315937274,-0.015725847761499878,-0.019578793532494365,0.08960614356249645,0.3245003396387465,-0.7806812772545133,28,-0.0018865469685142022,REGIME_OOS,True,True
2026-05-20 00:00:00+00:00,BTC,2026-05-20 04:00:00+00:00,76715.0,658.0,2026-05-20 00:00:00+00:00,-0.0018865469685142022,-0.0005862428348097914,-0.05529216181269625,-0.11344096936141865,0.009005670667119096,-0.014718536879824273,-0.021675895665197897,0.08247194292833866,0.3215327982194684,-0.5150273366612405,25,0.007951508831388843,REGIME_OOS,True,True
2026-05-20 04:00:00+00:00,BTC,2026-05-20 08:00:00+00:00,77325.0,832.0,2026-05-20 00:00:00+00:00,0.007951508831388843,0.0010356657388828072,-0.04098970606474017,1.0200358773923313,0.009150255746407593,-0.004387390838303862,-0.02349609289050658,0.07200670304656931,0.43906968861681667,-0.40447093138129214,25,0.0014225670869705276,REGIME_OOS,True,True
2026-05-20 08:00:00+00:00,BTC,2026-05-20 12:00:00+00:00,77435.0,581.0,2026-05-20 00:00:00+00:00,0.0014225670869705276,0.010043696602100027,-0.018381187805032617,0.2495767152356922,0.009082397284395074,-0.0006646319036218706,-0.02500695196787872,0.059567842527428326,0.4888424378755049,-0.5933394107619838,25,0.0007748434170595786,REGIME_OOS,True,True
2026-05-20 12:00:00+00:00,BTC,2026-05-20 16:00:00+00:00,77495.0,1993.0,2026-05-20 00:00:00+00:00,0.0007748434170595786,0.013072749852931498,-0.028397693079237674,0.14891663493769314,0.008165483221015983,0.0022147141078905364,-0.02635525480754708,0.04459395597281571,0.5496639972744425,0.5399196936601953,25,0.0024517710820053384,REGIME_OOS,True,True
2026-05-20 16:00:00+00:00,BTC,2026-05-20 20:00:00+00:00,77685.0,1071.0,2026-05-20 00:00:00+00:00,0.0024517710820053384,0.010865322055953142,-0.02166110446445435,0.2794956819740945,0.007915494296686473,0.00565384976358696,-0.026635509897041554,0.03873880440842493,0.6459479674173237,-0.16225850110187398,25,-0.0017377872176095321,REGIME_OOS,True,True
2026-05-20 20:00:00+00:00,BTC,2026-05-21 00:00:00+00:00,77550.0,349.0,2026-05-20 00:00:00+00:00,-0.0017377872176095321,0.008977361436377729,-0.01947148817802502,-0.2045772637613093,0.007879706958465944,0.004982796716149096,-0.026981803233831814,0.030918180576991923,0.6611607353072081,-0.7472562123051048,25,0.007672469374597091,REGIME_OOS,True,True
2026-05-21 00:00:00+00:00,BTC,2026-05-21 04:00:00+00:00,78145.0,606.0,2026-05-21 00:00:00+00:00,0.007672469374597091,0.018640422342436347,-0.021536342578100554,0.9772560016414585,0.007965160629637907,0.013363245563415393,-0.02657419808456729,0.022793387120744666,1.0862773045807357,-0.5461107264105063,27,-0.0026233284279224556,REGIME_OOS,True,True
2026-05-21 04:00:00+00:00,BTC,2026-05-21 08:00:00+00:00,77940.0,712.0,2026-05-21 00:00:00+00:00,-0.0026233284279224556,0.007953443258971848,-0.01739788199697423,-0.374542271098914,0.007778243763839969,0.010383852525959636,-0.025550266796022347,0.0244544268934697,0.9246205634339577,-0.4566263623796669,27,-0.00994354631768024,REGIME_OOS,True,True
2026-05-21 08:00:00+00:00,BTC,2026-05-21 12:00:00+00:00,77165.0,1103.0,2026-05-21 00:00:00+00:00,-0.00994354631768024,-0.0034867953767676596,-0.05336441145801385,-1.271422078568877,0.007891890466208393,0.00018794434255120507,-0.024491860281333988,0.024324358347912977,0.5077265899417804,-0.15892787742908038,27,0.0007775545908119685,REGIME_OOS,True,True
2026-05-21 12:00:00+00:00,BTC,2026-05-21 16:00:00+00:00,77225.0,1820.0,2026-05-21 00:00:00+00:00,0.0007775545908119685,-0.0034840957481128143,-0.053847096299926456,0.11855897118411365,0.005896771415816007,0.000865105157257906,-0.023377575146952267,0.02431571696641391,0.5355780238128656,0.515191312386338,27,0.006215603755260535,REGIME_OOS,True,True
2026-05-21 16:00:00+00:00,BTC,2026-05-21 20:00:00+00:00,77705.0,2227.0,2026-05-21 00:00:00+00:00,0.006215603755260535,0.00025744995816445737,-0.043689619100363064,1.232913490551097,0.0060313656621116376,0.006825109405823593,-0.022150355077192097,0.02508055947545136,0.7721274783564493,1.0692666076756059,27,-0.0009008429316003097,REGIME_OOS,True,True
2026-05-21 20:00:00+00:00,BTC,2026-05-22 00:00:00+00:00,77635.0,141.0,2026-05-21 00:00:00+00:00,-0.0009008429316003097,0.0010960670535138384,-0.0442570478887111,-0.0017388378109431182,0.005993361349712746,0.005097664784037059,-0.020221245785522646,0.023562296090665274,0.7163483883073933,-1.0121571981354427,27,0.0020609261286790304,REGIME_OOS,True,True
2026-05-22 00:00:00+00:00,BTC,2026-05-22 04:00:00+00:00,77795.0,235.0,2026-05-22 00:00:00+00:00,0.0020609261286790304,-0.004478853413526163,-0.03980498642310537,0.47256366742577766,0.00601524116732174,0.00660546422633268,-0.01862697044116035,0.024059509858673184,0.7745469157573623,-0.8822605174954101,29,-0.005334533067677838,REGIME_OOS,True,True
2026-05-22 04:00:00+00:00,BTC,2026-05-22 08:00:00+00:00,77380.0,347.0,2026-05-22 00:00:00+00:00,-0.005334533067677838,-0.00718501411342054,-0.041733746130031,-0.7717342604153284,0.006065804131771291,0.0009896059040017668,-0.01743747092483794,0.02382094247404722,0.5415435243622257,-0.7382737103038727,29,0.00019384853967441273,REGIME_OOS,True,True
2026-05-22 08:00:00+00:00,BTC,2026-05-22 12:00:00+00:00,77395.0,366.0,2026-05-22 00:00:00+00:00,0.00019384853967441273,0.0029806259314455463,-0.022728707620430555,0.16120807778712246,0.0060488592407359505,0.0007726101616016834,-0.016136029393055806,0.022884918236361077,0.5337606695213805,-0.7049617441893766,29,-0.00846307901027199,REGIME_OOS,True,True
2026-05-22 12:00:00+00:00,BTC,2026-05-22 16:00:00+00:00,76740.0,2173.0,2026-05-22 00:00:00+00:00,-0.00846307901027199,-0.006280349627711179,-0.031121772615365195,-1.288939933360417,0.005160757303068291,-0.00737291424136588,-0.015412594466137297,0.023896436387686015,0.19146386006052188,1.6213462423950895,29,-0.012314308053166578,REGIME_OOS,True,True
2026-05-22 16:00:00+00:00,BTC,2026-05-22 20:00:00+00:00,75795.0,2714.0,2026-05-22 00:00:00+00:00,-0.012314308053166578,-0.024580142847950626,-0.04256931724878421,-2.326720827106056,0.005605435013073118,-0.019044475937178507,-0.014794687530283013,0.028834223008353657,-0.16048167594670504,2.322182022977131,29,0.0015832178903620875,REGIME_OOS,True,True
2026-05-22 20:00:00+00:00,BTC,2026-05-23 00:00:00+00:00,75915.0,334.0,2026-05-22 00:00:00+00:00,0.0015832178903620875,-0.022154955883300076,-0.019819238218205304,0.41113140951602933,0.005621157800520789,-0.017122511733290158,-0.013879419748074162,0.03167771843049082,-0.04052225291608159,-0.881303034478762,29,,REGIME_OOS,True,False
2026-05-24 20:00:00+00:00,BTC,2026-05-25 00:00:00+00:00,76995.0,694.0,2026-05-24 00:00:00+00:00,,-0.01028343723889713,0.0007798791187365595,,,-0.0032332294427777075,-0.012861783589261266,0.03146821609790282,0.39725412356650425,-0.3942096951130065,28,-0.00012987856354307326,REGIME_OOS,False,True
2026-05-25 00:00:00+00:00,BTC,2026-05-25 04:00:00+00:00,76985.0,570.0,2026-05-25 00:00:00+00:00,-0.00012987856354307326,-0.00510467821142413,-0.0011028934734657048,0.09283960328557521,0.005506134720447264,-0.0034433211220566973,-0.011648957607006016,0.03128274240212058,0.38992905168623393,-0.5416480209610766,25,0.005195817367019462,REGIME_OOS,True,True
2026-05-25 04:00:00+00:00,BTC,2026-05-25 08:00:00+00:00,77385.0,453.0,2026-05-25 00:00:00+00:00,0.005195817367019462,-0.00012920731313392775,0.001034861910613749,1.0225399825427268,0.005588536931131147,0.0013003901170351995,-0.01025291636944825,0.03060430759621537,0.5424904276284271,-0.6764566890814253,25,-0.0006461200491051367,REGIME_OOS,True,True
2026-05-25 08:00:00+00:00,BTC,2026-05-25 12:00:00+00:00,77335.0,578.0,2026-05-25 00:00:00+00:00,-0.0006461200491051367,0.0077534532186605,0.012569558101473088,-0.05840482000057707,0.005552329394532074,0.0006469560716826361,-0.009410504081046711,0.03060619409069232,0.5211380764875787,-0.5213418038964588,25,0.0035559578457360352,REGIME_OOS,True,True
2026-05-25 12:00:00+00:00,BTC,2026-05-25 16:00:00+00:00,77610.0,641.0,2026-05-25 00:00:00+00:00,0.0035559578457360352,0.023946170591727656,0.008839204471597473,0.7202124828322977,0.005144962402110959,0.004091533920918655,-0.008974442807560101,0.030790063556980076,0.6328848806481605,-0.3875284508859062,25,-0.002899110939311944,REGIME_OOS,True,True
2026-05-25 16:00:00+00:00,BTC,2026-05-25 20:00:00+00:00,77385.0,131.0,2026-05-25 00:00:00+00:00,-0.002899110939311944,0.019363762102351245,0.004999999999999893,-0.5783818291154853,0.004987435046569976,0.0012518073575220612,-0.008441078590104456,0.03071712574474753,0.5407527503687761,-1.0690523802816159,25,-0.00045228403437358455,REGIME_OOS,True,True
2026-05-25 20:00:00+00:00,BTC,2026-05-26 00:00:00+00:00,77350.0,212.0,2026-05-25 00:00:00+00:00,-0.00045228403437358455,0.004610689005779545,0.007686294945284056,-0.03810835982679241,0.004982594195195747,0.0010158984877994826,-0.008132972039057829,0.03035616693390482,0.5334659672287166,-0.9401383068875774,25,-0.009696186166774368,REGIME_OOS,True,True
2026-05-26 00:00:00+00:00,BTC,2026-05-26 04:00:00+00:00,76600.0,684.0,2026-05-26 00:00:00+00:00,-0.009696186166774368,-0.005000974215756293,-0.008350055019742397,-1.8842711238179117,0.005248222384164719,-0.008080389516212594,-0.008108632296067175,0.03112842905437679,0.24041769014114645,-0.23521688972537777,30,0.00026109660574413773,REGIME_OOS,True,True
2026-05-26 04:00:00+00:00,BTC,2026-05-26 08:00:00+00:00,76620.0,231.0,2026-05-26 00:00:00+00:00,0.00026109660574413773,-0.00988563675130838,-0.0005869692819409078,0.1501526522292889,0.005089918008522909,-0.006840769821543691,-0.008261302165819884,0.029766493962127747,0.2701855707209819,-0.9026029998637763,30,0.00672148264160799,REGIME_OOS,True,True
2026-05-26 08:00:00+00:00,BTC,2026-05-26 12:00:00+00:00,77135.0,976.0,2026-05-26 00:00:00+00:00,0.00672148264160799,-0.0025861511605352883,0.008366559905876203,1.4637427322499699,0.005099369729747713,0.0003566449437473196,-0.008221570819082924,0.02816920523381648,0.5126608095893036,0.16988746422332715,30,-0.00952874829843775,REGIME_OOS,True,True
2026-05-26 12:00:00+00:00,BTC,2026-05-26 16:00:00+00:00,76400.0,3901.0,2026-05-26 00:00:00+00:00,-0.00952874829843775,-0.01559077438474421,-0.005855562784645385,-1.818702358745132,0.005364249804368443,-0.008683748706520444,-0.007407488498848536,0.029336696278978027,0.20399704779494887,4.3872322312664656,30,-0.006348167539267036,REGIME_OOS,True,True
2026-05-26 16:00:00+00:00,BTC,2026-05-26 20:00:00+00:00,75915.0,2362.0,2026-05-26 00:00:00+00:00,-0.006348167539267036,-0.018995929443690662,-0.012295081967213073,-1.0905429308508772,0.005376407161108864,-0.014138921805756266,-0.006791538276003095,0.0321820581148005,0.06065824766956916,1.6270394862182742,30,-0.0021734835012843234,REGIME_OOS,True,True
2026-05-26 20:00:00+00:00,BTC,2026-05-27 00:00:00+00:00,75750.0,449.0,2026-05-26 00:00:00+00:00,-0.0021734835012843234,-0.02068519715578543,-0.012579026266049675,-0.24346386630142627,0.005378161573658002,-0.015031336956804364,-0.006641677495020648,0.03413062270671609,0.05959382616694527,-0.5909294321800873,30,-0.0033663366336633693,REGIME_OOS,True,True
2026-05-27 00:00:00+00:00,BTC,2026-05-27 04:00:00+00:00,75495.0,213.0,2026-05-27 00:00:00+00:00,-0.0033663366336633693,-0.014425587467362888,-0.02366634335596507,-0.4509026122520381,0.005393892860456471,-0.016979387752444675,-0.006551927094449961,0.036658335177954665,0.03682054381303053,-0.8380622755289969,34,0.004371150407311841,REGIME_OOS,True,True
2026-05-27 04:00:00+00:00,BTC,2026-05-27 08:00:00+00:00,75825.0,316.0,2026-05-27 00:00:00+00:00,0.004371150407311841,-0.01037588097102582,-0.02079163169109577,0.9940476014603618,0.005226219794837229,-0.011414527936584484,-0.006490798118173768,0.03623958205632034,0.18502594983449142,-0.6956035458686226,34,-0.002637652489284492,REGIME_OOS,True,True
2026-05-27 08:00:00+00:00,BTC,2026-05-27 12:00:00+00:00,75625.0,325.0,2026-05-27 00:00:00+00:00,-0.002637652489284492,-0.019576067932845054,-0.024130589070262554,-0.29230905229664605,0.005210924510885,-0.012892762627630505,-0.00630811514012497,0.03733540233602385,0.1546772815893653,-0.6727895923757092,34,-0.005884297520661108,REGIME_OOS,True,True
2026-05-27 12:00:00+00:00,BTC,2026-05-27 16:00:00+00:00,75180.0,1803.0,2026-05-27 00:00:00+00:00,-0.005884297520661108,-0.01596858638743459,-0.03224560726008885,-0.8902404409174145,0.005263469366195873,-0.01728059397139947,-0.006710050013762903,0.03962315451899107,0.06387637023909887,0.9844090546354359,34,-0.003325352487363653,REGIME_OOS,True,True
2026-05-27 16:00:00+00:00,BTC,2026-05-27 20:00:00+00:00,74930.0,1255.0,2026-05-27 00:00:00+00:00,-0.003325352487363653,-0.012975037871303385,-0.033784655061250835,-0.3530103828859891,0.005220648652085038,-0.01938844283910146,-0.006782498605935272,0.04356987523075075,0.055003480353841706,0.3563586508720445,34,-0.008341118377152013,REGIME_OOS,True,True
2026-05-27 20:00:00+00:00,BTC,2026-05-28 00:00:00+00:00,74305.0,714.0,2026-05-27 00:00:00+00:00,-0.008341118377152013,-0.019075907590759056,-0.049139420308401016,-1.279774772382705,0.005361354759588621,-0.026618808703512076,-0.006495644625377994,0.04972236586585777,-0.035348796059401895,-0.2565224345948412,34,-0.015409461005315928,REGIME_OOS,True,True
2026-05-28 00:00:00+00:00,BTC,2026-05-28 04:00:00+00:00,73160.0,796.0,2026-05-28 00:00:00+00:00,-0.015409461005315928,-0.030929200609311924,-0.061329227610982806,-2.523520012498264,0.005594388310195398,-0.03988556317811531,-0.007179776495987666,0.06216310888200279,-0.14162754880592493,-0.1723815207521301,25,0.0017085839256423263,REGIME_OOS,True,True
2026-05-28 04:00:00+00:00,BTC,2026-05-28 08:00:00+00:00,73285.0,430.0,2026-05-28 00:00:00+00:00,0.0017085839256423263,-0.03349818661391357,-0.0502818635391693,0.7789871454618011,0.005650705870337394,-0.03589811053921166,-0.0086537997555991,0.0702019053048731,-0.01135521725960584,-0.5701109413814813,25,0.0012280821450501023,REGIME_OOS,True,True
2026-05-28 08:00:00+00:00,BTC,2026-05-28 12:00:00+00:00,73375.0,247.0,2026-05-28 00:00:00+00:00,0.0012280821450501023,-0.02975206611570247,-0.04985432178698612,0.6606356457014997,0.005509950363851113,-0.032416519139031985,-0.010053731296521984,0.07574875306654699,0.07205210875810225,-0.739617430988914,25,-0.0074275979557070215,REGIME_OOS,True,True
2026-05-28 12:00:00+00:00,BTC,2026-05-28 16:00:00+00:00,72830.0,1676.0,2026-05-28 00:00:00+00:00,-0.0074275979557070215,-0.03125831338121843,-0.0627372755935911,-0.9609905072104836,0.005563895582642732,-0.036710292240643816,-0.0118723526052128,0.08120147157453822,0.04791099805443849,0.8564251362605176,25,0.007483180008238444,REGIME_OOS,True,True
2026-05-28 16:00:00+00:00,BTC,2026-05-28 20:00:00+00:00,73375.0,1603.0,2026-05-28 00:00:00+00:00,0.007483180008238444,-0.02075270252235417,-0.05487215817608038,1.7774009068068037,0.005635973113268725,-0.026953552365480915,-0.013686679162214,0.08249876298388445,0.17328537555470896,0.8171363462317697,25,0.0014991482112436394,REGIME_OOS,True,True
2026-05-28 20:00:00+00:00,BTC,2026-05-29 00:00:00+00:00,73485.0,130.0,2026-05-28 00:00:00+00:00,0.0014991482112436394,-0.011035596527824487,-0.05540201812455814,0.6854164556094537,0.005674358284864706,-0.022822094047638797,-0.015497152582313323,0.08089965702213851,0.21789628179272158,-0.8700347837354024,25,-0.0019731918078519373,REGIME_OOS,True,True
2026-05-29 00:00:00+00:00,BTC,2026-05-29 04:00:00+00:00,73340.0,45.0,2026-05-29 00:00:00+00:00,-0.0019731918078519373,0.002460360852925003,-0.05220987335228744,0.054746100925347665,0.005615339057815832,-0.02212029493726586,-0.017203106203758867,0.07913482624674124,0.22047332399144884,-0.9573349178263718,22,0.001568039269157273,REGIME_OOS,True,True
2026-05-29 04:00:00+00:00,BTC,2026-05-29 08:00:00+00:00,73455.0,78.0,2026-05-29 00:00:00+00:00,0.001568039269157273,0.0023197107184280696,-0.050907681374765756,0.7099038232953846,0.005633114556520005,-0.018037076770370697,-0.01890532843163606,0.07554983715464696,0.2612559146428122,-0.9016039407710753,22,-0.001837859914233242,REGIME_OOS,True,True
2026-05-29 08:00:00+00:00,BTC,2026-05-29 12:00:00+00:00,73320.0,77.0,2026-05-29 00:00:00+00:00,-0.001837859914233242,-0.0007495741056218197,-0.044566067240031315,0.062197516982172574,0.005615674776451968,-0.017688177625342916,-0.020047343213351665,0.07414271133703787,0.2614306611349025,-0.8850938663502024,22,-0.007637752318603419,REGIME_OOS,True,True
2026-05-29 12:00:00+00:00,BTC,2026-05-29 16:00:00+00:00,72760.0,189.0,2026-05-29 00:00:00+00:00,-0.007637752318603419,-0.0009611423863792323,-0.04004221914374295,-0.9583537624927266,0.005586161879012388,-0.02266369812182456,-0.021577992117136402,0.07317194788079377,0.19026794040324713,-0.7037243933593255,22,,REGIME_OOS,True,False
2026-05-30 16:00:00+00:00,BTC,2026-05-30 20:00:00+00:00,74165.0,1.0,2026-05-30 00:00:00+00:00,,0.010766609880749511,-0.02305209774089445,,,-0.0018001648749137455,-0.022931255547884444,0.06494945477810361,0.47228360297920985,-0.8860635888320219,23,-0.00020225173599408564,REGIME_OOS,False,True
2026-05-30 20:00:00+00:00,BTC,2026-05-31 00:00:00+00:00,74150.0,1.0,2026-05-30 00:00:00+00:00,-0.00020225173599408564,0.009049465877389862,-0.03695045132800834,0.3627153465694095,0.005260265934053337,-0.0004886350233365144,-0.023717404607276116,0.05933222748965236,0.4917644247652466,-0.864625693525111,23,0.0014834794335805146,REGIME_OOS,True,True
2026-05-31 00:00:00+00:00,BTC,2026-05-31 04:00:00+00:00,74260.0,1.0,2026-05-31 00:00:00+00:00,0.0014834794335805146,0.012544314153258851,-0.03539650581282072,0.6289002575943611,0.005258068833265579,0.0021119110433380772,-0.024138589479367645,0.05522416545891704,0.5382425162207141,-0.8268285629883146,23,,REGIME_OOS,True,False
2026-05-31 08:00:00+00:00,BTC,2026-05-31 12:00:00+00:00,74120.0,1.0,2026-05-31 00:00:00+00:00,,0.00905316179974136,-0.042191639206564546,,,0.0013239307232983943,-0.02454516463155909,0.05118013015365772,0.5258680608924529,-0.7956974375254137,23,-0.004317323259579009,REGIME_OOS,False,True
2026-05-31 12:00:00+00:00,BTC,2026-05-31 16:00:00+00:00,73800.0,6.0,2026-05-31 00:00:00+00:00,-0.004317323259579009,0.00654664484451728,-0.04571022176246198,-0.47342390446541227,0.005267007719620225,-0.0018563038252030761,-0.024755949091264107,0.04771422930106525,0.4610953828156733,-0.765076930921255,23,-0.0006775067750677266,REGIME_OOS,True,True
2026-05-31 16:00:00+00:00,BTC,2026-05-31 20:00:00+00:00,73750.0,5.0,2026-05-31 00:00:00+00:00,-0.0006775067750677266,0.013606377130291447,-0.049735858781084885,0.2449403088172584,0.005098003523770799,-0.0011309229550271471,-0.025176788081393786,0.04128828315418794,0.4726091067820901,-0.7371436038581475,23,0.0010169491525424679,REGIME_OOS,True,True
2026-05-31 20:00:00+00:00,BTC,2026-06-01 00:00:00+00:00,73825.0,228.0,2026-05-31 00:00:00+00:00,0.0010169491525424679,-0.004584372682532201,-0.046003747496284775,0.62383948570663,0.005124046766887579,0.0011051821516472327,-0.02542059286082443,0.03445018705581977,0.5320805849285095,-0.4538760070966944,23,0.0014222824246528099,REGIME_OOS,True,True
2026-06-01 00:00:00+00:00,BTC,2026-06-01 04:00:00+00:00,73930.0,558.0,2026-06-01 00:00:00+00:00,0.0014222824246528099,-0.00296695886716114,-0.04421460892049123,0.6889541975432633,0.00505709039497316,0.0033794329610075113,-0.025279163508259428,0.029360187102432784,0.6151025689726469,-0.08381482482445686,28,-0.013661571757067503,REGIME_OOS,True,True
2026-06-01 04:00:00+00:00,BTC,2026-06-01 08:00:00+00:00,72920.0,682.0,2026-06-01 00:00:00+00:00,-0.013661571757067503,-0.018044707783463454,-0.04804177545691901,-2.270574034160598,0.005474451714433513,-0.008976563083969213,-0.025414805170379084,0.026084316095059686,0.15586358288038843,0.04402747822757577,28,-0.0050740537575425515,REGIME_OOS,True,True
2026-06-01 08:00:00+00:00,BTC,2026-06-01 12:00:00+00:00,72550.0,791.0,2026-06-01 00:00:00+00:00,-0.0050740537575425515,-0.02118186724230975,-0.05311929000261029,-0.4632850152083822,0.005478767796582525,-0.012827795939055253,-0.02513218389279903,0.027234826354382083,0.02899292354066281,0.1683230795056435,28,-0.018952446588559657,REGIME_OOS,True,True
2026-06-01 12:00:00+00:00,BTC,2026-06-01 16:00:00+00:00,71175.0,3594.0,2026-06-01 00:00:00+00:00,-0.018952446588559657,-0.03556910569105687,-0.07726712905944122,-2.9679237904856084,0.00611098432179039,-0.030227472460095273,-0.024698314066982974,0.03918482660907993,-0.2714075849219379,3.3533603686394615,28,0.008078679311555925,REGIME_OOS,True,True
2026-06-01 16:00:00+00:00,BTC,2026-06-01 20:00:00+00:00,71750.0,1994.0,2026-06-01 00:00:00+00:00,0.008078679311555925,-0.027118644067796627,-0.06086387434554974,1.812981680978271,0.006414024508794528,-0.021369605172078643,-0.024314048530949983,0.04406269736733589,0.015018225191084532,1.2149627819199238,28,-0.002717770034843192,REGIME_OOS,True,True
2026-06-01 20:00:00+00:00,BTC,2026-06-02 00:00:00+00:00,71555.0,270.0,2026-06-01 00:00:00+00:00,-0.002717770034843192,-0.03074839146630548,-0.057432654943028405,0.0034404595006302476,0.006160400602353681,-0.022816427281386664,-0.024052250821000487,0.04906376666484618,0.03496380664686169,-0.4779441537696571,28,-0.006917755572636408,REGIME_OOS,True,True
2026-06-02 00:00:00+00:00,BTC,2026-06-02 04:00:00+00:00,71060.0,606.0,2026-06-02 00:00:00+00:00,-0.006917755572636408,-0.038820505883944256,-0.061914191419141895,-0.6271145075982437,0.006083746100744067,-0.0284020796516139,-0.023502119563403312,0.05569730062484797,-0.009936376323110974,-0.012223376992689996,29,-0.010484097945398285,REGIME_OOS,True,True
2026-06-02 04:00:00+00:00,BTC,2026-06-02 08:00:00+00:00,70315.0,693.0,2026-06-02 00:00:00+00:00,-0.010484097945398285,-0.035724081184860146,-0.06861381548446921,-1.2355302028556971,0.006208580308115929,-0.03657295923435533,-0.02363644147042665,0.06550931738853626,-0.058286373485482386,0.08845993547283496,29,-0.009599658678802525,REGIME_OOS,True,True
2026-06-02 08:00:00+00:00,BTC,2026-06-02 12:00:00+00:00,69640.0,556.0,2026-06-02 00:00:00+00:00,-0.009599658678802525,-0.04011026878015167,-0.08156940323112427,-1.0460279352460955,0.006317238607687966,-0.04330146169908777,-0.02407894031211455,0.07703430965810792,-0.06210618218385369,-0.100398507095738,29,-0.03266800689259042,REGIME_OOS,True,True
2026-06-02 12:00:00+00:00,BTC,2026-06-02 16:00:00+00:00,67365.0,3191.0,2026-06-02 00:00:00+00:00,-0.03266800689259042,-0.05353003161222336,-0.10922314049586779,-4.640501855674092,0.008279755713206875,-0.0707410689960789,-0.025467247945560878,0.10182625913345417,-0.1947232432781925,3.1572625556278133,29,0.0014102278631336063,REGIME_OOS,True,True
2026-06-02 16:00:00+00:00,BTC,2026-06-02 20:00:00+00:00,67460.0,3385.0,2026-06-02 00:00:00+00:00,0.0014102278631336063,-0.05979094076655056,-0.10268688480978982,0.6932329666225288,0.00818962081466959,-0.06556684466053042,-0.02689751850004718,0.11877840612971724,-0.05200980377632947,2.850256768988891,29,-0.008523569522680075,REGIME_OOS,True,True
2026-06-02 20:00:00+00:00,BTC,2026-06-03 00:00:00+00:00,66885.0,1154.0,2026-06-02 00:00:00+00:00,-0.008523569522680075,-0.06526448186709521,-0.1073668757507007,-0.5000598250364046,0.008215706487932281,-0.06938400692900892,-0.02865381210646023,0.1352202917184688,-0.013118305301897788,0.3502086726187571,29,-0.014203483591238686,REGIME_OOS,True,True
2026-06-03 00:00:00+00:00,BTC,2026-06-03 04:00:00+00:00,65935.0,1048.0,2026-06-03 00:00:00+00:00,-0.014203483591238686,-0.07212215029552493,-0.1126438328510867,-1.1659395573442766,0.008398071604779215,-0.0782253723935944,-0.03068242028221535,0.15410043651199054,-0.007625897526303474,0.25086411464332753,23,0.021308864791082183,REGIME_OOS,True,True
2026-06-03 04:00:00+00:00,BTC,2026-06-03 08:00:00+00:00,67340.0,1151.0,2026-06-03 00:00:00+00:00,0.021308864791082183,-0.0423096067695371,-0.07955166757791143,3.1210304737038816,0.009666124371841861,-0.05407066375892433,-0.03305955188038545,0.1592255245049863,0.16041459792942342,0.33989700840272696,23,-0.0032670032670032434,REGIME_OOS,True,True
2026-06-03 08:00:00+00:00,BTC,2026-06-03 12:00:00+00:00,67120.0,810.0,2026-06-03 00:00:00+00:00,-0.0032670032670032434,-0.03618609994256172,-0.084123626935935,0.08417321498570107,0.009633341664602712,-0.052482609907852806,-0.035245833543296134,0.16278227865125725,0.17759015082783766,-0.002941806462190219,23,-0.014004767580452882,REGIME_OOS,True,True
2026-06-03 12:00:00+00:00,BTC,2026-06-03 16:00:00+00:00,66180.0,2306.0,2026-06-03 00:00:00+00:00,-0.014004767580452882,-0.017590737029614778,-0.09805792163543436,-1.0477436667740798,0.009578787688386495,-0.060393632314054035,-0.03791647543491572,0.16716272750239614,0.1387135265354635,1.4391744581561243,23,-0.008763977032336001,REGIME_OOS,True,True
2026-06-03 16:00:00+00:00,BTC,2026-06-03 20:00:00+00:00,65600.0,2489.0,2026-06-03 00:00:00+00:00,-0.008763977032336001,-0.027571894455973855,-0.09927227790745574,-0.5114744625714581,0.009559483880001758,-0.06296088647328335,-0.040646724376797616,0.17129125728936626,0.13243374198064267,1.508767023669606,23,-0.020807926829268242,REGIME_OOS,True,True
2026-06-03 20:00:00+00:00,BTC,2026-06-04 00:00:00+00:00,64235.0,1062.0,2026-06-03 00:00:00+00:00,-0.020807926829268242,-0.039620243701876334,-0.12456558773424187,-1.7358855273959442,0.009964929700031874,-0.07614753449974476,-0.04376725130274406,0.17957918575509965,0.07596681274860782,0.12923965457210226,23,0.0038919592122674818,REGIME_OOS,True,True
2026-06-04 00:00:00+00:00,BTC,2026-06-04 04:00:00+00:00,64485.0,3095.0,2026-06-04 00:00:00+00:00,0.0038919592122674818,-0.02199135512246908,-0.12247397428046536,0.8871362090306414,0.010081438850825462,-0.06633123993267331,-0.046696729027431494,0.1824082961001391,0.13635842584561725,2.0284812770436313,11,-0.010700162828564785,REGIME_OOS,True,True
2026-06-04 04:00:00+00:00,BTC,2026-06-04 08:00:00+00:00,63795.0,1422.0,2026-06-04 00:00:00+00:00,-0.010700162828564785,-0.052643302643302636,-0.13014725934006,-0.607967845309413,0.00987625178654382,-0.06956562956912993,-0.05005500321429368,0.18379624858287286,0.12150680383575321,0.36785018714821544,11,-0.01833999529743713,REGIME_OOS,True,True
2026-06-04 08:00:00+00:00,BTC,2026-06-04 12:00:00+00:00,62625.0,1832.0,2026-06-04 00:00:00+00:00,-0.01833999529743713,-0.0669696066746126,-0.14743720645293035,-1.3327841352392458,0.01007598815862363,-0.07903734586283717,-0.054026607088453416,0.18537544035238981,0.07363636891385948,0.6943431763319643,11,0.02363273453093817,REGIME_OOS,True,True
2026-06-04 12:00:00+00:00,BTC,2026-06-04 16:00:00+00:00,64105.0,3199.0,2026-06-04 00:00:00+00:00,0.02363273453093817,-0.03135388334844369,-0.1256819421713039,2.9248866167077607,0.011410812289880709,-0.05112217144337339,-0.05687935203229788,0.1800788256205274,0.2161122565786775,1.8642898452810197,11,-0.00514780438343343,REGIME_OOS,True,True
2026-06-04 16:00:00+00:00,BTC,2026-06-04 20:00:00+00:00,63775.0,2406.0,2026-06-04 00:00:00+00:00,-0.00514780438343343,-0.027820121951219523,-0.12348818031885656,-0.014280041852204129,0.011343500574662619,-0.04983611442193092,-0.05963183857947252,0.17364753362900504,0.21300419084324676,1.0238990521425302,11,0.0034496275970208323,REGIME_OOS,True,True
2026-06-04 20:00:00+00:00,BTC,2026-06-05 00:00:00+00:00,63995.0,685.0,2026-06-04 00:00:00+00:00,0.0034496275970208323,-0.0037362808437767514,-0.13712667700397763,0.7632870031155259,0.011438361816442208,-0.04143137460493407,-0.06120497514536616,0.1694992660876337,0.2555660531089656,-0.5121460049741072,11,-0.019063989374169865,REGIME_OOS,True,True
2026-06-05 00:00:00+00:00,BTC,2026-06-05 04:00:00+00:00,62775.0,967.0,2026-06-05 00:00:00+00:00,-0.019063989374169865,-0.026517794836008357,-0.15340525960890083,-1.226707130059124,0.011714994225455593,-0.0533423311680723,-0.06392837481119695,0.163171575291659,0.17309054243837393,-0.295627795374575,12,0.007566706491437758,REGIME_OOS,True,True
2026-06-05 04:00:00+00:00,BTC,2026-06-05 08:00:00+00:00,63250.0,2324.0,2026-06-05 00:00:00+00:00,0.007566706491437758,-0.008542989262481426,-0.14826286022084567,1.1079860721993675,0.011918264653701757,-0.04016874819794525,-0.06645208726166174,0.15093370903474235,0.23386496326874784,0.8736648441833232,12,-0.018814229249011882,REGIME_OOS,True,True
2026-06-05 08:00:00+00:00,BTC,2026-06-05 12:00:00+00:00,62060.0,1143.0,2026-06-05 00:00:00+00:00,-0.018814229249011882,-0.009021956087824301,-0.16270912034538587,-1.1461274752573871,0.012103152999398133,-0.05175179916573713,-0.0692167551508307,0.14125458335708532,0.13362746938334052,-0.24654919459125577,12,-0.023928456332581338,REGIME_OOS,True,True
2026-06-05 12:00:00+00:00,BTC,2026-06-05 16:00:00+00:00,60575.0,4470.0,2026-06-05 00:00:00+00:00,-0.023928456332581338,-0.05506590749551521,-0.17920054200542002,-1.4952704780354522,0.012540295195937277,-0.06750307881773399,-0.07220544022395037,0.1389760153496649,0.014282528190956498,2.7908553015888304,12,-0.0020635575732562694,REGIME_OOS,True,True
2026-06-05 16:00:00+00:00,BTC,2026-06-05 20:00:00+00:00,60450.0,5197.0,2026-06-05 00:00:00+00:00,-0.0020635575732562694,-0.05213641709133676,-0.1803389830508475,0.3525527712759006,0.012520700304714498,-0.06279796280648986,-0.07470448155161535,0.13571852262936823,0.03729261422934928,3.0529788644106017,12,0.012406947890818865,REGIME_OOS,True,True
2026-06-05 20:00:00+00:00,BTC,2026-06-06 00:00:00+00:00,61200.0,966.0,2026-06-05 00:00:00+00:00,0.012406947890818865,-0.04367528713180713,-0.17101252963088387,1.5125210667459918,0.012923671456546548,-0.04661388251697052,-0.07529944756156415,0.13695909623027197,0.15965106517205924,-0.6199160571337056,12,,REGIME_OOS,True,False
2026-06-06 08:00:00+00:00,BTC,2026-06-06 12:00:00+00:00,61070.0,6.0,2026-06-06 00:00:00+00:00,,-0.02716049382716046,-0.17394832950087924,,,-0.043880214958648245,-0.07614630597376526,0.13539792745457868,0.17591664227380038,-1.397594557266859,12,-0.0052398886523661314,REGIME_OOS,False,True
2026-06-06 12:00:00+00:00,BTC,2026-06-06 16:00:00+00:00,60750.0,25.0,2026-06-06 00:00:00+00:00,-0.0052398886523661314,-0.03952569169960474,-0.16689522764673614,0.07051555098437551,0.012846051975022386,-0.044300412170028,-0.07679616345962526,0.1351260058061439,0.17215480169240852,-1.3452528563991064,12,0.0018930041152263044,REGIME_OOS,True,True
2026-06-06 16:00:00+00:00,BTC,2026-06-06 20:00:00+00:00,60865.0,30.0,2026-06-06 00:00:00+00:00,0.0018930041152263044,-0.01925555913631971,-0.1610613370089593,0.6434883625255939,0.012855641380256987,-0.03865745310957547,-0.07687406411615372,0.13597484319773745,0.2157014327028191,-1.300425575599508,12,0.003121662696130789,REGIME_OOS,True,True
2026-06-06 20:00:00+00:00,BTC,2026-06-07 00:00:00+00:00,61055.0,19.0,2026-06-06 00:00:00+00:00,0.003121662696130789,0.007924061081304279,-0.14218475588338597,0.6982504725595478,0.012959467564091734,-0.03084609493120838,-0.07820209297833869,0.12607374210365843,0.2553329153516625,-1.2648193430182928,12,0.008680697731553444,REGIME_OOS,True,True
2026-06-07 00:00:00+00:00,BTC,2026-06-07 04:00:00+00:00,61585.0,74.0,2026-06-07 00:00:00+00:00,0.008680697731553444,0.018775847808105928,-0.14167247386759585,1.1005314906073436,0.012958377675212714,-0.018119783487320906,-0.07909844249201281,0.11179530169805402,0.33791999116152177,-1.1465432121396097,12,0.014695136802792996,REGIME_OOS,True,True
2026-06-07 04:00:00+00:00,BTC,2026-06-07 08:00:00+00:00,62490.0,27.0,2026-06-07 00:00:00+00:00,0.014695136802792996,0.021078431372548945,-0.12668576619383687,1.4936774418437209,0.013236003327264852,-0.0007515550793929515,-0.07886306157950018,0.09930484702639873,0.49243183890920095,-1.1117404822788777,12,0.0038406144983196278,REGIME_OOS,True,True
2026-06-07 08:00:00+00:00,BTC,2026-06-07 12:00:00+00:00,62730.0,18.0,2026-06-07 00:00:00+00:00,0.0038406144983196278,0.027181922384149404,-0.11722488038277512,0.6256092057475359,0.013319327219048317,0.0053931899957526674,-0.07823416177789344,0.08829705224803402,0.5610800684557716,-1.1055307334701456,12,-0.013550135501354976,REGIME_OOS,True,True
2026-06-07 12:00:00+00:00,BTC,2026-06-07 16:00:00+00:00,61880.0,33.0,2026-06-07 00:00:00+00:00,-0.013550135501354976,0.018600823045267445,-0.11996017919362867,-0.7003955331364963,0.013420287472678032,-0.006354801026081547,-0.07683829633319095,0.08418190825119971,0.4245110836984262,-1.0666935259657688,12,-0.007676147382029708,REGIME_OOS,True,True
2026-06-07 16:00:00+00:00,BTC,2026-06-07 20:00:00+00:00,61405.0,99.0,2026-06-07 00:00:00+00:00,-0.007676147382029708,0.008872093978476991,-0.11825100516944287,-0.24095831366546305,0.013386446628349426,-0.011537826928571748,-0.07581124586417853,0.07822194678667274,0.3524988522717578,-0.9906026230382479,12,0.03395488966696525,REGIME_OOS,True,True
2026-06-07 20:00:00+00:00,BTC,2026-06-08 00:00:00+00:00,63490.0,1114.0,2026-06-07 00:00:00+00:00,0.03395488966696525,0.03988207354025053,-0.05752245231203146,2.861379865919157,0.015055164258073836,0.022276251278046555,-0.07332223226888457,0.07692942934369493,0.7895673537174408,-0.261330448965485,12,-0.004410143329658167,REGIME_OOS,True,True
2026-06-08 00:00:00+00:00,BTC,2026-06-08 04:00:00+00:00,63210.0,1223.0,2026-06-08 00:00:00+00:00,-0.004410143329658167,0.02638629536413095,-0.06300029647198335,-0.10050653651578519,0.013973424360184677,0.017288758886792266,-0.07004266961208216,0.07820355536954546,0.7210738220928115,-0.14018884191049902,12,0.00221483942414169,REGIME_OOS,True,True
2026-06-08 04:00:00+00:00,BTC,2026-06-08 08:00:00+00:00,63350.0,644.0,2026-06-08 00:00:00+00:00,0.00221483942414169,0.01376220195231248,-0.05285190999476719,0.2984172987685912,0.013980876594877307,0.020161679925279508,-0.06782574234834426,0.07478052161384728,0.7696113839562468,-0.5224241522582659,12,0.004262036306235117,REGIME_OOS,True,True
2026-06-08 08:00:00+00:00,BTC,2026-06-08 12:00:00+00:00,63620.0,925.0,2026-06-08 00:00:00+00:00,0.004262036306235117,0.014187788936712797,-0.0351103359369076,0.442768234654771,0.013967764356901786,0.024637523604752687,-0.06537740748267062,0.07406045413990771,0.832667735985118,-0.2995255132173653,12,0.003536623703237929,REGIME_OOS,True,True
2026-06-08 12:00:00+00:00,BTC,2026-06-08 16:00:00+00:00,63845.0,2809.0,2026-06-08 00:00:00+00:00,0.003536623703237929,0.031755009696186276,-0.05190080190080193,0.3607369408683698,0.013785833255568357,0.028385501608739983,-0.06257785710079422,0.0732536532623634,0.8874960543889212,1.097826113670482,12,-0.005873600125303469,REGIME_OOS,True,True
2026-06-08 16:00:00+00:00,BTC,2026-06-08 20:00:00+00:00,63470.0,2075.0,2026-06-08 00:00:00+00:00,-0.005873600125303469,0.033629183291262965,-0.05438021454112041,-0.35999798209322487,0.013153886286610099,0.02177325230410121,-0.059018231119392195,0.07530099341999731,0.7891496023519775,0.5040048555045687,12,-0.004411533007720236,REGIME_OOS,True,True
2026-06-08 20:00:00+00:00,BTC,2026-06-09 00:00:00+00:00,63190.0,534.0,2026-06-08 00:00:00+00:00,-0.004411533007720236,-0.004725153567490925,-0.045179812632215155,-0.19725903170204584,0.013159895805204401,0.017314797672041138,-0.05589728858024001,0.0751123947436075,0.7305185147024585,-0.6445301383851101,12,-0.0042728279791106605,REGIME_OOS,True,True
2026-06-09 00:00:00+00:00,BTC,2026-06-09 04:00:00+00:00,62920.0,703.0,2026-06-09 00:00:00+00:00,-0.0042728279791106605,-0.0045878816642935805,-0.0408536585365854,-0.1837299388869412,0.01296862810408144,0.012267224389655329,-0.052016148096406756,0.07593932316011419,0.6615398173063841,-0.4795553984426319,8,0.005562619198982821,REGIME_OOS,True,True
2026-06-09 04:00:00+00:00,BTC,2026-06-09 08:00:00+00:00,63270.0,549.0,2026-06-09 00:00:00+00:00,0.005562619198982821,-0.0012628255722177961,-0.015022962559352426,0.5469493212702286,0.012956855966201136,0.01569617408265067,-0.04689974371724748,0.07340408830911958,0.7138324232916148,-0.5528383844260834,8,-0.008060692271218639,REGIME_OOS,True,True
2026-06-09 08:00:00+00:00,BTC,2026-06-09 12:00:00+00:00,62760.0,894.0,2026-06-09 00:00:00+00:00,-0.008060692271218639,-0.013517761710154064,-0.026750407071411963,-0.5408474368209975,0.012487176663687418,0.0056443310326041995,-0.04191044510321973,0.0680002803896321,0.5830045258675831,-0.2864380079918318,8,-0.02517527087316762,REGIME_OOS,True,True
2026-06-09 12:00:00+00:00,BTC,2026-06-09 16:00:00+00:00,61180.0,2641.0,2026-06-09 00:00:00+00:00,-0.02517527087316762,-0.04174171822382333,-0.04099067325025474,-1.9657901397769348,0.013229964588542207,-0.01965732873447179,-0.03819153330209857,0.06807873570677758,0.21125596663342786,1.0726590478074,8,0.016672115070284432,REGIME_OOS,True,True
2026-06-09 16:00:00+00:00,BTC,2026-06-09 20:00:00+00:00,62200.0,2740.0,2026-06-09 00:00:00+00:00,0.016672115070284432,-0.020009453285016576,-0.00678642714570854,1.3808899284325478,0.013521178451829236,-0.004214478113130471,-0.03382742822141305,0.06508539042579145,0.4352469412020237,1.0959671001188156,8,-0.0066720257234726965,REGIME_OOS,True,True
2026-06-09 20:00:00+00:00,BTC,2026-06-10 00:00:00+00:00,61785.0,646.0,2026-06-09 00:00:00+00:00,-0.0066720257234726965,-0.02223453078018678,-0.036190624756259226,-0.44281829609348095,0.013158770486034966,-0.011677197472606538,-0.02968452912188113,0.060697701666294644,0.307617139495565,-0.4631722296745597,8,-0.002184996358339353,REGIME_OOS,True,True
2026-06-10 00:00:00+00:00,BTC,2026-06-10 04:00:00+00:00,61650.0,630.0,2026-06-10 00:00:00+00:00,-0.002184996358339353,-0.020184361093452008,-0.033320266562132494,-0.1435793837440062,0.01235987191149589,-0.014455452667084923,-0.025778895646282884,0.05699196536956852,0.24635981452214287,-0.42672060348936447,10,0.0017842660178426506,REGIME_OOS,True,True
2026-06-10 04:00:00+00:00,BTC,2026-06-10 08:00:00+00:00,61760.0,554.0,2026-06-10 00:00:00+00:00,0.0017842660178426506,-0.02386597123439227,-0.03492460348464721,0.23790903899868845,0.012347468043891377,-0.013253021672964271,-0.022362904787789017,0.05377273707729299,0.2535364128124182,-0.4446610635618252,10,-0.010443652849740914,REGIME_OOS,True,True
2026-06-10 08:00:00+00:00,BTC,2026-06-10 12:00:00+00:00,61115.0,808.0,2026-06-10 00:00:00+00:00,-0.010443652849740914,-0.026210962396430837,-0.026443647949024318,-0.7708837632552208,0.01243793840007028,-0.0231915097656874,-0.019472327354506103,0.05605311394540858,0.08625831584888967,-0.2483875450223575,10,0.026261965147672317,REGIME_OOS,True,True
2026-06-10 12:00:00+00:00,BTC,2026-06-10 16:00:00+00:00,62720.0,2584.0,2026-06-10 00:00:00+00:00,0.026261965147672317,0.02517162471395884,-0.008379446640316202,2.2230585024551837,0.012958811089930498,0.002277176301386241,-0.016568759645334663,0.05607214995695206,0.5406115389392867,1.0998409088063275,10,-0.011559311224489832,REGIME_OOS,True,True
2026-06-10 16:00:00+00:00,BTC,2026-06-10 20:00:00+00:00,61995.0,1398.0,2026-06-10 00:00:00+00:00,-0.011559311224489832,-0.00329581993569128,-0.0010473735095068992,-0.9014620807828149,0.013050102771308563,-0.008726310445589469,-0.01433794847952341,0.056656964427670584,0.34597991555425356,0.19443909045010796,10,-0.006371481571094462,REGIME_OOS,True,True
2026-06-10 20:00:00+00:00,BTC,2026-06-11 00:00:00+00:00,61600.0,507.0,2026-06-10 00:00:00+00:00,-0.006371481571094462,-0.0029942542688354834,0.016921172100701654,-0.4487714261696419,0.012639736674694304,-0.014821656331090338,-0.01184410568270533,0.057508191744524706,0.2422687815166533,-0.48140934769805566,10,0.019642857142857073,REGIME_OOS,True,True
2026-06-11 00:00:00+00:00,BTC,2026-06-11 04:00:00+00:00,62810.0,1111.0,2026-06-11 00:00:00+00:00,0.019642857142857073,0.018815896188159043,0.03904052936310998,1.5619840613616192,0.012306217602191596,0.0034027189801428825,-0.008593655962343738,0.05500341601877549,0.5618637754968037,0.08087633313101558,9,-0.000796051584142643,REGIME_OOS,True,True
2026-06-11 04:00:00+00:00,BTC,2026-06-11 08:00:00+00:00,62760.0,434.0,2026-06-11 00:00:00+00:00,-0.000796051584142643,0.016191709844559643,0.025490196078431282,-0.17456367883375273,0.01229625801610803,0.0031889131320881337,-0.007724334826916257,0.05345380995058858,0.5596573590364446,-0.5091292871817122,9,0.006692160611854625,REGIME_OOS,True,True
2026-06-11 08:00:00+00:00,BTC,2026-06-11 12:00:00+00:00,63180.0,646.0,2026-06-11 00:00:00+00:00,0.006692160611854625,0.03378875889716104,0.03455051580153912,0.43084191729328414,0.012163317522898254,0.009926629261976627,-0.006399108032000278,0.05337832445087326,0.6859674196239087,-0.24560146308457925,9,-0.005698005698005715,REGIME_OOS,True,True
2026-06-11 12:00:00+00:00,BTC,2026-06-11 16:00:00+00:00,62820.0,1587.0,2026-06-11 00:00:00+00:00,-0.005698005698005715,0.0015943877551021224,0.034074074074074145,-0.5674381194419442,0.012171970937176455,0.004597609243193634,-0.005535888652461907,0.052235648634530896,0.5880166967076627,0.8138833983906619,9,0.013451130213307794,REGIME_OOS,True,True
2026-06-11 16:00:00+00:00,BTC,2026-06-11 20:00:00+00:00,63665.0,2671.0,2026-06-11 00:00:00+00:00,0.013451130213307794,0.026937656262601806,0.046003450258769396,1.0074355682759624,0.012376240625417076,0.018073950883308987,-0.004781555561214068,0.05243908132026662,0.8446656659166848,2.0221917146582142,9,-0.00015707217466420786,REGIME_OOS,True,True
2026-06-11 20:00:00+00:00,BTC,2026-06-12 00:00:00+00:00,63655.0,565.0,2026-06-11 00:00:00+00:00,-0.00015707217466420786,0.03336038961038956,0.042584554909507855,-0.1398645074999789,0.012376578476226707,0.018068700245100988,-0.003764250376425027,0.051486223757018036,0.85094242549956,-0.5109067302311328,9,-0.001806613777393773,REGIME_OOS,True,True
2026-06-12 00:00:00+00:00,BTC,2026-06-12 04:00:00+00:00,63540.0,517.0,2026-06-12 00:00:00+00:00,-0.001806613777393773,0.011622353128482699,0.031744743038077505,-0.26430949768778417,0.012313679665342709,0.01617256062211392,-0.0025705895208000262,0.05176895228772074,0.8123988396023586,-0.5951190945902849,12,-0.006924771797293006,REGIME_OOS,True,True
2026-06-12 04:00:00+00:00,BTC,2026-06-12 08:00:00+00:00,63100.0,757.0,2026-06-12 00:00:00+00:00,-0.006924771797293006,0.005417463352453744,0.009761561849896072,-0.6529184149864071,0.012122669093774944,0.009208427130273478,-0.0016613894996352352,0.05154055119958027,0.6786637301300038,-0.34467371684883874,12,0.011331220285261567,REGIME_OOS,True,True
2026-06-12 08:00:00+00:00,BTC,2026-06-12 12:00:00+00:00,63815.0,1099.0,2026-06-12 00:00:00+00:00,0.011331220285261567,0.010050648939537776,0.017296349434082536,0.9021798259285693,0.012272314677107017,0.019914014927520096,-0.00037704137549798844,0.05448574250598362,0.8654903835683815,0.02177089693388413,12,-0.003055707905664784,REGIME_OOS,True,True
2026-06-12 12:00:00+00:00,BTC,2026-06-12 16:00:00+00:00,63620.0,3040.0,2026-06-12 00:00:00+00:00,-0.003055707905664784,0.012734797835084466,0.028118939883645666,-0.3014743066017695,0.012000320544977296,0.01651314580620422,9.907271138032137e-05,0.05565561320456174,0.796702252574422,2.3338312083817274,12,0.0003929581892485601,REGIME_OOS,True,True
2026-06-12 16:00:00+00:00,BTC,2026-06-12 20:00:00+00:00,63645.0,1158.0,2026-06-12 00:00:00+00:00,0.0003929581892485601,-0.00031414434932852675,0.036479114078658004,-0.05007663867840647,0.011889207306994823,0.01619412189699143,0.0010749078935801126,0.057609325583996965,0.7811024384130264,-0.06763000198323886,12,-0.0033781129703825963,REGIME_OOS,True,True
2026-06-12 20:00:00+00:00,BTC,2026-06-13 00:00:00+00:00,63430.0,235.0,2026-06-12 00:00:00+00:00,-0.0033781129703825963,-0.0035346791296834157,-0.0009450307134981628,-0.3903521018231278,0.01018036642673162,0.010945400501249036,0.0029901112919263895,0.05421467710251542,0.7018899878450313,-1.2056629543425672,12,,REGIME_OOS,True,False
2026-06-13 08:00:00+00:00,BTC,2026-06-13 12:00:00+00:00,63950.0,1.0,2026-06-13 00:00:00+00:00,,0.006452628265659399,0.011707008384749251,,,0.0178137297422043,0.003963555423463827,0.05608985787328923,0.817592706019093,-1.4147884103494828,12,0.005785770132916257,REGIME_OOS,False,True
2026-06-13 12:00:00+00:00,BTC,2026-06-13 16:00:00+00:00,64320.0,4.0,2026-06-13 00:00:00+00:00,0.005785770132916257,0.01933438985736924,0.015311760063141389,0.5665159014417768,0.010197600583231893,0.021641583607989512,0.005919759694505311,0.05748053634191586,0.8765028126957137,-1.3207967672032093,12,7.773631840790607e-05,REGIME_OOS,True,True
2026-06-13 16:00:00+00:00,BTC,2026-06-13 20:00:00+00:00,64325.0,8.0,2026-06-13 00:00:00+00:00,7.773631840790607e-05,0.007991851445584786,0.011081420936812414,-0.027512171226634283,0.01019164699442076,0.01955500960909795,0.00787964471708369,0.05699370104460121,0.8431082602232638,-1.2630443881561058,12,0.00427516517683646,REGIME_OOS,True,True
2026-06-13 20:00:00+00:00,BTC,2026-06-14 00:00:00+00:00,64600.0,33.0,2026-06-13 00:00:00+00:00,0.00427516517683646,0.015403961018547685,0.011825514918944346,0.39131138445593716,0.010191823845933066,0.02161441962891364,0.00995286702944087,0.057052106258728384,0.8788540169033077,-1.1723239791101785,12,-0.0006191950464395912,REGIME_OOS,True,True
2026-06-14 00:00:00+00:00,BTC,2026-06-14 04:00:00+00:00,64560.0,8.0,2026-06-14 00:00:00+00:00,-0.0006191950464395912,0.014376620315814215,0.017173467780053464,-0.08896252238355964,0.010174366850867525,0.018208199604135222,0.012126910343550623,0.05041657928812335,0.8611549982413146,-1.143082410336426,13,-0.0003872366790582671,REGIME_OOS,True,True
2026-06-14 04:00:00+00:00,BTC,2026-06-14 08:00:00+00:00,64535.0,6.0,2026-06-14 00:00:00+00:00,-0.0003872366790582671,0.017420778811288118,0.02128501345149547,-0.05270152981953428,0.010111494539126931,0.016359233813020513,0.013159889263860025,0.051657389927487966,0.8166871929840839,-1.0724270386071004,13,0.001936933446966771,REGIME_OOS,True,True
2026-06-14 08:00:00+00:00,BTC,2026-06-14 12:00:00+00:00,64660.0,1.0,2026-06-14 00:00:00+00:00,0.001936933446966771,0.011102423768569292,0.027654164017800298,0.15873881356378058,0.010075166721571117,0.016195318209321075,0.014444347015074133,0.0489528696786065,0.8308349094884393,-1.0422700614342448,13,-0.010129910300030964,REGIME_OOS,True,True
2026-06-14 12:00:00+00:00,BTC,2026-06-14 16:00:00+00:00,64005.0,8.0,2026-06-14 00:00:00+00:00,-0.010129910300030964,-0.004897388059701524,0.011616880037932598,-1.0593742956270649,0.010227315127770507,0.004003937270342206,0.015251122354563718,0.03877079160579949,0.603272002053817,-0.9920887436027437,13,-0.003984063745019917,REGIME_OOS,True,True
2026-06-14 16:00:00+00:00,BTC,2026-06-14 20:00:00+00:00,63750.0,13.0,2026-06-14 00:00:00+00:00,-0.003984063745019917,-0.008938981733385143,0.015774378585086124,-0.42359993434161464,0.01020797885750826,-0.000732795949636933,0.014932840795378821,0.036181431125593744,0.47974662895192743,-0.9540759851830446,13,0.03239215686274499,REGIME_OOS,True,True
2026-06-14 20:00:00+00:00,BTC,2026-06-15 00:00:00+00:00,65815.0,813.0,2026-06-14 00:00:00+00:00,0.03239215686274499,0.018808049535603777,0.07576005230467464,3.1702802099895733,0.011669565460689075,0.02917145560168577,0.015871225599837224,0.04271061399411105,1.1830024875247138,-0.07057803696548508,13,0.002886879890602545,REGIME_OOS,True,True
2026-06-15 00:00:00+00:00,BTC,2026-06-15 04:00:00+00:00,66005.0,799.0,2026-06-15 00:00:00+00:00,0.002886879890602545,0.022382280049566328,0.06117363344051441,0.12926343182391622,0.010537471390239538,0.02986780463639449,0.01652125089810963,0.04979107685633044,1.0998625963157311,-0.022813773001453545,18,-0.004545110218922788,REGIME_OOS,True,True
2026-06-15 04:00:00+00:00,BTC,2026-06-15 08:00:00+00:00,65705.0,438.0,2026-06-15 00:00:00+00:00,-0.004545110218922788,0.018129697063608896,0.06344582018289224,-0.6509101473808044,0.010248616573224035,0.02288472016813259,0.01721030844901361,0.05084631576383065,0.9500762705094871,-0.38746768097297735,18,0.008979529716155454,REGIME_OOS,True,True
2026-06-15 08:00:00+00:00,BTC,2026-06-15 12:00:00+00:00,66295.0,526.0,2026-06-15 00:00:00+00:00,0.008979529716155454,0.02528611197030628,0.07534468775344694,0.7194077044186454,0.010210962628412342,0.029961237600304447,0.017542778009636883,0.057454369235646285,1.0214788361424691,-0.27071374734215947,18,0.01606455992156275,REGIME_OOS,True,True
2026-06-15 12:00:00+00:00,BTC,2026-06-15 16:00:00+00:00,67360.0,1945.0,2026-06-15 00:00:00+00:00,0.01606455992156275,0.05241777986094842,0.09067357512953378,1.3648316931828686,0.010485066093009428,0.04350385543381852,0.01844109373348335,0.06965653679916603,1.1245480673156214,1.464397306905388,18,-0.010911520190023727,REGIME_OOS,True,True
2026-06-15 16:00:00+00:00,BTC,2026-06-15 20:00:00+00:00,66625.0,1561.0,2026-06-15 00:00:00+00:00,-0.010911520190023727,0.045098039215686336,0.09015789904278826,-1.3016754610813874,0.0107769774342743,0.029657218805056784,0.01925376120169431,0.0734293134809694,0.9038880032937104,0.9087798529613909,18,-0.003602251407129442,REGIME_OOS,True,True
2026-06-15 20:00:00+00:00,BTC,2026-06-16 00:00:00+00:00,66385.0,374.0,2026-06-15 00:00:00+00:00,-0.003602251407129442,0.008660639671807413,0.05843431122448983,-0.5489193626575862,0.01056808119020926,0.023350457258912938,0.020588688768061303,0.07283274934146873,0.8206038144933512,-0.514126445477066,18,-0.0027114559011824912,REGIME_OOS,True,True
2026-06-16 00:00:00+00:00,BTC,2026-06-16 04:00:00+00:00,66205.0,314.0,2026-06-16 00:00:00+00:00,-0.0027114559011824912,0.0030300734792818584,0.0679087023147027,-0.4970573842932208,0.009605666807450798,0.018699102550786773,0.021351980399521686,0.07322131956613351,0.7553778416120707,-0.5386621117151489,20,0.001888074918812821,REGIME_OOS,True,True
2026-06-16 04:00:00+00:00,BTC,2026-06-16 08:00:00+00:00,66330.0,275.0,2026-06-16 00:00:00+00:00,0.001888074918812821,0.009512213682368209,0.07678571428571423,0.0325192133437013,0.009279821196222664,0.018498969293783807,0.022051911406290925,0.07245891197287355,0.7553028853194664,-0.5465543907850328,20,0.0026383235338458544,REGIME_OOS,True,True
2026-06-16 08:00:00+00:00,BTC,2026-06-16 12:00:00+00:00,66505.0,613.0,2026-06-16 00:00:00+00:00,0.0026383235338458544,0.003167659702843384,0.05882821206814204,0.06620506208959714,0.009143540428998063,0.018948723154060376,0.02265907890840313,0.07134175875133764,0.7656049344130449,-0.10766329963316915,20,-0.009021878054281673,REGIME_OOS,True,True
2026-06-16 12:00:00+00:00,BTC,2026-06-16 16:00:00+00:00,65905.0,1576.0,2026-06-16 00:00:00+00:00,-0.009021878054281673,-0.021600356294536827,0.05011153601019758,-1.2408932157722068,0.008761079406382028,0.007844996329826381,0.02382324206518205,0.06651664561055251,0.6179403479808333,1.135091978478417,20,-0.002731204005765875,REGIME_OOS,True,True
2026-06-16 16:00:00+00:00,BTC,2026-06-16 20:00:00+00:00,65725.0,927.0,2026-06-16 00:00:00+00:00,-0.002731204005765875,-0.013508442776735463,0.04028173472617924,-0.46797795962700495,0.008784660289528836,0.003730103885493108,0.0244060218364317,0.06320548598249694,0.5590155083456831,0.25815996750104514,20,-0.001065043742867977,REGIME_OOS,True,True
2026-06-16 20:00:00+00:00,BTC,2026-06-17 00:00:00+00:00,65655.0,215.0,2026-06-16 00:00:00+00:00,-0.001065043742867977,-0.010996460043684597,0.045128939828080306,-0.2697118207216685,0.008734624149728408,0.0016400320378351374,0.024711256464290843,0.06091969305038849,0.5269212130875092,-0.6395934700837124,20,0.003198537811286206,REGIME_OOS,True,True
2026-06-17 00:00:00+00:00,BTC,2026-06-17 04:00:00+00:00,65865.0,208.0,2026-06-17 00:00:00+00:00,0.003198537811286206,-0.005135563779170793,0.03455587842613683,0.2464706293746726,0.008648369996438442,0.0036647898269701606,0.025195393967040403,0.05836775385269474,0.5627879194429692,-0.600024210733356,23,-0.0049343353829803815,REGIME_OOS,True,True
2026-06-17 04:00:00+00:00,BTC,2026-06-17 08:00:00+00:00,65540.0,318.0,2026-06-17 00:00:00+00:00,-0.0049343353829803815,-0.011910146238504393,0.029612756264236983,-0.7257548342203631,0.008408817702476014,-0.002002390686979938,0.025386599547822186,0.05647781081697859,0.4645455328736303,-0.40373487654473794,23,-0.011290814769606361,REGIME_OOS,True,True
2026-06-17 08:00:00+00:00,BTC,2026-06-17 12:00:00+00:00,64800.0,554.0,2026-06-17 00:00:00+00:00,-0.011290814769606361,-0.025637170137583598,0.019830028328611915,-1.4294788270791634,0.008690276436093368,-0.013450866656009475,0.02514819219567932,0.05563381670877346,0.2582249888333062,-0.055443422843356654,23,0.01566358024691361,REGIME_OOS,True,True
2026-06-17 12:00:00+00:00,BTC,2026-06-17 16:00:00+00:00,65815.0,1761.0,2026-06-17 00:00:00+00:00,0.01566358024691361,-0.0013656020028829374,0.04302694136291607,1.7611974734956928,0.009115159476572524,0.0010266550058937174,0.02530694100713138,0.053099398878184954,0.5193345881042647,1.6589547174357338,23,-0.023095039124819583,REGIME_OOS,True,True
2026-06-17 16:00:00+00:00,BTC,2026-06-17 20:00:00+00:00,64295.0,3915.0,2026-06-17 00:00:00+00:00,-0.023095039124819583,-0.02175732217573223,0.007521742537021092,-2.6368892756174267,0.010028632578654986,-0.021820574553946703,0.024582944934078643,0.0547770113340196,0.10164722348780496,4.475430730020401,23,0.0033439614277936958,REGIME_OOS,True,True
2026-06-17 20:00:00+00:00,BTC,2026-06-18 00:00:00+00:00,64510.0,601.0,2026-06-17 00:00:00+00:00,0.0033439614277936958,-0.01743964663772757,0.013989311537252469,0.29339425601020513,0.009832573082972758,-0.018926461306830733,0.02458045717313051,0.05202132849191242,0.1361788163527361,-0.1274158770346209,23,-0.0023252208959850806,REGIME_OOS,True,True
2026-06-18 00:00:00+00:00,BTC,2026-06-18 04:00:00+00:00,64360.0,270.0,2026-06-18 00:00:00+00:00,-0.0023252208959850806,-0.022849768465801223,0.011234189645690895,-0.2502495681328884,0.009825299929931558,-0.021661472980162633,0.02454484573813631,0.04792322939730933,0.04799638395448273,-0.44139012087325996,22,0.002641392169049128,REGIME_OOS,True,True
2026-06-18 04:00:00+00:00,BTC,2026-06-18 08:00:00+00:00,64530.0,883.0,2026-06-18 00:00:00+00:00,0.002641392169049128,-0.015410436374732939,0.017341951757843255,0.2525791933166132,0.009835710443543375,-0.01811832640376132,0.022477285456468987,0.05091104466029753,0.1441179605593368,0.325903011534978,22,-0.00883310088331013,REGIME_OOS,True,True
2026-06-18 08:00:00+00:00,BTC,2026-06-18 12:00:00+00:00,63960.0,1016.0,2026-06-18 00:00:00+00:00,-0.00883310088331013,-0.012962962962962954,0.00015637216575448143,-0.9219236956332494,0.00995450895791197,-0.02527488436949943,0.02032771896652541,0.05612175672453473,0.049641959827497965,0.46013680018542386,22,-0.02564102564102566,REGIME_OOS,True,True
2026-06-18 12:00:00+00:00,BTC,2026-06-18 16:00:00+00:00,62320.0,2591.0,2026-06-18 00:00:00+00:00,-0.02564102564102566,-0.05310339588239765,-0.031094527363184077,-2.581128457185511,0.01093564568137645,-0.04781185422292844,0.017526689976508747,0.07204694127649612,-0.16362087516581603,2.3246755155453247,22,0.010109114249037265,REGIME_OOS,True,True
2026-06-18 16:00:00+00:00,BTC,2026-06-18 20:00:00+00:00,62950.0,2226.0,2026-06-18 00:00:00+00:00,0.010109114249037265,-0.020919200559919138,-0.021375825884181854,1.01537977035317,0.01112135677388689,-0.035721944793357996,0.014516402244673099,0.07873846356559777,0.04632154126810344,1.657384935684197,22,-0.0005559968228753265,REGIME_OOS,True,True
2026-06-18 20:00:00+00:00,BTC,2026-06-19 00:00:00+00:00,62915.0,435.0,2026-06-18 00:00:00+00:00,-0.0005559968228753265,-0.024724848860641746,-0.026083591331269362,0.009382224352135806,0.011082335107011785,-0.03296585062192825,0.010699693961566448,0.07938012768938842,0.08470902502295677,-0.42672470377004834,22,-0.002861002940475199,REGIME_OOS,True,True
2026-06-19 00:00:00+00:00,BTC,2026-06-19 04:00:00+00:00,62735.0,280.0,2026-06-19 00:00:00+00:00,-0.002861002940475199,-0.02524860161591047,-0.0282682775712515,-0.18404283034474617,0.011088481219726713,-0.03284115917228403,0.007171205246927936,0.08233429450487521,0.10112418075873017,-0.6165046960318505,15,-0.001354905555112751,REGIME_OOS,True,True
2026-06-19 04:00:00+00:00,BTC,2026-06-19 08:00:00+00:00,62650.0,265.0,2026-06-19 00:00:00+00:00,-0.001354905555112751,-0.02913373624670701,-0.029208956380258777,-0.04137627107520743,0.0110883573519853,-0.03136281762873294,0.004293344927176257,0.08485663137715407,0.1304022782929292,-0.6482018043235268,15,-0.0006384676775738063,REGIME_OOS,True,True
2026-06-19 08:00:00+00:00,BTC,2026-06-19 12:00:00+00:00,62610.0,280.0,2026-06-19 00:00:00+00:00,-0.0006384676775738063,-0.02110694183864914,-0.031704299412310566,0.026143953768688555,0.01107537098225355,-0.029283513246380788,0.001311044286749885,0.08662825183267088,0.1619634746532332,-0.6462591697015045,15,0.009583133684714973,REGIME_OOS,True,True
2026-06-19 12:00:00+00:00,BTC,2026-06-19 16:00:00+00:00,63210.0,966.0,2026-06-19 00:00:00+00:00,0.009583133684714973,0.01428112965340178,-0.012420904616826767,0.9568385190348585,0.011100645487773803,-0.017604936065057863,-0.001609862444042709,0.08424723877521884,0.2910324858001602,0.11216574725533644,15,-0.0034804619522227354,REGIME_OOS,True,True
2026-06-19 16:00:00+00:00,BTC,2026-06-19 20:00:00+00:00,62990.0,201.0,2026-06-19 00:00:00+00:00,-0.0034804619522227354,0.000635424940429008,-0.011921568627450974,-0.28136701943277276,0.011095351082426697,-0.01834276185578254,-0.004392545550743865,0.08017627167737415,0.27121957067805486,-0.8011841467546937,15,0.006270836640736688,REGIME_OOS,True,True
2026-06-19 20:00:00+00:00,BTC,2026-06-20 00:00:00+00:00,63385.0,21.0,2026-06-19 00:00:00+00:00,0.006270836640736688,0.007470396566796378,-0.036921674390336556,0.5958492239447128,0.009321177053066414,-0.010243437797660904,-0.006540226425865492,0.0767704128090025,0.3665704999770475,-1.0220783708202303,15,,REGIME_OOS,True,False
2026-06-20 12:00:00+00:00,BTC,2026-06-20 16:00:00+00:00,64180.0,35.0,2026-06-20 00:00:00+00:00,,0.02303339443691721,-0.027649420498447097,,,0.0033808211682397893,-0.00804635669157261,0.07282624058255482,0.5464231181123151,-0.9588808745365236,14,-0.005998753505765064,REGIME_OOS,False,True
2026-06-20 16:00:00+00:00,BTC,2026-06-20 20:00:00+00:00,63795.0,15.0,2026-06-20 00:00:00+00:00,-0.005998753505765064,0.018276137270550663,-0.02906932501331705,-0.5136393304536255,0.009327644334989066,-0.0011859888916287975,-0.009788053412214448,0.06854812474016071,0.48269844877413615,-0.9384362921687507,14,0.007602476683125747,REGIME_OOS,True,True
2026-06-20 20:00:00+00:00,BTC,2026-06-21 00:00:00+00:00,64280.0,15.0,2026-06-20 00:00:00+00:00,0.007602476683125747,0.02667305542245657,-0.030394449053473105,0.9766340247367162,0.009454031200730533,0.007657760046401174,-0.01120525030070807,0.06241949092494385,0.6226821932208518,-0.9123662219848865,14,0.0025668948350965337,REGIME_OOS,True,True
2026-06-21 00:00:00+00:00,BTC,2026-06-21 04:00:00+00:00,64445.0,5.0,2026-06-21 00:00:00+00:00,0.0025668948350965337,0.019538047777250434,-0.043274940617577196,0.3881088753418376,0.009289280921936243,0.011112113498099596,-0.01229579328748398,0.0578380453311984,0.6921246375887735,-0.8938288669378699,23,-0.0034913492125068224,REGIME_OOS,True,True
2026-06-21 04:00:00+00:00,BTC,2026-06-21 08:00:00+00:00,64220.0,7.0,2026-06-21 00:00:00+00:00,-0.0034913492125068224,0.019526909033179773,-0.03609756097560979,-0.2341727150988641,0.008694687003008125,0.00804062300112629,-0.012953219364214785,0.056202225168280044,0.6430659191348936,-0.8333540210683107,23,0.0034257240734973937,REGIME_OOS,True,True
2026-06-21 08:00:00+00:00,BTC,2026-06-21 12:00:00+00:00,64440.0,1.0,2026-06-21 00:00:00+00:00,0.0034257240734973937,0.016644316478662047,-0.02929878737666647,0.6203375448862729,0.008579408613190087,0.012586621411398768,-0.014427618761479688,0.04831184234229023,0.7605286985791649,-0.7852184911591095,23,-0.0031036623215394687,REGIME_OOS,True,True
2026-06-21 12:00:00+00:00,BTC,2026-06-21 16:00:00+00:00,64240.0,2.0,2026-06-21 00:00:00+00:00,-0.0031036623215394687,0.0009348706762231096,-0.02968053772373691,-0.1880844963687516,0.008575657881009214,0.009487516941994567,-0.014599924743454173,0.04816459096914843,0.6969811587950933,-0.7640209740275613,23,-0.0013231631382316644,REGIME_OOS,True,True
2026-06-21 16:00:00+00:00,BTC,2026-06-21 20:00:00+00:00,64155.0,19.0,2026-06-21 00:00:00+00:00,-0.0013231631382316644,0.005643075476134518,-0.03279059249208505,0.01751769963917981,0.00857249178643867,0.008433081572184253,-0.015037978132770191,0.04708457261237559,0.6791049828913104,-0.7286639304111204,23,-0.014340269659418592,REGIME_OOS,True,True
2026-06-21 20:00:00+00:00,BTC,2026-06-22 00:00:00+00:00,63235.0,550.0,2026-06-21 00:00:00+00:00,-0.014340269659418592,-0.01625700062227753,-0.049169235395834954,-1.506348150496781,0.008863177153398532,-0.005148496159276927,-0.015783907490678484,0.046084118171564506,0.3882804670340046,-0.1354374540585422,23,0.010832608523760667,REGIME_OOS,True,True
2026-06-22 00:00:00+00:00,BTC,2026-06-22 04:00:00+00:00,63920.0,1305.0,2026-06-22 00:00:00+00:00,0.010832608523760667,-0.008146481495849178,-0.03011911084136254,1.4442525105000936,0.009132211764730577,0.006111117669511668,-0.016405434779243055,0.044195157957472975,0.6382757286531741,0.6911095980988793,23,0.0033635794743429592,REGIME_OOS,True,True
2026-06-22 04:00:00+00:00,BTC,2026-06-22 08:00:00+00:00,64135.0,610.0,2026-06-22 00:00:00+00:00,0.0033635794743429592,-0.0013235752102148668,-0.024191707873716273,0.5539177258158196,0.009069296645101145,0.00935623736042368,-0.01632631577317778,0.04460947591572812,0.7097365451703257,-0.058253886044190815,23,0.0075621735401887324,REGIME_OOS,True,True
2026-06-22 08:00:00+00:00,BTC,2026-06-22 12:00:00+00:00,64620.0,437.0,2026-06-22 00:00:00+00:00,0.0075621735401887324,0.0027932960893854997,-0.015764222069910905,0.9751847138800569,0.009206258909962567,0.015151872187006532,-0.014637521652108076,0.04313299332966014,0.8512826497155608,-0.23747602489079878,23,0.002398638192510072,REGIME_OOS,True,True
2026-06-22 12:00:00+00:00,BTC,2026-06-22 16:00:00+00:00,64775.0,1980.0,2026-06-22 00:00:00+00:00,0.002398638192510072,0.00832814445828145,-0.016549001745995606,0.36253504860597885,0.009226320306763592,0.016130234090365292,-0.013362461906110679,0.044465653519601175,0.8627571577971956,1.4605242414878865,23,-0.005248938633732103,REGIME_OOS,True,True
2026-06-22 16:00:00+00:00,BTC,2026-06-22 20:00:00+00:00,64435.0,2166.0,2026-06-22 00:00:00+00:00,-0.005248938633732103,0.004364429896344779,-0.016859932865425642,-0.47965399229724204,0.009228243208810327,0.00959297429208239,-0.01213571945987113,0.04362926757711423,0.7198747497909952,1.5545851738513679,23,-0.007061379684953795,REGIME_OOS,True,True
2026-06-22 20:00:00+00:00,BTC,2026-06-23 00:00:00+00:00,63980.0,855.0,2026-06-22 00:00:00+00:00,-0.007061379684953795,0.011781450146279848,-0.012654320987654288,-0.6454424463716049,0.009266768972073828,0.0014870470376457945,-0.010994624987615165,0.040555925531893314,0.5366665787586663,0.07738263431120995,23,0.0009377930603313711,REGIME_OOS,True,True
2026-06-23 00:00:00+00:00,BTC,2026-06-23 04:00:00+00:00,64040.0,548.0,2026-06-23 00:00:00+00:00,0.0009377930603313711,0.001877346683354153,-0.026969535820101753,0.2281026273538231,0.009073437484222964,0.0013368879437725134,-0.00976692838772919,0.0362249439017442,0.5369051763723547,-0.25170383637382504,20,-0.01959712679575265,REGIME_OOS,True,True
2026-06-23 04:00:00+00:00,BTC,2026-06-23 08:00:00+00:00,62785.0,1279.0,2026-06-23 00:00:00+00:00,-0.01959712679575265,-0.02104934902939115,-0.023485496539388806,-2.0751524215834154,0.009154913089299457,-0.018420733780725618,-0.009056079370637016,0.0349430704745942,-0.027164142433295308,0.5589995030734863,20,-0.005574579915584965,REGIME_OOS,True,True
2026-06-23 08:00:00+00:00,BTC,2026-06-23 12:00:00+00:00,62435.0,924.0,2026-06-23 00:00:00+00:00,-0.005574579915584965,-0.03381306097183534,-0.032165555727794115,-0.3966025619757098,0.008275708388481517,-0.023300925310327014,-0.009174411467471888,0.039757887474364276,-0.08607050803067366,0.35252819498437127,20,-0.0005605830063265538,REGIME_OOS,True,True
2026-06-23 12:00:00+00:00,BTC,2026-06-23 16:00:00+00:00,62400.0,1761.0,2026-06-23 00:00:00+00:00,-0.0005605830063265538,-0.036665380162099526,-0.03045369794903663,0.0965620801132925,0.008229759046676353,-0.02339776195320442,-0.009217018610810479,0.04333377039320999,-0.039942906903634924,1.4620135170694566,20,-0.0009615384615384581,REGIME_OOS,True,True
2026-06-23 16:00:00+00:00,BTC,2026-06-23 20:00:00+00:00,62340.0,1169.0,2026-06-23 00:00:00+00:00,-0.0009615384615384581,-0.032513385582369825,-0.033937703393770335,0.06419576069382013,0.008228751899967494,-0.023538303096279578,-0.008959188076976266,0.04811912483201754,0.010832684957362391,0.5828560871447113,20,0.005213346166185406,REGIME_OOS,True,True
2026-06-23 20:00:00+00:00,BTC,2026-06-24 00:00:00+00:00,62665.0,304.0,2026-06-23 00:00:00+00:00,0.005213346166185406,-0.020553297905595458,-0.020247029393370863,0.8090831112468199,0.008285986830816841,-0.01728166606551973,-0.009107564359758902,0.05060530322987541,0.1585008889875131,-0.5562199015242801,20,0.0,REGIME_OOS,True,True
2026-06-24 00:00:00+00:00,BTC,2026-06-24 04:00:00+00:00,62665.0,323.0,2026-06-24 00:00:00+00:00,0.0,-0.02147095565271706,0.005535943517329889,0.16397156434775464,0.008167318739582503,-0.016410167868718628,-0.009049295172205762,0.052952607697885734,0.19009707770494041,-0.4994560402370034,23,-0.0013564190536982101,REGIME_OOS,True,True
2026-06-24 04:00:00+00:00,BTC,2026-06-24 08:00:00+00:00,62580.0,161.0,2026-06-24 00:00:00+00:00,-0.0013564190536982101,-0.003265111093413986,-0.005877680698967436,-0.0357754529131494,0.006723238554931016,-0.01643209090694764,-0.009226385125665648,0.054587589444064166,0.19897753181085914,-0.6864234411883559,23,0.004154682007031063,REGIME_OOS,True,True
2026-06-24 08:00:00+00:00,BTC,2026-06-24 12:00:00+00:00,62840.0,536.0,2026-06-24 00:00:00+00:00,0.004154682007031063,0.006486746216064709,-0.00119208455853137,0.655848310522376,0.006490597489403088,-0.011098390516993795,-0.00908111328039718,0.0543055683108551,0.29563070855893525,-0.04491683293350148,23,-0.0426479949077021,REGIME_OOS,True,True
2026-06-24 12:00:00+00:00,BTC,2026-06-24 16:00:00+00:00,60160.0,3097.0,2026-06-24 00:00:00+00:00,-0.0426479949077021,-0.03589743589743588,-0.04104566828723999,-6.500907083115037,0.010073930326087964,-0.050238979512094994,-0.010251053543609778,0.07144747423850667,-0.20315962946971097,4.065787334687272,23,-0.005402260638297851,REGIME_OOS,True,True
2026-06-24 16:00:00+00:00,BTC,2026-06-24 20:00:00+00:00,59835.0,2837.0,2026-06-24 00:00:00+00:00,-0.005402260638297851,-0.04018286814244465,-0.044932162809257825,-0.35199472355834954,0.010093335605878098,-0.051923564456838656,-0.011826083144269472,0.08522753735286644,-0.10923459798985087,2.8187693388892674,23,0.018801704687891663,REGIME_OOS,True,True
2026-06-24 20:00:00+00:00,BTC,2026-06-25 00:00:00+00:00,60960.0,899.0,2026-06-24 00:00:00+00:00,0.018801704687891663,-0.027208170430064627,-0.026353617632965953,2.0550890613168074,0.01078114664816943,-0.03158162292686029,-0.012772417600341313,0.08888819575617221,0.14470397156568113,0.17601951596182894,23,-0.0028707349081364963,REGIME_OOS,True,True
2026-06-25 00:00:00+00:00,BTC,2026-06-25 04:00:00+00:00,60785.0,301.0,2026-06-25 00:00:00+00:00,-0.0028707349081364963,-0.030000797893561026,-0.038364182882455355,-0.1485577611135382,0.01078434681728652,-0.03176992489586572,-0.01369959859547698,0.09225301104581886,0.15562181076033804,-0.542827245923428,17,0.016286912889693195,REGIME_OOS,True,True
2026-06-25 04:00:00+00:00,BTC,2026-06-25 08:00:00+00:00,61775.0,682.0,2026-06-25 00:00:00+00:00,0.016286912889693195,-0.012863534675615185,-0.019288775996189833,1.6348170172871332,0.011083856455869132,-0.0148549193464792,-0.013380136539069776,0.09316264564127191,0.3405485455653665,-0.07351613293620583,17,-0.010764872521246471,REGIME_OOS,True,True
2026-06-25 08:00:00+00:00,BTC,2026-06-25 12:00:00+00:00,61110.0,506.0,2026-06-25 00:00:00+00:00,-0.010764872521246471,-0.027530235518777868,-0.035891772501380426,-0.8701674420764272,0.011216346566734188,-0.0232714253748042,-0.014103149966120943,0.09415356766466934,0.25283543733907077,-0.2981526846823986,17,-0.027573228604156452,REGIME_OOS,True,True
2026-06-25 12:00:00+00:00,BTC,2026-06-25 16:00:00+00:00,59425.0,2798.0,2026-06-25 00:00:00+00:00,-0.027573228604156452,-0.01221742021276595,-0.07408850109068243,-2.3367995328850952,0.012090056982171707,-0.04661441830243618,-0.015860108944501405,0.1014714255932511,0.040615320718066804,2.38561166733872,17,-0.003533866217921733,REGIME_OOS,True,True
2026-06-25 16:00:00+00:00,BTC,2026-06-25 20:00:00+00:00,59215.0,1627.0,2026-06-25 00:00:00+00:00,-0.003533866217921733,-0.01036182836132693,-0.07179246022415553,-0.0862572877002804,0.012073761266987405,-0.04584657651234081,-0.01813034164369942,0.1050861167516983,0.06372375410284721,0.8311098917628892,17,0.007177235497762391,REGIME_OOS,True,True
2026-06-25 20:00:00+00:00,BTC,2026-06-26 00:00:00+00:00,59640.0,313.0,2026-06-25 00:00:00+00:00,0.007177235497762391,-0.021653543307086576,-0.07218419415059119,0.793959982369045,0.012061846330708477,-0.03500610806831328,-0.020262611819275578,0.1025230258028362,0.1585536976285295,-0.6734123805221062,17,0.006036217303822866,REGIME_OOS,True,True
2026-06-26 00:00:00+00:00,BTC,2026-06-26 04:00:00+00:00,60000.0,121.0,2026-06-26 00:00:00+00:00,0.006036217303822866,-0.012914370321625346,-0.06897354333152306,0.7013221328618734,0.012127788305966333,-0.025685369447928985,-0.022060189706674005,0.09773941107547973,0.23720560452228098,-0.9048581759094382,12,0.008333333333333304,REGIME_OOS,True,True
2026-06-26 04:00:00+00:00,BTC,2026-06-26 08:00:00+00:00,60500.0,133.0,2026-06-26 00:00:00+00:00,0.008333333333333304,-0.02063941723998386,-0.05792587978822794,0.8773827076854098,0.012279189594136297,-0.014782336105784721,-0.023489740780378132,0.09191778494624446,0.33917871699769825,-0.8997022611998403,12,-0.020000000000000018,REGIME_OOS,True,True
2026-06-26 08:00:00+00:00,BTC,2026-06-26 12:00:00+00:00,59290.0,195.0,2026-06-26 00:00:00+00:00,-0.020000000000000018,-0.0297823596792669,-0.07991930477963993,-1.4729618381906473,0.01266669736509789,-0.030737981289924443,-0.025243648254146378,0.08781072036404321,0.1499518377426836,-0.8390189644005769,12,0.008011469050430042,REGIME_OOS,True,True
2026-06-26 12:00:00+00:00,BTC,2026-06-26 16:00:00+00:00,59765.0,324.0,2026-06-26 00:00:00+00:00,0.008011469050430042,0.005721497686159038,-0.0696606475716065,0.8451728603680458,0.01281598443670699,-0.02055498879451978,-0.026244019673240415,0.08661812728188294,0.26269414452211265,-0.7063658712448364,12,,REGIME_OOS,True,False
2026-06-27 08:00:00+00:00,BTC,2026-06-27 12:00:00+00:00,60410.0,28.0,2026-06-27 00:00:00+00:00,,0.02018069745841422,-0.058374249863611616,,,-0.008339078761613994,-0.026586004237653782,0.08432399161956143,0.4011066886013081,-1.0656778008984213,13,0.00678695580201949,REGIME_OOS,False,True
2026-06-27 12:00:00+00:00,BTC,2026-06-27 16:00:00+00:00,60820.0,90.0,2026-06-27 00:00:00+00:00,0.00678695580201949,0.019785378940308407,-0.038190875306396754,0.7108725249311304,0.01292290500869779,-0.00031229967619450516,-0.026747292476524187,0.08125954190151169,0.49615676302269757,-0.9954059487328314,13,-0.011262742518908242,REGIME_OOS,True,True
2026-06-27 16:00:00+00:00,BTC,2026-06-27 20:00:00+00:00,60135.0,192.0,2026-06-27 00:00:00+00:00,-0.011262742518908242,0.0022500000000000853,-0.05921464330413018,-0.7126497019623419,0.012833913671196934,-0.009777082518576452,-0.02714299674319276,0.07855140766299158,0.3755326885990002,-0.8499048043127111,13,-0.0014134863224412042,REGIME_OOS,True,True
2026-06-27 20:00:00+00:00,BTC,2026-06-28 00:00:00+00:00,60050.0,23.0,2026-06-27 00:00:00+00:00,-0.0014134863224412042,-0.007438016528925617,-0.06369377095189832,0.041855319373033766,0.012606031288005684,-0.009043202745965262,-0.02801993426888172,0.07324254132953853,0.37653073498259254,-0.9905039400022533,13,0.0028309741881764605,REGIME_OOS,True,True
2026-06-28 00:00:00+00:00,BTC,2026-06-28 04:00:00+00:00,60220.0,20.0,2026-06-28 00:00:00+00:00,0.0028309741881764605,0.015685613088210593,-0.06809037449705968,0.4116943000617181,0.012598066809955472,-0.004228967809411177,-0.02932688526537286,0.06607954722912698,0.4360018646201145,-0.9578946915522311,15,-0.0002490866821653892,REGIME_OOS,True,True
2026-06-28 04:00:00+00:00,BTC,2026-06-28 08:00:00+00:00,60205.0,19.0,2026-06-28 00:00:00+00:00,-0.0002490866821653892,0.007362168493265209,-0.07055191045928211,0.16887701097023886,0.012465594584744059,-0.0025183491558560256,-0.030378486055776865,0.057549233229413285,0.45624009192586656,-0.933031417819343,15,0.003654181546383084,REGIME_OOS,True,True
2026-06-28 08:00:00+00:00,BTC,2026-06-28 12:00:00+00:00,60425.0,143.0,2026-06-28 00:00:00+00:00,0.003654181546383084,0.0002483032610494096,-0.06223325832234039,0.5046824997711437,0.012485176222214454,0.0031334951959991475,-0.031543517336514504,0.04275181023729291,0.5732950295813604,-0.7356646415303927,15,-0.008191973520893625,REGIME_OOS,True,True
2026-06-28 12:00:00+00:00,BTC,2026-06-28 16:00:00+00:00,59930.0,21.0,2026-06-28 00:00:00+00:00,-0.008191973520893625,-0.014633344294639916,-0.06330103157236633,-0.44827874085471686,0.01251826575726956,-0.004894167265119376,-0.03085428397173573,0.042991009409635364,0.38615835421574213,-0.8232754569441405,15,-0.010845986984815648,REGIME_OOS,True,True
2026-06-28 16:00:00+00:00,BTC,2026-06-28 20:00:00+00:00,59280.0,200.0,2026-06-28 00:00:00+00:00,-0.010845986984815648,-0.014218009478673022,-0.07432854465958771,-0.6512684372853923,0.012582707866162677,-0.015233317274947256,-0.030249038658261673,0.04492739679334418,0.1609347889659164,-0.5803003725462414,15,0.0064946018893388135,REGIME_OOS,True,True
2026-06-28 20:00:00+00:00,BTC,2026-06-29 00:00:00+00:00,59665.0,893.0,2026-06-28 00:00:00+00:00,0.0064946018893388135,-0.006411323896752696,-0.049693398104642794,0.7402215145281608,0.0126804442440917,-0.007770372803279413,-0.030372098723228658,0.043972993397429654,0.3232921572327246,0.2164602704026966,15,0.008380122349786356,REGIME_OOS,True,True
2026-06-29 00:00:00+00:00,BTC,2026-06-29 04:00:00+00:00,60165.0,943.0,2026-06-29 00:00:00+00:00,0.008380122349786356,-0.0009133178346064641,-0.036357812124609645,0.8686039984891648,0.01241592100246051,0.00106071005178765,-0.02991934455547507,0.04280252033278971,0.5247814858457068,0.2892063331228089,18,0.0004986287708801385,REGIME_OOS,True,True
2026-06-29 04:00:00+00:00,BTC,2026-06-29 08:00:00+00:00,60195.0,849.0,2026-06-29 00:00:00+00:00,0.0004986287708801385,-0.00016609916119925128,-0.0353365384615385,0.1772092478823565,0.012400096151028482,0.0028780993714829783,-0.030319552819916273,0.03398438304847892,0.5846888809891723,0.18184108055843573,18,-0.0019104576792092764,REGIME_OOS,True,True
2026-06-29 08:00:00+00:00,BTC,2026-06-29 12:00:00+00:00,60080.0,549.0,2026-06-29 00:00:00+00:00,-0.0019104576792092764,-0.005709557302441048,-0.03625280718639723,-0.033169961911251454,0.012399022052055519,0.0018217214225269007,-0.030115844477616283,0.02946593555656625,0.5618246591569993,-0.1271501766127656,18,-0.0023302263648469212,REGIME_OOS,True,True
2026-06-29 12:00:00+00:00,BTC,2026-06-29 16:00:00+00:00,59940.0,3786.0,2026-06-29 00:00:00+00:00,-0.0023302263648469212,0.00016686133822796378,-0.04348519907444348,-0.06339883717711217,0.012399322483741496,-0.0009417216004267148,-0.028366864729441055,0.028194609674307036,0.4665992325729958,3.6874693805369834,18,0.00992659325992662,REGIME_OOS,True,True
2026-06-29 16:00:00+00:00,BTC,2026-06-29 20:00:00+00:00,60535.0,1584.0,2026-06-29 00:00:00+00:00,0.00992659325992662,0.02117071524966252,-0.03399026569855579,0.9287893745606551,0.012517789336681613,0.007866805411030242,-0.02626984139850752,0.026419270819279344,0.7977676963472213,0.8091805446192514,18,-0.00280829272321792,REGIME_OOS,True,True
2026-06-29 20:00:00+00:00,BTC,2026-06-30 00:00:00+00:00,60365.0,215.0,2026-06-29 00:00:00+00:00,-0.00280829272321792,0.011732171289700721,-0.035394694790667924,-0.10989442368400812,0.012517206678209193,0.004430208614987885,-0.02444379153504772,0.02589835114269625,0.6710614158630412,-0.5617182880811293,18,-0.011099146856622166,REGIME_OOS,True,True
2026-06-30 00:00:00+00:00,BTC,2026-06-30 04:00:00+00:00,59695.0,685.0,2026-06-30 00:00:00+00:00,-0.011099146856622166,-0.007811850743787874,-0.05004774029280712,-0.76477762707084,0.012638447878735675,-0.006466001481271855,-0.023184998764420484,0.02656560602386774,0.2566025229967444,-0.10891219848233227,12,-0.002177736828880117,REGIME_OOS,True,True
2026-06-30 04:00:00+00:00,BTC,2026-06-30 08:00:00+00:00,59565.0,541.0,2026-06-30 00:00:00+00:00,-0.002177736828880117,-0.010465985546972312,-0.009890292553191515,-0.025850642648370274,0.012587462500587272,-0.007857687166610505,-0.022465461235987028,0.026812311945574863,0.20693735092444002,-0.25340224568944353,12,-0.00528834046839588,REGIME_OOS,True,True
2026-06-30 08:00:00+00:00,BTC,2026-06-30 12:00:00+00:00,59250.0,668.0,2026-06-30 00:00:00+00:00,-0.00528834046839588,-0.013814913448734978,-0.009776886437703691,-0.25630543179332493,0.010019896639102115,-0.013071596033963684,-0.020843153212955823,0.02707879635160369,0.017275588462796525,-0.05255207871781583,12,-0.013839662447257428,REGIME_OOS,True,True
2026-06-30 12:00:00+00:00,BTC,2026-06-30 16:00:00+00:00,58430.0,2876.0,2026-06-30 00:00:00+00:00,-0.013839662447257428,-0.0251918585251919,-0.04150262467191601,-1.2997019105046752,0.010268376819204925,-0.025647011739594494,-0.020074677473384872,0.03605582585766925,-0.21131394523693062,2.6340684813876116,12,0.008471675509156285,REGIME_OOS,True,True
2026-06-30 16:00:00+00:00,BTC,2026-06-30 20:00:00+00:00,58925.0,1432.0,2026-06-30 00:00:00+00:00,0.008471675509156285,-0.026596184025770242,-0.030599654520029662,0.9319589694624796,0.009737538711108674,-0.016174475633935148,-0.019612256289295305,0.03856000417914382,0.08053750308762984,0.7677458114062677,12,-0.004412388629613906,REGIME_OOS,True,True
2026-06-30 20:00:00+00:00,BTC,2026-07-01 00:00:00+00:00,58665.0,286.0,2026-06-30 00:00:00+00:00,-0.004412388629613906,-0.02816201441232502,-0.05034399028733305,-0.305007665945962,0.009749397367619261,-0.018750209079048563,-0.01990967287153389,0.03988877667607163,0.029937725809063703,-0.4894566792164654,12,0.012528765021733612,REGIME_OOS,True,True
2026-07-01 00:00:00+00:00,BTC,2026-07-01 04:00:00+00:00,59400.0,944.0,2026-07-01 00:00:00+00:00,0.012528765021733612,-0.004941787419381893,-0.027982326951399128,1.4382958890330466,0.009534836063419738,-0.005845261656004075,-0.01905841559938337,0.039913854058010456,0.3535530633672059,0.21994704127951079,15,-0.009680134680134733,REGIME_OOS,True,True
2026-07-01 04:00:00+00:00,BTC,2026-07-01 08:00:00+00:00,58825.0,510.0,2026-07-01 00:00:00+00:00,-0.009680134680134733,-0.01242340300512046,-0.010096760622633538,-0.8454377084467803,0.009500953861120983,-0.014458517624983291,-0.01835244120854096,0.04194267923220147,0.1552791121201736,-0.2529788289261753,15,-0.0026349341266468373,REGIME_OOS,True,True
2026-07-01 08:00:00+00:00,BTC,2026-07-01 12:00:00+00:00,58670.0,389.0,2026-07-01 00:00:00+00:00,-0.0026349341266468373,-0.009789029535865024,-0.009203749050071819,-0.11073281081046472,0.00814238151451272,-0.0157774217629445,-0.017704569011401494,0.04374721196360082,0.1393502338829774,-0.32851832354858695,15,0.028293846940514733,REGIME_OOS,True,True
2026-07-01 12:00:00+00:00,BTC,2026-07-01 16:00:00+00:00,60330.0,4786.0,2026-07-01 00:00:00+00:00,0.028293846940514733,0.03251754235837745,0.0115694164989939,3.5671918843873622,0.009693194402373796,0.011963919536036371,-0.016160307611063462,0.04418312821964856,0.7707802733332945,4.893214096481136,15,-0.002403447704293016,REGIME_OOS,True,True
2026-07-01 16:00:00+00:00,BTC,2026-07-01 20:00:00+00:00,60185.0,1640.0,2026-07-01 00:00:00+00:00,-0.002403447704293016,0.021383114128128877,0.003083333333333327,-0.27986451586443345,0.009616641408468032,0.009734962398131097,-0.014976615821916672,0.04328910738284842,0.7248824932340395,0.756177971084061,15,0.0,REGIME_OOS,True,True
2026-07-01 20:00:00+00:00,BTC,2026-07-02 00:00:00+00:00,60185.0,1099.0,2026-07-01 00:00:00+00:00,0.0,0.025909826983721018,-0.005206611570247932,0.0010422196276541921,0.009548682017002829,0.009519017067136426,-0.013528562044242465,0.043898549280747406,0.7168412674928892,0.23435893717729736,15,0.017944670598986523,REGIME_OOS,True,True
2026-07-02 00:00:00+00:00,BTC,2026-07-02 04:00:00+00:00,61265.0,1310.0,2026-07-02 00:00:00+00:00,0.017944670598986523,0.03139730639730631,0.0333108449991566,1.9014038233282937,0.009996017174890261,0.02592656164309015,-0.010978045565058325,0.0498819863967275,1.0197580031574482,0.39373488296683096,11,-0.015751244593160907,REGIME_OOS,True,True
2026-07-02 04:00:00+00:00,BTC,2026-07-02 08:00:00+00:00,60300.0,670.0,2026-07-02 00:00:00+00:00,-0.015751244593160907,0.025074373140671513,0.008951727599765702,-1.5866712040039441,0.009727782662831379,0.00923035724746235,-0.009637012492976105,0.050600661489825186,0.6824157427135281,-0.20532941040702854,11,0.020646766169154285,REGIME_OOS,True,True
2026-07-02 08:00:00+00:00,BTC,2026-07-02 12:00:00+00:00,61545.0,755.0,2026-07-02 00:00:00+00:00,0.020646766169154285,0.049002897562638426,0.018788280086078357,2.096674410078104,0.010330252439918482,0.028879508505036178,-0.008200676149561992,0.057016236271796236,1.0065137650855736,-0.1407108852631716,11,0.0043870338776506035,REGIME_OOS,True,True
2026-07-02 12:00:00+00:00,BTC,2026-07-02 16:00:00+00:00,61815.0,2324.0,2026-07-02 00:00:00+00:00,0.0043870338776506035,0.02461461959224276,0.01635975008220969,0.35963149356120483,0.010290480891410948,0.031995792882960394,-0.0066649640798402965,0.0641429564674206,0.9988200520381626,1.2480374685652889,11,-0.0025074820027501943,REGIME_OOS,True,True
2026-07-02 16:00:00+00:00,BTC,2026-07-02 20:00:00+00:00,61660.0,1379.0,2026-07-02 00:00:00+00:00,-0.0025074820027501943,0.02450776771620844,0.025359607549679808,-0.30119431752471787,0.010064350642865903,0.028052186236505294,-0.005130476323175315,0.06923092879995948,0.9051973117038663,0.3258408594526887,11,0.00218942588387927,REGIME_OOS,True,True
2026-07-02 20:00:00+00:00,BTC,2026-07-03 00:00:00+00:00,61795.0,390.0,2026-07-02 00:00:00+00:00,0.00218942588387927,0.0267508515410817,0.029059117402164825,0.12972833982687398,0.010057486382643047,0.028712216113633726,-0.0033043302239611494,0.07421960058315624,0.886854899353227,-0.5914151363173692,11,-0.0029128570272676235,REGIME_OOS,True,True
2026-07-03 00:00:00+00:00,BTC,2026-07-03 04:00:00+00:00,61615.0,121.0,2026-07-03 00:00:00+00:00,-0.0029128570272676235,0.005712886640006465,0.02316506144138164,-0.38943612104867564,0.01007615982073507,0.02479448808093232,-0.0020606356351372535,0.07739922465192257,0.8203454323016467,-0.85028340058082,19,0.006248478454921713,REGIME_OOS,True,True
2026-07-03 04:00:00+00:00,BTC,2026-07-03 08:00:00+00:00,62000.0,145.0,2026-07-03 00:00:00+00:00,0.006248478454921713,0.028192371475953548,0.029814799435262884,0.5394960118795722,0.010122282396563324,0.029797694581935374,-0.0005113153421164585,0.08214176009457808,0.8627593875225741,-0.8340243160142575,19,0.0033064516129033272,REGIME_OOS,True,True
2026-07-03 08:00:00+00:00,BTC,2026-07-03 12:00:00+00:00,62205.0,203.0,2026-07-03 00:00:00+00:00,0.0033064516129033272,0.01072386058981234,0.02945800579230462,0.22499230929706376,0.010119371342731501,0.031053429800353083,0.0017833392279835714,0.08666274154317316,0.8583250338887909,-0.7881235513932493,19,-0.0014468290330359457,REGIME_OOS,True,True
2026-07-03 12:00:00+00:00,BTC,2026-07-03 16:00:00+00:00,62115.0,481.0,2026-07-03 00:00:00+00:00,-0.0014468290330359457,0.004853190973064692,0.036459202402803204,-0.2435184828123566,0.009981692857671727,0.027390462958368555,0.003249080699332385,0.08945021225295044,0.8062090325835424,-0.5383770166598424,19,0.004507767849955657,REGIME_OOS,True,True
2026-07-03 16:00:00+00:00,BTC,2026-07-03 20:00:00+00:00,62395.0,137.0,2026-07-03 00:00:00+00:00,0.004507767849955657,0.01192020759000978,0.05254723346828616,0.3271493947531887,0.009730987444278484,0.029344441465778637,0.005004609181223696,0.0914907131106921,0.82073683183861,-0.8746773518027986,19,0.00833400112188487,REGIME_OOS,True,True
2026-07-03 20:00:00+00:00,BTC,2026-07-04 00:00:00+00:00,62915.0,212.0,2026-07-03 00:00:00+00:00,0.00833400112188487,0.018124443725220596,0.054470795273610984,0.6761848433965288,0.009767612755765383,0.03409735291458804,0.008069126065596954,0.09052588725560247,0.876658588479926,-0.8024446533209816,19,,REGIME_OOS,True,False
2026-07-04 12:00:00+00:00,BTC,2026-07-04 16:00:00+00:00,63190.0,35.0,2026-07-04 00:00:00+00:00,,0.025561957315588746,0.050278401063741374,,,0.034989660749749296,0.010796899419883044,0.09138099550030516,0.8828986602540607,-0.9344500689146741,21,0.00506409241968675,REGIME_OOS,False,True
2026-07-04 16:00:00+00:00,BTC,2026-07-04 20:00:00+00:00,63510.0,57.0,2026-07-04 00:00:00+00:00,0.00506409241968675,0.024354838709677473,0.055071019187640236,0.33260165942141834,0.009709350605732766,0.03611981205951453,0.014224894641134522,0.08997137663897568,0.9014589240359289,-0.8744176226876879,21,-0.0033852936545425427,REGIME_OOS,True,True
2026-07-04 20:00:00+00:00,BTC,2026-07-05 00:00:00+00:00,63295.0,20.0,2026-07-04 00:00:00+00:00,-0.0033852936545425427,0.017522707177879626,0.05351198402130497,-0.5242500491296699,0.009751789977959694,0.029341811573285304,0.01671213624338619,0.0892416068308016,0.8287907133823383,-0.8731298885112894,21,-0.004028754245991029,REGIME_OOS,True,True
2026-07-05 00:00:00+00:00,BTC,2026-07-05 04:00:00+00:00,63040.0,24.0,2026-07-05 00:00:00+00:00,-0.004028754245991029,0.014891733075746538,0.05171838505171844,-0.5746764496917696,0.0097855108686766,0.021693151706198455,0.018978634998175092,0.0816842055955448,0.7655733938775254,-0.8454218881470782,22,0.0038071065989848663,REGIME_OOS,True,True
2026-07-05 04:00:00+00:00,BTC,2026-07-05 08:00:00+00:00,63280.0,18.0,2026-07-05 00:00:00+00:00,0.0038071065989848663,0.014183828832438516,0.04534566779549021,0.23528119469280206,0.009766707320313412,0.021765807660014236,0.021413869537682206,0.07013423954209863,0.8103449584984679,-0.8255643248288302,22,-0.004424778761061954,REGIME_OOS,True,True
2026-07-05 08:00:00+00:00,BTC,2026-07-05 12:00:00+00:00,63000.0,4.0,2026-07-05 00:00:00+00:00,-0.004424778761061954,0.001351029166335449,0.04365112233910384,-0.6280639151424275,0.00970159475643593,0.015056673997631442,0.022482405503716496,0.0671421296098112,0.7242507660262144,-0.7867950624108835,22,-7.936507936512349e-05,REGIME_OOS,True,True
2026-07-05 12:00:00+00:00,BTC,2026-07-05 16:00:00+00:00,62995.0,15.0,2026-07-05 00:00:00+00:00,-7.936507936512349e-05,-0.0030859313182465264,0.05528101181003442,-0.1350627109747992,0.009675173429253425,0.01268366395524545,0.02378675690043086,0.06180820574329258,0.7052100332425829,-0.7655453596820322,22,-0.0007143424081276217,REGIME_OOS,True,True
2026-07-05 16:00:00+00:00,BTC,2026-07-05 20:00:00+00:00,62950.0,20.0,2026-07-05 00:00:00+00:00,-0.0007143424081276217,-0.008817509053692385,0.056828674557206416,-0.21046292214090587,0.009397228211119001,0.009716212802303392,0.025235283186728408,0.05436463503429105,0.6787230392731367,-0.7320323136727688,22,0.014614773629864963,REGIME_OOS,True,True
2026-07-05 20:00:00+00:00,BTC,2026-07-06 00:00:00+00:00,63870.0,880.0,2026-07-05 00:00:00+00:00,0.014614773629864963,0.009084445848803302,0.07797468354430381,1.377713760558662,0.009656793030915774,0.02233711354232537,0.025831960894102446,0.05586544965316741,0.8998377115194099,0.10953300831893828,22,-0.005714733051510934,REGIME_OOS,True,True
2026-07-06 00:00:00+00:00,BTC,2026-07-06 04:00:00+00:00,63505.0,505.0,2026-07-06 00:00:00+00:00,-0.005714733051510934,0.007376269035533012,0.08685606708882432,-0.8224848960730822,0.009668543607912824,0.013894044440186937,0.02720164129880409,0.04698644670610633,0.7957032381506154,-0.25436134745915956,23,-0.0038579639398472754,REGIME_OOS,True,True
2026-07-06 04:00:00+00:00,BTC,2026-07-06 08:00:00+00:00,63260.0,472.0,2026-07-06 00:00:00+00:00,-0.0038579639398472754,-0.0003160556257901792,0.07356809503606287,-0.627972987544421,0.009260178807134627,0.008601653366921536,0.027647293026243247,0.044717828866337316,0.6923540025306697,-0.22728397418438456,23,-0.009879860891558678,REGIME_OOS,True,True
2026-07-06 08:00:00+00:00,BTC,2026-07-06 12:00:00+00:00,62635.0,943.0,2026-07-06 00:00:00+00:00,-0.009879860891558678,-0.005793650793650795,0.06767237705616647,-1.3418968152518111,0.009459261963676512,-0.0020155668682233507,0.027707820938145833,0.04261640468726908,0.452704436636217,0.2927719088661921,23,0.017881376227348866,REGIME_OOS,True,True
2026-07-06 12:00:00+00:00,BTC,2026-07-06 16:00:00+00:00,63755.0,5306.0,2026-07-06 00:00:00+00:00,0.017881376227348866,0.012064449559488821,0.07331649831649822,1.6858345408141242,0.009812551194545613,0.01413715626429135,0.028204109136466426,0.04141426130258778,0.8413596142884212,4.80698099549427,23,0.002352756646537557,REGIME_OOS,True,True
2026-07-06 16:00:00+00:00,BTC,2026-07-06 20:00:00+00:00,63905.0,2610.0,2026-07-06 00:00:00+00:00,0.002352756646537557,0.015170770452740179,0.0863578410539736,-0.033120288559508125,0.009634546515367572,0.014820137601384786,0.028632497480353347,0.040590191248547895,0.8651162299442217,1.3922181554595872,23,0.004694468351459147,REGIME_OOS,True,True
2026-07-06 20:00:00+00:00,BTC,2026-07-07 00:00:00+00:00,64205.0,587.0,2026-07-06 00:00:00+00:00,0.004694468351459147,0.005245028965085385,0.09434123061189714,0.24452811071789324,0.009370025602327917,0.017491729561617264,0.02940768630931223,0.03875854571345523,0.9512999453316665,-0.2361154156659735,23,-0.013783973210809153,REGIME_OOS,True,True
2026-07-07 00:00:00+00:00,BTC,2026-07-07 04:00:00+00:00,63320.0,698.0,2026-07-07 00:00:00+00:00,-0.013783973210809153,-0.0029131564443745095,0.049560749212663735,-1.771785718013801,0.009804757950872225,0.0024181834732397434,0.029438127537242842,0.035140436444571814,0.5688148389122593,-0.15719392934682608,24,-0.0015003158559696583,REGIME_OOS,True,True
2026-07-07 04:00:00+00:00,BTC,2026-07-07 08:00:00+00:00,63225.0,872.0,2026-07-07 00:00:00+00:00,-0.0015003158559696583,-0.0005532722099272913,0.05051092464899898,-0.40249698854615396,0.008521254780788178,0.00010677296508521117,0.029329875001831818,0.03205464672359778,0.5033309668331686,0.09449438999610305,24,0.0044286279161724895,REGIME_OOS,True,True
2026-07-07 08:00:00+00:00,BTC,2026-07-07 12:00:00+00:00,63505.0,474.0,2026-07-07 00:00:00+00:00,0.0044286279161724895,0.013889997605172733,0.05516324665614358,0.3492087796839344,0.008505918661290458,0.0034327338228961057,0.029263243148301088,0.027682466299375045,0.6240039014505623,-0.24882257382508421,24,0.00944807495472788,REGIME_OOS,True,True
2026-07-07 12:00:00+00:00,BTC,2026-07-07 16:00:00+00:00,64105.0,2528.0,2026-07-07 00:00:00+00:00,0.00944807495472788,0.005489765508587485,0.04635599445033867,0.9131768686271907,0.008615746144876904,0.011546669927769315,0.029038774115083488,0.026580555304279357,0.934402885703078,1.6715638649143985,24,-0.001715934794477847,REGIME_OOS,True,True
2026-07-07 16:00:00+00:00,BTC,2026-07-07 20:00:00+00:00,63995.0,1441.0,2026-07-07 00:00:00+00:00,-0.001715934794477847,0.0014083405054376996,0.061276948590381464,-0.43078537258460653,0.008092609359393271,0.008951199996846793,0.028469390236981473,0.027019952049050385,0.8312811207287605,0.6027634865615531,24,-0.007422454879287499,REGIME_OOS,True,True
2026-07-07 20:00:00+00:00,BTC,2026-07-08 00:00:00+00:00,63520.0,307.0,2026-07-07 00:00:00+00:00,-0.007422454879287499,-0.010668951016275963,0.03209034040133241,-1.0828032832992602,0.007614806344067337,0.001201852034282247,0.027618864049395286,0.02680639147469596,0.5448345326679583,-0.42549985373014065,24,-0.009445843828715383,REGIME_OOS,True,True
2026-07-08 00:00:00+00:00,BTC,2026-07-08 04:00:00+00:00,62920.0,812.0,2026-07-08 00:00:00+00:00,-0.009445843828715383,-0.006317119393556503,0.017875920084122088,-1.452921946813883,0.0069770428703366085,-0.007793989521282629,0.02623512981222831,0.0277872448397435,0.21951197154548044,0.0338297068514415,27,0.0017482517482516613,REGIME_OOS,True,True
2026-07-08 04:00:00+00:00,BTC,2026-07-08 08:00:00+00:00,63030.0,608.0,2026-07-08 00:00:00+00:00,0.0017482517482516613,-0.0030842230130486703,0.022218618228997622,0.16245612072730856,0.006944403568863285,-0.005851642718569083,0.02504199534049767,0.028278447215389028,0.29307057866371583,-0.10503236235894113,27,-0.009836585752816096,REGIME_OOS,True,True
2026-07-08 08:00:00+00:00,BTC,2026-07-08 12:00:00+00:00,62410.0,1686.0,2026-07-08 00:00:00+00:00,-0.009836585752816096,-0.017242736792378532,0.009952261509830862,-1.4923405120575122,0.007179761507763205,-0.015141353490243703,0.02371509575696873,0.03122373018170345,0.015069038768587215,0.9069475237873069,27,-0.009533728569139588,REGIME_OOS,True,True
2026-07-08 12:00:00+00:00,BTC,2026-07-08 16:00:00+00:00,61815.0,1928.0,2026-07-08 00:00:00+00:00,-0.009533728569139588,-0.03572264253958346,0.0032459628337255797,-1.367211727752442,0.0073883920653739455,-0.023401860299780752,0.022109060492094823,0.03822114258339197,-0.11227526750991151,1.0765079700239117,27,0.009949041494782929,REGIME_OOS,True,True
2026-07-08 16:00:00+00:00,BTC,2026-07-08 20:00:00+00:00,62430.0,1421.0,2026-07-08 00:00:00+00:00,0.009949041494782929,-0.024455035549652338,0.006935483870967651,1.361228215037166,0.007590444755599091,-0.013241343338430744,0.020967944952588802,0.039976952138332265,0.16877556616593253,0.5550393037745235,27,0.0004004485023225701,REGIME_OOS,True,True
2026-07-08 20:00:00+00:00,BTC,2026-07-09 00:00:00+00:00,62455.0,192.0,2026-07-08 00:00:00+00:00,0.0004004485023225701,-0.01676637279596982,0.004018969536210948,0.010534929443939687,0.007507596122958463,-0.012424741958310115,0.019623981839171023,0.0414713713780177,0.20040195090109889,-0.5839539219359895,27,-0.005684092546633601,REGIME_OOS,True,True
2026-07-09 00:00:00+00:00,BTC,2026-07-09 04:00:00+00:00,62100.0,539.0,2026-07-09 00:00:00+00:00,-0.005684092546633601,-0.013032422123331222,-0.0002414875633904856,-0.7738351693544678,0.007555531103616965,-0.017377854608315868,0.018106527177914167,0.04439728289115087,0.10858292497490665,-0.2725318990068684,20,0.01706924315619962,REGIME_OOS,True,True
2026-07-09 04:00:00+00:00,BTC,2026-07-09 08:00:00+00:00,63160.0,1317.0,2026-07-09 00:00:00+00:00,0.01706924315619962,0.0020625099159130578,0.012260597804311324,2.282219258238763,0.008178570926085142,-4.3538319658309454e-05,0.016254374321226006,0.04327903413143411,0.4989940089807429,0.42319977150428423,20,-0.004433185560481334,REGIME_OOS,True,True
2026-07-09 08:00:00+00:00,BTC,2026-07-09 12:00:00+00:00,62880.0,464.0,2026-07-09 00:00:00+00:00,-0.004433185560481334,0.0075308444159589705,-0.0005563061273146097,-0.5962230536559429,0.008188244320808967,-0.00398374820810532,0.01429914124820253,0.0431618537601386,0.4077021058862762,-0.37864104766199086,20,0.0023854961832061594,REGIME_OOS,True,True
2026-07-09 12:00:00+00:00,BTC,2026-07-09 16:00:00+00:00,63030.0,1872.0,2026-07-09 00:00:00+00:00,0.0023854961832061594,0.019655423440912312,-0.002532046209843375,0.2736192160570325,0.008054028802807716,-0.001425855513307983,0.012778465942275608,0.043148034458929944,0.4669543345093698,0.8854783511303227,20,0.0057115659209900915,REGIME_OOS,True,True
2026-07-09 16:00:00+00:00,BTC,2026-07-09 20:00:00+00:00,63390.0,1323.0,2026-07-09 00:00:00+00:00,0.0057115659209900915,0.015377222489187936,-0.0018894662257912254,0.7157677690044285,0.008069068124725921,0.003677300093812619,0.011849928145842403,0.04265257601791743,0.5862151934801771,0.33315145659268863,20,0.0008676447389177611,REGIME_OOS,True,True
2026-07-09 20:00:00+00:00,BTC,2026-07-10 00:00:00+00:00,63445.0,306.0,2026-07-09 00:00:00+00:00,0.0008676447389177611,0.015851413017372584,0.0023698554388182913,0.11145160527416642,0.00804544200713953,0.004794729361085492,0.010292164674634785,0.04196672879413842,0.6142507290621892,-0.6295665637226022,20,0.010481519426274621,REGIME_OOS,True,True
2026-07-10 00:00:00+00:00,BTC,2026-07-10 04:00:00+00:00,64110.0,981.0,2026-07-10 00:00:00+00:00,0.010481519426274621,0.03236714975845412,0.016973350253807196,1.2891051430866352,0.008222263657779432,0.015161711729543503,0.008750141762519537,0.042838020287790456,0.8539311954120555,-0.02271727465878622,22,0.0008579004835438386,REGIME_OOS,True,True
2026-07-10 04:00:00+00:00,BTC,2026-07-10 08:00:00+00:00,64165.0,555.0,2026-07-10 00:00:00+00:00,0.0008579004835438386,0.015911969601013265,0.013985461441213598,0.03212326300831077,0.00820012048373407,0.016064797586717416,0.006950534644245554,0.042635120097015276,0.876797287076062,-0.44984263146128123,22,0.007091093275150007,REGIME_OOS,True,True
2026-07-10 08:00:00+00:00,BTC,2026-07-10 12:00:00+00:00,64620.0,822.0,2026-07-10 00:00:00+00:00,0.007091093275150007,0.027671755725190872,0.0257142857142858,0.8043327672083127,0.008231332577955101,0.022217652316283143,0.006609830510633685,0.047383603613134255,0.9688890380242139,-0.22037805816674122,22,-0.006499535747446661,REGIME_OOS,True,True
2026-07-10 12:00:00+00:00,BTC,2026-07-10 16:00:00+00:00,64200.0,2145.0,2026-07-10 00:00:00+00:00,-0.006499535747446661,0.01856258924321752,0.0191285022620844,-0.8964363611600616,0.008339860363616128,0.014791134013285578,0.006099645837275958,0.04935237936930223,0.7997045776173014,1.0193056334075896,22,-0.0018691588785046953,REGIME_OOS,True,True
2026-07-10 16:00:00+00:00,BTC,2026-07-10 20:00:00+00:00,64080.0,1408.0,2026-07-10 00:00:00+00:00,-0.0018691588785046953,0.010884997633696214,0.0179507545671167,-0.30389996418397847,0.008349107999521897,0.012434234433507552,0.005311426874168079,0.05057341699754873,0.7458650249816091,0.244569119396388,22,0.005149812734082326,REGIME_OOS,True,True
2026-07-10 20:00:00+00:00,BTC,2026-07-11 00:00:00+00:00,64410.0,327.0,2026-07-10 00:00:00+00:00,0.005149812734082326,0.015210024430609259,0.008454673555659875,0.5417323897821904,0.007972645387557835,0.01740294511378848,0.004550034512031509,0.05175981134131921,0.8362250491801143,-0.8577656078812184,22,,REGIME_OOS,True,False
2026-07-11 08:00:00+00:00,BTC,2026-07-11 12:00:00+00:00,64480.0,1.0,2026-07-11 00:00:00+00:00,,0.005771330525659035,0.01535312180143289,,,0.018118659456045405,0.003603512235936579,0.05351447954238529,0.838574898064642,-1.1476015786935387,23,0.0017834987593052798,REGIME_OOS,False,True
2026-07-11 12:00:00+00:00,BTC,2026-07-11 16:00:00+00:00,64595.0,18.0,2026-07-11 00:00:00+00:00,0.0017834987593052798,0.006701472765526351,0.02110338286436919,0.18465225521971868,0.007894364776747386,0.019069593168865584,0.0034852555405511243,0.0563341538361149,0.838508557780809,-1.0982751269529742,23,-0.001780323554454677,REGIME_OOS,True,True
2026-07-11 16:00:00+00:00,BTC,2026-07-11 20:00:00+00:00,64480.0,7.0,2026-07-11 00:00:00+00:00,-0.001780323554454677,-0.0021665119158155166,0.029456374231659588,-0.2966161926210905,0.00786331156689015,0.01600507372260762,0.0038730199906991114,0.05783568639576882,0.7767335311469308,-1.0802591554817047,23,-0.005505583126550917,REGIME_OOS,True,True
2026-07-11 20:00:00+00:00,BTC,2026-07-12 00:00:00+00:00,64125.0,123.0,2026-07-11 00:00:00+00:00,-0.005505583126550917,-0.001168224299065379,0.005803466394792567,-0.7803468834539571,0.007700569110182314,0.00954045246304247,0.003956142610801239,0.05812448258809221,0.6641382776798616,-0.9237052817348905,23,0.003040935672514511,REGIME_OOS,True,True
2026-07-12 00:00:00+00:00,BTC,2026-07-12 04:00:00+00:00,64320.0,134.0,2026-07-12 00:00:00+00:00,0.003040935672514511,0.0037453183520599342,0.006494014552851812,0.2940820130277409,0.0070095228802622665,0.011090238860637092,0.004663672314242806,0.056638736626487045,0.69580660730082,-1.084602754795312,26,-0.00497512437810943,REGIME_OOS,True,True
2026-07-12 04:00:00+00:00,BTC,2026-07-12 08:00:00+00:00,64000.0,218.0,2026-07-12 00:00:00+00:00,-0.00497512437810943,-0.006365471200124206,-0.0031928977493964616,-0.7499483093516615,0.007062341277608506,0.004335118382079006,0.005631488995043066,0.050067336480096834,0.586585760035432,-0.9309846312614379,26,0.00046875000000001776,REGIME_OOS,True,True
2026-07-12 08:00:00+00:00,BTC,2026-07-12 12:00:00+00:00,64030.0,97.0,2026-07-12 00:00:00+00:00,0.00046875000000001776,-0.0069789081885855975,0.011212886923562815,0.06107850478483365,0.007008186735063534,0.0035460298179965655,0.006249260734140227,0.04633725493352776,0.5765265405359787,-1.0749642349916095,26,0.00234265188193028,REGIME_OOS,True,True
2026-07-12 12:00:00+00:00,BTC,2026-07-12 16:00:00+00:00,64180.0,3.0,2026-07-12 00:00:00+00:00,0.00234265188193028,-0.006424645870423462,0.015104784499802237,0.3490369903516272,0.00652444737009116,0.00453905149475653,0.006982205620439164,0.04200680917116689,0.6080551364008904,-1.1589780418969193,26,0.003427859146151402,REGIME_OOS,True,True
2026-07-12 16:00:00+00:00,BTC,2026-07-12 20:00:00+00:00,64400.0,12.0,2026-07-12 00:00:00+00:00,0.003427859146151402,-0.001240694789081842,0.014093378474135942,0.4588541113866145,0.0065360938419554235,0.006171392859932734,0.008068644111842715,0.03314660714496884,0.6861847528750629,-1.082012131984748,26,-0.007375776397515521,REGIME_OOS,True,True
2026-07-12 20:00:00+00:00,BTC,2026-07-13 00:00:00+00:00,63925.0,356.0,2026-07-12 00:00:00+00:00,-0.007375776397515521,-0.003118908382066299,-0.002807893300054598,-1.2200159202518526,0.006651850428438633,-0.0018464084817682025,0.008185185593317712,0.03075861039226175,0.43997100459932675,-0.5802200870870496,26,-0.016269065310911213,REGIME_OOS,True,True
2026-07-13 00:00:00+00:00,BTC,2026-07-13 04:00:00+00:00,62885.0,1601.0,2026-07-13 00:00:00+00:00,-0.016269065310911213,-0.022310323383084585,-0.01734510508633491,-2.4765961727913774,0.007063931999582283,-0.018089267451029345,0.008198643949328455,0.030719721689369713,-0.08884867623292982,1.326701189352808,26,0.0028623678142640774,REGIME_OOS,True,True
2026-07-13 04:00:00+00:00,BTC,2026-07-13 08:00:00+00:00,63065.0,1096.0,2026-07-13 00:00:00+00:00,0.0028623678142640774,-0.014609375000000036,-0.0071630982367758556,0.49755912446297085,0.007089570562568952,-0.015305584723301124,0.00826587447772531,0.030484808026228126,-0.0020725310171769086,0.5577897485448423,26,-0.001030682629033497,REGIME_OOS,True,True
2026-07-13 08:00:00+00:00,BTC,2026-07-13 12:00:00+00:00,63000.0,592.0,2026-07-13 00:00:00+00:00,-0.001030682629033497,-0.016086209589254996,0.0012714558169104606,-0.07488982648409193,0.006969377554592464,-0.016020897841883874,0.008120768382931853,0.03262767874013959,0.008978313490180355,-0.22814136513657687,26,-0.0050000000000000044,REGIME_OOS,True,True
2026-07-13 12:00:00+00:00,BTC,2026-07-13 16:00:00+00:00,62685.0,1822.0,2026-07-13 00:00:00+00:00,-0.0050000000000000044,-0.023293861015892814,-0.00547358400761544,-0.676288968180043,0.00681342689306253,-0.020359365659833317,0.0077160153580122515,0.03688142861581992,-0.05202215380291381,1.6069947945550316,26,-0.005184653425859498,REGIME_OOS,True,True
2026-07-13 16:00:00+00:00,BTC,2026-07-13 20:00:00+00:00,62360.0,2343.0,2026-07-13 00:00:00+00:00,-0.005184653425859498,-0.03167701863354033,-0.0008011536612722026,-0.7406201687641978,0.006864608296279144,-0.02410397455409019,0.006553599163256374,0.043309795551271395,-0.05654787207561806,2.2279106693950115,26,0.0011225144323283587,REGIME_OOS,True,True
2026-07-13 20:00:00+00:00,BTC,2026-07-14 00:00:00+00:00,62430.0,418.0,2026-07-13 00:00:00+00:00,0.0011225144323283587,-0.02338678138443484,0.009949041494782929,0.2173617572223563,0.006631069793543284,-0.021680365439914806,0.005456361711246194,0.04777277897070019,0.046177427668345004,-0.5168828066545113,26,0.003604036520903353,REGIME_OOS,True,True
2026-07-14 00:00:00+00:00,BTC,2026-07-14 04:00:00+00:00,62655.0,506.0,2026-07-14 00:00:00+00:00,0.003604036520903353,-0.0036574699848930248,0.003604036520903353,0.5441538369127145,0.006410169326742322,-0.01664044322199154,0.004017472340975381,0.04891536300900693,0.15981151527123408,-0.34328673427097384,28,-0.0005586146357035027,REGIME_OOS,True,True
2026-07-14 04:00:00+00:00,BTC,2026-07-14 08:00:00+00:00,62620.0,373.0,2026-07-14 00:00:00+00:00,-0.0005586146357035027,-0.007056211844921889,0.0026419021695620604,-0.15479381870244235,0.006154278563697781,-0.015969671374413186,0.0028911253719299257,0.05072757324787437,0.18518755477658605,-0.49431381578524275,28,0.0051101884381985485,REGIME_OOS,True,True
2026-07-14 08:00:00+00:00,BTC,2026-07-14 12:00:00+00:00,62940.0,542.0,2026-07-14 00:00:00+00:00,0.0051101884381985485,-0.0009523809523809268,0.01352657004830915,0.8167982059322888,0.00622234026302273,-0.010054380949759523,0.001995978100188145,0.05122822979453733,0.30373358614800916,-0.26359257028967265,28,0.03153797267238634,REGIME_OOS,True,True
2026-07-14 12:00:00+00:00,BTC,2026-07-14 16:00:00+00:00,64925.0,5444.0,2026-07-14 00:00:00+00:00,0.03153797267238634,0.035734226689000614,0.027944901836605363,5.029875459980689,0.00834816832710696,0.020753085449257025,0.002068573283107833,0.053411286434169904,0.8885524359132517,6.760252807287796,28,-0.003311513284559142,REGIME_OOS,True,True
2026-07-14 16:00:00+00:00,BTC,2026-07-14 20:00:00+00:00,64710.0,2160.0,2026-07-14 00:00:00+00:00,-0.003311513284559142,0.03768441308531112,0.029103053435114434,-0.5740929846917934,0.00785032194453726,0.017188936832425616,0.001869356103676001,0.054276539313132206,0.8166918349981589,1.1722424316285454,28,0.0071086385411838204,REGIME_OOS,True,True
2026-07-14 20:00:00+00:00,BTC,2026-07-15 00:00:00+00:00,65170.0,577.0,2026-07-14 00:00:00+00:00,0.0071086385411838204,0.043889155854557105,0.03395208630810731,0.8033919559870594,0.007867722910648793,0.023957011717292254,0.0017194976076555513,0.05694306574086419,0.9207186846299357,-0.30425716867006336,28,-0.003836120914531227,REGIME_OOS,True,True
2026-07-15 00:00:00+00:00,BTC,2026-07-15 04:00:00+00:00,64920.0,472.0,2026-07-15 00:00:00+00:00,-0.003836120914531227,0.03615034713909515,0.024136299100804504,-0.638380568388173,0.00791687297346283,0.01967652128841757,0.0013455129384714049,0.0585754864864094,0.8359173345147177,-0.3632595774279967,22,-0.003696857670979714,REGIME_OOS,True,True
2026-07-15 04:00:00+00:00,BTC,2026-07-15 08:00:00+00:00,64680.0,1212.0,2026-07-15 00:00:00+00:00,-0.003696857670979714,0.03289683807090382,0.019465678934510233,-0.590631043235321,0.007909285372563284,0.015464322160295252,0.001490561350436126,0.05995249762105601,0.7579429177086345,0.32618427912061476,22,0.0026283240568953925,REGIME_OOS,True,True
2026-07-15 08:00:00+00:00,BTC,2026-07-15 12:00:00+00:00,64850.0,418.0,2026-07-15 00:00:00+00:00,0.0026283240568953925,0.030346361614235873,0.01154266105131807,0.24816969064468528,0.007917365493065504,0.01770987814160052,0.0016095795130708357,0.06151467231346328,0.7878968134846825,-0.41477248117046556,22,0.010331534309945933,REGIME_OOS,True,True
2026-07-15 12:00:00+00:00,BTC,2026-07-15 16:00:00+00:00,65520.0,1846.0,2026-07-15 00:00:00+00:00,0.010331534309945933,0.009164420485175295,0.021117431621600513,1.213454886602816,0.00791103647470273,0.026999490575649432,0.0023898035050451405,0.06636514928126548,0.9068323640955236,0.8850257686627165,22,-0.0065628815628815396,REGIME_OOS,True,True
2026-07-15 16:00:00+00:00,BTC,2026-07-15 20:00:00+00:00,65090.0,1502.0,2026-07-15 00:00:00+00:00,-0.0065628815628815396,0.0058723535774996005,0.0072732900030949565,-0.920492598619024,0.008021788987387098,0.01941253396606135,0.002664853456614713,0.06869729068172044,0.782580779728287,0.5315576569524063,22,-0.0035335689045936647,REGIME_OOS,True,True
2026-07-15 20:00:00+00:00,BTC,2026-07-16 00:00:00+00:00,64860.0,258.0,2026-07-15 00:00:00+00:00,-0.0035335689045936647,-0.004756789934018735,0.010280373831775602,-0.49931236895303405,0.007953722217623038,0.015269744617238956,0.0026838895995353607,0.06998141515673233,0.7181971396697305,-0.5899888813699159,22,-0.0023126734505087843,REGIME_OOS,True,True
2026-07-16 00:00:00+00:00,BTC,2026-07-16 04:00:00+00:00,64710.0,210.0,2026-07-16 00:00:00+00:00,-0.0023126734505087843,-0.0032347504621071943,0.00983146067415741,-0.30555852165322117,0.007869899397403611,0.012676056338028152,0.002547946580982119,0.07056745925818385,0.6796303348778722,-0.586040853677082,25,-0.006258692628650864,REGIME_OOS,True,True
2026-07-16 04:00:00+00:00,BTC,2026-07-16 08:00:00+00:00,64305.0,570.0,2026-07-16 00:00:00+00:00,-0.006258692628650864,-0.005797773654916516,-0.0016301816488123455,-0.8279532593915545,0.00795118188891284,0.006038892973920129,0.0027831118139487465,0.07077426841351729,0.5853261094644779,-0.22678793996329466,25,0.0006997900629810427,REGIME_OOS,True,True
2026-07-16 08:00:00+00:00,BTC,2026-07-16 12:00:00+00:00,64350.0,699.0,2026-07-16 00:00:00+00:00,0.0006997900629810427,-0.00771010023130303,-0.0020161290322581182,0.07406340772566748,0.007895248583101411,0.005590520727119408,0.003820470064487713,0.06923731374734911,0.5807443331426668,-0.11868821922698154,25,0.007381507381507335,REGIME_OOS,True,True
2026-07-16 12:00:00+00:00,BTC,2026-07-16 16:00:00+00:00,64825.0,1576.0,2026-07-16 00:00:00+00:00,0.007381507381507335,-0.01060744810744807,0.003560647108909354,0.939671874243659,0.00800515755960409,0.011622145668907402,0.004789509335975994,0.06866423603890816,0.6692605399748675,0.6550622264844717,25,-0.006941766293868112,REGIME_OOS,True,True
2026-07-16 16:00:00+00:00,BTC,2026-07-16 20:00:00+00:00,64375.0,920.0,2026-07-16 00:00:00+00:00,-0.006941766293868112,-0.010984790290367141,-0.0016284119106699801,-0.8857952983789094,0.008102924630509238,0.0035230479040981866,0.005408760279544067,0.06681549339688861,0.5527280085050204,0.012541837051112977,25,-0.006834951456310634,REGIME_OOS,True,True
2026-07-16 20:00:00+00:00,BTC,2026-07-17 00:00:00+00:00,63935.0,207.0,2026-07-16 00:00:00+00:00,-0.006834951456310634,-0.014261486278137503,-0.002962962962962945,-0.8406925043532478,0.008137502808703942,-0.0043060822438347746,0.006102911221835816,0.06333462049512975,0.4320106095185964,-0.6728479085946795,25,-0.0043012434503792996,REGIME_OOS,True,True
2026-07-17 00:00:00+00:00,BTC,2026-07-17 04:00:00+00:00,63660.0,491.0,2026-07-17 00:00:00+00:00,-0.0043012434503792996,-0.016226240148354165,-0.010261194029850706,-0.5203129038664861,0.008151199121235983,-0.009591374763716187,0.006727019280467372,0.057872329432943584,0.3342666545878428,-0.41433447871577805,25,-0.01264530317310708,REGIME_OOS,True,True
2026-07-17 04:00:00+00:00,BTC,2026-07-17 08:00:00+00:00,62855.0,1261.0,2026-07-17 00:00:00+00:00,-0.01264530317310708,-0.022548790918280104,-0.01789062500000005,-1.5130740829429796,0.008418421807796285,-0.022438576777569996,0.006731874277805083,0.05533755616248346,0.09451449732103656,0.2879892645345962,25,0.008988942804868394,REGIME_OOS,True,True
2026-07-17 08:00:00+00:00,BTC,2026-07-17 12:00:00+00:00,63420.0,427.0,2026-07-17 00:00:00+00:00,0.008988942804868394,-0.014452214452214451,-0.009526784319850101,1.1351950148631582,0.008596428240711575,-0.014237751803034104,0.007018576374758112,0.05157870221211258,0.22396064281565967,-0.5237981569566118,25,0.0016556291390728006,REGIME_OOS,True,True
2026-07-17 12:00:00+00:00,BTC,2026-07-17 16:00:00+00:00,63525.0,1918.0,2026-07-17 00:00:00+00:00,0.0016556291390728006,-0.02005399151561893,-0.010205671548769057,0.2255855946562965,0.00859010347193477,-0.013299679642753137,0.00738941307171137,0.04672986862464342,0.21539231685878352,0.8690266545028209,25,0.011570247933884392,REGIME_OOS,True,True
2026-07-17 16:00:00+00:00,BTC,2026-07-17 20:00:00+00:00,64260.0,2233.0,2026-07-17 00:00:00+00:00,0.011570247933884392,-0.001786407766990239,-0.0021739130434782483,1.3826084829258654,0.00883724141310155,-0.002905476959839226,0.007740937762891642,0.04175378000841365,0.4304140377409237,1.1105399823324278,25,-0.002723311546840912,REGIME_OOS,True,True
2026-07-17 20:00:00+00:00,BTC,2026-07-18 00:00:00+00:00,64085.0,326.0,2026-07-17 00:00:00+00:00,-0.002723311546840912,0.0023461327911160623,0.0025029331247554687,-0.30419249459713393,0.008744313567097487,-0.004972420726571225,0.0067929536490924924,0.04145834117650695,0.38006223632051994,-0.76526502343958,25,,REGIME_OOS,True,False
2026-07-18 12:00:00+00:00,BTC,2026-07-18 16:00:00+00:00,64200.0,8.0,2026-07-18 00:00:00+00:00,,0.008482563619227168,0.020911187087540695,,,-0.002792026996066288,0.005979177181466122,0.04131832008628606,0.43242641544390836,-1.064346347750737,27,0.006619937694704037,REGIME_OOS,False,True
2026-07-18 16:00:00+00:00,BTC,2026-07-18 20:00:00+00:00,64625.0,20.0,2026-07-18 00:00:00+00:00,0.006619937694704037,0.028160050910826406,0.024736383096804815,0.7433338842633556,0.008249581112408024,0.004234489724563861,0.005052398132096458,0.039885736621216195,0.6061655138722307,-0.9882247329083871,27,0.0017021276595745594,REGIME_OOS,True,True
2026-07-18 20:00:00+00:00,BTC,2026-07-19 00:00:00+00:00,64735.0,6.0,2026-07-18 00:00:00+00:00,0.0017021276595745594,0.020734783979817095,0.02753968253968253,0.09929810446156122,0.008242698285145874,0.006088439735325801,0.004485925574381211,0.03943644283606023,0.6543861286028204,-0.9524951861052315,27,0.0010813315826059267,REGIME_OOS,True,True
2026-07-19 00:00:00+00:00,BTC,2026-07-19 04:00:00+00:00,64805.0,16.0,2026-07-19 00:00:00+00:00,0.0010813315826059267,0.020149547422274594,0.033819893116375566,0.028758345109579687,0.008235147917180987,0.0070785320787263295,0.004157102262531076,0.0396871567795585,0.6783582562500985,-0.9140639590053107,25,-0.0015430908108942099,REGIME_OOS,True,True
2026-07-19 04:00:00+00:00,BTC,2026-07-19 08:00:00+00:00,64705.0,2.0,2026-07-19 00:00:00+00:00,-0.0015430908108942099,0.006924992219109916,0.037604233483002014,-0.29844958827945595,0.008173487402190656,0.005637819628626639,0.0038575551915125406,0.03936958482801983,0.6432024150941554,-0.8688489903210396,25,-0.0006181902480488777,REGIME_OOS,True,True
2026-07-19 08:00:00+00:00,BTC,2026-07-19 12:00:00+00:00,64665.0,4.0,2026-07-19 00:00:00+00:00,-0.0006181902480488777,0.00905047983147389,0.03580009610764057,-0.20164051984952644,0.008095914865877086,0.005684336581155414,0.0030340847047811703,0.03582279634894241,0.6586793092807561,-0.8098653001058981,25,0.0010051805458903829,REGIME_OOS,True,True
2026-07-19 12:00:00+00:00,BTC,2026-07-19 16:00:00+00:00,64730.0,6.0,2026-07-19 00:00:00+00:00,0.0010051805458903829,0.0082554517133957,0.03311786768813341,-0.021856812604118515,0.008095973001679215,0.006977124055910222,0.002718883370354641,0.03454114385110801,0.7019945861082572,-0.7890645723538866,25,-0.00355322107214584,REGIME_OOS,True,True
2026-07-19 16:00:00+00:00,BTC,2026-07-19 20:00:00+00:00,64500.0,7.0,2026-07-19 00:00:00+00:00,-0.00355322107214584,-0.0019342359767892114,0.03002235707441714,-0.5844191157244839,0.008127418462772727,0.0036801605888256983,0.0023442910352313717,0.03367390685448625,0.6092881976756849,-0.7663638558767645,25,0.005116279069767415,REGIME_OOS,True,True
2026-07-19 20:00:00+00:00,BTC,2026-07-20 00:00:00+00:00,64830.0,892.0,2026-07-19 00:00:00+00:00,0.005116279069767415,0.0014675214335366782,0.030028598665395645,0.5138942988570251,0.008157330116270848,0.008721088541221,0.002203398816745361,0.034034631263889475,0.7562416050170043,0.04245914716410741,25,0.0018509949097640366,REGIME_OOS,True,True
2026-07-20 00:00:00+00:00,BTC,2026-07-20 04:00:00+00:00,64950.0,521.0,2026-07-20 00:00:00+00:00,0.0018509949097640366,0.0022374816757966265,0.0003850596842509546,0.08853224261264864,0.008124112876736343,0.010081374146115873,0.0025374577090382378,0.03531310637501493,0.7854853390425217,-0.3007081584403087,28,-0.0099307159353349,REGIME_OOS,True,True
2026-07-20 04:00:00+00:00,BTC,2026-07-20 08:00:00+00:00,64305.0,822.0,2026-07-20 00:00:00+00:00,-0.0099307159353349,-0.006181902480488333,-0.006258692628650864,-1.3479483234718264,0.006003731147318585,8.553721257542612e-05,0.0025570861691261992,0.03530736610918735,0.5024226449605729,0.18485388512176354,28,0.012285203327890626,REGIME_OOS,True,True
2026-07-20 08:00:00+00:00,BTC,2026-07-20 12:00:00+00:00,65095.0,658.0,2026-07-20 00:00:00+00:00,0.012285203327890626,0.006649655918967046,-0.0011508362743594125,2.106577433474661,0.006401632771619501,0.012159283504112661,0.0026112509840907627,0.03630373554673509,0.8349320206583044,0.016146455760947004,28,0.009370919425455204,REGIME_OOS,True,True
2026-07-20 12:00:00+00:00,BTC,2026-07-20 16:00:00+00:00,65705.0,2381.0,2026-07-20 00:00:00+00:00,0.009370919425455204,0.015062567588444375,0.01209180529882925,1.439187536069139,0.006498920644781147,0.020588852041410588,0.003264765466729047,0.041111734733188694,1.0008023177574596,2.6790176443873275,28,-0.0077619663648124115,REGIME_OOS,True,True
2026-07-20 16:00:00+00:00,BTC,2026-07-20 20:00:00+00:00,65195.0,1898.0,2026-07-20 00:00:00+00:00,-0.0077619663648124115,0.010775193798449711,0.007962275819418663,-1.2302266014111913,0.006622043959859113,0.011677076463513902,0.003911738955685529,0.04201863746083547,0.7779023111922155,1.6494191832222564,28,0.0026075619295957697,REGIME_OOS,True,True
2026-07-20 20:00:00+00:00,BTC,2026-07-21 00:00:00+00:00,65365.0,259.0,2026-07-20 00:00:00+00:00,0.0026075619295957697,0.008252352306031163,0.007941403238242106,0.37831895513431707,0.006597309234240732,0.012975037871303385,0.004912610200849432,0.04218747433730824,0.8075566403326742,-0.6415336506359842,28,0.0049720798592518545,REGIME_OOS,True,True
2026-07-21 00:00:00+00:00,BTC,2026-07-21 04:00:00+00:00,65690.0,430.0,2026-07-21 00:00:00+00:00,0.0049720798592518545,0.01139337952270969,0.0025946275946275854,0.7062902762235884,0.006639422202419064,0.015780236432939798,0.006590283301243227,0.037411946075898754,0.9217967277330601,-0.40322829919084496,29,0.009362155579235809,REGIME_OOS,True,True
2026-07-21 04:00:00+00:00,BTC,2026-07-21 08:00:00+00:00,66305.0,739.0,2026-07-21 00:00:00+00:00,0.009362155579235809,0.03110178057693802,0.018666461822092417,1.351257024246419,0.006591559858498892,0.0230082351352916,0.0081215897566711,0.039156640050532154,1.087594724818042,0.07612506196167097,29,0.0021114546414298108,REGIME_OOS,True,True
2026-07-21 08:00:00+00:00,BTC,2026-07-21 12:00:00+00:00,66445.0,976.0,2026-07-21 00:00:00+00:00,0.0021114546414298108,0.02073892003994171,0.024437249460376176,0.2659730947063947,0.006466556503972607,0.022864158190263995,0.009681069495110828,0.04050756452545971,1.0644416902895633,0.45156533321729947,29,0.0049665136579124525,REGIME_OOS,True,True
2026-07-21 12:00:00+00:00,BTC,2026-07-21 16:00:00+00:00,66775.0,2175.0,2026-07-21 00:00:00+00:00,0.0049665136579124525,0.016284909824214377,0.03191160562509654,0.6679122108022983,0.006463264179907954,0.02595816272441631,0.010889283739539346,0.04614503754038124,1.0625342205367252,2.1303236821707543,29,-0.003669037813552989,REGIME_OOS,True,True
2026-07-21 16:00:00+00:00,BTC,2026-07-21 20:00:00+00:00,66530.0,2078.0,2026-07-21 00:00:00+00:00,-0.003669037813552989,0.020477030447120237,0.034600730891843456,-0.7116830409524578,0.006491417891164884,0.020277497690075252,0.011969147920821266,0.047719881170147166,0.9249276652172498,1.784432844434278,29,0.0014279272508643803,REGIME_OOS,True,True
2026-07-21 20:00:00+00:00,BTC,2026-07-22 00:00:00+00:00,66625.0,243.0,2026-07-21 00:00:00+00:00,0.0014279272508643803,0.01927637114663816,0.03535353535353525,0.08355365698369163,0.006349860842506647,0.019838050482940295,0.012675298746111174,0.04905776822533707,0.9043814303133005,-0.7097975436434018,29,-0.00547842401500942,REGIME_OOS,True,True
2026-07-22 00:00:00+00:00,BTC,2026-07-22 04:00:00+00:00,66260.0,325.0,2026-07-22 00:00:00+00:00,-0.00547842401500942,0.008677119805145406,0.02213652140377942,-1.0425724892098198,0.006463853020497866,0.012983339894436341,0.012939177888725117,0.04947114454520204,0.7624426827758819,-0.5808555536002222,25,-0.0054331421672200175,REGIME_OOS,True,True
2026-07-22 04:00:00+00:00,BTC,2026-07-22 08:00:00+00:00,65900.0,488.0,2026-07-22 00:00:00+00:00,-0.0054331421672200175,-0.006108136641278961,0.023689320388349477,-0.9853206574245109,0.006446607178232631,0.00658326841711343,0.0129314346187408,0.048857148475271506,0.6347452445049149,-0.32570572142346305,25,0.0032625189681334543,REGIME_OOS,True,True
2026-07-22 08:00:00+00:00,BTC,2026-07-22 12:00:00+00:00,66115.0,363.0,2026-07-22 00:00:00+00:00,0.0032625189681334543,-0.0049665136579125635,0.03409712989755209,0.42717791491270357,0.006307650888937315,0.0088579297927045,0.012869811968136746,0.04858810495170947,0.6823065501630128,-0.4673845018672791,25,0.00022687741057247912,REGIME_OOS,True,True
2026-07-22 12:00:00+00:00,BTC,2026-07-22 16:00:00+00:00,66130.0,1468.0,2026-07-22 00:00:00+00:00,0.00022687741057247912,-0.009659303631598615,0.03879987433239074,-0.09860028684526521,0.006140570504077908,0.007990915430430956,0.012790765886762756,0.04765054345335785,0.667698306279609,0.9476208862318878,25,-0.0021170421896264946,REGIME_OOS,True,True
2026-07-22 16:00:00+00:00,BTC,2026-07-22 20:00:00+00:00,65990.0,942.0,2026-07-22 00:00:00+00:00,-0.0021170421896264946,-0.008116639110175905,0.049876700342057045,-0.5213277952927711,0.0060872321686184505,0.004842246315020171,0.012700390449108978,0.04587897838743615,0.6055439001742492,0.22514006473611503,25,0.002121533565691669,REGIME_OOS,True,True
2026-07-22 20:00:00+00:00,BTC,2026-07-23 00:00:00+00:00,66130.0,464.0,2026-07-22 00:00:00+00:00,0.002121533565691669,-0.007429643527204544,0.04273099968464211,0.15844951156422768,0.005501520607126636,0.005901858781296676,0.01269449566298353,0.04415067238214762,0.6336753997812942,-0.37160749218884925,25,-0.006577952517768049,REGIME_OOS,True,True
2026-07-23 00:00:00+00:00,BTC,2026-07-23 04:00:00+00:00,65695.0,420.0,2026-07-23 00:00:00+00:00,-0.006577952517768049,-0.008527014790220333,0.03415977961432515,-1.4954401879727406,0.0055194735822898825,-0.0016222972793277224,0.012655549297161839,0.0404014500300328,0.45984556796546344,-0.42977455904323564,33,-0.0033488088895654577,REGIME_OOS,True,True
2026-07-23 04:00:00+00:00,BTC,2026-07-23 08:00:00+00:00,65475.0,393.0,2026-07-23 00:00:00+00:00,-0.0033488088895654577,-0.006449165402124479,0.018907563025210017,-0.8115184908706348,0.005578360786236609,-0.005453109335601614,0.012361967765696313,0.03826103446144581,0.3574761657033476,-0.4161581296467762,33,0.002290950744558984,REGIME_OOS,True,True
2026-07-23 08:00:00+00:00,BTC,2026-07-23 12:00:00+00:00,65625.0,208.0,2026-07-23 00:00:00+00:00,0.002290950744558984,-0.007411328745367873,0.024030584380120068,0.23795867891046885,0.005215410158028574,-0.0036854150931222573,0.012662947138941227,0.036259958991500474,0.3983613000228135,-0.6274981215069219,33,-0.010057142857142876,REGIME_OOS,True,True
2026-07-23 12:00:00+00:00,BTC,2026-07-23 16:00:00+00:00,64965.0,2227.0,2026-07-23 00:00:00+00:00,-0.010057142857142876,-0.01761681536367765,0.011915887850467266,-2.0537913620701853,0.0055409054123341725,-0.014199383163317592,0.013090860456393072,0.03152331464905331,0.04955932390364942,2.2745418722992308,33,-0.0020010775032709427,REGIME_OOS,True,True
2026-07-23 16:00:00+00:00,BTC,2026-07-23 20:00:00+00:00,64835.0,1459.0,2026-07-23 00:00:00+00:00,-0.0020010775032709427,-0.0175026519169571,0.0032495164410057953,-0.4350981933921744,0.0054301704805965675,-0.01597793216493204,0.0129953491947572,0.03298248972911362,0.015563188341469752,1.00049982661096,33,0.004627130407958591,REGIME_OOS,True,True
2026-07-23 20:00:00+00:00,BTC,2026-07-24 00:00:00+00:00,65135.0,240.0,2026-07-23 00:00:00+00:00,0.004627130407958591,-0.015046121276274027,0.00617903761489158,0.8295756396467591,0.005485490893620943,-0.010996936648990041,0.012490237798016057,0.03448418323963776,0.18110201211465324,-0.7017421301849375,33,0.005603746065863113,REGIME_OOS,True,True
2026-07-24 00:00:00+00:00,BTC,2026-07-24 04:00:00+00:00,65500.0,451.0,2026-07-24 00:00:00+00:00,0.005603746065863113,-0.0029682624248420497,0.01072448113571478,0.9814714526979583,0.005571447385535349,-0.0056850526379707,0.012469414354043584,0.033572714193778,0.33066449125449937,-0.4328217097816338,31,0.0008396946564885877,REGIME_OOS,True,True
2026-07-24 04:00:00+00:00,BTC,2026-07-24 08:00:00+00:00,65555.0,714.0,2026-07-24 00:00:00+00:00,0.0008396946564885877,0.0012218403970980507,0.013136542771037707,0.0841889234249792,0.005560197657880856,-0.004993625159370962,0.012396027493457806,0.03310429983441669,0.3491547870110993,-0.09726654260052313,31,-0.006940736785905011,REGIME_OOS,True,True
2026-07-24 08:00:00+00:00,BTC,2026-07-24 12:00:00+00:00,65100.0,580.0,2026-07-24 00:00:00+00:00,-0.006940736785905011,-0.008000000000000007,0.006726977499420084,-1.3292339449222734,0.005719622782295902,-0.011457075826253327,0.01207335608869986,0.03472089424271128,0.17002359598907818,-0.32109896378485464,31,-0.015591397849462396,REGIME_OOS,True,True
2026-07-24 12:00:00+00:00,BTC,2026-07-24 16:00:00+00:00,64085.0,3448.0,2026-07-24 00:00:00+00:00,-0.015591397849462396,-0.01354575540675751,-0.009964467789278508,-2.7677896921155867,0.006404609963740245,-0.025226828507761256,0.010679674336805611,0.04161860114255563,-0.10614311426162673,3.7630462767522705,31,0.0023406413357260902,REGIME_OOS,True,True
2026-07-24 16:00:00+00:00,BTC,2026-07-24 20:00:00+00:00,64235.0,1432.0,2026-07-24 00:00:00+00:00,0.0023406413357260902,-0.009254260815917292,-0.004108527131782891,0.41447418350754245,0.006392202555975744,-0.021300260539667493,0.009174876184530723,0.045153674268797996,0.028271820962609714,0.5917610360774214,31,-0.0013232661321709305,REGIME_OOS,True,True
2026-07-24 20:00:00+00:00,BTC,2026-07-25 00:00:00+00:00,64150.0,210.0,2026-07-24 00:00:00+00:00,-0.0013232661321709305,-0.015122438013356887,-0.010488971155329319,-0.18863983927209033,0.006318083702847348,-0.020636853213845452,0.007330246320267131,0.04642305396631786,0.05546110282148805,-0.9594488994158801,31,,REGIME_OOS,True,False
2026-07-25 08:00:00+00:00,BTC,2026-07-25 12:00:00+00:00,64070.0,5.0,2026-07-25 00:00:00+00:00,,-0.02183206106870228,-0.013548883756735908,,,-0.02001797220044743,0.005511347207953099,0.047949566013182496,0.08252026316684441,-1.1660942450367187,28,0.001950991103480515,REGIME_OOS,False,True
2026-07-25 12:00:00+00:00,BTC,2026-07-25 16:00:00+00:00,64195.0,2.0,2026-07-25 00:00:00+00:00,0.001950991103480515,-0.020745938524902807,-0.0017105979317315612,0.3613571435591942,0.006319301400767298,-0.016277884832719747,0.003690556205809825,0.04710959423280045,0.15446773427341215,-1.1285493889143192,28,0.0030376197523172,REGIME_OOS,True,True
2026-07-25 16:00:00+00:00,BTC,2026-07-25 20:00:00+00:00,64390.0,5.0,2026-07-25 00:00:00+00:00,0.0030376197523172,-0.01090629800307219,-0.010830324909747335,0.5327139676546419,0.006078800289160529,-0.011873932976539825,0.00238660731041751,0.046268380288528844,0.24336830244555302,-1.070179106867483,28,-0.00031060723714859684,REGIME_OOS,True,True
2026-07-25 20:00:00+00:00,BTC,2026-07-26 00:00:00+00:00,64370.0,7.0,2026-07-25 00:00:00+00:00,-0.00031060723714859684,0.004447218537879438,-0.020318088425538394,-0.06812606172488242,0.005626575254064198,-0.0110198233909099,0.0012113800503010808,0.046260346783870546,0.2617868399820958,-1.0244120802578263,28,0.001553518719900504,REGIME_OOS,True,True
2026-07-26 00:00:00+00:00,BTC,2026-07-26 04:00:00+00:00,64470.0,1.0,2026-07-26 00:00:00+00:00,0.001553518719900504,0.0036584416595313307,-0.011120484699746913,0.3323267709169712,0.0053359819469051785,-0.008230136143373534,-0.00021839702733961186,0.04454103785109865,0.31522352103947127,-0.9761749440610034,27,-0.0017837753994105476,REGIME_OOS,True,True
2026-07-26 04:00:00+00:00,BTC,2026-07-26 08:00:00+00:00,64355.0,2.0,2026-07-26 00:00:00+00:00,-0.0017837753994105476,0.0031956352299298274,-0.015451694331828913,-0.22617252500039542,0.005167366926990988,-0.008645755107542397,-0.0017967773333886772,0.042300966037956106,0.2956132940371919,-0.9133507059931858,27,0.0021754331442778163,REGIME_OOS,True,True
2026-07-26 08:00:00+00:00,BTC,2026-07-26 12:00:00+00:00,64495.0,7.0,2026-07-26 00:00:00+00:00,0.0021754331442778163,0.0066333697518339285,-0.018191505556401255,0.49407813249811516,0.0051593546331170055,-0.00534379988124889,-0.00344881112840989,0.039695543397539536,0.3653803569903991,-0.8898274639311615,27,0.004108845646949355,REGIME_OOS,True,True
2026-07-26 12:00:00+00:00,BTC,2026-07-26 16:00:00+00:00,64760.0,10.0,2026-07-26 00:00:00+00:00,0.004108845646949355,0.008801308513123995,-0.02330141015006415,0.8723765115592568,0.005130734278567873,-0.0002007009093295542,-0.0049114570451064266,0.03504761770935707,0.494273479270576,-0.8599582977357851,27,-0.0006948733786288352,REGIME_OOS,True,True
2026-07-26 16:00:00+00:00,BTC,2026-07-26 20:00:00+00:00,64715.0,12.0,2026-07-26 00:00:00+00:00,-0.0006948733786288352,0.005047367603665087,-0.026036571600571934,-0.05341238509345775,0.0047864948389244565,-0.000139051974538007,-0.0060276581204457,0.03240890171494973,0.49570945119457865,-0.8187671488519749,27,0.010816657652785278,REGIME_OOS,True,True
2026-07-26 20:00:00+00:00,BTC,2026-07-27 00:00:00+00:00,65415.0,966.0,2026-07-26 00:00:00+00:00,0.010816657652785278,0.01623427062296101,-0.020366903781355306,2.4177860761072005,0.00521134253113328,0.01072294927457862,-0.0064261985029075985,0.03214038548147624,0.8336285210629688,0.33257855726329977,27,-0.001681571505006474,REGIME_OOS,True,True
2026-07-27 00:00:00+00:00,BTC,2026-07-27 04:00:00+00:00,65305.0,541.0,2026-07-27 00:00:00+00:00,-0.001681571505006474,0.012951760508763677,-0.01841274612956556,-0.23327616815252855,0.005112790865527323,0.009272853720732499,-0.007043766496838799,0.03060575737153128,0.802977430297408,-0.11998188406697322,26,-0.0012250210550494023,REGIME_OOS,True,True
2026-07-27 04:00:00+00:00,BTC,2026-07-27 08:00:00+00:00,65225.0,669.0,2026-07-27 00:00:00+00:00,-0.0012250210550494023,0.013518763110869303,-0.021013133208255153,-0.10513411207493135,0.0050830295710539855,0.007833987453258695,-0.007156609316631979,0.031247889772356513,0.7507045279002841,0.10545715674848967,26,-0.0021464162514372997,REGIME_OOS,True,True
2026-07-27 08:00:00+00:00,BTC,2026-07-27 12:00:00+00:00,65085.0,480.0,2026-07-27 00:00:00+00:00,-0.0021464162514372997,0.009147995968679767,-0.017733172351343196,-0.303045876088417,0.005075595692316371,0.005476552784236199,-0.007104981002765576,0.0316187257208681,0.6732059929480853,-0.158884362506476,26,-0.008373665207036973,REGIME_OOS,True,True
2026-07-27 12:00:00+00:00,BTC,2026-07-27 16:00:00+00:00,64540.0,2750.0,2026-07-27 00:00:00+00:00,-0.008373665207036973,-0.0033971587399629355,-0.02063732928679818,-1.5069157957777417,0.005195207072096768,-0.0024845152490504674,-0.007501940487622316,0.031168710475232952,0.4202881604285616,2.796613884001807,26,0.0067400061977067605,REGIME_OOS,True,True
2026-07-27 16:00:00+00:00,BTC,2026-07-27 20:00:00+00:00,64975.0,1242.0,2026-07-27 00:00:00+00:00,0.0067400061977067605,0.004017615699605903,-0.01724268320350908,1.455511593244947,0.005297003269302582,0.004646344386118217,-0.007956351275899887,0.02925812449789526,0.6588052708727936,0.6507679957609175,26,-0.019469026548672552,REGIME_OOS,True,True
2026-07-27 20:00:00+00:00,BTC,2026-07-28 00:00:00+00:00,63710.0,847.0,2026-07-27 00:00:00+00:00,-0.019469026548672552,-0.02606435832760068,-0.03659458642068658,-3.5969621439004973,0.006286152099163795,-0.013506033004424545,-0.009068897846203905,0.0292474263298284,0.03821464999639056,0.15655028908166474,26,-0.006670852299482055,REGIME_OOS,True,True
2026-07-28 00:00:00+00:00,BTC,2026-07-28 04:00:00+00:00,63285.0,784.0,2026-07-28 00:00:00+00:00,-0.006670852299482055,-0.03093178163999699,-0.040991059251401674,-0.8744980579527792,0.006358886505987487,-0.018707891737670845,-0.010042105618636388,0.03333054801113708,-0.06128365280462225,0.10899557323930385,30,0.0029232835585051298,REGIME_OOS,True,True
2026-07-28 04:00:00+00:00,BTC,2026-07-28 08:00:00+00:00,63470.0,414.0,2026-07-28 00:00:00+00:00,0.0029232835585051298,-0.026906860866232285,-0.0402238016029034,0.6804386860603702,0.006405798199146663,-0.015369818067583751,-0.010131218279957888,0.03586274049516265,0.07142655983981856,-0.3195026622167136,30,-0.0006302190011029385,REGIME_OOS,True,True
2026-07-28 08:00:00+00:00,BTC,2026-07-28 12:00:00+00:00,63430.0,405.0,2026-07-28 00:00:00+00:00,-0.0006302190011029385,-0.02542828608742409,-0.03447750970393482,0.09449547772870183,0.006375701025794989,-0.015375540394750087,-0.010424107245722292,0.038554065149679816,0.10119535164302249,-0.3279288610191941,30,0.007803878291029465,REGIME_OOS,True,True
2026-07-28 12:00:00+00:00,BTC,2026-07-28 16:00:00+00:00,63925.0,2370.0,2026-07-28 00:00:00+00:00,0.007803878291029465,-0.0095289742795166,-0.023673157693776203,1.4321784070192785,0.006506629979984152,-0.007518330053524869,-0.01032175289254933,0.0390052094471671,0.30724805327071447,1.9802269356267923,30,-0.0005475166210402449,REGIME_OOS,True,True
2026-07-28 16:00:00+00:00,BTC,2026-07-28 20:00:00+00:00,63890.0,1237.0,2026-07-28 00:00:00+00:00,-0.0005475166210402449,-0.016698730280877205,-0.02643809523809526,0.046160926211454345,0.006489579743189123,-0.007923105888564153,-0.010137596488154044,0.03940658787066244,0.2989395601931138,0.5396208089287448,30,0.0,REGIME_OOS,True,True
2026-07-28 20:00:00+00:00,BTC,2026-07-29 00:00:00+00:00,63890.0,540.0,2026-07-28 00:00:00+00:00,0.0,0.0028253021503688025,-0.01654737166166398,0.11626211686088557,0.0064659434038030665,-0.007688126116331406,-0.010245728384433828,0.039962493742532565,0.3076164574247058,-0.27055303699212513,30,-0.0034434183753325742,REGIME_OOS,True,True
2026-07-29 00:00:00+00:00,BTC,2026-07-29 04:00:00+00:00,63670.0,348.0,2026-07-29 00:00:00+00:00,-0.0034434183753325742,0.006083590108240555,-0.017968689750906153,-0.40404948031197196,0.006249654843207766,-0.010551834527343096,-0.010365562954646856,0.041200470230205406,0.24389043454151535,-0.4414588655679845,29,0.014292445421705713,REGIME_OOS,True,True
2026-07-29 04:00:00+00:00,BTC,2026-07-29 08:00:00+00:00,64580.0,731.0,2026-07-29 00:00:00+00:00,0.014292445421705713,0.017488577280605044,-0.008520764565901562,2.3845869277844516,0.006807700760537304,0.0034260676357025233,-0.009861462604133786,0.041318704786571826,0.5829180791943884,0.04741623558936734,29,-0.0014710436667698668,REGIME_OOS,True,True
2026-07-29 08:00:00+00:00,BTC,2026-07-29 12:00:00+00:00,64485.0,858.0,2026-07-29 00:00:00+00:00,-0.0014710436667698668,0.016632508276840596,-0.015496183206106906,-0.20620196545174183,0.00675352358354577,0.0019383081948873837,-0.00963356892144962,0.041326903590126744,0.54690184907418,0.17826094555505437,29,-0.008529115298131384,REGIME_OOS,True,True
2026-07-29 12:00:00+00:00,BTC,2026-07-29 16:00:00+00:00,63935.0,1517.0,2026-07-29 00:00:00+00:00,-0.008529115298131384,0.00015643332029724455,-0.024712073831134163,-1.22285209151488,0.00682220215864148,-0.006283100906522843,-0.00952081123561943,0.041761416729029006,0.34954770698295384,0.9413103971514634,29,-0.005943536404160454,REGIME_OOS,True,True
2026-07-29 16:00:00+00:00,BTC,2026-07-29 20:00:00+00:00,63555.0,2413.0,2026-07-29 00:00:00+00:00,-0.005943536404160454,-0.00524338707152916,-0.023732718894009186,-0.7624937000546358,0.006880146484343924,-0.011467167504637055,-0.009593314334129244,0.043103666820018254,0.23396306275939766,1.9402373116673277,29,0.006608449374557512,REGIME_OOS,True,True
2026-07-29 20:00:00+00:00,BTC,2026-07-30 00:00:00+00:00,63975.0,641.0,2026-07-29 00:00:00+00:00,0.006608449374557512,0.0013304116450147951,-0.0017164703128657033,1.1011694782249664,0.0069191367473310705,-0.004326646226635367,-0.00948689963063687,0.04277632115420483,0.3988541765656248,-0.18402141416953088,29,0.002579132473622403,REGIME_OOS,True,True
2026-07-30 00:00:00+00:00,BTC,2026-07-30 04:00:00+00:00,64140.0,390.0,2026-07-30 00:00:00+00:00,0.002579132473622403,0.007381812470551363,-0.0014789445006616608,0.4473463941658732,0.006323655829115161,-0.0013118097914728288,-0.009225991672618838,0.04227419619491702,0.4689690187029369,-0.4267550779623478,29,-0.00280636108512633,REGIME_OOS,True,True
2026-07-30 04:00:00+00:00,BTC,2026-07-30 08:00:00+00:00,63960.0,154.0,2026-07-30 00:00:00+00:00,-0.00280636108512633,-0.009600495509445639,-0.0029618082618861896,-0.4579513981230744,0.006330294068380781,-0.0029851211585075754,-0.00948800296451846,0.03864791375063236,0.42276113071022486,-0.7004803016603808,29,0.012820512820512775,REGIME_OOS,True,True
2026-07-30 08:00:00+00:00,BTC,2026-07-30 12:00:00+00:00,64780.0,370.0,2026-07-30 00:00:00+00:00,0.012820512820512775,0.004574707296270519,0.011081629467769583,2.0382171010435783,0.006747597194034262,0.010210486508824612,-0.009357958319815896,0.036062044361787185,0.7831366521096063,-0.4097215684172619,29,-0.0008490274776165041,REGIME_OOS,True,True
2026-07-30 12:00:00+00:00,BTC,2026-07-30 16:00:00+00:00,64725.0,1448.0,2026-07-30 00:00:00+00:00,-0.0008490274776165041,0.012356299366544254,0.008256094711426076,-0.1835447398725303,0.006744617510449371,0.009746451846911697,-0.009162505989828928,0.03353755968714893,0.790613030221348,1.0182034534622453,29,0.0007724990343762617,REGIME_OOS,True,True
2026-07-30 16:00:00+00:00,BTC,2026-07-30 20:00:00+00:00,64775.0,814.0,2026-07-30 00:00:00+00:00,0.0007724990343762617,0.01919597199276213,0.0059791893151111,0.07063031998691154,0.006725520634744474,0.010770893231228928,-0.008947115287960883,0.03191928153595821,0.8374415936992555,0.10120080369156942,29,0.0011578541103820505,REGIME_OOS,True,True
2026-07-30 20:00:00+00:00,BTC,2026-07-31 00:00:00+00:00,64850.0,295.0,2026-07-30 00:00:00+00:00,0.0011578541103820505,0.013677217663149666,0.00745688985552273,0.13935480147777854,0.00672686464607604,0.011696522244452945,-0.008385376139153466,0.03308937537451059,0.8534827149823774,-0.6430917283034703,29,-0.007864302235929044,REGIME_OOS,True,True
2026-07-31 00:00:00+00:00,BTC,2026-07-31 04:00:00+00:00,64340.0,151.0,2026-07-31 00:00:00+00:00,-0.007864302235929044,0.003118178983473552,-0.0020164417558554693,-1.2091623502117936,0.0068828255976640385,0.004237651888213456,-0.008331940291114948,0.030767969911784616,0.6377293302211112,-0.8629620891580505,28,-0.007071806030463201,REGIME_OOS,True,True
2026-07-31 04:00:00+00:00,BTC,2026-07-31 08:00:00+00:00,63885.0,89.0,2026-07-31 00:00:00+00:00,-0.007071806030463201,-0.001172607879924903,-0.007303239841504161,-1.0210120530630349,0.006995694983069061,-0.003000284812472498,-0.007506749336683161,0.030440794541460377,0.40143868260777305,-0.962289042329281,28,-0.000391328167801519,REGIME_OOS,True,True
2026-07-31 08:00:00+00:00,BTC,2026-07-31 12:00:00+00:00,63860.0,50.0,2026-07-31 00:00:00+00:00,-0.000391328167801519,-0.014201914171040442,-0.009845724474765505,-0.02440105584869904,0.006981060912635433,-0.003837394315664655,-0.006405835153202255,0.028345711538839892,0.3646216973454132,-1.025019238966675,28,-0.018791105543376152,REGIME_OOS,True,True
2026-07-31 12:00:00+00:00,BTC,2026-07-31 16:00:00+00:00,62660.0,352.0,2026-07-31 00:00:00+00:00,-0.018791105543376152,-0.03190421011973732,-0.03242742433600987,-2.6478670277317553,0.0076969333053620945,-0.02193848483192984,-0.005964322675442446,0.03381968254023671,-0.14868985111934957,-0.6060958887972672,28,,REGIME_OOS,True,False
2026-08-01 12:00:00+00:00,BTC,2026-08-01 16:00:00+00:00,63215.0,3.0,2026-08-01 00:00:00+00:00,,-0.024083365495947473,-0.023178552113111373,,,-0.013109878658491336,-0.005365658234511406,0.03477431361126099,0.12300108048010508,-1.12712844808177,25,-0.008858656964328082,REGIME_OOS,False,True
2026-08-01 16:00:00+00:00,BTC,2026-08-01 20:00:00+00:00,62655.0,93.0,2026-08-01 00:00:00+00:00,-0.008858656964328082,-0.033847340015420224,-0.04219215776198115,-1.01197976060618,0.00782645703984874,-0.020881761178286107,-0.00548070601875239,0.039931619016390016,-0.022938004835594883,-0.9982766541803823,25,0.005506344266219765,REGIME_OOS,True,True
2026-08-01 20:00:00+00:00,BTC,2026-08-02 00:00:00+00:00,63000.0,11.0,2026-08-01 00:00:00+00:00,0.005506344266219765,-0.02082685732048495,-0.03529591914861041,0.8749791369763191,0.007598729804904246,-0.014805287211625329,-0.005360748093835244,0.042294604650813465,0.14994856119690567,-1.0573917198301435,25,0.00952380952380949,REGIME_OOS,True,True
2026-08-02 00:00:00+00:00,BTC,2026-08-02 04:00:00+00:00,63600.0,62.0,2026-08-02 00:00:00+00:00,0.00952380952380949,-0.0044611411129372724,-0.024913760061326173,1.453198444165079,0.007861306867898071,-0.0051969076639724054,-0.00516384731132935,0.04257801223459448,0.37794386371682376,-0.945131642729405,27,0.0009433962264151496,REGIME_OOS,True,True
2026-08-02 04:00:00+00:00,BTC,2026-08-02 08:00:00+00:00,63660.0,60.0,2026-08-02 00:00:00+00:00,0.0009433962264151496,-0.003131850923896007,-0.021894445724821354,0.2656729176024669,0.007870510418227342,-0.004250626644820454,-0.004807707275461315,0.04259126306753061,0.40019956350951913,-0.9067278306474453,27,-0.007304429783223321,REGIME_OOS,True,True
2026-08-02 08:00:00+00:00,BTC,2026-08-02 12:00:00+00:00,63195.0,52.0,2026-08-02 00:00:00+00:00,-0.007304429783223321,0.008538142355569711,-0.020839789277967147,-0.7917618963431879,0.007950701986068226,-0.010452143276570736,-0.005284898554246187,0.042701954164232454,0.2552303288891269,-0.8879736796994403,27,0.002215365139647041,REGIME_OOS,True,True
2026-08-02 12:00:00+00:00,BTC,2026-08-02 16:00:00+00:00,63335.0,50.0,2026-08-02 00:00:00+00:00,0.002215365139647041,0.0018982836352132715,-0.025240477106579506,0.4352016286614518,0.007857810734552027,-0.007366193871953586,-0.0055097921553651785,0.042313927610930085,0.32591561956421056,-0.8859569411678916,27,0.004499881582063603,REGIME_OOS,True,True
2026-08-02 16:00:00+00:00,BTC,2026-08-02 20:00:00+00:00,63620.0,19.0,2026-08-02 00:00:00+00:00,0.004499881582063603,0.015401803527252511,-0.0014126510751844013,0.6861589569502241,0.007793164277678822,-0.0026532683798602408,-0.005155193871471897,0.04235459183948899,0.4373558269687659,-0.8760235109178349,27,0.0017290160326941528,REGIME_OOS,True,True
2026-08-02 20:00:00+00:00,BTC,2026-08-03 00:00:00+00:00,63730.0,577.0,2026-08-02 00:00:00+00:00,0.0017290160326941528,0.01158730158730159,0.007031682073161072,0.34588164609912914,0.006975851140944251,-0.0010658641336719343,-0.004593368324481539,0.04221937823507154,0.47475414896597196,0.030105973148378838,27,-0.011454573983994965,REGIME_OOS,True,True
2026-08-03 00:00:00+00:00,BTC,2026-08-03 04:00:00+00:00,63000.0,524.0,2026-08-03 00:00:00+00:00,-0.011454573983994965,-0.009433962264150941,-0.007405073262958917,-1.604776065486428,0.007179160788086086,-0.01175307944799353,-0.005017113906980786,0.04359834978818601,0.23042375445186514,-0.04067078191741248,27,-0.005317460317460276,REGIME_OOS,True,True
2026-08-03 04:00:00+00:00,BTC,2026-08-03 08:00:00+00:00,62665.0,963.0,2026-08-03 00:00:00+00:00,-0.005317460317460276,-0.01562990889098337,-0.012060539177045526,-0.6822674733087953,0.007204463948129082,-0.015869525955822916,-0.005680886580584188,0.04577204756463234,0.15329219905632693,0.628766298797401,27,0.00015957871219973718,REGIME_OOS,True,True
2026-08-03 08:00:00+00:00,BTC,2026-08-03 12:00:00+00:00,62675.0,890.0,2026-08-03 00:00:00+00:00,0.00015957871219973718,-0.008228499090117913,-0.019554165037152904,0.11848523456749283,0.007206148064420772,-0.014718308475308972,-0.006226390333980203,0.04768237423861753,0.19132601489904882,0.4852463852001032,27,0.019305943358596034,REGIME_OOS,True,True
2026-08-03 12:00:00+00:00,BTC,2026-08-03 16:00:00+00:00,63885.0,4168.0,2026-08-03 00:00:00+00:00,0.019305943358596034,0.0086839820004736,-7.825950853024288e-05,2.771752741994966,0.007940941052926113,0.005010500814108143,-0.006868095384658601,0.04471470137368956,0.6120548870993081,6.472641057601115,27,0.0030523597088518706,REGIME_OOS,True,True
2026-08-03 16:00:00+00:00,BTC,2026-08-03 20:00:00+00:00,64080.0,1639.0,2026-08-03 00:00:00+00:00,0.0030523597088518706,0.007230430682175326,0.002973861324150784,0.4201863250058294,0.007963992139203886,0.008589855078166453,-0.007336283158187573,0.04209648392517026,0.7040516042488401,1.1772068859405769,27,-0.005071785268414453,REGIME_OOS,True,True
2026-08-03 20:00:00+00:00,BTC,2026-08-04 00:00:00+00:00,63755.0,613.0,2026-08-03 00:00:00+00:00,-0.005071785268414453,0.0003922799309588054,0.0013350086382912796,-0.6162067881326437,0.008014058211212765,0.004280656708659292,-0.00793625988614044,0.03811299718105022,0.6123148801004743,-0.05059302323640386,27,0.0044702376284213585,REGIME_OOS,True,True
2026-08-04 00:00:00+00:00,BTC,2026-08-04 04:00:00+00:00,64040.0,536.0,2026-08-04 00:00:00+00:00,0.0044702376284213585,0.016507936507936583,-0.008361721895323582,0.5993987393614877,0.008038364033386126,0.009413999235531323,-0.008466894325969587,0.03349060796491698,0.7810937097765697,-0.14798434299104676,28,-0.0021080574640849337,REGIME_OOS,True,True
2026-08-04 04:00:00+00:00,BTC,2026-08-04 08:00:00+00:00,63905.0,559.0,2026-08-04 00:00:00+00:00,-0.0021080574640849337,0.019787760312774294,-0.008994339768938486,-0.25359230168325064,0.007572101678824561,0.007631541602939107,-0.00863173954093277,0.03156890455468656,0.7417423635881641,-0.11451953346002681,28,0.003364368985212529,REGIME_OOS,True,True
2026-08-04 08:00:00+00:00,BTC,2026-08-04 12:00:00+00:00,64120.0,375.0,2026-08-04 00:00:00+00:00,0.003364368985212529,0.023055444754686905,0.0028935637757097066,0.5256985194693659,0.007604673022104218,0.010834308775829582,-0.008375215926588853,0.032447611070792734,0.8339015853028968,-0.31193889829939325,28,0.003119151590767366,REGIME_OOS,True,True
2026-08-04 12:00:00+00:00,BTC,2026-08-04 16:00:00+00:00,64320.0,2646.0,2026-08-04 00:00:00+00:00,0.003119151590767366,0.006809110119746498,0.012036818503658342,0.470006378349541,0.007474469552929732,0.013619727132686998,-0.007961385132494336,0.03429764906802856,0.897103810400315,2.3440169771784407,28,0.002098880597015018,REGIME_OOS,True,True
2026-08-04 16:00:00+00:00,BTC,2026-08-04 20:00:00+00:00,64455.0,2560.0,2026-08-04 00:00:00+00:00,0.002098880597015018,0.005852059925093522,0.007502930832356425,0.2897460821266098,0.007400283237961098,0.014312579175551399,-0.006463525795471825,0.034865296940302916,0.910510749415319,2.191652828550399,28,-0.0020944845240865595,REGIME_OOS,True,True
2026-08-04 20:00:00+00:00,BTC,2026-08-05 00:00:00+00:00,64320.0,349.0,2026-08-04 00:00:00+00:00,-0.0020944845240865595,0.008862050035291391,0.00280636108512633,-0.31022426372749495,0.007310491477737077,0.01130882890531959,-0.00547684946286997,0.036095790655088264,0.8133004901701844,-0.3510741571563218,28,0.001088308457711351,REGIME_OOS,True,True
2026-08-05 00:00:00+00:00,BTC,2026-08-05 04:00:00+00:00,64390.0,612.0,2026-08-05 00:00:00+00:00,0.001088308457711351,0.005465334166146141,0.0067229518449030135,0.16102109730006198,0.007296784400656192,0.011030421982335614,-0.003801002651316665,0.034810022524502944,0.8168748878163252,-0.07379342364217918,25,-0.00038825904643580156,REGIME_OOS,True,True
2026-08-05 04:00:00+00:00,BTC,2026-08-05 08:00:00+00:00,64365.0,408.0,2026-08-05 00:00:00+00:00,-0.00038825904643580156,0.007198184805570662,-0.006406298240197561,-0.03422466623969558,0.007279633718252067,0.009556000831297595,-0.0024400853051944615,0.03445310754138718,0.7773625229543755,-0.30525989192294484,25,-0.001786685310339431,REGIME_OOS,True,True
2026-08-05 08:00:00+00:00,BTC,2026-08-05 12:00:00+00:00,64250.0,189.0,2026-08-05 00:00:00+00:00,-0.001786685310339431,0.0020274485339988324,-0.007338740826573931,-0.23747893683088855,0.006865257452600702,0.00723879397851479,-0.0016269591593339738,0.035028153992154296,0.7066564506978077,-0.5376259089006804,25,0.0052918287937742114,REGIME_OOS,True,True
2026-08-05 12:00:00+00:00,BTC,2026-08-05 16:00:00+00:00,64590.0,2680.0,2026-08-05 00:00:00+00:00,0.0052918287937742114,0.004197761194029814,-0.0028560401389424728,0.8501736566828306,0.006946937083029424,0.01183133011408355,-0.0007443376334290708,0.036683633481711865,0.8225233977976032,2.1475120340066782,25,0.007199256850905611,REGIME_OOS,True,True
2026-08-05 16:00:00+00:00,BTC,2026-08-05 20:00:00+00:00,65055.0,1420.0,2026-08-05 00:00:00+00:00,0.007199256850905611,0.009308820107051474,0.00316114109483423,1.0852831673183736,0.0070802440963180025,0.017633187465537326,0.0005501419569715615,0.039097554180382174,0.9510048731995876,0.6926714226806719,25,-0.0030743217277687807,REGIME_OOS,True,True
2026-08-05 20:00:00+00:00,BTC,2026-08-06 00:00:00+00:00,64855.0,461.0,2026-08-05 00:00:00+00:00,-0.0030743217277687807,0.008317786069651723,0.008004351880634086,-0.4164277274179035,0.007095928556151503,0.01330000195301051,0.001777267875198385,0.040071965583208115,0.8319029091646016,-0.2909080290250017,25,-0.002698327037236936,REGIME_OOS,True,True
2026-08-06 00:00:00+00:00,BTC,2026-08-06 04:00:00+00:00,64680.0,393.0,2026-08-06 00:00:00+00:00,-0.002698327037236936,0.004503804938654987,0.012444235736088327,-0.34263912339080455,0.006966710179784398,0.009729653783559167,0.0023024709902736973,0.040684242227853995,0.7391504241142733,-0.3697288047006534,27,0.005488559059987574,REGIME_OOS,True,True
2026-08-06 04:00:00+00:00,BTC,2026-08-06 08:00:00+00:00,65035.0,444.0,2026-08-06 00:00:00+00:00,0.005488559059987574,0.010409383981977882,0.018399624177889207,0.8014319585179063,0.006910144026762066,0.014238482891987259,0.0027742764830807065,0.04252684091856659,0.8348116762129594,-0.33113535566060065,27,-0.00384408395479352,REGIME_OOS,True,True
2026-08-06 08:00:00+00:00,BTC,2026-08-06 12:00:00+00:00,64785.0,480.0,2026-08-06 00:00:00+00:00,-0.00384408395479352,0.008326848249027297,0.03391318225343132,-0.6031679876969549,0.006951099479046167,0.008935350113882023,0.003757177091458841,0.04004537450836122,0.7231306417677844,-0.3106520506977896,27,0.0014663888245736167,REGIME_OOS,True,True
2026-08-06 12:00:00+00:00,BTC,2026-08-06 16:00:00+00:00,64880.0,2086.0,2026-08-06 00:00:00+00:00,0.0014663888245736167,0.004489859111317607,0.026338685438582532,0.18091914457652028,0.00595419848890551,0.00867510338608879,0.00503282036378172,0.03394956998581831,0.7555291094913007,1.2952297854587407,27,-0.003930332922318147,REGIME_OOS,True,True
2026-08-06 16:00:00+00:00,BTC,2026-08-06 20:00:00+00:00,64625.0,886.0,2026-08-06 00:00:00+00:00,-0.003930332922318147,-0.006609791714702995,0.03144202378102312,-0.8085697170680649,0.005740269802124351,0.0031900278642336133,0.006336123873096344,0.02405587650484396,0.632609088826645,0.02176170713007266,27,-0.0024758220502901773,REGIME_OOS,True,True
2026-08-06 20:00:00+00:00,BTC,2026-08-07 00:00:00+00:00,64465.0,405.0,2026-08-06 00:00:00+00:00,-0.0024758220502901773,-0.006013414540127937,0.023253968253968305,-0.6139347635325857,0.0057114287560775315,0.00025601837125766025,0.0066083148250537516,0.0227431998209839,0.511256919574767,-0.4844520762201785,27,-0.000542930272240727,REGIME_OOS,True,True
2026-08-07 00:00:00+00:00,BTC,2026-08-07 04:00:00+00:00,64430.0,355.0,2026-08-07 00:00:00+00:00,-0.000542930272240727,-0.0038651824366110477,0.01305031446540883,-0.23202376350585524,0.005470786172014228,-0.0005584339031426966,0.006711828621935867,0.022097170120991817,0.4747282615789683,-0.552639129845811,25,0.0003104144032282097,REGIME_OOS,True,True
2026-08-07 04:00:00+00:00,BTC,2026-08-07 08:00:00+00:00,64450.0,406.0,2026-08-07 00:00:00+00:00,0.0003104144032282097,-0.008995156454217001,0.01240967640590629,-0.024911323898423626,0.005470025053815151,-0.0007868125564431949,0.007009170702462653,0.01950893614584629,0.4596691203169136,-0.5148057088472872,25,0.012179984484096185,REGIME_OOS,True,True
2026-08-07 08:00:00+00:00,BTC,2026-08-07 12:00:00+00:00,65235.0,1167.0,2026-08-07 00:00:00+00:00,0.012179984484096185,0.0069460523269275765,0.03228103489200085,2.1488722323978884,0.005673506226618912,0.01044756468738628,0.007735905308523083,0.020772607005106764,1.0029491331934315,0.247847731595451,25,-0.0022993791676247932,REGIME_OOS,True,True
2026-08-07 12:00:00+00:00,BTC,2026-08-07 16:00:00+00:00,65085.0,2723.0,2026-08-07 00:00:00+00:00,-0.0022993791676247932,0.003159679408138105,0.02763085181968905,-0.5947749141090021,0.005702022654546946,0.007203707859082753,0.0084679502285534,0.01963413897439617,0.8668970596814434,1.827049399731596,25,0.0011523392486747497,REGIME_OOS,True,True
2026-08-07 16:00:00+00:00,BTC,2026-08-07 20:00:00+00:00,65160.0,2000.0,2026-08-07 00:00:00+00:00,0.0011523392486747497,0.00827852998065759,0.024206224457717695,0.039942092196501106,0.005662259886328474,0.007553559141198152,0.008893721509982688,0.019559558925928446,0.8861824885624132,0.9493524791968192,25,-0.0006906077348066697,REGIME_OOS,True,True
2026-08-07 20:00:00+00:00,BTC,2026-08-08 00:00:00+00:00,65115.0,217.0,2026-08-07 00:00:00+00:00,-0.0006906077348066697,0.010082990770185374,0.021732308175113735,-0.26554971948411304,0.005665993658897382,0.00623925515269752,0.009022712317916293,0.019760056245661045,0.8157508802166283,-0.9051926497277569,25,,REGIME_OOS,True,False
2026-08-08 12:00:00+00:00,BTC,2026-08-08 16:00:00+00:00,65305.0,14.0,2026-08-08 00:00:00+00:00,,0.013580630141238448,0.0365873015873015,,,0.008513020481439204,0.009266792603399132,0.020983481401758822,0.9057010521011897,-1.087559494518223,29,-7.656381594056683e-05,REGIME_OOS,False,True
2026-08-08 16:00:00+00:00,BTC,2026-08-08 20:00:00+00:00,65300.0,3.0,2026-08-08 00:00:00+00:00,-7.656381594056683e-05,0.013188518231187052,0.04204899066464529,-0.14276639345350509,0.005182260754514028,0.007673285470138236,0.009665422296455173,0.021263110367237416,0.8608731430920551,-1.0662710291795956,29,-0.001225114854517595,REGIME_OOS,True,True
2026-08-08 20:00:00+00:00,BTC,2026-08-09 00:00:00+00:00,65220.0,1.0,2026-08-08 00:00:00+00:00,-0.001225114854517595,-0.00022993791676251263,0.04060630235341045,-0.4509096772397319,0.005059603397190226,0.0057946541135105445,0.009915492870002929,0.02110428724741041,0.7745723674805213,-1.0178041335071712,29,-0.0036798528058877844,REGIME_OOS,True,True
2026-08-09 00:00:00+00:00,BTC,2026-08-09 04:00:00+00:00,64980.0,11.0,2026-08-09 00:00:00+00:00,-0.0036798528058877844,-0.0016132749481447828,0.017140173749706555,-0.9739658633576469,0.00513606559435439,0.0016184971098265333,0.01033146658859141,0.019972901959336042,0.5810346495027001,-0.9633375253739761,30,0.0007694675284704022,REGIME_OOS,True,True
2026-08-09 04:00:00+00:00,BTC,2026-08-09 08:00:00+00:00,65030.0,13.0,2026-08-09 00:00:00+00:00,0.0007694675284704022,-0.0019950890116635644,0.014825218476903768,-0.06825839732575037,0.0038189123020079345,0.0017869796962135531,0.01084280502104562,0.017863253532992972,0.6000366306682569,-0.9864936622347851,30,0.001307089035829545,REGIME_OOS,True,True
2026-08-09 08:00:00+00:00,BTC,2026-08-09 12:00:00+00:00,65115.0,27.0,2026-08-09 00:00:00+00:00,0.001307089035829545,0.0,0.021331660261940222,0.21077321638839946,0.003791922085153416,0.0026909351288300076,0.01114450093033037,0.017412397709465358,0.6545413316264407,-0.9073476207774707,30,0.004607233356369589,REGIME_OOS,True,True
2026-08-09 12:00:00+00:00,BTC,2026-08-09 16:00:00+00:00,65415.0,4.0,2026-08-09 00:00:00+00:00,0.004607233356369589,0.0016844039506929143,0.02147095565271706,1.0979245736458185,0.0037174684527956393,0.007031439424553421,0.01124684366038875,0.01854948396110936,0.8790638833563001,-0.8997298840875644,30,-0.00030574027363750034,REGIME_OOS,True,True
2026-08-09 16:00:00+00:00,BTC,2026-08-09 20:00:00+00:00,65395.0,31.0,2026-08-09 00:00:00+00:00,-0.00030574027363750034,0.0014548238897396093,0.023315859478914014,-0.2884659706311383,0.0036551354874432324,0.006305276966696249,0.011334969474095402,0.01941136456830293,0.8248239939294251,-0.8399417466025448,30,-0.0052756326936309605,REGIME_OOS,True,True
2026-08-09 20:00:00+00:00,BTC,2026-08-10 00:00:00+00:00,65050.0,350.0,2026-08-09 00:00:00+00:00,-0.0052756326936309605,-0.002606562404170454,0.014504054897068075,-1.6095316636902637,0.003779903804739032,0.0007114974136106511,0.011256187752993974,0.018907366068646975,0.5376306996451787,-0.46559104239309596,30,0.0012298232129130948,REGIME_OOS,True,True
2026-08-10 00:00:00+00:00,BTC,2026-08-10 04:00:00+00:00,65130.0,482.0,2026-08-10 00:00:00+00:00,0.0012298232129130948,0.0023084025854109846,0.012593283582089443,0.19259364338806376,0.003744082743279757,0.0018689863633216675,0.0109306187952527,0.018982302375289476,0.5984594137408094,-0.32124729257000895,31,0.003915246430216568,REGIME_OOS,True,True
2026-08-10 04:00:00+00:00,BTC,2026-08-10 08:00:00+00:00,65385.0,461.0,2026-08-10 00:00:00+00:00,0.003915246430216568,0.005459018914347302,0.014428671165929607,0.9306846101925256,0.0037665483159489187,0.005327613644226181,0.010540692136898455,0.019356846166164295,0.7752314916641102,-0.28732268572345954,31,-0.0018352833218627795,REGIME_OOS,True,True
2026-08-10 08:00:00+00:00,BTC,2026-08-10 12:00:00+00:00,65265.0,527.0,2026-08-10 00:00:00+00:00,-0.0018352833218627795,0.0023036166781846834,0.014692164179104461,-0.6086490510588907,0.0037758959760938607,0.003185631227640151,0.010196254411803496,0.019447366024308275,0.6638078505674327,-0.14005386177165763,31,-0.013483490385352015,REGIME_OOS,True,True
2026-08-10 12:00:00+00:00,BTC,2026-08-10 16:00:00+00:00,64385.0,2831.0,2026-08-10 00:00:00+00:00,-0.013483490385352015,-0.0157456240923336,-7.765180928720472e-05,-3.65729734396682,0.0045257343283006835,-0.010158234780904163,0.009467577755809309,0.020750282828330264,0.010453189243508782,2.8202885600488887,31,-0.003649918459268431,REGIME_OOS,True,True
2026-08-10 16:00:00+00:00,BTC,2026-08-10 20:00:00+00:00,64150.0,3179.0,2026-08-10 00:00:00+00:00,-0.003649918459268431,-0.019038152763972804,-0.0033403247106346123,-0.7946486931814682,0.004567001334673551,-0.013532215900353695,0.0088630394345528,0.022856294991453426,-0.09205640745421498,2.821621156238011,31,-0.001558846453624363,REGIME_OOS,True,True
2026-08-10 20:00:00+00:00,BTC,2026-08-11 00:00:00+00:00,64050.0,289.0,2026-08-10 00:00:00+00:00,-0.001558846453624363,-0.015372790161414351,-0.003112840466926059,-0.29501983206453997,0.004573559617555576,-0.014782113796126817,0.008427476084923224,0.025316105595473704,-0.083901569709429,-0.5301322371075913,31,0.002810304449648804,REGIME_OOS,True,True
2026-08-11 00:00:00+00:00,BTC,2026-08-11 04:00:00+00:00,64230.0,377.0,2026-08-11 00:00:00+00:00,0.002810304449648804,-0.01381851681252877,-0.005573618207152853,0.6692411978123014,0.004597264255144786,-0.01184615384615384,0.008078586704839186,0.02644778853765098,0.052092840227843495,-0.4445962076171394,30,-0.0011676786548341367,REGIME_OOS,True,True
2026-08-11 04:00:00+00:00,BTC,2026-08-11 08:00:00+00:00,64155.0,312.0,2026-08-11 00:00:00+00:00,-0.0011676786548341367,-0.018811654049093796,-0.01383444777495968,-0.23283446857895984,0.004486081065948999,-0.012179348997628847,0.006941268219472496,0.02864494516324585,0.07481681573417548,-0.4625792570670519,30,0.0055334736185799205,REGIME_OOS,True,True
2026-08-11 08:00:00+00:00,BTC,2026-08-11 12:00:00+00:00,64510.0,565.0,2026-08-11 00:00:00+00:00,0.0055334736185799205,-0.011568221864705408,-0.005319559016267017,1.303156925312336,0.004399368628472584,-0.0062733710993611025,0.0061289362665022384,0.029190432038870347,0.28508810383459177,-0.14634803195113066,30,-0.013331266470314684,REGIME_OOS,True,True
2026-08-11 12:00:00+00:00,BTC,2026-08-11 16:00:00+00:00,63650.0,2321.0,2026-08-11 00:00:00+00:00,-0.013331266470314684,-0.011415702415158768,-0.015924551638837325,-2.946592447072821,0.004977506963729401,-0.018379362062251547,0.00494944391405161,0.033779857609692626,-0.044092348600601405,1.7859421651902034,30,-0.0005498821681068078,REGIME_OOS,True,True
2026-08-11 16:00:00+00:00,BTC,2026-08-11 20:00:00+00:00,63615.0,2013.0,2026-08-11 00:00:00+00:00,-0.0005498821681068078,-0.00833982852689008,-0.021834396863227523,0.0321719465011713,0.004963348782237027,-0.017783044540601423,0.003822839704216152,0.03752686232993042,0.026124929277175763,1.3109758960184976,30,0.0003929890749037046,REGIME_OOS,True,True
2026-08-11 20:00:00+00:00,BTC,2026-08-12 00:00:00+00:00,63640.0,421.0,2026-08-11 00:00:00+00:00,0.0003929890749037046,-0.006401249024199807,-0.017673844254071147,0.20780173770519508,0.00483189371606825,-0.016132398525126157,0.002333693356411981,0.039764424477823725,0.09430071635707575,-0.4066049927515509,30,0.004242614707731018,REGIME_OOS,True,True
2026-08-12 00:00:00+00:00,BTC,2026-08-12 04:00:00+00:00,63910.0,331.0,2026-08-12 00:00:00+00:00,0.004242614707731018,-0.004982095593959235,-0.014950678175092436,1.0453190331262487,0.0048820004594346,-0.01089547156962889,0.0008705377196867037,0.04011414974646685,0.22838832086703975,-0.49641023585607374,29,-0.00015647003598806553,REGIME_OOS,True,True
2026-08-12 04:00:00+00:00,BTC,2026-08-12 08:00:00+00:00,63900.0,459.0,2026-08-12 00:00:00+00:00,-0.00015647003598806553,-0.003974748655599769,-0.011218568665377182,0.0782935406954658,0.004867987824809271,-0.010039040713887393,-0.0005311052718779408,0.04029444987975382,0.2508579781124766,-0.3139999730960269,29,0.007042253521126751,REGIME_OOS,True,True
2026-08-12 08:00:00+00:00,BTC,2026-08-12 12:00:00+00:00,64350.0,1293.0,2026-08-12 00:00:00+00:00,0.007042253521126751,-0.002480235622384086,-0.001783913751648214,1.5684196897949394,0.005018460395165341,-0.00258073516077284,-0.001162689885372048,0.03989221220702489,0.4353072938803237,0.5778455785713631,29,-0.0135975135975136,REGIME_OOS,True,True
2026-08-12 12:00:00+00:00,BTC,2026-08-12 16:00:00+00:00,63475.0,2666.0,2026-08-12 00:00:00+00:00,-0.0135975135975136,-0.00274941084053415,-0.014822287754151842,-2.664257758984487,0.005570714183672856,-0.014956062927974245,-0.002179484201642934,0.041679979352800725,0.1411691377920692,1.9835898613276977,29,-0.00023631350925557015,REGIME_OOS,True,True
2026-08-12 16:00:00+00:00,BTC,2026-08-12 20:00:00+00:00,63460.0,1456.0,2026-08-12 00:00:00+00:00,-0.00023631350925557015,-0.0024365322644031018,-0.01536074476338245,0.064884157028896,0.005571099517750783,-0.013922555783454582,-0.0033697981837779167,0.04261029368967804,0.17325839420751973,0.599519129268648,29,0.001024267254963851,REGIME_OOS,True,True
2026-08-12 20:00:00+00:00,BTC,2026-08-13 00:00:00+00:00,63525.0,550.0,2026-08-12 00:00:00+00:00,0.001024267254963851,-0.0018070395977373144,-0.026212922510922,0.2893165512793627,0.005576588888652878,-0.011460983637169964,-0.004674482252301271,0.04119084018928722,0.22175892541879266,-0.33036579407326816,29,0.0028335301062574203,REGIME_OOS,True,True
2026-08-13 00:00:00+00:00,BTC,2026-08-13 04:00:00+00:00,63705.0,833.0,2026-08-13 00:00:00+00:00,0.0028335301062574203,-0.003207635737756176,-0.021203042175616527,0.6092037844959669,0.005078958808825193,-0.007354659769076122,-0.005921687502807527,0.03837425751723506,0.30834391998925464,-0.03080944743346644,27,0.0037673651989640344,REGIME_OOS,True,True
2026-08-13 04:00:00+00:00,BTC,2026-08-13 08:00:00+00:00,63945.0,1184.0,2026-08-13 00:00:00+00:00,0.0037673651989640344,0.0007042253521127861,-0.018646408839778972,0.9140973184201282,0.005140704084688209,-0.0027564749870363503,-0.006723640633374606,0.036298056840648574,0.42405998483231405,0.4024676293577958,27,-0.006568144499178974,REGIME_OOS,True,True
2026-08-13 08:00:00+00:00,BTC,2026-08-13 12:00:00+00:00,63525.0,447.0,2026-08-13 00:00:00+00:00,-0.006568144499178974,-0.012820512820512775,-0.024418336788758377,-1.1467440618509717,0.00523848885100367,-0.008065082797873213,-0.007722354698411427,0.034041120562973065,0.2630782223236875,-0.3528073245697435,27,-0.0007870916961826291,REGIME_OOS,True,True
2026-08-13 12:00:00+00:00,BTC,2026-08-13 16:00:00+00:00,63475.0,1921.0,2026-08-13 00:00:00+00:00,-0.0007870916961826291,0.0,-0.028022356634254675,0.02736101621776595,0.005238366158138699,-0.007365589716323173,-0.008901074545530685,0.02861937602597319,0.2426362577004268,1.2341797563870067,27,7.877116975185672e-05,REGIME_OOS,True,True
2026-08-13 16:00:00+00:00,BTC,2026-08-13 20:00:00+00:00,63480.0,2532.0,2026-08-13 00:00:00+00:00,7.877116975185672e-05,0.0003151591553733901,-0.0278713629402757,0.19326815763275682,0.00523931922443625,-0.005899924440251003,-0.010026587704543122,0.021771954033681686,0.2290126356539372,1.8058660256835182,27,0.0010239445494644173,REGIME_OOS,True,True
2026-08-13 20:00:00+00:00,BTC,2026-08-14 00:00:00+00:00,63545.0,435.0,2026-08-13 00:00:00+00:00,0.0010239445494644173,0.00031483667847309604,-0.025682306041091674,0.3726447730345107,0.005251005763411866,-0.004227079162732794,-0.010418443521599818,0.02073017871073941,0.2960905585178151,-0.5104585480955035,27,-0.003068691478479768,REGIME_OOS,True,True
2026-08-14 00:00:00+00:00,BTC,2026-08-14 04:00:00+00:00,63350.0,441.0,2026-08-14 00:00:00+00:00,-0.003068691478479768,-0.005572561023467593,-0.025084641428131715,-0.42186199202700053,0.0052408380702511905,-0.006660159389099918,-0.010727310238062393,0.021097490685554412,0.18431509280579175,-0.52525135642993,29,-0.006866614048934516,REGIME_OOS,True,True
2026-08-14 04:00:00+00:00,BTC,2026-08-14 08:00:00+00:00,62915.0,630.0,2026-08-14 00:00:00+00:00,-0.006866614048934516,-0.016107592462272224,-0.03252345071505458,-1.1512460956288793,0.005344724234409969,-0.012602404344141394,-0.011198083166251815,0.023877577119956812,-0.027792425539202595,-0.3469618421702933,29,-0.0008741953429229898,REGIME_OOS,True,True
2026-08-14 08:00:00+00:00,BTC,2026-08-14 12:00:00+00:00,62860.0,1051.0,2026-08-14 00:00:00+00:00,-0.0008741953429229898,-0.010468319559228667,-0.03463103739537743,0.03993852311734522,0.00532582646940301,-0.012403868058665002,-0.011730455709960452,0.02550275854434961,0.013626416644515024,0.07734601593534225,29,0.002863506204263455,REGIME_OOS,True,True
2026-08-14 12:00:00+00:00,BTC,2026-08-14 16:00:00+00:00,63040.0,2241.0,2026-08-14 00:00:00+00:00,0.002863506204263455,-0.006853091768412756,-0.036306657494458494,0.7555393406051142,0.005269932260869994,-0.008707616707616661,-0.011977838784302586,0.025743618600757183,0.16175630385696457,1.3430887278068762,29,-0.0007931472081218471,REGIME_OOS,True,True
2026-08-14 16:00:00+00:00,BTC,2026-08-14 20:00:00+00:00,62990.0,2025.0,2026-08-14 00:00:00+00:00,-0.0007931472081218471,-0.007718966603654676,-0.036776511965746606,0.08071114083315205,0.005267772155877052,-0.008308701111106709,-0.012586393978304744,0.02326078289980805,0.14280217278605437,1.0185136112282775,29,0.0011112875059533511,REGIME_OOS,True,True
2026-08-14 20:00:00+00:00,BTC,2026-08-15 00:00:00+00:00,63060.0,166.0,2026-08-14 00:00:00+00:00,0.0011112875059533511,-0.007632386497757548,-0.030591852421214427,0.4453540865776101,0.005227739365923841,-0.006745342642142438,-0.012547632008709897,0.024042726788640403,0.21944352645851084,-1.0818255129692893,29,,REGIME_OOS,True,False
2026-08-15 08:00:00+00:00,BTC,2026-08-15 12:00:00+00:00,63080.0,1.0,2026-08-15 00:00:00+00:00,,-0.0042620363062352284,-0.0314755105174267,,,-0.006011518794859838,-0.012363067049095955,0.024638142888446853,0.25600763328315806,-1.2473181069590447,29,0.0006341154090043766,REGIME_OOS,False,True
2026-08-15 12:00:00+00:00,BTC,2026-08-15 16:00:00+00:00,63120.0,5.0,2026-08-15 00:00:00+00:00,0.0006341154090043766,0.0032583644599857298,-0.03464097270016053,0.316763002883912,0.005220017442193527,-0.004973555816538022,-0.012255810259939603,0.024948827755876517,0.30064971928925305,-1.2044884400912703,29,-0.00015842839036750433,REGIME_OOS,True,True
2026-08-15 16:00:00+00:00,BTC,2026-08-15 20:00:00+00:00,63110.0,6.0,2026-08-15 00:00:00+00:00,-0.00015842839036750433,0.003977091950365885,-0.03301922929594725,0.16920777699516434,0.0051389808591291485,-0.0045034742213564405,-0.01233423486302565,0.02432177113408639,0.31483773543757704,-1.1686104885849697,29,-0.00015845349389953522,REGIME_OOS,True,True
2026-08-15 20:00:00+00:00,BTC,2026-08-16 00:00:00+00:00,63100.0,6.0,2026-08-15 00:00:00+00:00,-0.00015845349389953522,0.0009517766497462166,-0.019958064766638195,0.1982944930828835,0.005140698347422458,-0.004032799046649438,-0.012488173487726129,0.023462828691932117,0.3281196568580764,-1.1315575381077543,29,-0.0002377179080823577,REGIME_OOS,True,True
2026-08-16 00:00:00+00:00,BTC,2026-08-16 04:00:00+00:00,63085.0,12.0,2026-08-16 00:00:00+00:00,-0.0002377179080823577,0.001508175900936548,-0.01660171473109895,0.17193634072795408,0.0045806674901885305,-0.0032744925326561036,-0.013049458046347162,0.018500197372840622,0.32300229199374925,-1.0695729080460818,34,,REGIME_OOS,True,False
2026-08-16 08:00:00+00:00,BTC,2026-08-16 12:00:00+00:00,62975.0,6.0,2026-08-16 00:00:00+00:00,,-0.0013479226133841227,-0.01678376268540205,,,-0.004619293552351356,-0.012991419656786296,0.018816116845449208,0.254503355272874,-1.0518209167928478,34,0.0016673283048829202,REGIME_OOS,False,True
2026-08-16 12:00:00+00:00,BTC,2026-08-16 16:00:00+00:00,63080.0,21.0,2026-08-16 00:00:00+00:00,0.0016673283048829202,0.0,-0.01790440604079091,0.5124566084294411,0.004564634343085283,-0.0026601526524449026,-0.012865874024153845,0.018769634139901018,0.35827360125310587,-1.0128790137162116,34,-7.926442612560258e-05,REGIME_OOS,True,True
2026-08-16 16:00:00+00:00,BTC,2026-08-16 20:00:00+00:00,63075.0,57.0,2026-08-16 00:00:00+00:00,-7.926442612560258e-05,-0.0007129277566539916,-0.0168342296001871,0.09279144937273517,0.004560822519197556,-0.0023843133533409944,-0.012551265512405263,0.018455504145670158,0.3708074656470228,-0.9463506803882457,34,-0.003408640507332583,REGIME_OOS,True,True
2026-08-16 20:00:00+00:00,BTC,2026-08-17 00:00:00+00:00,62860.0,303.0,2026-08-16 00:00:00+00:00,-0.003408640507332583,-0.003961337347488492,-0.02557742985583633,-0.6479393646942646,0.004548676082609103,-0.005120007596920106,-0.012524830077096372,0.017700275364015333,0.21073853419653235,-0.6479176619778497,34,0.009863188036907333,REGIME_OOS,True,True
2026-08-17 00:00:00+00:00,BTC,2026-08-17 04:00:00+00:00,63480.0,1179.0,2026-08-17 00:00:00+00:00,0.009863188036907333,0.00602218700475432,-0.002670856245090336,2.313638094419761,0.004935671060570268,0.005062519543542088,-0.012369568718696877,0.01440123801812177,0.8515336346202743,0.3615382599894191,34,0.0014965343415249688,REGIME_OOS,True,True
2026-08-17 04:00:00+00:00,BTC,2026-08-17 08:00:00+00:00,63575.0,1143.0,2026-08-17 00:00:00+00:00,0.0014965343415249688,0.007767298089878638,-0.000628782519845994,0.3625932502722229,0.0048251323495212325,0.006526789919691689,-0.011854569347861776,0.014682630725609382,0.944524557054179,0.38198119762763444,34,0.001337003539126913,REGIME_OOS,True,True
2026-08-17 08:00:00+00:00,BTC,2026-08-17 12:00:00+00:00,63660.0,1143.0,2026-08-17 00:00:00+00:00,0.001337003539126913,0.010877332274712215,0.0003142677561283058,0.36572568884504547,0.004171390798858934,0.007724941429747334,-0.011200921618592652,0.015708493551926713,0.991768443881104,0.431023449985794,34,0.009974866478165145,REGIME_OOS,True,True
2026-08-17 12:00:00+00:00,BTC,2026-08-17 16:00:00+00:00,64295.0,3400.0,2026-08-17 00:00:00+00:00,0.009974866478165145,0.01926125554850988,0.006024096385542244,2.3765683762833167,0.004544143851373148,0.017120754910995073,-0.010251692958077263,0.022027800515758707,1.2772339729854922,3.1919326478520587,34,0.0017108639863130382,REGIME_OOS,True,True
2026-08-17 16:00:00+00:00,BTC,2026-08-17 20:00:00+00:00,64405.0,4855.0,2026-08-17 00:00:00+00:00,0.0017108639863130382,0.02108600871977795,0.007902973395931046,0.2858113768927109,0.004550318658970618,0.01816830880987097,-0.009325588242664162,0.027435515892390835,1.1622185958205353,4.230133681282277,34,0.0035711513081282398,REGIME_OOS,True,True
2026-08-17 20:00:00+00:00,BTC,2026-08-18 00:00:00+00:00,64635.0,545.0,2026-08-17 00:00:00+00:00,0.0035711513081282398,0.028237352847597874,0.004428904428904534,0.6845951684987647,0.004532668083745941,0.020767530006317036,-0.008212166160487366,0.0336381339497476,1.117380560923563,-0.44601054499628495,34,-0.0068074572599984284,REGIME_OOS,True,True
2026-08-18 00:00:00+00:00,BTC,2026-08-18 04:00:00+00:00,64195.0,744.0,2026-08-18 00:00:00+00:00,-0.0068074572599984284,0.011263390044108368,0.011343048444269366,-1.5975359660046489,0.004721258225239384,0.012795027136185855,-0.006949971485689543,0.03518762655912623,0.863622909169112,-0.2540043010583197,31,0.000934652231482147,REGIME_OOS,True,True
2026-08-18 04:00:00+00:00,BTC,2026-08-18 08:00:00+00:00,64255.0,602.0,2026-08-18 00:00:00+00:00,0.000934652231482147,0.010696028313016193,0.012527576426095255,0.1530754611144146,0.004544962514684338,0.01262730729074324,-0.005589214297355927,0.03628138656667619,0.8480381673819825,-0.3317257916433818,31,0.0026457085051747598,REGIME_OOS,True,True
2026-08-18 08:00:00+00:00,BTC,2026-08-18 12:00:00+00:00,64425.0,418.0,2026-08-18 00:00:00+00:00,0.0026457085051747598,0.012016965127238377,0.01416765053128688,0.5802802013647294,0.003769592578472264,0.014199581254033866,-0.004194975435252157,0.03813912809853515,0.8723100648066296,-0.4696730932242706,31,0.008537058595265767,REGIME_OOS,True,True
2026-08-18 12:00:00+00:00,BTC,2026-08-18 16:00:00+00:00,64975.0,3154.0,2026-08-18 00:00:00+00:00,0.008537058595265767,0.010576250097208195,0.01993564084451771,2.1188658854448326,0.004037315822260609,0.021262215655686534,-0.0025077529467468773,0.04229164175912948,1.0027521933715573,1.9488940465157272,31,-0.004155444401692909,REGIME_OOS,True,True
2026-08-18 16:00:00+00:00,BTC,2026-08-18 20:00:00+00:00,64705.0,1118.0,2026-08-18 00:00:00+00:00,-0.004155444401692909,0.004658023445384574,0.011885213855657106,-1.2378738343107383,0.0041387449681011615,0.015705326939227104,-0.0011101476590467119,0.04397227919161855,0.8571642686699935,0.0794654876925975,31,0.0022409396491769318,REGIME_OOS,True,True
2026-08-18 20:00:00+00:00,BTC,2026-08-19 00:00:00+00:00,64850.0,315.0,2026-08-18 00:00:00+00:00,0.0022409396491769318,0.003326371161135544,0.02085792994883895,0.3796690786645673,0.004129464690848384,0.016569216058188285,0.0003653772873324357,0.045679417117742996,0.86272827246196,-0.586534521516576,31,-0.007478797224363953,REGIME_OOS,True,True
2026-08-19 00:00:00+00:00,BTC,2026-08-19 04:00:00+00:00,64365.0,797.0,2026-08-19 00:00:00+00:00,-0.007478797224363953,0.002648181322532972,0.014021268215832938,-1.9684465125595465,0.004341704867840521,0.007982898821945028,0.0016619790334952977,0.04517263928339835,0.6767197787993492,-0.18163724810172904,41,-0.0006991377301328594,REGIME_OOS,True,True
2026-08-19 04:00:00+00:00,BTC,2026-08-19 08:00:00+00:00,64320.0,767.0,2026-08-19 00:00:00+00:00,-0.0006991377301328594,0.001011594428449225,0.013232514177693666,-0.22435859278341305,0.0041507549527271155,0.006324732166954172,0.0029083451539611005,0.04417751685010692,0.6431663121404898,-0.1771600847935471,41,0.0035758706467661217,REGIME_OOS,True,True
2026-08-19 08:00:00+00:00,BTC,2026-08-19 12:00:00+00:00,64550.0,485.0,2026-08-19 00:00:00+00:00,0.0035758706467661217,0.0019402405898332198,0.015815563773703634,0.7481231869544516,0.004181489106451803,0.008778955511363318,0.003993962377831561,0.04326067026035516,0.7029315648261836,-0.3756357983816876,41,0.06529821843532146,REGIME_OOS,True,True
2026-08-19 12:00:00+00:00,BTC,2026-08-19 16:00:00+00:00,68765.0,9662.0,2026-08-19 00:00:00+00:00,0.06529821843532146,0.05833012697191231,0.08547750591949477,15.468697893809468,0.012524145081367736,0.06990186277903754,0.0069916648387804425,0.0775321423791334,1.401585595780604,7.560539982381957,41,-0.0027630335199593237,REGIME_OOS,True,True
2026-08-19 16:00:00+00:00,BTC,2026-08-19 20:00:00+00:00,68575.0,5076.0,2026-08-19 00:00:00+00:00,-0.0027630335199593237,0.059809906498724974,0.08996264801716602,-0.4433868947352616,0.012561588059288935,0.06231773485819625,0.009946570916743003,0.09509809958522887,1.1552994763301851,1.9569136712418764,41,0.0137805322639446,REGIME_OOS,True,True
2026-08-19 20:00:00+00:00,BTC,2026-08-20 00:00:00+00:00,69520.0,1464.0,2026-08-19 00:00:00+00:00,0.0137805322639446,0.07201233616037017,0.1059497295577474,0.8849801901564496,0.012672627613953415,0.07161161786070736,0.013307082063593434,0.11420756748513587,1.1270304099597228,0.041869463352397454,41,-0.001941887226697303,REGIME_OOS,True,True
2026-08-20 00:00:00+00:00,BTC,2026-08-20 04:00:00+00:00,69385.0,1151.0,2026-08-20 00:00:00+00:00,-0.001941887226697303,0.07799269789481866,0.10065038071065979,-0.40775313929291124,0.012568862380984945,0.06435444222442954,0.01657416778294296,0.12614792172377717,1.010150633835607,-0.11501664700512192,46,0.008287093752251895,REGIME_OOS,True,True
2026-08-20 04:00:00+00:00,BTC,2026-08-20 08:00:00+00:00,69960.0,1216.0,2026-08-20 00:00:00+00:00,0.008287093752251895,0.08768656716417911,0.11065248452135257,0.38965497250870756,0.012572988390059067,0.06736237456089156,0.02037567777520044,0.13654230009984705,0.9933443666294818,-0.06654634998172526,46,0.029874213836478036,REGIME_OOS,True,True
2026-08-20 08:00:00+00:00,BTC,2026-08-20 12:00:00+00:00,72050.0,3161.0,2026-08-20 00:00:00+00:00,0.029874213836478036,0.11618900077459338,0.14256263875673958,2.082183065346732,0.013448066564653879,0.0921093018761392,0.02436731315960672,0.15828679500302803,1.081913999044438,0.884601427622902,46,0.0077029840388618265,REGIME_OOS,True,True
2026-08-20 12:00:00+00:00,BTC,2026-08-20 16:00:00+00:00,72605.0,5500.0,2026-08-20 00:00:00+00:00,0.0077029840388618265,0.05584236166654555,0.15099873176918188,0.23108725503040498,0.01342010895622931,0.09304137388548694,0.028506418802267453,0.17672941661888322,1.0264622928401927,1.9513829641435083,46,0.0027546312237449744,REGIME_OOS,True,True
2026-08-20 16:00:00+00:00,BTC,2026-08-20 20:00:00+00:00,72805.0,2857.0,2026-08-20 00:00:00+00:00,0.0027546312237449744,0.061684287276704275,0.1534378960709759,-0.15826104013398623,0.013407549698509344,0.08855895457671714,0.03265551901431274,0.1903809817577416,0.9651670232975678,0.5676162494430782,46,0.005150745141130342,REGIME_OOS,True,True
2026-08-20 20:00:00+00:00,BTC,2026-08-21 00:00:00+00:00,73180.0,855.0,2026-08-20 00:00:00+00:00,0.005150745141130342,0.05264672036823925,0.1595626683568372,0.01621887639610107,0.013382945486982408,0.08694602773806648,0.03654753327051807,0.20288034659311105,0.9285581585309596,-0.389022585025788,46,0.02001913091008478,REGIME_OOS,True,True
2026-08-21 00:00:00+00:00,BTC,2026-08-21 04:00:00+00:00,74645.0,2404.0,2026-08-21 00:00:00+00:00,0.02001913091008478,0.0758088924119047,0.1829635499207607,1.11599399776473,0.013615412045151822,0.10033793619381393,0.04098604668292216,0.21868246505695038,0.958829363239908,0.30905739503830304,62,0.02424810770982644,REGIME_OOS,True,True
2026-08-21 04:00:00+00:00,BTC,2026-08-21 08:00:00+00:00,76455.0,1513.0,2026-08-21 00:00:00+00:00,0.02424810770982644,0.09283876500857624,0.21193627645240554,1.358143129586449,0.01397424259843194,0.11728537138723572,0.04616844062168424,0.23927116740733007,0.9901776200538679,-0.14004348849855097,62,0.005101039827349441,REGIME_OOS,True,True
2026-08-21 08:00:00+00:00,BTC,2026-08-21 12:00:00+00:00,76845.0,4285.0,2026-08-21 00:00:00+00:00,0.005101039827349441,0.06655100624566268,0.22024612941643507,-0.10511779702139284,0.013918441216731288,0.11269986642388874,0.05153950862404977,0.2532458306980047,0.945021606528572,1.1416655052702658,62,0.006506604203266209,REGIME_OOS,True,True
2026-08-21 12:00:00+00:00,BTC,2026-08-21 16:00:00+00:00,77345.0,3940.0,2026-08-21 00:00:00+00:00,0.006506604203266209,0.06528476000275463,0.22614140773620806,-0.017339284514407687,0.013885532261186625,0.10942570777975003,0.05703553207135226,0.2633156810777353,0.9155685196258619,0.9055110336750033,62,-0.0022625896955200675,REGIME_OOS,True,True
2026-08-21 16:00:00+00:00,BTC,2026-08-21 20:00:00+00:00,77170.0,2861.0,2026-08-21 00:00:00+00:00,-0.0022625896955200675,0.059954673442758066,0.22346413000396348,-0.6605320368806092,0.013929077237821353,0.09688928056173474,0.062302007930252534,0.2671930045775205,0.8626190764796923,0.33997501156820165,62,0.0165867565115978,REGIME_OOS,True,True
2026-08-21 20:00:00+00:00,BTC,2026-08-22 00:00:00+00:00,78450.0,544.0,2026-08-21 00:00:00+00:00,0.0165867565115978,0.07201421153320586,0.24801145402481706,0.6999950278091581,0.013900304041734866,0.10450566507924774,0.06772089960810135,0.2732072687493223,0.882514219177439,-0.8044019312797981,62,,REGIME_OOS,True,False
2026-08-22 08:00:00+00:00,BTC,2026-08-22 12:00:00+00:00,77360.0,11.0,2026-08-22 00:00:00+00:00,,0.03637216156473966,0.21865154379332075,,,0.07954228300307009,0.07290546873362413,0.26839994116984073,0.7963573041647446,-1.066122915961763,72,-0.0020682523267838704,REGIME_OOS,False,True
2026-08-22 12:00:00+00:00,BTC,2026-08-22 16:00:00+00:00,77200.0,31.0,2026-08-22 00:00:00+00:00,-0.0020682523267838704,0.009744294029167433,0.2143138025953597,-0.6885631591340922,0.01400077317599644,0.06810556535574697,0.07773756749139982,0.25895026453732256,0.7630063555927779,-1.022704979290871,72,0.004857512953367893,REGIME_OOS,True,True
2026-08-22 16:00:00+00:00,BTC,2026-08-22 20:00:00+00:00,77575.0,28.0,2026-08-22 00:00:00+00:00,0.004857512953367893,0.009499642136768793,0.21858309770656614,-0.16054522680315506,0.01396775324578864,0.0635745427623462,0.08303227655350476,0.24289317483791464,0.7617386956416956,-0.9932268693001186,72,-0.004447309055752524,REGIME_OOS,True,True
2026-08-22 20:00:00+00:00,BTC,2026-08-23 00:00:00+00:00,77230.0,16.0,2026-08-22 00:00:00+00:00,-0.004447309055752524,-0.0014868446570560634,0.20118205148145263,-0.8351101089212044,0.014091102312233015,0.04955594664564744,0.08817366177125185,0.21905367206430146,0.7262274180507723,-0.9690246363399905,72,-0.0019422504208209679,REGIME_OOS,True,True
2026-08-23 00:00:00+00:00,BTC,2026-08-23 04:00:00+00:00,77080.0,20.0,2026-08-23 00:00:00+00:00,-0.0019422504208209679,-0.00116625631722167,0.19680149056750262,-0.6363407688786578,0.014172800097311112,0.03867403314917128,0.09306278519644495,0.188065278991876,0.7056415376431175,-0.9073370022645187,71,-0.010703165542293669,REGIME_OOS,True,True
2026-08-23 04:00:00+00:00,BTC,2026-08-23 08:00:00+00:00,76255.0,45.0,2026-08-23 00:00:00+00:00,-0.010703165542293669,-0.027979604843849537,0.17977875763905016,-1.2227944126939772,0.014498769577963025,0.022397415012502586,0.09441833370261743,0.17531282744751506,0.6277568523570125,-0.8373275041443186,71,0.014097436233689642,REGIME_OOS,True,True
2026-08-23 08:00:00+00:00,BTC,2026-08-23 12:00:00+00:00,77330.0,2.0,2026-08-23 00:00:00+00:00,0.014097436233689642,-0.0003877973112719202,0.20461095100864557,0.5437690382384268,0.014559861267443299,0.030760874273965344,0.09620431279607011,0.15977482827601328,0.6925264111116775,-0.844703732168395,71,-0.0005172636751583637,REGIME_OOS,True,True
2026-08-23 12:00:00+00:00,BTC,2026-08-23 16:00:00+00:00,77290.0,16.0,2026-08-23 00:00:00+00:00,-0.0005172636751583637,0.0011658031088082055,0.20286359038207147,-0.48637785442494075,0.01440512675558268,0.024920187108602,0.09725390968297654,0.14524824772956235,0.6715696230291244,-0.8204131457243343,71,0.004010868158882186,REGIME_OOS,True,True
2026-08-23 16:00:00+00:00,BTC,2026-08-23 20:00:00+00:00,77600.0,30.0,2026-08-23 00:00:00+00:00,0.004010868158882186,0.00032226877215602023,0.20450135816841297,-0.19181610938391372,0.014373039998523181,0.023456407483365638,0.09857573386652763,0.12553165901405866,0.6868565082911761,-0.8000513297124929,71,0.003092783505154628,REGIME_OOS,True,True
2026-08-23 20:00:00+00:00,BTC,2026-08-24 00:00:00+00:00,77840.0,483.0,2026-08-23 00:00:00+00:00,0.003092783505154628,0.007898485044671721,0.19799923047325896,-0.2632540196414718,0.014368733173211128,0.021314561998543535,0.09955276635648858,0.10370863070242269,0.7055235119216137,-0.5857782640726628,71,-0.010341726618705027,REGIME_OOS,True,True
2026-08-24 00:00:00+00:00,BTC,2026-08-24 04:00:00+00:00,77035.0,845.0,2026-08-24 00:00:00+00:00,-0.010341726618705027,-0.0005838090295796627,0.19055714396105405,-1.1993522998998383,0.014703680317527144,0.007457684750162619,0.09871828952000516,0.09002320810197909,0.5828418016575739,-0.38229183993662463,66,0.00486791718050239,REGIME_OOS,True,True
2026-08-24 04:00:00+00:00,BTC,2026-08-24 08:00:00+00:00,77410.0,896.0,2026-08-24 00:00:00+00:00,0.00486791718050239,0.015146547767359575,0.1936777178103315,-0.09482228313973828,0.014574956960136137,0.009191056645590168,0.09765015147157086,0.0767065988656394,0.6198209382440416,-0.35456978949832707,66,0.014855961762046288,REGIME_OOS,True,True
2026-08-24 08:00:00+00:00,BTC,2026-08-24 12:00:00+00:00,78560.0,1675.0,2026-08-24 00:00:00+00:00,0.014855961762046288,0.0159058580111211,0.22053911287190253,0.5689916852965562,0.014627845233293385,0.020355812722626432,0.09692063957919883,0.06271263151879279,0.8245887188855494,-0.010775654804558787,66,0.007892057026476662,REGIME_OOS,True,True
2026-08-24 12:00:00+00:00,BTC,2026-08-24 16:00:00+00:00,79180.0,3917.0,2026-08-24 00:00:00+00:00,0.007892057026476662,0.0244533574847976,0.23103233830845782,0.06211604215905348,0.014370750801537971,0.024416908442253638,0.09617536479968458,0.04768562858329383,1.0120391440285608,0.9982723647880853,66,-0.004483455418034854,REGIME_OOS,True,True
2026-08-24 16:00:00+00:00,BTC,2026-08-24 20:00:00+00:00,78825.0,2601.0,2026-08-24 00:00:00+00:00,-0.004483455418034854,0.01578608247422686,0.22114639814097603,-0.8335855632806239,0.014461487533446884,0.01707380801078684,0.0942587305755811,0.038541861950252186,0.9429938551703815,0.3458888411870723,66,0.002029812876625403,REGIME_OOS,True,True
2026-08-24 20:00:00+00:00,BTC,2026-08-25 00:00:00+00:00,78985.0,296.0,2026-08-24 00:00:00+00:00,0.002029812876625403,0.01470966084275438,0.1486221188104413,-0.3692454300932097,0.014478218425164587,0.01747752912116396,0.09114567959541087,0.03987777990867879,0.9382773855813447,-0.7274579530639296,66,0.01987719187187431,REGIME_OOS,True,True
2026-08-25 00:00:00+00:00,BTC,2026-08-25 04:00:00+00:00,80555.0,1611.0,2026-08-25 00:00:00+00:00,0.01987719187187431,0.045693515934315476,0.17469923441487412,0.8674462355360993,0.009836972053218082,0.03522834974538558,0.08837421708249771,0.0509209291805393,1.191824566289513,0.01178225651766112,73,-0.009248339643721626,REGIME_OOS,True,True
2026-08-25 04:00:00+00:00,BTC,2026-08-25 08:00:00+00:00,79810.0,1045.0,2026-08-25 00:00:00+00:00,-0.009248339643721626,0.031003746286009548,0.1480149597238205,-1.5301884711273201,0.01009949214583934,0.024032231161065898,0.08502018655158006,0.055359146122427656,0.9341149176672328,-0.28024366352659946,73,-0.00776845006891369,REGIME_OOS,True,True
2026-08-25 08:00:00+00:00,BTC,2026-08-25 12:00:00+00:00,79190.0,1245.0,2026-08-25 00:00:00+00:00,-0.00776845006891369,0.0080193482688391,0.14131296389709602,-1.3224778620713438,0.010261724920584954,0.014762039006637862,0.08157328318016188,0.05625163548262346,0.7624286188300764,-0.14086977259561667,73,0.0051774213915898315,REGIME_OOS,True,True
2026-08-25 12:00:00+00:00,BTC,2026-08-25 16:00:00+00:00,79600.0,2764.0,2026-08-25 00:00:00+00:00,0.0051774213915898315,0.005304369790351204,0.13779302458547749,0.02999652523771925,0.010180772593038625,0.019264874416579758,0.07737100808281738,0.058854923705215494,0.827328169059754,0.844247547843267,73,-0.0076633165829145256,REGIME_OOS,True,True
2026-08-25 16:00:00+00:00,BTC,2026-08-25 20:00:00+00:00,78990.0,1471.0,2026-08-25 00:00:00+00:00,-0.0076633165829145256,0.002093244529020044,0.09632199861207491,-1.2543480423037565,0.010422589135000972,0.01039947810737174,0.07389971880825241,0.05894140716959081,0.676437560736369,-0.02928617543075816,73,-0.00462083808076974,REGIME_OOS,True,True
2026-08-25 20:00:00+00:00,BTC,2026-08-26 00:00:00+00:00,78625.0,444.0,2026-08-25 00:00:00+00:00,-0.00462083808076974,-0.004557827435589079,0.08291439983472215,-0.8823213891916066,0.009386612606602248,0.004814804164949393,0.07045239082167432,0.057880248166337106,0.5831856171575581,-0.6665582100227202,73,0.007058823529411784,REGIME_OOS,True,True
2026-08-26 00:00:00+00:00,BTC,2026-08-26 04:00:00+00:00,79180.0,385.0,2026-08-26 00:00:00+00:00,0.007058823529411784,-0.017069083235056848,0.08756266739921714,0.38708568274850763,0.009377222220685131,0.01087088352260035,0.06701930425140357,0.05815951649671873,0.6869149569565911,-0.6819261851100915,74,-0.002147006819903985,REGIME_OOS,True,True
2026-08-26 04:00:00+00:00,BTC,2026-08-26 08:00:00+00:00,79010.0,345.0,2026-08-26 00:00:00+00:00,-0.002147006819903985,-0.010023806540533808,0.07966657556709489,-0.5919594152911257,0.009431471572856457,0.007555711416456834,0.0639661886219014,0.05702204598082103,0.6325050914342515,-0.661970482893802,74,-0.00556891532717374,REGIME_OOS,True,True
2026-08-26 08:00:00+00:00,BTC,2026-08-26 12:00:00+00:00,78570.0,699.0,2026-08-26 00:00:00+00:00,-0.00556891532717374,-0.007829271372648106,0.052582222519927724,-0.93404889016965,0.009558809402387878,0.0009937318452835076,0.060899112403242084,0.05467025595759424,0.5181768281102324,-0.3755000719742702,74,-0.006363752068219375,REGIME_OOS,True,True
2026-08-26 12:00:00+00:00,BTC,2026-08-26 16:00:00+00:00,78070.0,2405.0,2026-08-26 00:00:00+00:00,-0.006363752068219375,-0.019221105527638227,0.021123536720947023,-0.9673767821355136,0.009132018982356965,-0.006524968902208217,0.058282270554171456,0.04797242530395684,0.3639850109544078,0.979388061425131,74,0.0060202382477263505,REGIME_OOS,True,True
2026-08-26 16:00:00+00:00,BTC,2026-08-26 20:00:00+00:00,78540.0,1252.0,2026-08-26 00:00:00+00:00,0.0060202382477263505,-0.005696923661222986,0.022057388249072885,0.43982053427472684,0.00815510484854074,-0.0013128908075391577,0.05502073330569801,0.045545706084828094,0.4711742133255356,0.06599252937284218,74,0.006620830150241952,REGIME_OOS,True,True
2026-08-26 20:00:00+00:00,BTC,2026-08-27 00:00:00+00:00,79060.0,388.0,2026-08-26 00:00:00+00:00,0.006620830150241952,0.005532591414944443,0.022173379016096728,0.6406584729581186,0.008183583795669223,0.004169220168483534,0.0520290494133997,0.042699889948552894,0.5976400682415526,-0.5746866007446917,74,-0.0029091828990640556,REGIME_OOS,True,True
2026-08-27 00:00:00+00:00,BTC,2026-08-27 04:00:00+00:00,78830.0,224.0,2026-08-27 00:00:00+00:00,-0.0029091828990640556,-0.00442030815862593,0.021510949850978456,-0.5322894976601238,0.008163372774272029,0.0004664105110525618,0.04881326196887614,0.040469105627280226,0.5115251005383784,-0.6880714781151288,65,0.004059368260814322,REGIME_OOS,True,True
2026-08-27 04:00:00+00:00,BTC,2026-08-27 08:00:00+00:00,79150.0,349.0,2026-08-27 00:00:00+00:00,0.004059368260814322,0.0017719276041008314,0.008922880815806167,0.35847622094664355,0.008154289003437546,0.0036933124098468273,0.04573887144342348,0.03895631483052646,0.5948065140636098,-0.5130221855556768,65,0.004169298799747256,REGIME_OOS,True,True
2026-08-27 08:00:00+00:00,BTC,2026-08-27 12:00:00+00:00,79480.0,1165.0,2026-08-27 00:00:00+00:00,0.004169298799747256,0.011582028764159258,0.027404343329886283,0.34651379515292113,0.0076536548223730076,0.0063179752092275,0.04327185354751517,0.03279704232898174,0.6926385661808453,0.31542452680228666,65,0.010694514343231099,REGIME_OOS,True,True
2026-08-27 12:00:00+00:00,BTC,2026-08-27 16:00:00+00:00,80330.0,1718.0,2026-08-27 00:00:00+00:00,0.010694514343231099,0.02894837965928021,0.04054404145077717,1.2758224216431107,0.007833847868475768,0.015203407180861106,0.0409433964746293,0.030449198154599354,0.9993040244826503,0.8424171054973737,65,-0.005539648948089115,REGIME_OOS,True,True
2026-08-27 16:00:00+00:00,BTC,2026-08-27 20:00:00+00:00,79885.0,1505.0,2026-08-27 00:00:00+00:00,-0.005539648948089115,0.017125031830914184,0.029777634547212273,-0.880140198386124,0.007903242717413658,0.008734961628674265,0.037578070647794615,0.030786322167228812,0.7837286500552602,0.57006338364316,65,0.004631658008387163,REGIME_OOS,True,True
2026-08-27 20:00:00+00:00,BTC,2026-08-28 00:00:00+00:00,80255.0,362.0,2026-08-27 00:00:00+00:00,0.004631658008387163,0.015115102453832518,0.03916871681988865,0.45841874434508434,0.00786083040352019,0.012719724405971133,0.033964913013185605,0.033013690691458986,0.8852863505885435,-0.6528628604998358,65,-0.003364276369073549,REGIME_OOS,True,True
2026-08-28 00:00:00+00:00,BTC,2026-08-28 04:00:00+00:00,79985.0,44.0,2026-08-28 00:00:00+00:00,-0.003364276369073549,0.014651782316376982,0.03768811624286461,-0.5947936503078665,0.007885374918905992,0.008574490889603492,0.030570806666450068,0.033591402515479055,0.755258496148003,-1.0029938716868239,71,-0.004250797024442088,REGIME_OOS,True,True
2026-08-28 04:00:00+00:00,BTC,2026-08-28 08:00:00+00:00,79645.0,35.0,2026-08-28 00:00:00+00:00,-0.004250797024442088,0.0062539481996208846,0.044456101239263024,-0.6993569560485428,0.007631623217494592,0.003869520280319616,0.028092486597788513,0.03356033327022105,0.6153004128166144,-1.0140919605142602,71,-0.0007533429593822305,REGIME_OOS,True,True
2026-08-28 08:00:00+00:00,BTC,2026-08-28 12:00:00+00:00,79585.0,70.0,2026-08-28 00:00:00+00:00,-0.0007533429593822305,0.0013210870659285945,0.02916073968705546,-0.29250876550161614,0.007257373504680595,0.003726849078377281,0.02454054319468968,0.030514854576013772,0.6221322903274404,-0.9768957771809178,71,-0.006156939121693794,REGIME_OOS,True,True
2026-08-28 12:00:00+00:00,BTC,2026-08-28 16:00:00+00:00,79095.0,264.0,2026-08-28 00:00:00+00:00,-0.006156939121693794,-0.015374081912112536,0.02335360331220082,-0.9839492029349896,0.007369772997598174,-0.0020030597921234516,0.021550801863323477,0.02995529355705905,0.4331316921228644,-0.7789805508371541,71,,REGIME_OOS,True,False
2026-08-29 12:00:00+00:00,BTC,2026-08-29 16:00:00+00:00,78025.0,28.0,2026-08-29 00:00:00+00:00,,-0.02328346998810793,0.005476804123711432,,,-0.014779880169959125,0.018531379493946343,0.033040899514454006,0.052679243387621026,-1.042758241364298,73,0.006023710349247091,REGIME_OOS,False,True
2026-08-29 16:00:00+00:00,BTC,2026-08-29 20:00:00+00:00,78495.0,22.0,2026-08-29 00:00:00+00:00,0.006023710349247091,-0.021930097813220306,0.00841469681397733,0.7093504479532572,0.007409108469140614,-0.008153246925553082,0.015591213636649393,0.033600510653565896,0.2573475293391775,-1.0489298563757206,73,6.369832473396286e-05,REGIME_OOS,True,True
2026-08-29 20:00:00+00:00,BTC,2026-08-30 00:00:00+00:00,78500.0,7.0,2026-08-29 00:00:00+00:00,6.369832473396286e-05,-0.01856598112146024,0.019017329785162573,-0.10788814745542423,0.007398306393667558,-0.007782900370659429,0.013598866430164502,0.03435390274358833,0.27344931000271827,-1.0348058064845809,73,-0.001273885350318471,REGIME_OOS,True,True
2026-08-30 00:00:00+00:00,BTC,2026-08-30 04:00:00+00:00,78400.0,12.0,2026-08-30 00:00:00+00:00,-0.001273885350318471,-0.015631866407181838,0.012789045342978866,-0.27519394949808196,0.007108573972201254,-0.008905940875677087,0.011952124978572343,0.0348814812551995,0.2446799689921547,-0.9834414476961983,68,0.000956632653061229,REGIME_OOS,True,True
2026-08-30 04:00:00+00:00,BTC,2026-08-30 08:00:00+00:00,78475.0,1.0,2026-08-30 00:00:00+00:00,0.000956632653061229,-0.013947351887918624,-0.001081975560081494,-0.015152480472833501,0.0070721829957692064,-0.007515563888616628,0.010035946226284898,0.035595832338784314,0.2888639372978545,-0.9494108350081125,68,,REGIME_OOS,True,False
2026-08-30 12:00:00+00:00,BTC,2026-08-30 16:00:00+00:00,78925.0,44.0,2026-08-30 00:00:00+00:00,,-0.0021493141159365514,-0.003220510229856033,,,-0.0017706949977865927,0.008501438165271047,0.03562977649063217,0.45030294399258486,-0.8461413457544086,68,0.0018371872030409353,REGIME_OOS,False,True
2026-08-30 16:00:00+00:00,BTC,2026-08-30 20:00:00+00:00,79070.0,32.0,2026-08-30 00:00:00+00:00,0.0018371872030409353,0.013393143223325854,0.0031081509673327457,0.12771419703523965,0.006570051441894793,-0.0002528764698445096,0.007682800973409565,0.03512851841249577,0.4928013909702913,-0.8771680239413422,68,-0.013532313140255492,REGIME_OOS,True,True
2026-08-30 20:00:00+00:00,BTC,2026-08-31 00:00:00+00:00,78000.0,638.0,2026-08-30 00:00:00+00:00,-0.013532313140255492,-0.006306134148671871,-0.012470722289042224,-2.135801088140604,0.0068951890013218145,-0.013738122182673451,0.007241660818743334,0.03541150666677835,0.11204355657755859,-0.047684966366255535,68,0.0002564102564102111,REGIME_OOS,True,True
2026-08-31 00:00:00+00:00,BTC,2026-08-31 04:00:00+00:00,78020.0,487.0,2026-08-31 00:00:00+00:00,0.0002564102564102111,-0.006114649681528639,-0.03146918254608655,0.06824266166761515,0.0068481327823387535,-0.013160807229906202,0.006609253209135746,0.03695916573797456,0.14390951562026652,-0.26156382587357224,69,0.006216354780825384,REGIME_OOS,True,True
2026-08-31 04:00:00+00:00,BTC,2026-08-31 08:00:00+00:00,78505.0,656.0,2026-08-31 00:00:00+00:00,0.006216354780825384,0.001339285714285765,-0.016351334419245744,0.9159423818798929,0.006934221760784741,-0.0066776114964998134,0.005958790600346653,0.037502873386705146,0.32194400339289475,0.01035600812219578,69,0.000891662951404415,REGIME_OOS,True,True
2026-08-31 08:00:00+00:00,BTC,2026-08-31 12:00:00+00:00,78575.0,555.0,2026-08-31 00:00:00+00:00,0.000891662951404415,0.0012742911755336817,-0.007766132087384747,0.11655984676296713,0.005846496197709546,-0.005631485699822858,0.005436891721495751,0.03780470287398143,0.3510374299569321,-0.10911663844798772,69,0.0039452752147630665,REGIME_OOS,True,True
2026-08-31 12:00:00+00:00,BTC,2026-08-31 16:00:00+00:00,78885.0,2730.0,2026-08-31 00:00:00+00:00,0.0039452752147630665,-0.0005068102629077753,-0.008982412060301481,0.7687878177347809,0.005662926132427521,-0.0015410075721378202,0.005157032826387464,0.03780714257281127,0.4592403057393174,2.9106536077307554,69,0.004056537998351928,REGIME_OOS,True,True
2026-08-31 16:00:00+00:00,BTC,2026-08-31 20:00:00+00:00,79205.0,1834.0,2026-08-31 00:00:00+00:00,0.004056537998351928,0.0017073479195648389,0.002721863527028745,0.7356957476479162,0.005521219864192479,0.0026837821072753787,0.00451052476973679,0.03747594226584263,0.5716134657332274,1.688678774841672,69,-0.0049870588977968255,REGIME_OOS,True,True
2026-08-31 20:00:00+00:00,BTC,2026-09-01 00:00:00+00:00,78810.0,568.0,2026-08-31 00:00:00+00:00,-0.0049870588977968255,0.010384615384615437,0.0023529411764706687,-0.9547840187229037,0.005522484560818534,-0.0013558548855125974,0.0031333218932128037,0.03397579192579301,0.4600935016180353,-0.07459571395599304,69,0.0017129805862199365,REGIME_OOS,True,True
2026-09-01 00:00:00+00:00,BTC,2026-09-01 04:00:00+00:00,78945.0,618.0,2026-09-01 00:00:00+00:00,0.0017129805862199365,0.011855934375801125,-0.002967921192220224,0.3200159247189675,0.0053392913463798965,0.0009509319132749994,0.0021868436133620772,0.03198444928694174,0.5297310703943634,-0.012774016284144776,62,-0.0007600228006839904,REGIME_OOS,True,True
2026-09-01 04:00:00+00:00,BTC,2026-09-01 08:00:00+00:00,78885.0,706.0,2026-09-01 00:00:00+00:00,-0.0007600228006839904,0.004840456021909523,-0.0015820782179470916,-0.1907113802824988,0.005263627689243292,0.0010596244995335624,0.0008954541413166428,0.02742178751930527,0.5386417004649187,0.09567218079716902,62,-0.007352475122013091,REGIME_OOS,True,True
2026-09-01 08:00:00+00:00,BTC,2026-09-01 12:00:00+00:00,78305.0,1079.0,2026-09-01 00:00:00+00:00,-0.007352475122013091,-0.0034362074451160796,-0.0033727885961563064,-1.4703566139781,0.005291271371021321,-0.005240257884206234,-0.0004825059837090251,0.024031849865437216,0.2819452970308891,0.5852201629643214,62,-0.0019794393716876524,REGIME_OOS,True,True
2026-09-01 12:00:00+00:00,BTC,2026-09-01 16:00:00+00:00,78150.0,2632.0,2026-09-01 00:00:00+00:00,-0.0019794393716876524,-0.009317360714964806,0.0010247214038683339,-0.3564355864805136,0.005289116837080662,-0.006265676111275376,-0.0019119621694202449,0.022138901588983115,0.2169834245799567,2.65813925415519,62,-0.0075495841330773805,REGIME_OOS,True,True
2026-09-01 16:00:00+00:00,BTC,2026-09-01 20:00:00+00:00,77560.0,2082.0,2026-09-01 00:00:00+00:00,-0.0075495841330773805,-0.020768890852850164,-0.012477718360071277,-1.4107700750798673,0.005371612986324724,-0.01249657824207584,-0.0032551587603746324,0.022410835198524832,-0.057613231786132556,1.858212768078304,62,0.0015471892728209369,REGIME_OOS,True,True
2026-09-01 20:00:00+00:00,BTC,2026-09-02 00:00:00+00:00,77680.0,583.0,2026-09-01 00:00:00+00:00,0.0015471892728209369,-0.014338281943915732,-0.017455097394384,0.3166773083624255,0.005249031309383312,-0.01007700321457361,-0.004251590618964629,0.023432077393641077,0.06994836414682344,-0.14066296313108928,62,0.001544799176107059,REGIME_OOS,True,True
2026-09-02 00:00:00+00:00,BTC,2026-09-02 04:00:00+00:00,77800.0,437.0,2026-09-02 00:00:00+00:00,0.001544799176107059,-0.014503768446386678,-0.013066091589496343,0.27337992785326565,0.005137677003823077,-0.008405610537920882,-0.004444878682600462,0.02415033059791191,0.15194635726238856,-0.332655901076882,69,-0.0010282776349614942,REGIME_OOS,True,True
2026-09-02 04:00:00+00:00,BTC,2026-09-02 08:00:00+00:00,77720.0,350.0,2026-09-02 00:00:00+00:00,-0.0010282776349614942,-0.01476833365025032,-0.01806696146557174,-0.192483043851652,0.004983232317753563,-0.00893577273872026,-0.004906265147689104,0.025581492747718697,0.150693850165676,-0.45290235993743183,69,-0.008556356150283051,REGIME_OOS,True,True
2026-09-02 08:00:00+00:00,BTC,2026-09-02 12:00:00+00:00,77055.0,645.0,2026-09-02 00:00:00+00:00,-0.008556356150283051,-0.01596322073941636,-0.030510820332159017,-1.6579648382842784,0.005187870809415912,-0.016509569423792447,-0.005828103309570953,0.029938653617244165,-0.05144662264582196,-0.08054187793163492,69,0.005969761858412914,REGIME_OOS,True,True
2026-09-02 12:00:00+00:00,BTC,2026-09-02 16:00:00+00:00,77515.0,1988.0,2026-09-02 00:00:00+00:00,0.005969761858412914,-0.008125399872040973,-0.03504294784015938,1.2437343546646848,0.005256811139245534,-0.01007927411347409,-0.006416072092465419,0.03141665975518969,0.17917422819562925,1.6464262210752114,69,0.000645036444559155,REGIME_OOS,True,True
2026-09-02 16:00:00+00:00,BTC,2026-09-02 20:00:00+00:00,77565.0,972.0,2026-09-02 00:00:00+00:00,0.000645036444559155,6.446621970090938e-05,-0.029041747512048577,0.202390370247346,0.005189692288639163,-0.008864823422300994,-0.006742606929813433,0.032459121956329995,0.22689269185322947,0.33897341025708205,69,-0.0003223103203764399,REGIME_OOS,True,True
2026-09-02 20:00:00+00:00,BTC,2026-09-03 00:00:00+00:00,77540.0,300.0,2026-09-02 00:00:00+00:00,-0.0003223103203764399,-0.0018022657054582725,-0.03382966793346209,0.04124649165902945,0.004737676285115709,-0.008306741953842955,-0.007208229850731107,0.03243865334932692,0.2439245746613194,-0.485414895194916,69,0.005674490585504177,REGIME_OOS,True,True
2026-09-03 00:00:00+00:00,BTC,2026-09-03 04:00:00+00:00,77980.0,608.0,2026-09-03 00:00:00+00:00,0.005674490585504177,0.002313624678663251,-0.025067200100018727,1.388462317493092,0.004801249923036516,-0.0019837460805016693,-0.007687296085994166,0.030735259890506378,0.4354569934476317,-0.09201686295984529,63,-0.0012182610925878246,REGIME_OOS,True,True
2026-09-03 04:00:00+00:00,BTC,2026-09-03 08:00:00+00:00,77885.0,711.0,2026-09-03 00:00:00+00:00,-0.0012182610925878246,0.002123005661348376,-0.02209806014187954,-0.1433941881560166,0.0047021666142143806,-0.00312622993309164,-0.007483012209359208,0.030835239724758195,0.39861502744920996,0.014822839430354421,63,0.004044424471977948,REGIME_OOS,True,True
2026-09-03 08:00:00+00:00,BTC,2026-09-03 12:00:00+00:00,78200.0,771.0,2026-09-03 00:00:00+00:00,0.004044424471977948,0.014859515930179645,-0.01740277690519565,1.0142583035374784,0.004753037510592274,0.0007902659708913795,-0.006774397746570515,0.03081255821240328,0.5256475286941031,0.06366532388940419,63,0.04437340153452696,REGIME_OOS,True,True
2026-09-03 12:00:00+00:00,BTC,2026-09-03 16:00:00+00:00,81670.0,5112.0,2026-09-03 00:00:00+00:00,0.04437340153452696,0.05360252854286274,0.03255578734433273,9.436330304774314,0.009420697873911624,0.0430862171361428,-0.005233240670627248,0.05071205633956079,1.349624729228953,5.743487731679681,63,0.004958981266070861,REGIME_OOS,True,True
2026-09-03 16:00:00+00:00,BTC,2026-09-03 20:00:00+00:00,82075.0,2704.0,2026-09-03 00:00:00+00:00,0.004958981266070861,0.05814478179591309,0.05190644024351165,0.4050660646288273,0.009438759203885306,0.04592113060155589,-0.003740187720351895,0.06647061053333932,1.1908486357068069,1.640125551900392,63,-0.006091989034419765,REGIME_OOS,True,True
2026-09-03 20:00:00+00:00,BTC,2026-09-04 00:00:00+00:00,81575.0,1192.0,2026-09-03 00:00:00+00:00,-0.006091989034419765,0.05203765798297644,0.03923816803618063,-0.7866898533767718,0.009436989158912038,0.03777065363967136,-0.0025328149268580846,0.07512191181955513,1.0027914322840639,0.173324933018541,63,-0.004903463070793701,REGIME_OOS,True,True
2026-09-04 00:00:00+00:00,BTC,2026-09-04 04:00:00+00:00,81175.0,880.0,2026-09-04 00:00:00+00:00,-0.004903463070793701,0.04097204411387545,0.034076433121019045,-0.6611234821176307,0.00946064907179029,0.03138956476440358,-0.001836414527459418,0.08031961503472457,0.8908082073206266,-0.13908682101064515,65,-0.003141361256544517,REGIME_OOS,True,True
2026-09-04 04:00:00+00:00,BTC,2026-09-04 08:00:00+00:00,80920.0,798.0,2026-09-04 00:00:00+00:00,-0.003141361256544517,0.03896770880143796,0.03214285714285725,-0.43471374680399705,0.00948930515274592,0.026773252125364744,-0.001079913606911398,0.0840701395964458,0.8184632766625819,-0.24227521742502847,65,0.007291151754819536,REGIME_OOS,True,True
2026-09-04 08:00:00+00:00,BTC,2026-09-04 12:00:00+00:00,81510.0,880.0,2026-09-04 00:00:00+00:00,0.007291151754819536,0.04232736572890028,0.03867473717744496,0.6772544482547915,0.009551393961403894,0.03257926290486557,-4.496983853929937e-05,0.08934824642029894,0.8646323706411754,-0.19445348559734196,65,-0.022328548644338087,REGIME_OOS,True,True
2026-09-04 12:00:00+00:00,BTC,2026-09-04 16:00:00+00:00,79690.0,4931.0,2026-09-04 00:00:00+00:00,-0.022328548644338087,-0.024243908411901605,0.00969274627811223,-2.458125756860763,0.010469619794507628,0.009008780870743305,0.00029257023585471664,0.08970235267340747,0.6004297056014004,3.5840343217126307,65,0.00495670724055719,REGIME_OOS,True,True
2026-09-04 16:00:00+00:00,BTC,2026-09-04 20:00:00+00:00,80085.0,1465.0,2026-09-04 00:00:00+00:00,0.00495670724055719,-0.024246116356990588,0.012836726950803179,0.43773328681539264,0.010500102361882166,0.012868751383311672,0.0010356305002046096,0.09006046670143658,0.6428901254306564,0.14580679206875033,65,-0.0016232752700255926,REGIME_OOS,True,True
2026-09-04 20:00:00+00:00,BTC,2026-09-05 00:00:00+00:00,79955.0,209.0,2026-09-04 00:00:00+00:00,-0.0016232752700255926,-0.019859025436714695,0.02506410256410252,-0.20009951856311087,0.01017216674797294,0.010071660702837049,0.0017001293287812747,0.08979550622761116,0.6121621908039327,-0.912821827291073,65,,REGIME_OOS,True,False
2026-09-05 08:00:00+00:00,BTC,2026-09-05 12:00:00+00:00,79910.0,2.0,2026-09-05 00:00:00+00:00,,-0.015583615645210935,0.024224557805690772,,,0.00800691262405362,0.002839313454133352,0.08795515449330026,0.5910340351305214,-1.0603692173315895,74,0.0005005631335253113,REGIME_OOS,False,True
2026-09-05 12:00:00+00:00,BTC,2026-09-05 16:00:00+00:00,79950.0,7.0,2026-09-05 00:00:00+00:00,0.0005005631335253113,-0.011987147800296638,0.018406470925418805,-0.0367861599405389,0.010171752629152389,0.007069641479428679,0.004049015664878253,0.08602552655758355,0.5821807405584027,-1.0314130797376828,74,0.002251407129455929,REGIME_OOS,True,True
2026-09-05 16:00:00+00:00,BTC,2026-09-05 20:00:00+00:00,80130.0,23.0,2026-09-05 00:00:00+00:00,0.002251407129455929,-0.01693043798306959,0.019790009545020748,0.13454029641248968,0.010125718386008117,0.007857971643381978,0.00519188414885452,0.08413969075686917,0.5933919720015196,-0.9880079763519417,74,-0.0007487832272556894,REGIME_OOS,True,True
2026-09-05 20:00:00+00:00,BTC,2026-09-06 00:00:00+00:00,80070.0,14.0,2026-09-05 00:00:00+00:00,-0.0007487832272556894,0.0047684778516752235,0.015021867275147427,-0.1480897220399368,0.01012935984136347,0.005617113199431145,0.006443315257922189,0.08149205520775665,0.5689283536304336,-0.9703819526728001,74,0.0016235793680530186,REGIME_OOS,True,True
2026-09-06 00:00:00+00:00,BTC,2026-09-06 04:00:00+00:00,80200.0,5.0,2026-09-06 00:00:00+00:00,0.0016235793680530186,0.001435974277330443,0.012562338236222548,0.09156840391543516,0.010112534325154044,0.0052644773126095945,0.008247459160796389,0.075638087389238,0.569600878265448,-0.9150873563181035,73,-0.0029925187032419087,REGIME_OOS,True,True
2026-09-06 04:00:00+00:00,BTC,2026-09-06 08:00:00+00:00,79960.0,12.0,2026-09-06 00:00:00+00:00,-0.0029925187032419087,6.253517603660441e-05,0.014592056845577961,-0.3570992968000787,0.010111793159958636,0.0007227581200779376,0.00988688068756316,0.07065262239181382,0.5102297423026964,-0.8544175998431249,73,,REGIME_OOS,True,False
2026-09-06 12:00:00+00:00,BTC,2026-09-06 16:00:00+00:00,79865.0,13.0,2026-09-06 00:00:00+00:00,,-0.0005631335252158642,0.01165368294382163,,,-0.0019027147271369893,0.011345482029737175,0.06499521931473874,0.4707253126122541,-0.8314114748420868,73,0.003756338821761629,REGIME_OOS,False,True
2026-09-06 16:00:00+00:00,BTC,2026-09-06 20:00:00+00:00,80165.0,13.0,2026-09-06 00:00:00+00:00,0.003756338821761629,0.0026891807379612054,0.016226151993408156,0.33353601403749056,0.010077602377453726,0.0002058678577889772,0.013027409761140918,0.05799802414910221,0.5035495667448899,-0.8082086135040688,73,0.005738165034615994,REGIME_OOS,True,True
2026-09-06 20:00:00+00:00,BTC,2026-09-07 00:00:00+00:00,80625.0,454.0,2026-09-06 00:00:00+00:00,0.005738165034615994,0.006177461624859548,0.029627737692356826,0.5024039069921947,0.010118608794294312,0.004288076531422602,0.014534832289910593,0.05217511972109777,0.5821862327167521,-0.4491055768116508,73,-0.009240310077519354,REGIME_OOS,True,True
2026-09-07 00:00:00+00:00,BTC,2026-09-07 04:00:00+00:00,79880.0,455.0,2026-09-07 00:00:00+00:00,-0.009240310077519354,-0.0023729236917696683,0.02213691618682012,-0.9931820988278635,0.010281110858771701,-0.006226634569329592,0.015735076508208046,0.044299051715221166,0.3594409061088287,-0.43114049742683974,73,-0.003067100650976484,REGIME_OOS,True,True
2026-09-07 04:00:00+00:00,BTC,2026-09-07 08:00:00+00:00,79635.0,356.0,2026-09-07 00:00:00+00:00,-0.003067100650976484,-0.007044887780548681,0.026753481175863847,-0.3495473883899548,0.010197292385289578,-0.010158199428853765,0.016628904813593692,0.03740628910313419,0.2284360552086246,-0.46214462870526035,73,-0.0005022917059082088,REGIME_OOS,True,True
2026-09-07 08:00:00+00:00,BTC,2026-09-07 12:00:00+00:00,79595.0,199.0,2026-09-07 00:00:00+00:00,-0.0005022917059082088,-0.004564782391195621,0.024652420185375945,-0.1149101424957251,0.010187622525335466,-0.009377897533868085,0.015189591932914137,0.03573780910230766,0.23759170555134737,-0.544755032621106,73,-0.007412525912431689,REGIME_OOS,True,True
2026-09-07 12:00:00+00:00,BTC,2026-09-07 16:00:00+00:00,79005.0,592.0,2026-09-07 00:00:00+00:00,-0.007412525912431689,-0.010768171289050277,0.015488431876606645,-0.7981493977512587,0.010183816793186945,-0.014838830351019405,0.012999283782537674,0.0326560846874763,0.04560289474291683,-0.22683239780381803,73,0.00696158470982855,REGIME_OOS,True,True
2026-09-07 16:00:00+00:00,BTC,2026-09-07 20:00:00+00:00,79555.0,118.0,2026-09-07 00:00:00+00:00,0.00696158470982855,-0.0076093058067735475,0.0236103962943901,0.6125696640541682,0.010246705036016221,-0.006729592728544009,0.011452622965104187,0.02908791044612936,0.2686464023943168,-0.600378408676127,73,-0.003833825655207068,REGIME_OOS,True,True
2026-09-07 20:00:00+00:00,BTC,2026-09-08 00:00:00+00:00,79250.0,393.0,2026-09-07 00:00:00+00:00,-0.003833825655207068,-0.01705426356589146,0.028486146259165457,-0.46235282117441145,0.010282096096532169,-0.009347137888253143,0.010045819492159769,0.027635670694824175,0.16177271427670786,-0.37893259220415537,73,-0.0030283911671924457,REGIME_OOS,True,True
2026-09-08 00:00:00+00:00,BTC,2026-09-08 04:00:00+00:00,79010.0,917.0,2026-09-08 00:00:00+00:00,-0.0030283911671924457,-0.010891337005508261,0.019286589692317557,-0.36499085045685536,0.01030032145051924,-0.011166769396356191,0.00868466930844547,0.0275317832775957,0.09440442764769048,0.03444038704568993,71,-0.005505632198455901,REGIME_OOS,True,True
2026-09-08 04:00:00+00:00,BTC,2026-09-08 08:00:00+00:00,78575.0,986.0,2026-09-08 00:00:00+00:00,-0.005505632198455901,-0.013310730206567478,0.013021336943208839,-0.5983737117865171,0.010220970621043934,-0.01480148704478057,0.006806679938345939,0.024388126194397054,-0.10691366473989769,0.1171579693822063,71,-0.00038180082723515696,REGIME_OOS,True,True
2026-09-08 08:00:00+00:00,BTC,2026-09-08 12:00:00+00:00,78545.0,1168.0,2026-09-08 00:00:00+00:00,-0.00038180082723515696,-0.01319178340348015,0.012961052360072278,-0.11166268336249312,0.010175003124487778,-0.014470204803744169,0.006180507949253178,0.027939986314556044,-0.017903074140215396,0.2597581413673366,71,0.006811382010312617,REGIME_OOS,True,True
2026-09-08 12:00:00+00:00,BTC,2026-09-08 16:00:00+00:00,79080.0,2773.0,2026-09-08 00:00:00+00:00,0.006811382010312617,0.0009493070058856912,0.014106181072069734,0.6155870923072947,0.01023911658047947,-0.007131378063479299,0.005543568967628643,0.028386764667365717,0.24877806093634344,1.5011210729180366,71,-0.005943348507840174,REGIME_OOS,True,True
2026-09-08 16:00:00+00:00,BTC,2026-09-08 20:00:00+00:00,78610.0,1398.0,2026-09-08 00:00:00+00:00,-0.005943348507840174,-0.011878574571051459,0.009308596006933234,-0.6540285707353395,0.010310659029119002,-0.01219830172497749,0.004539825879721349,0.030428245251879496,0.09911254743735201,0.3492907548509213,71,-0.00019081541788579237,REGIME_OOS,True,True
2026-09-08 20:00:00+00:00,BTC,2026-09-09 00:00:00+00:00,78595.0,339.0,2026-09-08 00:00:00+00:00,-0.00019081541788579237,-0.00826498422712929,0.0050511508951407436,-0.0733972242753585,0.0102659629718451,-0.011570143997987836,0.003564189487660352,0.03210725706025246,0.13964084579771874,-0.4723248159199452,71,0.0026719256950187287,REGIME_OOS,True,True
2026-09-09 00:00:00+00:00,BTC,2026-09-09 04:00:00+00:00,78805.0,256.0,2026-09-09 00:00:00+00:00,0.0026719256950187287,-0.002594608277433186,-0.035080200808130235,0.22418525823076085,0.010269771891857456,-0.00821505768789077,0.0027656975262055905,0.03264379027766602,0.24834240699336776,-0.5226025586547319,69,0.008375103102594927,REGIME_OOS,True,True
2026-09-09 04:00:00+00:00,BTC,2026-09-09 08:00:00+00:00,79465.0,532.0,2026-09-09 00:00:00+00:00,0.008375103102594927,0.011326757874642102,-0.031800182759671,0.7668117809637331,0.010351422229681715,0.0005099182242254141,0.002120964363761191,0.031673912870977726,0.5160989968717364,-0.2371113321752638,69,0.00018876234820353055,REGIME_OOS,True,True
2026-09-09 08:00:00+00:00,BTC,2026-09-09 12:00:00+00:00,79480.0,1048.0,2026-09-09 00:00:00+00:00,0.00018876234820353055,0.01190400407409764,-0.02568188783328229,-0.04402434990547241,0.006243117806651605,0.0010705963851627143,0.0015983690832275244,0.030763695909711418,0.5348006425594927,0.33384787992386256,69,-0.009184700553598435,REGIME_OOS,True,True
2026-09-09 12:00:00+00:00,BTC,2026-09-09 16:00:00+00:00,78750.0,2757.0,2026-09-09 00:00:00+00:00,-0.009184700553598435,-0.004172989377845271,-0.029873729596550658,-1.3384908772579729,0.0063245185340204775,-0.007217372120142507,0.0007986454569313128,0.030050228917644268,0.2598230569250436,2.0441824868332,69,-0.004698412698412646,REGIME_OOS,True,True
2026-09-09 16:00:00+00:00,BTC,2026-09-09 20:00:00+00:00,78380.0,1126.0,2026-09-09 00:00:00+00:00,-0.004698412698412646,-0.0029258364075817056,-0.03138902619871475,-0.5373709153869866,0.006293146968822157,-0.010896792796885602,-8.958922708479644e-05,0.03086589060283991,0.14696327939803697,0.3323532404998407,69,0.0008292931870375053,REGIME_OOS,True,True
2026-09-09 20:00:00+00:00,BTC,2026-09-10 00:00:00+00:00,78445.0,179.0,2026-09-09 00:00:00+00:00,0.0008292931870375053,-0.0019085183535848538,-0.037602748129063945,0.33093792934218214,0.006265465922815454,-0.009188796614986283,-0.0008594079297734591,0.03121913070712906,0.20566776182246638,-0.5620081443613352,69,0.0,REGIME_OOS,True,True
2026-09-10 00:00:00+00:00,BTC,2026-09-10 04:00:00+00:00,78445.0,405.0,2026-09-10 00:00:00+00:00,0.0,-0.00456823805596096,-0.015623039277199102,0.16954141602483627,0.006255763147681517,-0.008111371725895045,-0.0018338596371658689,0.029924444993843356,0.22893827345623638,-0.327697043414108,66,-0.003123207342724199,REGIME_OOS,True,True
2026-09-10 04:00:00+00:00,BTC,2026-09-10 08:00:00+00:00,78200.0,549.0,2026-09-10 00:00:00+00:00,-0.003123207342724199,-0.01591895803183796,-0.023537491415371203,-0.3461869269782305,0.0060683930329198535,-0.00969097166158528,-0.0033377634902063136,0.025396616934621228,0.11841485869819253,-0.07906100123100802,66,-0.0033887468030689982,REGIME_OOS,True,True
2026-09-10 08:00:00+00:00,BTC,2026-09-10 12:00:00+00:00,77935.0,547.0,2026-09-10 00:00:00+00:00,-0.0033887468030689982,-0.01943885254151989,-0.02526421111875432,-0.3434282462897938,0.004617507366359298,-0.011829892985748325,-0.004511179495464757,0.02552225230475743,0.03648710762320888,-0.041269158140003016,66,-0.007377943157759637,REGIME_OOS,True,True
2026-09-10 12:00:00+00:00,BTC,2026-09-10 16:00:00+00:00,77360.0,2903.0,2026-09-10 00:00:00+00:00,-0.007377943157759637,-0.017650793650793695,-0.03191089976223249,-1.4519913294934443,0.004647958830047346,-0.01770380646123859,-0.00589676526797045,0.029103570891102614,-0.10830358334656837,3.242864529737059,66,-0.0012280248190279508,REGIME_OOS,True,True
2026-09-10 16:00:00+00:00,BTC,2026-09-10 20:00:00+00:00,77265.0,1309.0,2026-09-10 00:00:00+00:00,-0.0012280248190279508,-0.014225567746874224,-0.03358348968105063,-0.030875339705931572,0.004646939090014051,-0.017456628654812678,-0.007263318819740738,0.03191126938333128,-0.04703648561003754,0.7611706337495738,66,-0.007441920662654478,REGIME_OOS,True,True
2026-09-10 20:00:00+00:00,BTC,2026-09-11 00:00:00+00:00,76690.0,210.0,2026-09-10 00:00:00+00:00,-0.007441920662654478,-0.022372362801963197,-0.04293023836266063,-1.3709192315790426,0.004778680581333957,-0.023331040982145113,-0.008446677585429607,0.038528671567207504,-0.10555010160284455,-0.6334330172392392,66,0.0030642847828921127,REGIME_OOS,True,True
2026-09-11 00:00:00+00:00,BTC,2026-09-11 04:00:00+00:00,76925.0,244.0,2026-09-11 00:00:00+00:00,0.0030642847828921127,-0.01937663330996242,-0.039278131634819524,0.9208350849250982,0.004801971559685889,-0.018694867362754386,-0.009908430691506154,0.04056254216614323,0.03911006647017652,-0.6030614349924309,69,0.005264868378290544,REGIME_OOS,True,True
2026-09-11 04:00:00+00:00,BTC,2026-09-11 08:00:00+00:00,77330.0,409.0,2026-09-11 00:00:00+00:00,0.005264868378290544,-0.011125319693094604,-0.035785536159601006,1.3689927836619284,0.0049494178794323015,-0.012318872973197337,-0.011189623707857366,0.040951820963798624,0.1991861977496135,-0.4125313024653963,69,-0.00265097633518685,REGIME_OOS,True,True
2026-09-11 08:00:00+00:00,BTC,2026-09-11 12:00:00+00:00,77125.0,472.0,2026-09-11 00:00:00+00:00,-0.00265097633518685,-0.01039327644832233,-0.03545522761380693,-0.3116397507766553,0.004929541306745315,-0.013749956042339972,-0.01228264288068992,0.042124557873166324,0.17358812207026514,-0.355284637044102,69,0.008816855753646768,REGIME_OOS,True,True
2026-09-11 12:00:00+00:00,BTC,2026-09-11 16:00:00+00:00,77805.0,3924.0,2026-09-11 00:00:00+00:00,0.008816855753646768,0.005752326783867723,-0.025793526576097126,2.0423567423462847,0.005246975111243824,-0.004564252975400418,-0.012828770799785283,0.042122635677520205,0.3916436993557789,4.006513849081883,69,-0.005205320994794649,REGIME_OOS,True,True
2026-09-11 16:00:00+00:00,BTC,2026-09-11 20:00:00+00:00,77400.0,1760.0,2026-09-11 00:00:00+00:00,-0.005205320994794649,0.0017472335468839972,-0.034491361566768575,-0.8286566158562408,0.005230325449712206,-0.009019966839298621,-0.013516944175348877,0.042751549978942836,0.28901427331309876,0.8931335371902315,69,-0.0014211886304910104,REGIME_OOS,True,True
2026-09-11 20:00:00+00:00,BTC,2026-09-12 00:00:00+00:00,77290.0,156.0,2026-09-11 00:00:00+00:00,-0.0014211886304910104,0.007823705828660765,-0.04136434108527132,-0.05068255953192522,0.005065650477786006,-0.009293084663205775,-0.014475580747565941,0.04206959798845027,0.27910212819820374,-0.8376025766877556,69,,REGIME_OOS,True,False
2026-09-12 08:00:00+00:00,BTC,2026-09-12 12:00:00+00:00,77390.0,2.0,2026-09-12 00:00:00+00:00,,0.006044848878778097,-0.031171757636454633,,,-0.007235036046899457,-0.015122992760672638,0.04204023141839755,0.3279020880048421,-0.9807380731167165,56,0.001679803592195439,REGIME_OOS,False,True
2026-09-12 12:00:00+00:00,BTC,2026-09-12 16:00:00+00:00,77520.0,8.0,2026-09-12 00:00:00+00:00,0.001679803592195439,0.002457002457002533,-0.026558673949896416,0.606941019196426,0.004871056944782389,-0.0048812423580155695,-0.015632937144763326,0.04160436698614028,0.38267475960776826,-0.9476444250051105,56,-0.003934468524251833,REGIME_OOS,True,True
2026-09-12 16:00:00+00:00,BTC,2026-09-12 20:00:00+00:00,77215.0,6.0,2026-09-12 00:00:00+00:00,-0.003934468524251833,0.0011669367909237227,-0.02990137571455498,-0.5961180241729214,0.004886111449127993,-0.0077839136734096925,-0.015529113213060941,0.0408455046658258,0.30943034644587725,-0.9291511562091663,56,0.0012950851518487294,REGIME_OOS,True,True
2026-09-12 20:00:00+00:00,BTC,2026-09-13 00:00:00+00:00,77315.0,17.0,2026-09-12 00:00:00+00:00,0.0012950851518487294,-0.00629779577147993,-0.02139105119929119,0.48192537593587875,0.004904167590768779,-0.005124608737892222,-0.015703626583376762,0.03604771623483059,0.3578381857949546,-0.9064302878907069,56,0.00032335251891613126,REGIME_OOS,True,True
2026-09-13 00:00:00+00:00,BTC,2026-09-13 04:00:00+00:00,77340.0,2.0,2026-09-13 00:00:00+00:00,0.00032335251891613126,-0.0007751937984495916,-0.027842373200930193,0.26979010762565947,0.0047565089420360425,-0.0034307803817347216,-0.0160032408417059,0.02922409809746871,0.3826044050943053,-0.8914801352640109,63,,REGIME_OOS,True,False
2026-09-13 08:00:00+00:00,BTC,2026-09-13 12:00:00+00:00,76650.0,83.0,2026-09-13 00:00:00+00:00,,-0.008280502005434065,-0.03280757097791798,,,-0.010983693811390194,-0.016205687127988866,0.02775329881550891,0.10423826066931167,-0.8042894238553866,63,0.007240704500978579,REGIME_OOS,False,True
2026-09-13 12:00:00+00:00,BTC,2026-09-13 16:00:00+00:00,77205.0,117.0,2026-09-13 00:00:00+00:00,0.007240704500978579,-0.002390489727355005,-0.02284520946715607,1.678244562785367,0.004772343573906109,-0.0030667914904606297,-0.016023409348492446,0.025799569921577222,0.3811301312470413,-0.7551243216704019,63,0.0011657276083154589,REGIME_OOS,True,True
2026-09-13 16:00:00+00:00,BTC,2026-09-13 20:00:00+00:00,77295.0,17.0,2026-09-13 00:00:00+00:00,0.0011657276083154589,-0.0029024767801857365,-0.016290168628698698,0.3977719446877065,0.004747541152804287,-0.0011630160883892016,-0.015699707323774237,0.022782499429929742,0.4489513390764602,-0.819718799849973,63,-0.005369040688272153,REGIME_OOS,True,True
2026-09-13 20:00:00+00:00,BTC,2026-09-14 00:00:00+00:00,76880.0,603.0,2026-09-13 00:00:00+00:00,-0.005369040688272153,-0.00433853525869321,-0.02119803934050546,-1.0117059617462687,0.004808250173790494,-0.005520216539952827,-0.015991604200954468,0.01950512612860488,0.2169863704773855,-0.213456514307314,63,0.01001560874089491,REGIME_OOS,True,True
2026-09-14 00:00:00+00:00,BTC,2026-09-14 04:00:00+00:00,77650.0,856.0,2026-09-14 00:00:00+00:00,0.01001560874089491,0.004332923753475937,-0.01808295397066262,2.2169302774731894,0.005093669701216635,0.004797536207973074,-0.015731509124440768,0.01681346826159141,0.7853388803149257,0.049320526503671046,61,0.00418544752092731,REGIME_OOS,True,True
2026-09-14 04:00:00+00:00,BTC,2026-09-14 08:00:00+00:00,77975.0,571.0,2026-09-14 00:00:00+00:00,0.00418544752092731,0.008210499094905677,-0.008077852690497433,0.8465447755605302,0.00515367864815316,0.008976951071572925,-0.015209341087839667,0.01703787679356714,1.0268820276340036,-0.1764025741997843,61,-0.0017954472587368153,REGIME_OOS,True,True
2026-09-14 08:00:00+00:00,BTC,2026-09-14 12:00:00+00:00,77835.0,1036.0,2026-09-14 00:00:00+00:00,-0.0017954472587368153,0.015459882583170215,-0.009669826324829822,-0.3533625283226062,0.005000182855326218,0.006855960157816421,-0.014385471477038503,0.018189469313522288,0.8769191964671357,0.3369818632362002,61,0.010663583220916095,REGIME_OOS,True,True
2026-09-14 12:00:00+00:00,BTC,2026-09-14 16:00:00+00:00,78665.0,3333.0,2026-09-14 00:00:00+00:00,0.010663583220916095,0.01891069231267406,-0.0017765370217626142,2.1848816708193852,0.00526185006949357,0.016672051696284385,-0.013169641718404956,0.02400854584517037,1.194421553216982,2.716031498704967,61,0.005911142185215823,REGIME_OOS,True,True
2026-09-14 16:00:00+00:00,BTC,2026-09-14 20:00:00+00:00,79130.0,1840.0,2026-09-14 00:00:00+00:00,0.005911142185215823,0.023740216055372354,-0.004215692443213959,1.067837808086684,0.005359558946449028,0.0210717834238745,-0.011361490848042388,0.029982204323121046,1.202809679928196,0.942453710308085,61,-0.010678630102363251,REGIME_OOS,True,True
2026-09-14 20:00:00+00:00,BTC,2026-09-15 00:00:00+00:00,78285.0,602.0,2026-09-14 00:00:00+00:00,-0.010678630102363251,0.018275234131113427,-0.015035228988424798,-2.0849417911643493,0.005715106312058466,0.009282537226841914,-0.010043151474310008,0.030422528782226947,0.8051205011026212,-0.26125672878255934,61,-0.0072810883310978625,REGIME_OOS,True,True
2026-09-15 00:00:00+00:00,BTC,2026-09-15 04:00:00+00:00,77715.0,1544.0,2026-09-15 00:00:00+00:00,-0.0072810883310978625,0.0008370895041853732,-0.013142857142857123,-1.2828821952700984,0.005643122984020672,0.0016852647283436273,-0.009168963324146628,0.03032253210071909,0.5555779683156388,0.6280634227196181,57,-0.01042269832078746,REGIME_OOS,True,True
2026-09-15 04:00:00+00:00,BTC,2026-09-15 08:00:00+00:00,76905.0,1711.0,2026-09-15 00:00:00+00:00,-0.01042269832078746,-0.013722346906059668,-0.01881857616738969,-1.7634818702152433,0.005925819010897965,-0.00861443861124811,-0.008535795125579893,0.030893832586661306,0.22115992449031913,0.8623897115702184,57,0.0,REGIME_OOS,True,True
2026-09-15 08:00:00+00:00,BTC,2026-09-15 12:00:00+00:00,76905.0,1888.0,2026-09-15 00:00:00+00:00,0.0,-0.011948352283676966,-0.019631589011409267,0.13919908812403942,0.005712437302264893,-0.008039005136837196,-0.008360630785386292,0.03170019487742356,0.24640518243115012,1.0049891183348405,57,-0.0048761458942852,REGIME_OOS,True,True
2026-09-15 12:00:00+00:00,BTC,2026-09-15 16:00:00+00:00,76530.0,3532.0,2026-09-15 00:00:00+00:00,-0.0048761458942852,-0.02714040551706609,-0.02441200841353819,-0.7627976896958498,0.005717011931466364,-0.012321779446923475,-0.007994576823216692,0.033737003057644696,0.13476959035543762,2.5156448320884244,57,-0.004181366784267615,REGIME_OOS,True,True
2026-09-15 16:00:00+00:00,BTC,2026-09-15 20:00:00+00:00,76210.0,5620.0,2026-09-15 00:00:00+00:00,-0.004181366784267615,-0.03690130165550365,-0.025447570332480796,-0.6396226683896618,0.005749195443170503,-0.015765700319317566,-0.00756399887722381,0.03680344754068394,0.07162436204136652,4.029962513327344,57,-0.007216900669203552,REGIME_OOS,True,True
2026-09-15 20:00:00+00:00,BTC,2026-09-16 00:00:00+00:00,75660.0,981.0,2026-09-15 00:00:00+00:00,-0.007216900669203552,-0.03353132784058244,-0.029190992493744794,-1.134983560258653,0.005868996487048398,-0.021776020841885457,-0.007599135193394613,0.04216180955723652,-0.01648686502232677,-0.13866714720254344,57,0.001784298176050747,REGIME_OOS,True,True
2026-09-16 00:00:00+00:00,BTC,2026-09-16 04:00:00+00:00,75795.0,475.0,2026-09-16 00:00:00+00:00,0.001784298176050747,-0.02470565527890367,-0.020230093071354704,0.4628593481316106,0.005874212341741381,-0.018936550260167273,-0.0077280030619177875,0.045769734046638526,0.08626479583929349,-0.5077356008491153,69,-0.0008575763572794548,REGIME_OOS,True,True
2026-09-16 04:00:00+00:00,BTC,2026-09-16 08:00:00+00:00,75730.0,328.0,2026-09-16 00:00:00+00:00,-0.0008575763572794548,-0.015278590468760123,-0.01986669255160811,-0.015140440499364147,0.005853422601862251,-0.018834923154161354,-0.00769647118114114,0.04912320762473309,0.11657790553811223,-0.5674901701060071,69,0.0068004753730357415,REGIME_OOS,True,True
2026-09-16 08:00:00+00:00,BTC,2026-09-16 12:00:00+00:00,76245.0,461.0,2026-09-16 00:00:00+00:00,0.0068004753730357415,-0.00858201677394188,-0.0058025818229234805,1.2786948301494916,0.005866706898936642,-0.011477338657660208,-0.007680065665558455,0.05030546528501618,0.2718470827646065,-0.4452074480513985,69,-0.0059020263623844604,REGIME_OOS,True,True
2026-09-16 12:00:00+00:00,BTC,2026-09-16 16:00:00+00:00,75795.0,1840.0,2026-09-16 00:00:00+00:00,-0.0059020263623844604,-0.00960407683261466,-0.014689632759181004,-0.969943541545712,0.005956012271804126,-0.016326424668734463,-0.0077139030546541365,0.05258732724781417,0.18953689941690036,0.5452608182660239,69,0.0038261099017085076,REGIME_OOS,True,True
2026-09-16 16:00:00+00:00,BTC,2026-09-16 20:00:00+00:00,76085.0,4313.0,2026-09-16 00:00:00+00:00,0.0038261099017085076,-0.0016402046975462214,-0.016099831889305527,0.7040888529772372,0.0058488252663313365,-0.012200623825458723,-0.007268455329190959,0.05362032675899981,0.27246271026479885,2.3012792533879636,69,0.0019057632910559619,REGIME_OOS,True,True
2026-09-16 20:00:00+00:00,BTC,2026-09-17 00:00:00+00:00,76230.0,444.0,2026-09-16 00:00:00+00:00,0.0019057632910559619,0.007533703409992043,-0.011604538087520266,0.3244436502885212,0.005831750751669551,-0.009691332363333971,-0.007185318270519381,0.05437992920037347,0.3217847557758963,-0.5552559255114109,69,0.0026892299619571958,REGIME_OOS,True,True
2026-09-17 00:00:00+00:00,BTC,2026-09-17 04:00:00+00:00,76435.0,795.0,2026-09-17 00:00:00+00:00,0.0026892299619571958,0.00844382874859817,-0.017608122871280774,0.46636051317729876,0.005769734427815293,-0.006473164961719902,-0.0071918678853999385,0.05461122377509487,0.381468230992619,-0.3185464870406106,51,-0.00013083011709291714,REGIME_OOS,True,True
2026-09-17 04:00:00+00:00,BTC,2026-09-17 08:00:00+00:00,76425.0,419.0,2026-09-17 00:00:00+00:00,-0.00013083011709291714,0.009177340551960844,-0.012596899224806224,-0.002514360423884882,0.00574987035428793,-0.006309302076121237,-0.0069420862282901785,0.054945570300847846,0.3851717792430696,-0.5316139289864029,51,0.0006542361792607476,REGIME_OOS,True,True
2026-09-17 08:00:00+00:00,BTC,2026-09-17 12:00:00+00:00,76475.0,631.0,2026-09-17 00:00:00+00:00,0.0006542361792607476,0.003016591251885359,-0.010544701772544962,0.11940342794052425,0.005504580531631673,-0.004899058574003079,-0.007032681359970483,0.05443139767966848,0.4099957233721185,-0.34817879633337223,51,0.0039882314481856085,REGIME_OOS,True,True
2026-09-17 12:00:00+00:00,BTC,2026-09-17 16:00:00+00:00,76780.0,2814.0,2026-09-17 00:00:00+00:00,0.0039882314481856085,0.012995580183389421,-0.00788215531722447,0.779829960506402,0.005478176687387372,-0.00015301122841970827,-0.007335261998572817,0.05270360282722004,0.4970967596101287,1.2022461446393284,51,-0.0022792393852565374,REGIME_OOS,True,True
2026-09-17 16:00:00+00:00,BTC,2026-09-17 20:00:00+00:00,76605.0,1172.0,2026-09-17 00:00:00+00:00,-0.0022792393852565374,0.006834461457580376,-0.011803405572755388,-0.41643157808457465,0.005488094637860451,-0.0016323418729901062,-0.007619691823785413,0.05119200190844047,0.4681133416913516,-0.04078624614214618,51,-0.0026107956399712418,REGIME_OOS,True,True
2026-09-17 20:00:00+00:00,BTC,2026-09-18 00:00:00+00:00,76405.0,216.0,2026-09-17 00:00:00+00:00,-0.0026107956399712418,0.0022956841138659367,-0.01049018972997473,-0.47088115208806075,0.005497991156091749,-0.002770263876607393,-0.008465615997639397,0.04549627680153866,0.43911009710329235,-0.7557077144334864,51,0.013284470911589574,REGIME_OOS,True,True
2026-09-18 00:00:00+00:00,BTC,2026-09-18 04:00:00+00:00,77420.0,711.0,2026-09-18 00:00:00+00:00,0.013284470911589574,0.012886766533656058,0.0013580805794477513,2.4470840018022426,0.005969933781733643,0.011606294119760774,-0.009047591301364122,0.03519070284173532,0.8298113758045199,-0.4070417439925506,50,0.00484370963575298,REGIME_OOS,True,True
2026-09-18 04:00:00+00:00,BTC,2026-09-18 08:00:00+00:00,77795.0,780.0,2026-09-18 00:00:00+00:00,0.00484370963575298,0.017926071311743508,0.005883113524696171,0.743612984453439,0.006023109630628487,0.01683173816860495,-0.008932365072127357,0.03201256080649774,1.0257854337347645,-0.37833301436279815,50,0.0039848319300725965,REGIME_OOS,True,True
2026-09-18 08:00:00+00:00,BTC,2026-09-18 12:00:00+00:00,78105.0,910.0,2026-09-18 00:00:00+00:00,0.0039848319300725965,0.021314154952598807,0.018982387475538154,0.5748118995446387,0.006055939078841124,0.02062350746634345,-0.008514081304520693,0.034358688133399554,1.1002414116124437,-0.30645479732645736,50,0.035080980731067246,REGIME_OOS,True,True
2026-09-18 12:00:00+00:00,BTC,2026-09-18 16:00:00+00:00,80845.0,5744.0,2026-09-18 00:00:00+00:00,0.035080980731067246,0.052943474863245577,0.047147205491872235,5.686360798369588,0.008670342259138873,0.053715440134247894,-0.00659625653216489,0.06091444675718753,1.381817745934133,3.2911699523496476,50,0.0059991341455871705,REGIME_OOS,True,True
2026-09-18 16:00:00+00:00,BTC,2026-09-18 20:00:00+00:00,81330.0,2701.0,2026-09-18 00:00:00+00:00,0.0059991341455871705,0.0616800469943215,0.05220260042693581,0.5105218052287741,0.008707346948175498,0.056988758203911916,-0.004475300455810349,0.08101362274613993,1.2034466090041287,0.75650825426078,50,-0.0033198081888602404,REGIME_OOS,True,True
2026-09-18 20:00:00+00:00,BTC,2026-09-19 00:00:00+00:00,81060.0,585.0,2026-09-18 00:00:00+00:00,-0.0033198081888602404,0.06092533211177287,0.0543704474505724,-0.5803900009591119,0.008657600341155485,0.05038777268810368,-0.0022199753824511115,0.09353970153231111,1.038677928865301,-0.6861360644342261,50,,REGIME_OOS,True,False
2026-09-19 12:00:00+00:00,BTC,2026-09-19 16:00:00+00:00,81800.0,12.0,2026-09-19 00:00:00+00:00,,0.056574528545595415,0.053444945267224764,,,0.05615163135401735,0.0004624414843596991,0.10651260868818707,1.0271829508786123,-1.0620213399037837,56,-0.0033007334963325308,REGIME_OOS,False,True
2026-09-19 16:00:00+00:00,BTC,2026-09-19 20:00:00+00:00,81530.0,29.0,2026-09-19 00:00:00+00:00,-0.0033007334963325308,0.048010797609100875,0.04559153574863739,-0.5894116106050846,0.008562820851242419,0.048691547312028405,0.0033218432487471805,0.1135368169530432,0.9288613034850753,-1.0173913742598906,56,-0.000858579663927439,REGIME_OOS,True,True
2026-09-19 20:00:00+00:00,BTC,2026-09-20 00:00:00+00:00,81460.0,33.0,2026-09-19 00:00:00+00:00,-0.000858579663927439,0.04295499647909873,0.04657287852508518,-0.2588934525886514,0.008554911131694402,0.04398755570934698,0.0059127925939581605,0.11814822188475982,0.8723082328928476,-0.9931060908405844,56,-0.011784925116621658,REGIME_OOS,True,True
2026-09-20 00:00:00+00:00,BTC,2026-09-20 04:00:00+00:00,80500.0,48.0,2026-09-20 00:00:00+00:00,-0.011784925116621658,-0.004267425320056861,0.023326765397571947,-1.5166808009501134,0.008863954472497207,0.028540398958682767,0.008146580484273525,0.11760990577949447,0.7426700265553549,-0.9482642678644243,71,-0.001118012422360204,REGIME_OOS,True,True
2026-09-20 04:00:00+00:00,BTC,2026-09-20 08:00:00+00:00,80410.0,5.0,2026-09-20 00:00:00+00:00,-0.001118012422360204,-0.011311939013894046,0.016175913054467417,-0.22283216637444725,0.008673442466493233,0.024664062848441137,0.009861250164075352,0.1170894362041043,0.7106429379798882,-0.9144068473768806,71,0.00037308792438750515,REGIME_OOS,True,True
2026-09-20 08:00:00+00:00,BTC,2026-09-20 12:00:00+00:00,80440.0,1.0,2026-09-20 00:00:00+00:00,0.00037308792438750515,-0.007648655317049058,0.027527623427221037,-0.010532608774468847,0.008612238663455035,0.02202161822207116,0.01193453203648831,0.11415625030321219,0.6929076871706911,-0.8671847179161208,71,0.004848334162108392,REGIME_OOS,True,True
2026-09-20 12:00:00+00:00,BTC,2026-09-20 16:00:00+00:00,80830.0,14.0,2026-09-20 00:00:00+00:00,0.004848334162108392,-0.011858190709046479,0.04008235218426304,0.5304653352877415,0.008394776367440883,0.023890352655046687,0.014072204345620065,0.11172156492683599,0.7138383280854675,-0.8390610463837833,71,0.007299270072992803,REGIME_OOS,True,True
2026-09-20 16:00:00+00:00,BTC,2026-09-20 20:00:00+00:00,81420.0,23.0,2026-09-20 00:00:00+00:00,0.007299270072992803,-0.0013491966147430867,0.0587087965671933,0.7745131282838233,0.00833278069150502,0.027984874405802884,0.016284208257201005,0.10978818270596356,0.7548987852431468,-0.792634852580225,71,-0.0017194792434290784,REGIME_OOS,True,True
2026-09-20 20:00:00+00:00,BTC,2026-09-21 00:00:00+00:00,81280.0,106.0,2026-09-20 00:00:00+00:00,-0.0017194792434290784,-0.0022096734593665124,0.05688836876666015,-0.3603715096806163,0.008058153209131587,0.02308808211893032,0.018484332193646758,0.1066589221897808,0.7164664862996556,-0.7003004780981759,71,0.0035679133858268486,REGIME_OOS,True,True
2026-09-21 00:00:00+00:00,BTC,2026-09-21 04:00:00+00:00,81570.0,1067.0,2026-09-21 00:00:00+00:00,0.0035679133858268486,0.013291925465838572,0.06585652685221488,0.24749946014703436,0.0080604578311777,0.02342446332007575,0.020690944622236973,0.10254715331713593,0.7284262659893991,-0.07572725599522787,71,0.0033100404560499896,REGIME_OOS,True,True
2026-09-21 04:00:00+00:00,BTC,2026-09-21 08:00:00+00:00,81840.0,410.0,2026-09-21 00:00:00+00:00,0.0033100404560499896,0.017783857729138264,0.07387481957748321,0.20068155270464713,0.00796846090244312,0.023367772793347674,0.022934113430453262,0.09739238174036964,0.7399342985126068,-0.4418419449596227,71,0.037695503421309784,REGIME_OOS,True,True
2026-09-21 08:00:00+00:00,BTC,2026-09-21 12:00:00+00:00,84925.0,3010.0,2026-09-21 00:00:00+00:00,0.037695503421309784,0.05575584286424662,0.1224557229711869,4.483949374593974,0.01020784439831977,0.05656363330990244,0.026165277228102024,0.10405859526701726,1.0435748307456838,1.5510307979247495,71,0.012834854283191088,REGIME_OOS,True,True
2026-09-21 12:00:00+00:00,BTC,2026-09-21 16:00:00+00:00,86015.0,4099.0,2026-09-21 00:00:00+00:00,0.012834854283191088,0.06414697513299528,0.1348373903291773,0.9280735578128323,0.010147622548091335,0.06389689421019429,0.0299379991311981,0.11131326677312645,1.0740276614145734,2.227050204462611,71,0.00587106899959311,REGIME_OOS,True,True
2026-09-21 16:00:00+00:00,BTC,2026-09-21 20:00:00+00:00,86520.0,1923.0,2026-09-21 00:00:00+00:00,0.00587106899959311,0.06263817243920422,0.1424798626700119,0.18146648087046863,0.010143871658829054,0.06349045384565755,0.033929592679672105,0.11474009637406671,1.053341472179619,0.534062707073491,71,0.0021382339343505308,REGIME_OOS,True,True
2026-09-21 20:00:00+00:00,BTC,2026-09-22 00:00:00+00:00,86705.0,653.0,2026-09-21 00:00:00+00:00,0.0021382339343505308,0.06674458661417315,0.1371893238900912,-0.19988496252236293,0.010107394252136408,0.059717180605971754,0.03735381525697057,0.11885858652351636,1.002422099678567,-0.3506136636919857,71,-0.01038002422005646,REGIME_OOS,True,True
2026-09-22 00:00:00+00:00,BTC,2026-09-22 04:00:00+00:00,85805.0,1287.0,2026-09-22 00:00:00+00:00,-0.01038002422005646,0.0519185975235994,0.1320667590210436,-1.4490110446342144,0.010440069299755364,0.04360887623982146,0.040198830749688996,0.11641531650179843,0.8745974116657387,0.06928763522877626,70,-0.004953091311695079,REGIME_OOS,True,True
2026-09-22 04:00:00+00:00,BTC,2026-09-22 08:00:00+00:00,85380.0,462.0,2026-09-22 00:00:00+00:00,-0.004953091311695079,0.043255131964809346,0.12216599855424848,-0.8281659275853185,0.010411394083051903,0.03386582630254931,0.04249798337976718,0.11067828199395069,0.8059843872928949,-0.47276497608935236,70,0.007671585851487528,REGIME_OOS,True,True
2026-09-22 08:00:00+00:00,BTC,2026-09-22 12:00:00+00:00,86035.0,913.0,2026-09-22 00:00:00+00:00,0.007671585851487528,0.013070356196644095,0.12862390135117407,0.37909777380959697,0.010436328732685695,0.03853384876769539,0.043447620894962125,0.11445091917033931,0.836684484904353,-0.09051877392313247,70,0.005404777125588511,REGIME_OOS,True,True
2026-09-22 12:00:00+00:00,BTC,2026-09-22 16:00:00+00:00,86500.0,2340.0,2026-09-22 00:00:00+00:00,0.005404777125588511,0.0056385514154508876,0.13168051285405902,0.1487060345962952,0.0104333700683165,0.04089890344609737,0.044282044902195894,0.11919165624655084,0.8431356248754276,0.9444236073208955,70,-0.0024855491329479618,REGIME_OOS,True,True
2026-09-22 16:00:00+00:00,BTC,2026-09-22 20:00:00+00:00,86285.0,1941.0,2026-09-22 00:00:00+00:00,-0.0024855491329479618,-0.002716134997688413,0.12901537455021272,-0.6186893543671058,0.010497843328250654,0.035057729794572,0.045094683791864876,0.12114336657324194,0.7893904205095406,0.6055498169959319,70,-0.0012748449904386172,REGIME_OOS,True,True
2026-09-22 20:00:00+00:00,BTC,2026-09-23 00:00:00+00:00,86175.0,328.0,2026-09-22 00:00:00+00:00,-0.0012748449904386172,-0.006112680929588832,0.12683883622098735,-0.483129539453586,0.010514667582972792,0.031032677783593865,0.045602106685348254,0.12305633375786439,0.7521826941850569,-0.5971952273096237,70,0.007194662024949228,REGIME_OOS,True,True
2026-09-23 00:00:00+00:00,BTC,2026-09-23 04:00:00+00:00,86795.0,457.0,2026-09-23 00:00:00+00:00,0.007194662024949228,0.011537789173125201,0.13043761396196918,0.3267647412486554,0.010515881597493155,0.03519014365879691,0.04658579695527787,0.12496026875206295,0.781610659213759,-0.49490242356429714,78,-0.006567198571346244,REGIME_OOS,True,True
2026-09-23 04:00:00+00:00,BTC,2026-09-23 08:00:00+00:00,86225.0,534.0,2026-09-23 00:00:00+00:00,-0.006567198571346244,0.00989693136565939,0.12557927028261862,-1.0026788587653541,0.010690621430358984,0.025477877448109254,0.047365975670215166,0.12405325629005287,0.7053785463602706,-0.3917742761067673,78,-0.005798782255726276,REGIME_OOS,True,True
2026-09-23 08:00:00+00:00,BTC,2026-09-23 12:00:00+00:00,85725.0,582.0,2026-09-23 00:00:00+00:00,-0.005798782255726276,-0.00360318475039223,0.12198154571035924,-0.8815005037393682,0.01077661416878412,0.016373423124347974,0.048775574660476106,0.11803485566366227,0.6387168479368808,-0.3399452916127509,78,-0.01930592009332166,REGIME_OOS,True,True
2026-09-23 12:00:00+00:00,BTC,2026-09-23 16:00:00+00:00,84070.0,2672.0,2026-09-23 00:00:00+00:00,-0.01930592009332166,-0.028092485549132906,0.08589511754068724,-2.1169550622072006,0.01150960758439529,-0.005406556484910174,0.04976142632531966,0.10944309796561355,0.45059938373995173,1.1918059473750546,78,0.005828476269775118,REGIME_OOS,True,True
2026-09-23 16:00:00+00:00,BTC,2026-09-23 20:00:00+00:00,84560.0,1906.0,2026-09-23 00:00:00+00:00,0.005828476269775118,-0.019991887350060855,0.08695931615142372,0.2499905033583797,0.01135828705724371,-0.0020417074811466263,0.05068218144302805,0.09930277513526335,0.47943957277764304,0.5659095628041568,78,-0.0022469252601703404,REGIME_OOS,True,True
2026-09-23 20:00:00+00:00,BTC,2026-09-24 00:00:00+00:00,84370.0,291.0,2026-09-23 00:00:00+00:00,-0.0022469252601703404,-0.020945749927473112,0.08021253440880871,-0.43576780167581086,0.011385938278868022,-0.006359674949947047,0.051142131351295195,0.08934702715537776,0.42882051980434344,-0.6248350077732385,78,-0.005333649401445983,REGIME_OOS,True,True
2026-09-24 00:00:00+00:00,BTC,2026-09-24 04:00:00+00:00,83920.0,358.0,2026-09-24 00:00:00+00:00,-0.005333649401445983,-0.033124027881790474,0.0380357474178985,-0.6850507385025307,0.011469880875679295,-0.013112247897924423,0.05086438183321351,0.08135546294158084,0.3388276899445593,-0.5584377021692655,71,0.007149666348903683,REGIME_OOS,True,True
2026-09-24 04:00:00+00:00,BTC,2026-09-24 08:00:00+00:00,84520.0,329.0,2026-09-24 00:00:00+00:00,0.007149666348903683,-0.019773847492026708,0.03922291897208896,0.4354000204867064,0.009702552178768075,-0.00794628918858642,0.050888476084044454,0.07019695462183369,0.3868000865365906,-0.5725176674448326,71,-0.012127307146237554,REGIME_OOS,True,True
2026-09-24 08:00:00+00:00,BTC,2026-09-24 12:00:00+00:00,83495.0,926.0,2026-09-24 00:00:00+00:00,-0.012127307146237554,-0.026013414989792927,0.030039476930668663,-1.3761269270336343,0.009956062685155762,-0.021083145500962908,0.050271084967867585,0.060890108989550315,0.15375089894187824,0.04297311715364759,71,0.01125815917120776,REGIME_OOS,True,True
2026-09-24 12:00:00+00:00,BTC,2026-09-24 16:00:00+00:00,84435.0,1616.0,2026-09-24 00:00:00+00:00,0.01125815917120776,0.0043416200785060255,0.032212713936430326,1.068468334262479,0.010111660205272132,-0.011565971693806132,0.04974242766838066,0.04864491075542524,0.26223675788086026,0.6862759326298687,71,-0.0008882572392965304,REGIME_OOS,True,True
2026-09-24 16:00:00+00:00,BTC,2026-09-24 20:00:00+00:00,84360.0,1102.0,2026-09-24 00:00:00+00:00,-0.0008882572392965304,-0.002365184484389826,0.03471114927020724,-0.1972585018015852,0.01008496071306186,-0.012117255451886688,0.04715619527843318,0.049677950088510475,0.256083827325855,0.1491800950247677,71,-0.005156472261735434,REGIME_OOS,True,True
2026-09-24 20:00:00+00:00,BTC,2026-09-25 00:00:00+00:00,83925.0,217.0,2026-09-24 00:00:00+00:00,-0.005156472261735434,-0.0052743866303188724,0.03026025042965874,-0.6289803223800836,0.010145364287232703,-0.016007105149767997,0.043793552461211194,0.051518907082729076,0.1892964921778371,-0.7380760273049181,71,0.003395889186773804,REGIME_OOS,True,True
2026-09-25 00:00:00+00:00,BTC,2026-09-25 04:00:00+00:00,84210.0,61.0,2026-09-25 00:00:00+00:00,0.003395889186773804,0.003455672068636728,0.04608695652173922,0.2318677405769485,0.009857969333108186,-0.011326713609373651,0.0402209781464411,0.050895429617768315,0.27745126243281865,-0.8992517325073793,71,-0.003265645410283846,REGIME_OOS,True,True
2026-09-25 04:00:00+00:00,BTC,2026-09-25 08:00:00+00:00,83935.0,47.0,2026-09-25 00:00:00+00:00,-0.003265645410283846,-0.006921438712730765,0.043837831115532966,-0.4884554702073966,0.009885767590637393,-0.012950359405547673,0.03658246703853951,0.049602444716730115,0.2389169126742722,-0.9136232929989899,71,0.00720795853934586,REGIME_OOS,True,True
2026-09-25 08:00:00+00:00,BTC,2026-09-25 12:00:00+00:00,84540.0,68.0,2026-09-25 00:00:00+00:00,0.00720795853934586,0.01251571950416186,0.05096966683242177,0.5796224337123957,0.009938047364355785,-0.005095736292704767,0.03360779271646663,0.04913788596046269,0.39629720137319563,-0.8957671881672116,71,-0.009699550508634913,REGIME_OOS,True,True
2026-09-25 12:00:00+00:00,BTC,2026-09-25 16:00:00+00:00,83720.0,249.0,2026-09-25 00:00:00+00:00,-0.009699550508634913,-0.008468052347959998,0.03575405171347268,-1.1476424875359146,0.010132450170810735,-0.013782542113323082,0.03068375528758116,0.05066817491778073,0.22798423989638344,-0.7234418793072247,71,,REGIME_OOS,True,False
2026-09-26 08:00:00+00:00,BTC,2026-09-26 12:00:00+00:00,84540.0,5.0,2026-09-26 00:00:00+00:00,,0.002133712660028486,0.03831982313927784,,,-0.0032452890252637756,0.0277023834046215,0.049189199137297086,0.4340243573349208,-0.9753491243948997,71,0.0002957180033120732,REGIME_OOS,False,True
2026-09-26 12:00:00+00:00,BTC,2026-09-26 16:00:00+00:00,84565.0,29.0,2026-09-26 00:00:00+00:00,0.0002957180033120732,0.007625856419422039,0.04041584645669283,-0.09130342433583626,0.01006805030311372,-0.0018118828827233813,0.02451155861054799,0.04557917403543138,0.4602475709341532,-0.950657229620852,71,-0.0010642700880979516,REGIME_OOS,True,True
2026-09-26 16:00:00+00:00,BTC,2026-09-26 20:00:00+00:00,84475.0,35.0,2026-09-26 00:00:00+00:00,-0.0010642700880979516,0.0031468946680917043,0.03561358342527887,-0.20377964864028708,0.01006268512105592,-0.0018079122748971832,0.021428416247649462,0.04220287437070093,0.4571613947662217,-0.9400299566646129,71,0.003906481207457846,REGIME_OOS,True,True
2026-09-26 20:00:00+00:00,BTC,2026-09-27 00:00:00+00:00,84805.0,15.0,2026-09-26 00:00:00+00:00,0.003906481207457846,0.010365163519389986,0.03622922776148574,0.2879198943683953,0.010065843068624056,0.002903281121577006,0.018553539422206056,0.03866204974151922,0.5750938230380289,-0.9127447685167135,71,-0.00035375272684390335,REGIME_OOS,True,True
2026-09-27 00:00:00+00:00,BTC,2026-09-27 04:00:00+00:00,84775.0,23.0,2026-09-27 00:00:00+00:00,-0.00035375272684390335,0.0027797492311332217,-0.0017662643508978837,-0.13652828500008865,0.010059330848012932,0.003747402570493108,0.015381267650166786,0.02982883882063999,0.6256301860433198,-0.8840627779964295,74,0.005013270421704519,REGIME_OOS,True,True
2026-09-27 04:00:00+00:00,BTC,2026-09-27 08:00:00+00:00,85200.0,11.0,2026-09-27 00:00:00+00:00,0.005013270421704519,0.017677974199713287,-0.009475091553798776,0.4090607376286642,0.007338642613210169,0.009391965737540309,0.01267231346954456,0.024099420440854204,0.8897174938538654,-0.8513735164016513,74,0.0016431924882629456,REGIME_OOS,True,True
2026-09-27 08:00:00+00:00,BTC,2026-09-27 12:00:00+00:00,85340.0,33.0,2026-09-27 00:00:00+00:00,0.0016431924882629456,0.009462976105985232,-0.013638465094775731,0.24993820064887154,0.0069265370047940705,0.011281224818694646,0.010275387077889775,0.021856645285976924,1.0161462187398247,-0.8706238968858453,74,-0.003984063745019917,REGIME_OOS,True,True
2026-09-27 12:00:00+00:00,BTC,2026-09-27 16:00:00+00:00,85000.0,57.0,2026-09-27 00:00:00+00:00,-0.003984063745019917,0.0051439720924733034,-0.019664379216884798,-0.4937523192037559,0.006844021854889162,0.006697499244976868,0.009000816191909067,0.02245830306507352,0.7982192922399657,-0.7844908823685318,74,0.0021176470588235574,REGIME_OOS,True,True
2026-09-27 16:00:00+00:00,BTC,2026-09-27 20:00:00+00:00,85180.0,4.0,2026-09-27 00:00:00+00:00,0.0021176470588235574,0.008345664397750863,-0.0072839578113164105,0.4398322481021577,0.006843708510937405,0.00845907500695553,0.007592837800761032,0.023779768776301613,0.855725704758981,-0.8199838001245824,74,-0.0035806527353838824,REGIME_OOS,True,True
2026-09-27 20:00:00+00:00,BTC,2026-09-28 00:00:00+00:00,84875.0,283.0,2026-09-27 00:00:00+00:00,-0.0035806527353838824,0.0008254230293025522,-0.005914734129772725,-0.39268067046282,0.006627883587392867,0.004547835118045462,0.006268728175274463,0.02413173790977117,0.6884586653083119,-0.3995008136728153,74,-0.014256259204712851,REGIME_OOS,True,True
2026-09-28 00:00:00+00:00,BTC,2026-09-28 04:00:00+00:00,83665.0,759.0,2026-09-28 00:00:00+00:00,-0.014256259204712851,-0.01309348274845179,-0.02754692857557972,-2.0503746109634564,0.007040170381736771,-0.009623807381803573,0.005441509721402227,0.02498306089435667,0.11478669797512951,0.23327964281248045,70,-0.004840733879160952,REGIME_OOS,True,True
2026-09-28 04:00:00+00:00,BTC,2026-09-28 08:00:00+00:00,83260.0,777.0,2026-09-28 00:00:00+00:00,-0.004840733879160952,-0.0227699530516432,-0.03745664739884391,-0.5488522436970729,0.00687894027823194,-0.0136824024166321,0.0042303418772915435,0.02812138231961576,0.013451996736017277,0.26423039320302816,70,0.0018015853951476313,REGIME_OOS,True,True
2026-09-28 08:00:00+00:00,BTC,2026-09-28 12:00:00+00:00,83410.0,1028.0,2026-09-28 00:00:00+00:00,0.0018015853951476313,-0.022615420670260122,-0.03331981225010139,0.46451679465066115,0.006786985128523966,-0.011855717429355872,0.0036186306868444262,0.028463792490759372,0.08348075249618413,0.7351476418771182,70,0.003896415297925948,REGIME_OOS,True,True
2026-09-28 12:00:00+00:00,BTC,2026-09-28 16:00:00+00:00,83735.0,2258.0,2026-09-28 00:00:00+00:00,0.003896415297925948,-0.014882352941176458,-0.02831447635625184,0.7971609602756383,0.006855155779768691,-0.007594006571793432,0.0027410984121474247,0.02935823274660542,0.2413329801783964,2.759616894676396,70,0.0004776974980593707,REGIME_OOS,True,True
2026-09-28 16:00:00+00:00,BTC,2026-09-28 20:00:00+00:00,83775.0,1779.0,2026-09-28 00:00:00+00:00,0.0004776974980593707,-0.01649448227283401,-0.03479463102713287,0.25949368504770726,0.006862850935863872,-0.006775621987871405,0.001858890604584884,0.03005275064639999,0.2745423682646131,1.7083958547799891,70,0.0009549388242315882,REGIME_OOS,True,True
2026-09-28 20:00:00+00:00,BTC,2026-09-29 00:00:00+00:00,83855.0,271.0,2026-09-28 00:00:00+00:00,0.0009549388242315882,-0.012017673048600908,-0.027486227892142612,0.32023030933192104,0.006690716741962568,-0.005785898059115779,0.0012476569335180265,0.03017911975687084,0.3082814175586256,-0.44201094631580795,70,-0.0054260330332120965,REGIME_OOS,True,True
2026-09-29 00:00:00+00:00,BTC,2026-09-29 04:00:00+00:00,83400.0,574.0,2026-09-29 00:00:00+00:00,-0.0054260330332120965,-0.0031673937727842993,-0.027121609798775204,-0.594149828681855,0.006663814880001349,-0.010705495092079076,7.829562291883363e-05,0.031796847693606856,0.1633158357319933,-0.025352222433161743,74,0.011570743405275863,REGIME_OOS,True,True
2026-09-29 04:00:00+00:00,BTC,2026-09-29 08:00:00+00:00,84365.0,710.0,2026-09-29 00:00:00+00:00,0.011570743405275863,0.013271679077588194,0.0035089806113952626,1.9483508493288628,0.00701491525711987,0.00048621981879426457,-0.0006044444444444075,0.03152613131247745,0.5154227556173928,0.15615256755080556,74,0.0052746992236116785,REGIME_OOS,True,True
2026-09-29 08:00:00+00:00,BTC,2026-09-29 12:00:00+00:00,84810.0,711.0,2026-09-29 00:00:00+00:00,0.0052746992236116785,0.016784558206450084,0.002956480605487144,0.8707761657786063,0.006167245276344857,0.005602489995553572,-0.001478764515334574,0.03186828210069545,0.6758014435121157,0.2865719477203504,74,-0.016743308572102378,REGIME_OOS,True,True
2026-09-29 12:00:00+00:00,BTC,2026-09-29 16:00:00+00:00,83390.0,2138.0,2026-09-29 00:00:00+00:00,-0.016743308572102378,-0.004120140920761961,-0.011615503140926853,-2.712546690214213,0.006776603507170529,-0.011041140403932559,-0.0022789231555632172,0.03281017902038342,0.16348429866617764,2.8115785354088825,74,0.006595515049766076,REGIME_OOS,True,True
2026-09-29 16:00:00+00:00,BTC,2026-09-29 20:00:00+00:00,83940.0,1694.0,2026-09-29 00:00:00+00:00,0.006595515049766076,0.00196956132497772,0.00023832221163022638,1.086425623109322,0.006901159877565695,-0.004164145638324346,-0.003228324109550207,0.03296454631426902,0.373678054033406,1.7393397878231076,74,0.001072194424589057,REGIME_OOS,True,True
2026-09-29 20:00:00+00:00,BTC,2026-09-30 00:00:00+00:00,84030.0,232.0,2026-09-29 00:00:00+00:00,0.001072194424589057,0.002086935782004584,-0.005797444391859918,0.2237605097882509,0.00684441745204927,-0.0027799452318153506,-0.004192320873562694,0.03293674550590454,0.4155974523555452,-0.5246208035569417,74,-0.005533737950731865,REGIME_OOS,True,True
2026-09-30 00:00:00+00:00,BTC,2026-09-30 04:00:00+00:00,83565.0,385.0,2026-09-30 00:00:00+00:00,-0.005533737950731865,0.0019784172661869714,0.0008383735553028071,-0.7707381216120373,0.006762270496981335,-0.007762523191094606,-0.005199098972464733,0.033672897695035,0.2694726702347572,-0.29732212783848855,73,0.00029916831209231276,REGIME_OOS,True,True
2026-09-30 04:00:00+00:00,BTC,2026-09-30 08:00:00+00:00,83590.0,620.0,2026-09-30 00:00:00+00:00,0.00029916831209231276,-0.009186273928761923,-0.01000769822940728,0.14498576418407488,0.006408299797879301,-0.006749209819625013,-0.006327492298736859,0.0336580626828206,0.29947717480870184,0.06915118649788543,73,0.008374207441081527,REGIME_OOS,True,True
2026-09-30 08:00:00+00:00,BTC,2026-09-30 12:00:00+00:00,84290.0,1396.0,2026-09-30 00:00:00+00:00,0.008374207441081527,-0.006131352434854409,-0.0008297771455666458,1.3484475615298355,0.0062491007190455935,0.001857161959380127,-0.00646483517002594,0.032998524945933964,0.5562801507771332,1.2978367281139036,73,0.001305018388895407,REGIME_OOS,True,True
2026-09-30 12:00:00+00:00,BTC,2026-09-30 16:00:00+00:00,84400.0,4245.0,2026-09-30 00:00:00+00:00,0.001305018388895407,0.012111764000479752,0.005659815311289895,0.26695023542662333,0.0062555723229508016,0.0036417688591601216,-0.006558265966834731,0.030970775156707576,0.6175872686664556,5.508749755696059,73,-0.005627962085308025,REGIME_OOS,True,True
2026-09-30 16:00:00+00:00,BTC,2026-09-30 20:00:00+00:00,83925.0,1235.0,2026-09-30 00:00:00+00:00,-0.005627962085308025,-0.00017869907076484282,-0.003384396152475988,-0.8533017409249619,0.00626879842509454,-0.00116634730966525,-0.006785110583117593,0.027694780221330203,0.45788566291755933,0.5820120122639685,73,,REGIME_OOS,True,False
2025-12-31 20:00:00+00:00,ETH,2026-01-01 00:00:00+00:00,2997.0,974.0,2025-12-31 00:00:00+00:00,0.0053673264005367205,0.003683858004018825,0.01782985226693845,0.515763385091334,0.010260189795317419,0.004886962790346727,0.00482631986792903,0.04464545261728395,0.6094616025564671,0.2742706739060383,23,,REGIME_OOS,True,False
2026-01-01 20:00:00+00:00,ETH,2026-01-02 00:00:00+00:00,3019.0,264.0,2026-01-01 00:00:00+00:00,,0.012407780013413916,0.018899763752953103,,,0.010476286106369415,0.005022251973748393,0.04014611526932778,0.7609539188558437,-0.8898084416963391,21,0.005796621397813784,REGIME_OOS,False,True
2026-01-02 00:00:00+00:00,ETH,2026-01-02 04:00:00+00:00,3036.5,929.0,2026-01-02 00:00:00+00:00,0.005796621397813784,0.016401673640167314,0.03106960950764015,0.5496974859098622,0.009917164752013714,0.015127455077308838,0.004806949417858641,0.041975134949321924,0.8603908622467261,0.29383750209967124,20,-0.0019759591635105656,REGIME_OOS,True,True
2026-01-02 04:00:00+00:00,ETH,2026-01-02 08:00:00+00:00,3030.5,841.0,2026-01-02 00:00:00+00:00,-0.0019759591635105656,0.003476821192053059,0.03324241391067173,-0.28369414412293664,0.009898743578982523,0.013629902165732899,0.00348395801797019,0.038115451141335514,0.8575951945365154,0.12467612918015812,20,0.011384260023098447,REGIME_OOS,True,True
2026-01-02 08:00:00+00:00,ETH,2026-01-02 12:00:00+00:00,3065.0,1753.0,2026-01-02 00:00:00+00:00,0.011384260023098447,0.022007335778592818,0.04768415655443503,1.0887849575696882,0.010042389700491247,0.024638117206565724,0.0032465572406947807,0.0423721534346168,1.081469555107318,1.660548666370156,20,0.012887438825448516,REGIME_OOS,True,True
2026-01-02 12:00:00+00:00,ETH,2026-01-02 16:00:00+00:00,3104.5,4117.0,2026-01-02 00:00:00+00:00,0.012887438825448516,0.04142905065414282,0.060823509311464186,1.2059616234614543,0.010191912931350829,0.03553231764774556,0.004572215539166313,0.05353433480366336,1.163729507017506,5.4372639625028345,20,0.01288452246738614,REGIME_OOS,True,True
2026-01-02 16:00:00+00:00,ETH,2026-01-02 20:00:00+00:00,3144.5,3806.0,2026-01-02 00:00:00+00:00,0.01288452246738614,0.04921588254921594,0.0686491079014444,1.125965414236559,0.010346437761050882,0.045457190115616886,0.006665305603341443,0.06662665881873997,1.1822672924254656,3.376734918783012,20,0.002703132453490298,REGIME_OOS,True,True
2026-01-02 20:00:00+00:00,ETH,2026-01-03 00:00:00+00:00,3153.0,2323.0,2026-01-02 00:00:00+00:00,0.002703132453490298,0.04438555813183176,0.08555689447409187,0.07046327990027815,0.010311513274586242,0.044645075788950495,0.00906006051184316,0.07598139131582507,1.0875790771371683,1.2897772879830038,20,,REGIME_OOS,True,False
2026-01-04 20:00:00+00:00,ETH,2026-01-05 00:00:00+00:00,3165.0,226.0,2026-01-04 00:00:00+00:00,,0.04231845875185236,0.06871517811919636,,,0.04486481133009801,0.011449808168130904,0.08390091470457872,1.0347356639444323,-0.8798627923364836,29,0.012164296998420143,REGIME_OOS,False,True
2026-01-05 00:00:00+00:00,ETH,2026-01-05 04:00:00+00:00,3203.5,1692.0,2026-01-05 00:00:00+00:00,0.012164296998420143,0.05708628939118965,0.0861162908967621,0.9712315587740713,0.01046482278286694,0.053419049341510316,0.014092350581401236,0.09546544207606875,1.0595642588544756,0.5753271530677725,25,-0.009208678008428284,REGIME_OOS,True,True
2026-01-05 04:00:00+00:00,ETH,2026-01-05 08:00:00+00:00,3174.0,1575.0,2026-01-05 00:00:00+00:00,-0.009208678008428284,0.03556280587275684,0.07229729729729728,-1.123018577821923,0.010664554653224726,0.04012714849830412,0.01658354903940018,0.09956518392772246,0.9030238976652085,0.4109827568394532,25,0.008034026465028266,REGIME_OOS,True,True
2026-01-05 08:00:00+00:00,ETH,2026-01-05 12:00:00+00:00,3199.5,1114.0,2026-01-05 00:00:00+00:00,0.008034026465028266,0.03060074086004194,0.09816372061094913,0.5607090898088022,0.010206165634709448,0.044905290659699615,0.018937868749355102,0.10621096785658043,0.9227933476732495,-0.10964049849512567,25,0.00453195811845597,REGIME_OOS,True,True
2026-01-05 12:00:00+00:00,ETH,2026-01-05 16:00:00+00:00,3214.0,3784.0,2026-01-05 00:00:00+00:00,0.00453195811845597,0.022102083002067063,0.08379699881976066,0.2806147723491183,0.010160500138555472,0.04610477321919704,0.021284304861184822,0.11315942400474112,0.9074320245502963,2.6703644156096216,25,0.00871188550093338,REGIME_OOS,True,True
2026-01-05 16:00:00+00:00,ETH,2026-01-05 20:00:00+00:00,3242.0,3476.0,2026-01-05 00:00:00+00:00,0.00871188550093338,0.028227085315572387,0.0593040352883516,0.6651046874338787,0.010231866167894885,0.050831800465127586,0.024274084845587574,0.11952726351360823,0.925273690460924,2.0346232255867758,25,0.0007711289327576587,REGIME_OOS,True,True
2026-01-05 20:00:00+00:00,ETH,2026-01-06 00:00:00+00:00,3244.5,2721.0,2026-01-05 00:00:00+00:00,0.0007711289327576587,0.025118483412322368,0.06938035596572178,-0.13239933753194458,0.009668159199754407,0.047254769051999546,0.026768699479341018,0.12344575689314793,0.8827978396446821,1.1663007482499328,25,-0.000462320850670328,REGIME_OOS,True,True
2026-01-06 00:00:00+00:00,ETH,2026-01-06 04:00:00+00:00,3243.0,994.0,2026-01-06 00:00:00+00:00,-0.000462320850670328,0.012330263773997263,0.09155166610568832,-0.3245183459804553,0.007929350716969066,0.04237982739501467,0.029490110951909676,0.12437411733094443,0.8407447490240039,-0.43727388846636206,26,-0.0018501387604070718,REGIME_OOS,True,True
2026-01-06 04:00:00+00:00,ETH,2026-01-06 08:00:00+00:00,3237.0,1025.0,2026-01-06 00:00:00+00:00,-0.0018501387604070718,0.01984877126654072,0.09784636255723256,-0.4340918574602907,0.007720528797862741,0.0362959702268999,0.03194490787695781,0.1229810983138415,0.7951345428244133,-0.4029439057997203,26,0.006024096385542244,REGIME_OOS,True,True
2026-01-06 08:00:00+00:00,ETH,2026-01-06 12:00:00+00:00,3256.5,672.0,2026-01-06 00:00:00+00:00,0.006024096385542244,0.017815283638068502,0.1063359945642941,0.5446797886098986,0.006465655539069164,0.03860689853131127,0.03385001928916931,0.12394951667913123,0.8114727637966773,-0.6827395025540085,26,0.009826500844464903,REGIME_OOS,True,True
2026-01-06 12:00:00+00:00,ETH,2026-01-06 16:00:00+00:00,3288.5,3274.0,2026-01-06 00:00:00+00:00,0.009826500844464903,0.023179838207840753,0.11550203527815461,1.100377467752896,0.006289237948034208,0.04399311094708591,0.03646979852521648,0.12359133631182713,0.855956268941774,1.6362654074029976,26,-0.01596472555876538,REGIME_OOS,True,True
2026-01-06 16:00:00+00:00,ETH,2026-01-06 20:00:00+00:00,3236.0,3598.0,2026-01-06 00:00:00+00:00,-0.01596472555876538,-0.0018507094386180922,0.09158374093439026,-3.061826436978862,0.007158869180271987,0.023184487814903454,0.038573694425015015,0.11445322412740962,0.7025673631447414,1.7872208069424993,26,0.023794808405438905,REGIME_OOS,True,True
2026-01-06 20:00:00+00:00,ETH,2026-01-07 00:00:00+00:00,3313.0,1456.0,2026-01-06 00:00:00+00:00,0.023794808405438905,0.02111265218061331,0.11774628879892046,2.9304363607826014,0.008111617187345991,0.04232375588922355,0.041242162367570945,0.11022313295557132,0.8839825157780942,-0.143201676821428,26,-0.010111681255659533,REGIME_OOS,True,True
2026-01-07 00:00:00+00:00,ETH,2026-01-07 04:00:00+00:00,3279.5,1212.0,2026-01-07 00:00:00+00:00,-0.010111681255659533,0.011255010792476039,0.09663935796689516,-1.6852471382458643,0.008474386054244732,0.027573241422528483,0.043345505425135045,0.1025223007330256,0.7689487187215103,-0.38325496343517923,44,-0.00442140570208871,REGIME_OOS,True,True
2026-01-07 04:00:00+00:00,ETH,2026-01-07 08:00:00+00:00,3265.0,647.0,2026-01-07 00:00:00+00:00,-0.00442140570208871,0.008649984553599,0.08579980046558022,-0.879849093986086,0.008564906566899486,0.01938072230851473,0.04489431737736149,0.09323622549317417,0.7078668694061803,-0.8551576317759115,44,-0.010107197549770297,REGIME_OOS,True,True
2026-01-07 08:00:00+00:00,ETH,2026-01-07 12:00:00+00:00,3232.0,2100.0,2026-01-07 00:00:00+00:00,-0.010107197549770297,-0.007523414709043497,0.08256573438285053,-1.517846637500189,0.00880381813927134,0.005913476501711701,0.04614022120998018,0.07820952769478008,0.5756106918940833,0.3941604184883066,44,-0.018100247524752477,REGIME_OOS,True,True
2026-01-07 12:00:00+00:00,ETH,2026-01-07 16:00:00+00:00,3173.5,3257.0,2026-01-07 00:00:00+00:00,-0.018100247524752477,-0.034970351223962304,0.06279303415941051,-2.3124441018938358,0.009528458834643653,-0.013958690974622767,0.04621698496546123,0.06629003417022977,0.28943002293862974,1.3361756238601314,44,-0.0059870805104773606,REGIME_OOS,True,True
2026-01-07 16:00:00+00:00,ETH,2026-01-07 20:00:00+00:00,3154.5,2544.0,2026-01-07 00:00:00+00:00,-0.0059870805104773606,-0.025185414091470903,0.057847082494969726,-0.7826987688292157,0.009494483384172095,-0.02062295769072553,0.04547992248791721,0.060461417531263696,0.1589071422273267,0.6600017717034206,44,0.006657156443176326,REGIME_OOS,True,True
2026-01-07 20:00:00+00:00,ETH,2026-01-08 00:00:00+00:00,3175.5,1382.0,2026-01-07 00:00:00+00:00,0.006657156443176326,-0.041503169332930856,0.06292887029288696,0.5421633087270167,0.00953668679559568,-0.014577304711440697,0.04440328377848446,0.05780874726157734,0.2478356580626071,-0.3573963122371209,44,-0.008817509053692385,REGIME_OOS,True,True
2026-01-08 00:00:00+00:00,ETH,2026-01-08 04:00:00+00:00,3147.5,770.0,2026-01-08 00:00:00+00:00,-0.008817509053692385,-0.04025003811556638,0.042218543046357526,-1.1055650535228227,0.009715622033813029,-0.02318291850288612,0.0426718182200605,0.05836725940018887,0.10280954183688891,-0.9290094921490325,42,-0.004606830818109642,REGIME_OOS,True,True
2026-01-08 04:00:00+00:00,ETH,2026-01-08 08:00:00+00:00,3133.0,1122.0,2026-01-08 00:00:00+00:00,-0.004606830818109642,-0.04042879019908119,0.04468156052017336,-0.6261549951905209,0.009778393336116416,-0.02719990063963229,0.04099865535788161,0.061533050523502414,0.05796274671538676,-0.6262458670270808,42,-0.0033514203638684847,REGIME_OOS,True,True
2026-01-08 08:00:00+00:00,ETH,2026-01-08 12:00:00+00:00,3122.5,835.0,2026-01-08 00:00:00+00:00,-0.0033514203638684847,-0.03387995049504955,0.04746729285474682,-0.4717578478100261,0.009639958050782107,-0.029239402465374487,0.03852809939235846,0.06729523255578229,0.0655055885104884,-0.8426570280921084,42,-0.0035228182546036546,REGIME_OOS,True,True
2026-01-08 12:00:00+00:00,ETH,2026-01-08 16:00:00+00:00,3111.5,2368.0,2026-01-08 00:00:00+00:00,-0.0035228182546036546,-0.019536789034189428,0.03820487153820484,-0.44710730222321976,0.009565018303354586,-0.03171849350770606,0.036505120554793935,0.0726212227666028,0.06323382753212502,0.4693469430985239,42,0.001928330387273025,REGIME_OOS,True,True
2026-01-08 16:00:00+00:00,ETH,2026-01-08 20:00:00+00:00,3117.5,2081.0,2026-01-08 00:00:00+00:00,0.001928330387273025,-0.011729275637977543,0.03262669758198089,0.10733823683010241,0.009476823286042027,-0.028611935531614896,0.03382211298412208,0.07743580758156722,0.13050768855898623,0.18685683172232354,42,-0.001603849238171584,REGIME_OOS,True,True
2026-01-08 20:00:00+00:00,ETH,2026-01-09 00:00:00+00:00,3112.5,844.0,2026-01-08 00:00:00+00:00,-0.001603849238171584,-0.0198393953708077,0.025028816071134496,-0.292274289641603,0.009455697017757224,-0.02863384567371463,0.03121067689643975,0.08209875351412295,0.15122679153966823,-0.9552228411307521,42,0.003855421686747018,REGIME_OOS,True,True
2026-01-09 00:00:00+00:00,ETH,2026-01-09 04:00:00+00:00,3124.5,876.0,2026-01-09 00:00:00+00:00,0.003855421686747018,-0.007307386814932482,0.03101798383105092,0.30900013470555987,0.009427872235767484,-0.023097666783913673,0.028896109118399238,0.08434698765390058,0.22615896042796535,-0.9221993306685718,28,-0.002400384061449823,REGIME_OOS,True,True
2026-01-09 04:00:00+00:00,ETH,2026-01-09 08:00:00+00:00,3117.0,217.0,2026-01-09 00:00:00+00:00,-0.002400384061449823,-0.005106926268751977,0.016965742251223492,-0.3467683223937113,0.009432605711693893,-0.023496240601503793,0.02629725967056884,0.08629681229516516,0.2277275953005259,-1.5066858744039193,28,-0.006576836701956967,REGIME_OOS,True,True
2026-01-09 08:00:00+00:00,ETH,2026-01-09 12:00:00+00:00,3096.5,751.0,2026-01-09 00:00:00+00:00,-0.006576836701956967,-0.008326661329063234,-0.00257690449347725,-0.7878621040668893,0.009310454281990331,-0.027687283631767867,0.023116438356164615,0.08907093330437203,0.18915467027660757,-0.9540774508988448,28,0.006943323106733512,REGIME_OOS,True,True
2026-01-09 12:00:00+00:00,ETH,2026-01-09 16:00:00+00:00,3118.0,2802.0,2026-01-09 00:00:00+00:00,0.006943323106733512,0.002089024586212407,-0.008427412943234236,0.7182539377209552,0.009093085907497567,-0.01910357140048291,0.02009396330681512,0.08970321962867289,0.2870358335011582,0.94037697800951,28,-0.010102629890955783,REGIME_OOS,True,True
2026-01-09 16:00:00+00:00,ETH,2026-01-09 20:00:00+00:00,3086.5,2200.0,2026-01-09 00:00:00+00:00,-0.010102629890955783,-0.009943865276664021,-0.021091024421186155,-1.1173924298545614,0.008942234781973023,-0.026409797411855562,0.016433309714424915,0.09041364548000577,0.20790031447525356,0.4483768418726548,28,0.00048598736432858836,REGIME_OOS,True,True
2026-01-09 20:00:00+00:00,ETH,2026-01-10 00:00:00+00:00,3088.0,1295.0,2026-01-09 00:00:00+00:00,0.00048598736432858836,-0.00787148594377507,-0.024328593996840397,0.1335583709546275,0.008922207503659475,-0.02284665527498253,0.012310323950835533,0.08629953951083459,0.23526330030863926,-0.40213183650661233,28,,REGIME_OOS,True,False
2026-01-11 20:00:00+00:00,ETH,2026-01-12 00:00:00+00:00,3128.0,336.0,2026-01-11 00:00:00+00:00,,0.0011201792286765766,-0.023567972530045278,,,-0.008494991758590142,0.009523078104600291,0.08381748612268686,0.3986489317258251,-1.3875547295147963,25,0.00943094629156005,REGIME_OOS,False,True
2026-01-12 00:00:00+00:00,ETH,2026-01-12 04:00:00+00:00,3157.5,1521.0,2026-01-12 00:00:00+00:00,0.00943094629156005,0.012993262752646784,-0.0051984877126654006,1.1446913860187635,0.008798540623455801,0.003328540446930095,0.005789556107398397,0.06949755763921801,0.5478943513987848,-0.1798883479938657,29,-0.005859065716547929,REGIME_OOS,True,True
2026-01-12 04:00:00+00:00,ETH,2026-01-12 08:00:00+00:00,3139.0,741.0,2026-01-12 00:00:00+00:00,-0.005859065716547929,0.013725173583077677,-0.01890920456321299,-0.5666537733402075,0.008709924574867436,-0.0003184713375796733,0.00259269192944811,0.057217465646138575,0.4944340188090608,-0.9166836974003147,29,-0.005734310289901234,REGIME_OOS,True,True
2026-01-12 08:00:00+00:00,ETH,2026-01-12 12:00:00+00:00,3121.0,1080.0,2026-01-12 00:00:00+00:00,-0.005734310289901234,0.0009621552277101486,-0.028935905413814522,-0.5709147671534226,0.008592427170395647,-0.003766598569969415,-0.00043392807004094536,0.043477017159711875,0.4133657546898193,-0.5787744019961436,29,0.004806151874399145,REGIME_OOS,True,True
2026-01-12 12:00:00+00:00,ETH,2026-01-12 16:00:00+00:00,3136.0,2683.0,2026-01-12 00:00:00+00:00,0.004806151874399145,0.016037583022841417,-0.032695866748920444,0.7014062549146057,0.008598900610288555,0.002557544757033181,-0.002923016604136852,0.031785715929909676,0.5804620780816409,1.0819525084381496,29,-0.002072704081632626,REGIME_OOS,True,True
2026-01-12 16:00:00+00:00,ETH,2026-01-12 20:00:00+00:00,3129.5,2554.0,2026-01-12 00:00:00+00:00,-0.002072704081632626,0.013439119170984393,-0.0354445985513947,-0.10015391789182798,0.008392696013164381,0.0011836969735747882,-0.004534974076763287,0.02872587403405464,0.5412066477828117,1.0217058119803404,29,-0.009266656015337937,REGIME_OOS,True,True
2026-01-12 20:00:00+00:00,ETH,2026-01-13 00:00:00+00:00,3100.5,1126.0,2026-01-12 00:00:00+00:00,-0.009266656015337937,-0.008791560102301754,-0.04394079555966701,-0.9169495937775181,0.008495561707062714,-0.0072363997310364025,-0.006144965170044592,0.028251795931629468,0.24386054081132283,-0.473796010388445,29,0.006934365424931421,REGIME_OOS,True,True
2026-01-13 00:00:00+00:00,ETH,2026-01-13 04:00:00+00:00,3122.0,442.0,2026-01-13 00:00:00+00:00,0.006934365424931421,-0.011243072050672986,-0.03552672227371023,1.040535679301142,0.008644911357307824,0.0005047389378047829,-0.007845537502782052,0.023447699769250926,0.5215261600400904,-1.2040785422092557,27,0.002722613709160715,REGIME_OOS,True,True
2026-01-13 04:00:00+00:00,ETH,2026-01-13 08:00:00+00:00,3130.5,832.0,2026-01-13 00:00:00+00:00,0.002722613709160715,-0.0027078687480088792,-0.038691847075080554,0.5068446587647089,0.008681660027758657,0.0035020796102034346,-0.008812287318376688,0.02223049165069608,0.6575349598754248,-0.7563569486728778,27,0.004312410158121782,REGIME_OOS,True,True
2026-01-13 08:00:00+00:00,ETH,2026-01-13 12:00:00+00:00,3144.0,847.0,2026-01-13 00:00:00+00:00,0.004312410158121782,0.007369432874078763,-0.0439410065379352,0.6702633476757176,0.008635965838598698,0.0076519370217540406,-0.009550156973662127,0.023011127957437868,0.8325320269352814,-0.749939265271015,27,0.01590330788804062,REGIME_OOS,True,True
2026-01-13 12:00:00+00:00,ETH,2026-01-13 16:00:00+00:00,3194.0,3131.0,2026-01-13 00:00:00+00:00,0.01590330788804062,0.018494897959183687,-0.012978986402966575,2.0225823929291673,0.008976877133561389,0.02250536223068811,-0.009754411993139867,0.03125308997005422,1.2201003885456443,1.8116055714597152,27,0.010801502817783248,REGIME_OOS,True,True
2026-01-13 16:00:00+00:00,ETH,2026-01-13 20:00:00+00:00,3228.5,4004.0,2026-01-13 00:00:00+00:00,0.010801502817783248,0.03163444639718804,-0.025505584062783027,1.3548795382942953,0.00880385206686029,0.0316179642440606,-0.009353929916748327,0.04296269598788124,1.2359399478324002,2.8975937914233647,27,0.032677714108719114,REGIME_OOS,True,True
2026-01-13 20:00:00+00:00,ETH,2026-01-14 00:00:00+00:00,3334.0,2340.0,2026-01-13 00:00:00+00:00,0.032677714108719114,0.07531043380099978,0.016618386949230013,3.7650099720780013,0.009746911787499708,0.061656649285515286,-0.00790579389650603,0.07204045464736009,1.3558614682170758,0.794661350672976,27,0.008998200359928044,REGIME_OOS,True,True
2026-01-14 00:00:00+00:00,ETH,2026-01-14 04:00:00+00:00,3364.0,1484.0,2026-01-14 00:00:00+00:00,0.008998200359928044,0.07751441383728386,0.03032159264931078,0.9409113798098703,0.009699304259492196,0.0669373126754309,-0.005990006147637894,0.09513650041866441,1.203592337124678,-0.10715646983552354,26,-0.004607609988109385,REGIME_OOS,True,True
2026-01-14 04:00:00+00:00,ETH,2026-01-14 08:00:00+00:00,3348.5,777.0,2026-01-14 00:00:00+00:00,-0.004607609988109385,0.0696374381089282,0.03604579207920788,-0.5229061845405438,0.009702597508956919,0.058262092505096064,-0.0044551978881858245,0.10919834996901359,1.0335437075892513,-0.8570951362687355,26,-0.01552934149619234,REGIME_OOS,True,True
2026-01-14 08:00:00+00:00,ETH,2026-01-14 12:00:00+00:00,3296.5,1020.0,2026-01-14 00:00:00+00:00,-0.01552934149619234,0.04850508905852413,0.038758468567827276,-1.6477392643381499,0.00995344916246912,0.03888122907228686,-0.003083627086907126,0.11402305764533975,0.8409944433627097,-0.5606095491542578,26,0.01865615046261193,REGIME_OOS,True,True
2026-01-14 12:00:00+00:00,ETH,2026-01-14 16:00:00+00:00,3358.0,3360.0,2026-01-14 00:00:00+00:00,0.01865615046261193,0.05134627426424543,0.06451101600887621,1.846483456013819,0.009875219656650143,0.0539200301299354,-0.000567752296887547,0.12230810205331463,0.9408541153425096,1.9753978357482995,26,0.006402620607504517,REGIME_OOS,True,True
2026-01-14 16:00:00+00:00,ETH,2026-01-14 20:00:00+00:00,3379.5,5466.0,2026-01-14 00:00:00+00:00,0.006402620607504517,0.0467709462598731,0.06424185167690122,0.49620527520328117,0.009810057929716485,0.0563330754624094,0.0020562468874405493,0.13132947470966683,0.9289446492262783,4.004536637623529,26,-0.0031069684864625247,REGIME_OOS,True,True
2026-01-14 20:00:00+00:00,ETH,2026-01-15 00:00:00+00:00,3369.0,2345.0,2026-01-14 00:00:00+00:00,-0.0031069684864625247,0.01049790041991594,0.07037331215250209,-0.5119687447102892,0.009809290652611002,0.04842223190390227,0.005120377350228189,0.13447216367612444,0.8600911190848918,0.5597393338059353,26,-0.02151973879489466,REGIME_OOS,True,True
2026-01-15 00:00:00+00:00,ETH,2026-01-15 04:00:00+00:00,3296.5,1261.0,2026-01-15 00:00:00+00:00,-0.02151973879489466,-0.020065398335315066,0.052186402808809484,-2.3559035346867896,0.010522240756999876,0.022543097097392106,0.007552364938774758,0.13067238444489054,0.6725161532266934,-0.3755310920095547,48,0.013954193841953622,REGIME_OOS,True,True
2026-01-15 04:00:00+00:00,ETH,2026-01-15 08:00:00+00:00,3342.5,645.0,2026-01-15 00:00:00+00:00,0.013954193841953622,-0.0017918470957144494,0.07045636509207376,1.2152922622612605,0.01071498377795393,0.03337403966548669,0.010026729618665797,0.13104030870110397,0.7546852949012129,-0.8892974749726663,48,0.005983545250560995,REGIME_OOS,True,True
2026-01-15 08:00:00+00:00,ETH,2026-01-15 12:00:00+00:00,3362.5,707.0,2026-01-15 00:00:00+00:00,0.005983545250560995,0.020021234642803032,0.08066848786758807,0.391810986114153,0.010696196793000599,0.0362734220907297,0.0120360176033385,0.1331531248839136,0.7724188570291073,-0.829179971961983,48,-0.006691449814126393,REGIME_OOS,True,True
2026-01-15 12:00:00+00:00,ETH,2026-01-15 16:00:00+00:00,3340.0,4274.0,2026-01-15 00:00:00+00:00,-0.006691449814126393,-0.005360333531864159,0.07137129109863682,-0.8215922346045225,0.010768995344364025,0.026160959798454675,0.014281618687325137,0.13149336995163105,0.6989526909841749,2.140295638621131,48,-0.011227544910179632,REGIME_OOS,True,True
2026-01-15 16:00:00+00:00,ETH,2026-01-15 20:00:00+00:00,3302.5,3432.0,2026-01-15 00:00:00+00:00,-0.011227544910179632,-0.022784435567391625,0.06104417670682727,-1.2274484152245553,0.011036177427075156,0.011818592645358006,0.016548886722582257,0.12580769360425306,0.5939417320735174,1.297344890725491,48,0.007570022710068125,REGIME_OOS,True,True
2026-01-15 20:00:00+00:00,ETH,2026-01-16 00:00:00+00:00,3327.5,1992.0,2026-01-15 00:00:00+00:00,0.007570022710068125,-0.01231819531018108,0.06497039526324211,0.5452712741882865,0.011072745832799501,0.016496105086299062,0.018988326848249137,0.12092400579936298,0.6364171239387272,0.13012940932522027,48,-0.007362885048835421,REGIME_OOS,True,True
2026-01-16 00:00:00+00:00,ETH,2026-01-16 04:00:00+00:00,3303.0,431.0,2026-01-16 00:00:00+00:00,-0.007362885048835421,0.0019717882602761083,0.059672762271414825,-0.832764799438274,0.011191757655913438,0.006344878015340338,0.02131675000855715,0.11346739265419588,0.5559180736150083,-1.0765905398264066,61,0.004541326067211582,REGIME_OOS,True,True
2026-01-16 04:00:00+00:00,ETH,2026-01-16 08:00:00+00:00,3318.0,610.0,2026-01-16 00:00:00+00:00,0.004541326067211582,-0.007329842931937169,0.07153237526239309,0.2731618933512346,0.011180429360861093,0.007576562760966299,0.02422266940783846,0.10071182803584715,0.5752301185345324,-0.9528847831978351,61,-0.0034659433393610106,REGIME_OOS,True,True
2026-01-16 08:00:00+00:00,ETH,2026-01-16 12:00:00+00:00,3306.5,533.0,2026-01-16 00:00:00+00:00,-0.0034659433393610106,-0.01665427509293682,0.060455420141116045,-0.4634435642620153,0.011115102491232567,0.0012794210052160526,0.02664803392444104,0.08780351089165221,0.5145714105532164,-1.0045547970703037,61,-0.011643732042945665,REGIME_OOS,True,True
2026-01-16 12:00:00+00:00,ETH,2026-01-16 16:00:00+00:00,3268.0,2355.0,2026-01-16 00:00:00+00:00,-0.011643732042945665,-0.021556886227544925,0.058804471083751864,-1.21123338202244,0.011335479009674654,-0.012435217502984153,0.028711852498919832,0.07366140904179197,0.3311840940222983,0.4312667036653943,61,0.004130966952264448,REGIME_OOS,True,True
2026-01-16 16:00:00+00:00,ETH,2026-01-16 20:00:00+00:00,3281.5,1680.0,2026-01-16 00:00:00+00:00,0.004130966952264448,-0.0063588190764571895,0.06266191709844549,0.2585937758533136,0.011142333734310752,-0.010411562035871236,0.03089394245566046,0.05745367607702141,0.3187833617136399,-0.08080626969082029,61,0.006247143074813444,REGIME_OOS,True,True
2026-01-16 20:00:00+00:00,ETH,2026-01-17 00:00:00+00:00,3302.0,1047.0,2026-01-16 00:00:00+00:00,0.006247143074813444,-0.007663410969196094,0.05562659846547313,0.4104173615422841,0.011170760423338002,-0.005848393385369244,0.0321491499299249,0.04608771790999223,0.3731029946678852,-0.5677279776604749,61,,REGIME_OOS,True,False
2026-01-18 20:00:00+00:00,ETH,2026-01-19 00:00:00+00:00,3288.5,649.0,2026-01-18 00:00:00+00:00,,-0.004389948531637877,0.04148851939825815,,,-0.01080638005068546,0.03323874585079012,0.03913020673077196,0.22383534477502814,-0.8996958857927273,50,-0.022958795803557863,REGIME_OOS,False,True
2026-01-19 00:00:00+00:00,ETH,2026-01-19 04:00:00+00:00,3213.0,2387.0,2026-01-19 00:00:00+00:00,-0.022958795803557863,-0.03164556962025311,0.023574386747371667,-2.222316946080975,0.011952310827096907,-0.03175500056503555,0.031784898092439784,0.0492263756651198,-0.14508101878270416,0.44766321363546574,49,-0.0017117958294429192,REGIME_OOS,True,True
2026-01-19 04:00:00+00:00,ETH,2026-01-19 08:00:00+00:00,3207.5,535.0,2026-01-19 00:00:00+00:00,-0.0017117958294429192,-0.02994102525328901,0.02771547580903566,-0.20902335804208144,0.011896650881790215,-0.031127758227484925,0.02972006220839818,0.05590378519154302,-0.056809491894545976,-1.0025644665675835,49,0.005767731878409954,REGIME_OOS,True,True
2026-01-19 08:00:00+00:00,ETH,2026-01-19 12:00:00+00:00,3226.0,479.0,2026-01-19 00:00:00+00:00,0.005767731878409954,-0.012851897184822492,0.02869897959183665,0.4070871105626165,0.011859929719226446,-0.02373332728084321,0.027853294679739182,0.059322944327500036,0.09993005151901697,-1.0199621082808545,49,-0.0017048977061376869,REGIME_OOS,True,True
2026-01-19 12:00:00+00:00,ETH,2026-01-19 16:00:00+00:00,3220.5,548.0,2026-01-19 00:00:00+00:00,-0.0017048977061376869,-0.018589059881151893,0.02907812749640515,-0.2540535929511693,0.011853283409662577,-0.0242757053588335,0.02637118992978449,0.06359708574765463,0.11828902891625334,-0.904214425771377,49,0.0009315323707499434,REGIME_OOS,True,True
2026-01-19 16:00:00+00:00,ETH,2026-01-19 20:00:00+00:00,3223.5,215.0,2026-01-19 00:00:00+00:00,0.0009315323707499434,-0.023773470623864368,0.03967102080309637,-0.013464007304694103,0.011838313467913605,-0.02137284070554668,0.02384060673877908,0.06478496928384311,0.17009568821580237,-1.0957374030129299,49,-0.009616876066387503,REGIME_OOS,True,True
2026-01-19 20:00:00+00:00,ETH,2026-01-20 00:00:00+00:00,3192.5,392.0,2026-01-19 00:00:00+00:00,-0.009616876066387503,-0.02919264102174246,0.022581678411274897,-0.912979908491476,0.01184914957074703,-0.028025148041588732,0.02082646991179593,0.06568995892863423,0.07337242253362786,-0.9258514914690004,49,-0.0010963194988253822,REGIME_OOS,True,True
2026-01-20 00:00:00+00:00,ETH,2026-01-20 04:00:00+00:00,3189.0,1028.0,2026-01-20 00:00:00+00:00,-0.0010963194988253822,-0.007469654528478031,0.01868711068519402,-0.19207385000727223,0.011805289070915652,-0.02642304345835056,0.017766757706541014,0.06609526735274099,0.10022790561789312,-0.4600662971180056,44,-0.020852931953590503,REGIME_OOS,True,True
2026-01-20 04:00:00+00:00,ETH,2026-01-20 08:00:00+00:00,3122.5,1693.0,2026-01-20 00:00:00+00:00,-0.020852931953590503,-0.026500389711613392,-0.0068384223918575016,-1.843651146865463,0.012447798766639546,-0.04418629566707988,0.015129763591617662,0.07801354738148927,-0.06639259654489468,0.01987565864100153,44,-0.0041633306645316726,REGIME_OOS,True,True
2026-01-20 08:00:00+00:00,ETH,2026-01-20 12:00:00+00:00,3109.5,1766.0,2026-01-20 00:00:00+00:00,-0.0041633306645316726,-0.03611283323000625,-0.026455854727614248,-0.34458959402662315,0.012445691291918349,-0.04475915458343571,0.011591410547251213,0.08617922862748474,-0.019372884815551175,0.05295121318038213,44,-0.024762823605081197,REGIME_OOS,True,True
2026-01-20 12:00:00+00:00,ETH,2026-01-20 16:00:00+00:00,3032.5,4301.0,2026-01-20 00:00:00+00:00,-0.024762823605081197,-0.058376028566992755,-0.06070930772804706,-1.9770979042329864,0.012844417998383107,-0.06366752091888717,0.006958262859416919,0.10061277706836767,-0.13279757078590781,1.9905216401427261,44,-0.012860676009892824,REGIME_OOS,True,True
2026-01-20 16:00:00+00:00,ETH,2026-01-20 20:00:00+00:00,2993.5,2956.0,2026-01-20 00:00:00+00:00,-0.012860676009892824,-0.07135101597642313,-0.10212957408518297,-0.8835483911988331,0.012788598660612036,-0.07073842691397303,0.0023445473327856625,0.11743579574990995,-0.10235830533832196,0.9600223718984865,44,-0.01803908468348092,REGIME_OOS,True,True
2026-01-20 20:00:00+00:00,ETH,2026-01-21 00:00:00+00:00,2939.5,3415.0,2026-01-20 00:00:00+00:00,-0.01803908468348092,-0.07924823805794834,-0.1261890606420928,-1.230653541905408,0.0112669210799392,-0.08233108820017321,-0.002228708128009793,0.13924042084814683,-0.09128726916131691,1.2700395433086202,44,0.014118047286953539,REGIME_OOS,True,True
2026-01-21 00:00:00+00:00,ETH,2026-01-21 04:00:00+00:00,2981.0,969.0,2026-01-21 00:00:00+00:00,0.014118047286953539,-0.0652242082157416,-0.10975063461251311,1.6073031455531617,0.011506683954223192,-0.06431463636648982,-0.006737313367690234,0.14804434151633486,0.06557180296287414,-0.5521068307235659,32,-0.004025494800402596,REGIME_OOS,True,True
2026-01-21 04:00:00+00:00,ETH,2026-01-21 08:00:00+00:00,2969.0,554.0,2026-01-21 00:00:00+00:00,-0.004025494800402596,-0.049159327461969604,-0.09934779311390873,-0.017802345134336744,0.011505801912437994,-0.06317051621860403,-0.01103119002668096,0.15644748752194515,0.09621904308470935,-0.8550998344161174,32,-0.009093971034018211,REGIME_OOS,True,True
2026-01-21 08:00:00+00:00,ETH,2026-01-21 12:00:00+00:00,2942.0,702.0,2026-01-21 00:00:00+00:00,-0.009093971034018211,-0.053867181218845483,-0.12388326384752824,-0.46000496728429835,0.011338377136865292,-0.0661503301168106,-0.01594897328094058,0.16331009575353633,0.09494035067713712,-0.7324240896301073,32,0.021074099252209377,REGIME_OOS,True,True
2026-01-21 12:00:00+00:00,ETH,2026-01-21 16:00:00+00:00,3004.0,4490.0,2026-01-21 00:00:00+00:00,0.021074099252209377,-0.00939818631492173,-0.11111111111111116,2.174987796533618,0.011509248133346105,-0.041870330353796725,-0.019975431204246052,0.16212589372136152,0.24174186866314273,2.0509539568111745,32,0.01797603195739006,REGIME_OOS,True,True
2026-01-21 16:00:00+00:00,ETH,2026-01-21 20:00:00+00:00,3058.0,7121.0,2026-01-21 00:00:00+00:00,0.01797603195739006,0.02154668448304653,-0.09231225883051353,1.8665134393211091,0.01203480045094142,-0.021369538606779703,-0.02308346437983999,0.15895695193451095,0.3655639885723035,4.226851821774843,32,-0.025016350555918887,REGIME_OOS,True,True
2026-01-21 20:00:00+00:00,ETH,2026-01-22 00:00:00+00:00,2981.5,2334.0,2026-01-21 00:00:00+00:00,-0.025016350555918887,0.014288144242218026,-0.09555589261337782,-1.8193900815824295,0.012681360229688611,-0.041248964957271816,-0.02712515016518169,0.1573799335364997,0.23790200548213244,0.3419134610456827,32,0.010732852590977782,REGIME_OOS,True,True
2026-01-22 00:00:00+00:00,ETH,2026-01-22 04:00:00+00:00,3013.5,854.0,2026-01-22 00:00:00+00:00,0.010732852590977782,0.010902381751090262,-0.09842931937172772,1.1499964549652053,0.012497584079094392,-0.02644289014166412,-0.030943682122854366,0.1490002973520995,0.3225312928122725,-0.580583464057142,24,-0.004645760743321681,REGIME_OOS,True,True
2026-01-22 04:00:00+00:00,ETH,2026-01-22 08:00:00+00:00,2999.5,586.0,2026-01-22 00:00:00+00:00,-0.004645760743321681,0.010272819131020627,-0.10795539033457247,-0.14964335456468625,0.012093855541021591,-0.0264208510500179,-0.034512367480092676,0.13980207768677616,0.31101245784620396,-0.7500512937061661,24,-0.0041673612268711135,REGIME_OOS,True,True
2026-01-22 08:00:00+00:00,ETH,2026-01-22 12:00:00+00:00,2987.0,1143.0,2026-01-22 00:00:00+00:00,-0.0041673612268711135,0.015295717199184322,-0.10568862275449098,-0.06381607588296823,0.011963697814487056,-0.02690904352358614,-0.03713625199577164,0.1367076291719601,0.3031635565141863,-0.4069097568593633,24,-0.014395714763977274,REGIME_OOS,True,True
2026-01-22 12:00:00+00:00,ETH,2026-01-22 16:00:00+00:00,2944.0,2939.0,2026-01-22 00:00:00+00:00,-0.014395714763977274,-0.01997336884154466,-0.10855412566237699,-0.8911770053128041,0.012111151762569335,-0.036783169879843314,-0.040203174802556085,0.13507529415444747,0.22768395501115982,0.7811218898895959,24,0.003566576086956541,REGIME_OOS,True,True
2026-01-22 16:00:00+00:00,ETH,2026-01-22 20:00:00+00:00,2954.5,1615.0,2026-01-22 00:00:00+00:00,0.003566576086956541,-0.03384565075212553,-0.11209616829451541,0.6239974066851541,0.012107516035941068,-0.029035279425538518,-0.04337560754773939,0.1280734104274145,0.27329190088215655,-0.048110962968660444,24,-0.0008461668641055464,REGIME_OOS,True,True
2026-01-22 20:00:00+00:00,ETH,2026-01-23 00:00:00+00:00,2952.0,1355.0,2026-01-22 00:00:00+00:00,-0.0008461668641055464,-0.009894348482307525,-0.10626702997275206,0.21899182014787386,0.011938553758724485,-0.025557655330632145,-0.04653208572138967,0.11865598390673056,0.2846071096530481,-0.20668456502085306,24,0.003387533875338855,REGIME_OOS,True,True
2026-01-23 00:00:00+00:00,ETH,2026-01-23 04:00:00+00:00,2962.0,482.0,2026-01-23 00:00:00+00:00,0.003387533875338855,-0.017089762734362024,-0.10729355033152499,0.6002140218081778,0.011988481973969673,-0.018018466026820446,-0.04981886911324618,0.10401807352791764,0.3267756225846228,-0.7941487398580397,20,-0.005232950708980444,REGIME_OOS,True,True
2026-01-23 04:00:00+00:00,ETH,2026-01-23 08:00:00+00:00,2946.5,810.0,2026-01-23 00:00:00+00:00,-0.005232950708980444,-0.0176696116019337,-0.10887645546650537,-0.1512405423498533,0.011897131815725106,-0.019157470747823813,-0.05264601906660049,0.0904766185458948,0.28826053564207765,-0.5777460508083732,20,-0.0023756999830306658,REGIME_OOS,True,True
2026-01-23 08:00:00+00:00,ETH,2026-01-23 12:00:00+00:00,2939.5,907.0,2026-01-23 00:00:00+00:00,-0.0023756999830306658,-0.015902243053230625,-0.1005201958384333,0.11514669731720874,0.011899680448610346,-0.01740721860558392,-0.05544224023339461,0.07165867571617876,0.25708149178573453,-0.5232021490486758,20,0.003912229971083425,REGIME_OOS,True,True
2026-01-23 12:00:00+00:00,ETH,2026-01-23 16:00:00+00:00,2951.0,1766.0,2026-01-23 00:00:00+00:00,0.003912229971083425,0.0023777173913044347,-0.10071613591345419,0.6404797152280973,0.011880924846428801,-0.010727455581629242,-0.05700042044567244,0.059656998002282684,0.32018110295763186,0.06541220846620764,20,0.002710945442222945,REGIME_OOS,True,True
2026-01-23 16:00:00+00:00,ETH,2026-01-23 20:00:00+00:00,2959.0,3350.0,2026-01-23 00:00:00+00:00,0.002710945442222945,0.0015231003553901612,-0.10387643852210782,0.4967363589384604,0.011853546186351722,-0.0055369310782311665,-0.05797961761660986,0.044743463051227436,0.37625161977534316,1.0900259588704597,20,-0.004900304156809754,REGIME_OOS,True,True
2026-01-23 20:00:00+00:00,ETH,2026-01-24 00:00:00+00:00,2944.5,1082.0,2026-01-23 00:00:00+00:00,-0.004900304156809754,-0.002540650406504086,-0.10460696366124378,-0.14023045707413342,0.01171992349492207,-0.008944573933677091,-0.057678096246982946,0.04186028074709944,0.2863231260268858,-0.42256806599757607,20,,REGIME_OOS,True,False
2026-01-25 20:00:00+00:00,ETH,2026-01-26 00:00:00+00:00,2816.0,639.0,2026-01-25 00:00:00+00:00,,-0.04929101958136395,-0.12356053532524125,,,-0.04935520896630874,-0.057395698425174446,0.06221957935973337,-0.29324240816468716,-0.7181235364158229,25,0.011008522727272707,REGIME_OOS,False,True
2026-01-26 00:00:00+00:00,ETH,2026-01-26 04:00:00+00:00,2847.0,1918.0,2026-01-26 00:00:00+00:00,0.011008522727272707,-0.03376887833022235,-0.11239282930631334,1.2472931470194422,0.011423183242481486,-0.0373870485110267,-0.055760592293669475,0.0712054374113373,-0.025058898171643862,0.13846296257975313,25,0.019669827889005953,REGIME_OOS,True,True
2026-01-26 04:00:00+00:00,ETH,2026-01-26 08:00:00+00:00,2903.0,1002.0,2026-01-26 00:00:00+00:00,0.019669827889005953,-0.012417077734308557,-0.10012399256044635,1.9387977063303161,0.012118466035786696,-0.01715659305780093,-0.05431560006659575,0.07272397748421733,0.26408615629522897,-0.47970496665907714,25,-0.004133654839820866,REGIME_OOS,True,True
2026-01-26 08:00:00+00:00,ETH,2026-01-26 12:00:00+00:00,2891.0,1430.0,2026-01-26 00:00:00+00:00,-0.004133654839820866,-0.02033209081667231,-0.10231330538736216,-0.19548365634165737,0.012040829959461298,-0.01992524853590527,-0.05310556912696096,0.07503845979367048,0.2344661845313353,-0.2169830644748461,25,0.002421307506053294,REGIME_OOS,True,True
2026-01-26 12:00:00+00:00,ETH,2026-01-26 16:00:00+00:00,2898.0,3401.0,2026-01-26 00:00:00+00:00,0.002421307506053294,-0.02061507265968232,-0.10097719869706845,0.37506106598065936,0.012068970156062644,-0.0168189104602936,-0.051009172539689285,0.0767056709223213,0.28073445863832114,1.0535824267138783,25,0.008799171842650111,REGIME_OOS,True,True
2026-01-26 16:00:00+00:00,ETH,2026-01-26 20:00:00+00:00,2923.5,2686.0,2026-01-26 00:00:00+00:00,0.008799171842650111,-0.00713194090677538,-0.08425998433829285,0.8912417997273157,0.01221846058851175,-0.006811503116984641,-0.04951419004226809,0.07493510517631763,0.4091013070448408,0.5162026115048564,25,0.0018813066529843603,REGIME_OOS,True,True
2026-01-26 20:00:00+00:00,ETH,2026-01-27 00:00:00+00:00,2929.0,2091.0,2026-01-26 00:00:00+00:00,0.0018813066529843603,0.04012784090909083,-0.08153026026967702,0.29269242373936744,0.012141490876903548,-0.002757822341765692,-0.048894300360416976,0.06557992752575191,0.4579471578299211,0.07626534961165549,25,0.0037555479685900117,REGIME_OOS,True,True
2026-01-27 00:00:00+00:00,ETH,2026-01-27 04:00:00+00:00,2940.0,684.0,2026-01-27 00:00:00+00:00,0.0037555479685900117,0.03266596417281353,-0.058446757405924754,0.41734737963259044,0.012176721530140822,0.0016950451870085814,-0.04736672985043622,0.06408199617975971,0.5264511920361179,-0.890534637028048,20,-0.004931972789115613,REGIME_OOS,True,True
2026-01-27 04:00:00+00:00,ETH,2026-01-27 08:00:00+00:00,2925.5,485.0,2026-01-27 00:00:00+00:00,-0.004931972789115613,0.00775060282466411,-0.05917350056279147,-0.31059511885985464,0.01162273425954951,-0.0017487737257411151,-0.04621300388593441,0.05904194902137501,0.47038082660333613,-0.9890298074328208,20,-0.0035891300632370227,REGIME_OOS,True,True
2026-01-27 08:00:00+00:00,ETH,2026-01-27 12:00:00+00:00,2915.0,883.0,2026-01-27 00:00:00+00:00,-0.0035891300632370227,0.008301625735039675,-0.03874690849134377,-0.25552388255582387,0.011617168153016503,-0.0038955713504648104,-0.0448057395215542,0.05494048868126288,0.429094708766336,-0.6861754902681344,20,0.007375643224699857,REGIME_OOS,True,True
2026-01-27 12:00:00+00:00,ETH,2026-01-27 16:00:00+00:00,2936.5,1814.0,2026-01-27 00:00:00+00:00,0.007375643224699857,0.013285024154589431,-0.01904125605478535,0.6865483032461807,0.010762555504543216,0.0043179000470265905,-0.043109372954575176,0.05156959304318195,0.5837295738093382,-0.005164178582529938,20,0.014813553550144798,REGIME_OOS,True,True
2026-01-27 16:00:00+00:00,ETH,2026-01-27 20:00:00+00:00,2980.0,5732.0,2026-01-27 00:00:00+00:00,0.014813553550144798,0.019326150162476408,0.013777853376424565,1.3326179991090634,0.010766458206882367,0.018568364565442197,-0.04049489201908729,0.05403548947445405,0.8436327633197535,2.6997225837724783,20,0.01543624161073831,REGIME_OOS,True,True
2026-01-27 20:00:00+00:00,ETH,2026-01-28 00:00:00+00:00,3026.0,3169.0,2026-01-27 00:00:00+00:00,0.01543624161073831,0.0331171048139296,0.015095605501509457,1.304290478247861,0.010411849715169156,0.03302893232055992,-0.037418833302663046,0.06159454199299771,1.0362314785020192,0.8146638333619046,20,-0.007270323859881023,REGIME_OOS,True,True
2026-01-28 00:00:00+00:00,ETH,2026-01-28 04:00:00+00:00,3004.0,664.0,2026-01-28 00:00:00+00:00,-0.007270323859881023,0.021768707482993088,0.011788480970023496,-0.9392971493324657,0.010321436555951444,0.024609035250780176,-0.034667483224349205,0.06534992452044622,0.8765732773429716,-0.7869968010964065,29,0.0,REGIME_OOS,True,True
2026-01-28 04:00:00+00:00,ETH,2026-01-28 08:00:00+00:00,3004.0,699.0,2026-01-28 00:00:00+00:00,0.0,0.02683301999658183,0.021074099252209377,-0.17406018844586255,0.010269171721984535,0.0238756625027694,-0.031974423101034155,0.06838273632540755,0.849147515670536,-0.7690697265151933,29,0.011984021304926706,REGIME_OOS,True,True
2026-01-28 08:00:00+00:00,ETH,2026-01-28 12:00:00+00:00,3040.0,1665.0,2026-01-28 00:00:00+00:00,0.011984021304926706,0.04288164665523153,0.011984021304926706,0.9789773922496594,0.01020975835691011,0.03449742651750398,-0.02872389300387046,0.07549884973396176,0.9569265179411853,-0.16928880325212078,29,-0.011184210526315796,REGIME_OOS,True,True
2026-01-28 12:00:00+00:00,ETH,2026-01-28 16:00:00+00:00,3006.0,2485.0,2026-01-28 00:00:00+00:00,-0.011184210526315796,0.02366763153413931,-0.017004578155657257,-1.3533664695961904,0.009894463633151747,0.021771274154897435,-0.02593790662486062,0.0781490665232455,0.7785864901971854,0.41723921060092595,29,0.003493013972055925,REGIME_OOS,True,True
2026-01-28 16:00:00+00:00,ETH,2026-01-28 20:00:00+00:00,3016.5,1856.0,2026-01-28 00:00:00+00:00,0.003493013972055925,0.012248322147651036,0.011739057521381824,0.1955595512610153,0.009407103221980129,0.02420018844061156,-0.023139380230116857,0.08126787390246117,0.797782964885447,0.1415099417348173,29,-0.00348085529587272,REGIME_OOS,True,True
2026-01-28 20:00:00+00:00,ETH,2026-01-29 00:00:00+00:00,3006.0,956.0,2026-01-28 00:00:00+00:00,-0.00348085529587272,-0.006609385327164596,-0.002488800398208091,-0.48433030085580514,0.00807473635315158,0.019821378590875627,-0.020436546840053693,0.08320364434168509,0.7382272885725643,-0.6106161102543022,29,-0.019128409846972727,REGIME_OOS,True,True
2026-01-29 00:00:00+00:00,ETH,2026-01-29 04:00:00+00:00,2948.5,820.0,2026-01-29 00:00:00+00:00,-0.019128409846972727,-0.01847536617842871,-0.017002833805634276,-2.590988561331676,0.00874723453678137,0.00024594821517931464,-0.018151265542406203,0.08319252424883193,0.5029563739939369,-0.7307578713293554,29,0.0033915550279803863,REGIME_OOS,True,True
2026-01-29 04:00:00+00:00,ETH,2026-01-29 08:00:00+00:00,2958.5,222.0,2026-01-29 00:00:00+00:00,0.0033915550279803863,-0.01514647137150471,-0.009541345831938441,0.2965269482440422,0.008697704321992177,0.0012183153406206682,-0.014106593531252654,0.07159674243926036,0.517016351570104,-1.2548661573858084,29,-0.0108162920398851,REGIME_OOS,True,True
2026-01-29 08:00:00+00:00,ETH,2026-01-29 12:00:00+00:00,2926.5,629.0,2026-01-29 00:00:00+00:00,-0.0108162920398851,-0.03733552631578951,-0.005944293478260865,-1.3661037891073502,0.008917581654065681,-0.010941658569557644,-0.010925737742181307,0.0635584268099991,0.32784881378095515,-0.8596383667071628,29,-0.03724585682555959,REGIME_OOS,True,True
2026-01-29 12:00:00+00:00,ETH,2026-01-29 16:00:00+00:00,2817.5,2475.0,2026-01-29 00:00:00+00:00,-0.03724585682555959,-0.06270791749833671,-0.04636994415298701,-4.271326248189391,0.01099743010941598,-0.04640222026670271,-0.009650096031695421,0.07511977250432927,-0.11770980821365644,0.7610529958191764,29,-0.00976042590949422,REGIME_OOS,True,True
2026-01-29 16:00:00+00:00,ETH,2026-01-29 20:00:00+00:00,2790.0,2735.0,2026-01-29 00:00:00+00:00,-0.00976042590949422,-0.07508702138239687,-0.054878048780487854,-0.8950089405739811,0.011120315835468056,-0.05409299723686667,-0.008481299457438918,0.08856584940113235,-0.11076586068597111,0.9478972593176195,29,0.00967741935483879,REGIME_OOS,True,True
2026-01-29 20:00:00+00:00,ETH,2026-01-30 00:00:00+00:00,2817.0,1001.0,2026-01-29 00:00:00+00:00,0.00967741935483879,-0.06287425149700598,-0.048953409858203956,0.9027873435869324,0.011269492498310075,-0.04362586997114237,-0.007129253535132274,0.09633820129531298,0.047159181045817435,-0.5380983057374897,29,-0.028044018459353892,REGIME_OOS,True,True
2026-01-30 00:00:00+00:00,ETH,2026-01-30 04:00:00+00:00,2738.0,312.0,2026-01-30 00:00:00+00:00,-0.028044018459353892,-0.07139223333898592,-0.07076192092312916,-2.4875071910065714,0.012351750322965793,-0.06751015334315313,-0.0072137167124251,0.11545565759093565,-0.08472797913762305,-1.1354475553703247,26,-0.0014609203798392478,REGIME_OOS,True,True
2026-01-30 04:00:00+00:00,ETH,2026-01-30 08:00:00+00:00,2734.0,135.0,2026-01-30 00:00:00+00:00,-0.0014609203798392478,-0.07588304884231878,-0.06990984861370986,-0.03255628776127153,0.012326968174810809,-0.06577025260765934,-0.0074564348846516415,0.13133169654061996,-0.0007949667909534899,-1.2532399213703516,26,0.01097293343087058,REGIME_OOS,True,True
2026-01-30 08:00:00+00:00,ETH,2026-01-30 12:00:00+00:00,2764.0,266.0,2026-01-30 00:00:00+00:00,0.01097293343087058,-0.05552708012984797,-0.06336834971196204,0.9658491982533246,0.012512617209243288,-0.052670362531810455,-0.008028790088702498,0.14068497658328546,0.12561487508490538,-1.1015956585912168,26,-0.01266280752532567,REGIME_OOS,True,True
2026-01-30 12:00:00+00:00,ETH,2026-01-30 16:00:00+00:00,2729.0,239.0,2026-01-30 00:00:00+00:00,-0.01266280752532567,-0.03141082519964511,-0.07772896248732675,-0.9729941283424988,0.012676484904287393,-0.06150592362054441,-0.008804641269668068,0.15255539995241496,0.096828931393256,-1.0620876058012603,26,,REGIME_OOS,True,False
2026-02-01 20:00:00+00:00,ETH,2026-02-02 00:00:00+00:00,2272.0,1389.0,2026-02-01 00:00:00+00:00,,-0.18566308243727603,-0.22839191713363893,,,-0.20993149494036234,-0.014654939060535166,0.250712732043728,-0.3373387870215827,-0.06756771407249947,20,-0.01276408450704225,REGIME_OOS,False,True
2026-02-02 00:00:00+00:00,ETH,2026-02-02 04:00:00+00:00,2243.0,4233.0,2026-02-02 00:00:00+00:00,-0.01276408450704225,-0.20376286829960955,-0.20348011363636365,-0.9248209495884959,0.012832458957461051,-0.21049621175456046,-0.021503654260778493,0.3213580266659964,-0.1550208623646416,2.229244275384749,14,-0.003789567543468597,REGIME_OOS,True,True
2026-02-02 04:00:00+00:00,ETH,2026-02-02 08:00:00+00:00,2234.5,3816.0,2026-02-02 00:00:00+00:00,-0.003789567543468597,-0.1838933528122717,-0.21513874253600285,-0.17402179261310538,0.012824078095012884,-0.20303165403477486,-0.02962939889802585,0.3746964034843864,-0.041856426020473396,1.6763393663541009,14,0.02461400760796595,REGIME_OOS,True,True
2026-02-02 08:00:00+00:00,ETH,2026-02-02 12:00:00+00:00,2289.5,3417.0,2026-02-02 00:00:00+00:00,0.02461400760796595,-0.16258229700073157,-0.21133310368584224,2.0378402948441168,0.013504901600390445,-0.1725471416825538,-0.03776868959809143,0.4059942856249788,0.07500105840913875,1.2688275580679764,14,0.03930989298973575,REGIME_OOS,True,True
2026-02-02 12:00:00+00:00,ETH,2026-02-02 16:00:00+00:00,2379.5,5844.0,2026-02-02 00:00:00+00:00,0.03930989298973575,-0.13910998552821996,-0.17692839847803532,2.989713920178266,0.014944108668356685,-0.1302043352706802,-0.044710762848582664,0.42069743103343377,0.19050361217838627,2.9057137828913935,14,-0.01807102332422783,REGIME_OOS,True,True
2026-02-02 16:00:00+00:00,ETH,2026-02-02 20:00:00+00:00,2336.5,4731.0,2026-02-02 00:00:00+00:00,-0.01807102332422783,-0.14382557713448152,-0.19375431331953075,-1.1817227268109431,0.015276759411135852,-0.13537416854005346,-0.052357774325561324,0.43461697862162635,0.18852075459778816,1.7797873581447468,14,0.007061844639417947,REGIME_OOS,True,True
2026-02-02 20:00:00+00:00,ETH,2026-02-03 00:00:00+00:00,2353.0,4402.0,2026-02-02 00:00:00+00:00,0.007061844639417947,0.03565140845070425,-0.19514280827774932,0.5195901731626681,0.015334679558383222,-0.11805770293949525,-0.06011216757497517,0.4381121061650218,0.23053083610744368,1.4889345625175743,14,-0.0021249468763281376,REGIME_OOS,True,True
2026-02-03 00:00:00+00:00,ETH,2026-02-03 04:00:00+00:00,2348.0,1966.0,2026-02-03 00:00:00+00:00,-0.0021249468763281376,0.046812304948729455,-0.198361215431888,-0.0915455724860124,0.015230160985410943,-0.10894376820394103,-0.06703523921810217,0.4389752297217672,0.25182251565084407,-0.016934552474556056,14,-0.009369676320272524,REGIME_OOS,True,True
2026-02-03 04:00:00+00:00,ETH,2026-02-03 08:00:00+00:00,2326.0,1318.0,2026-02-03 00:00:00+00:00,-0.009369676320272524,0.04094875811143428,-0.20884353741496597,-0.5439479057581341,0.015292986679804178,-0.10557382092249723,-0.0749653185359086,0.434350805295196,0.256938816193177,-0.3933543652047175,14,-0.019346517626827153,REGIME_OOS,True,True
2026-02-03 08:00:00+00:00,ETH,2026-02-03 12:00:00+00:00,2281.0,2727.0,2026-02-03 00:00:00+00:00,-0.019346517626827153,-0.003712601004586147,-0.22030422150059814,-1.1695702800011822,0.01559985584690719,-0.11047849315602709,-0.08308154399013101,0.4274237488225951,0.24152467320695872,0.4212264701627374,14,0.012713722051731713,REGIME_OOS,True,True
2026-02-03 12:00:00+00:00,ETH,2026-02-03 16:00:00+00:00,2310.0,5098.0,2026-02-03 00:00:00+00:00,0.012713722051731713,-0.02920781676822859,-0.2075471698113207,0.9579630712773103,0.015825511444929767,-0.08781282393010514,-0.0900099178542938,0.416843306749333,0.2893385295906622,1.795375190565016,14,-0.04307359307359304,REGIME_OOS,True,True
2026-02-03 16:00:00+00:00,ETH,2026-02-03 20:00:00+00:00,2210.5,9281.0,2026-02-03 00:00:00+00:00,-0.04307359307359304,-0.053926813610100544,-0.2472331006300017,-2.618014544360298,0.017541833730648295,-0.11401917854888322,-0.09841796966751348,0.40579946999643374,0.21902580713108064,4.035338827171668,14,0.013119203800045165,REGIME_OOS,True,True
2026-02-03 20:00:00+00:00,ETH,2026-02-04 00:00:00+00:00,2239.5,4731.0,2026-02-03 00:00:00+00:00,0.013119203800045165,-0.048236294092647736,-0.24848993288590604,0.9165248486988945,0.017689231459107075,-0.08986537973075948,-0.10628023710246826,0.3862630466179497,0.2673466811862933,1.039976425148462,14,0.021656619781201147,REGIME_OOS,True,True
2026-02-04 00:00:00+00:00,ETH,2026-02-04 04:00:00+00:00,2288.0,1192.0,2026-02-04 00:00:00+00:00,0.021656619781201147,-0.02555366269165249,-0.24388631857237275,1.3806982244718877,0.017965707785298154,-0.06004149292360783,-0.11159490640203507,0.36959994831921994,0.3375500505434308,-0.5889345685385435,17,-0.00021853146853145766,REGIME_OOS,True,True
2026-02-04 04:00:00+00:00,ETH,2026-02-04 08:00:00+00:00,2287.5,691.0,2026-02-04 00:00:00+00:00,-0.00021853146853145766,-0.01655202063628547,-0.23851531291611183,0.12914809915396872,0.01765018948675209,-0.05044571974138923,-0.11647937739765712,0.3498320898498341,0.3558001932783151,-0.7910795535803803,17,-0.012459016393442601,REGIME_OOS,True,True
2026-02-04 08:00:00+00:00,ETH,2026-02-04 12:00:00+00:00,2259.0,1404.0,2026-02-04 00:00:00+00:00,-0.012459016393442601,-0.009644892590968901,-0.2480026631158455,-0.5324827901836137,0.017718155092302627,-0.051288781563336605,-0.1221853157165187,0.3187110486711115,0.3390743534709923,-0.45707837678426105,17,-0.046702080566622395,REGIME_OOS,True,True
2026-02-04 12:00:00+00:00,ETH,2026-02-04 16:00:00+00:00,2153.5,4324.0,2026-02-04 00:00:00+00:00,-0.046702080566622395,-0.06774891774891778,-0.29161184210526314,-2.4533327354976064,0.01939641986802394,-0.08435732811769214,-0.1278599770089368,0.3000250761552604,0.21883240828164002,0.9091486763861838,17,0.016949152542372836,REGIME_OOS,True,True
2026-02-04 16:00:00+00:00,ETH,2026-02-04 20:00:00+00:00,2190.0,7275.0,2026-02-04 00:00:00+00:00,0.016949152542372836,-0.009273919927618168,-0.27145708582834327,1.1207964859098383,0.01956493702735135,-0.057942960381984654,-0.13312774311912934,0.266762478596887,0.2827919402805368,2.237509010849976,17,-0.019406392694063967,REGIME_OOS,True,True
2026-02-04 20:00:00+00:00,ETH,2026-02-05 00:00:00+00:00,2147.5,1640.0,2026-02-04 00:00:00+00:00,-0.019406392694063967,-0.0410805983478455,-0.28808221448698823,-0.7555153570410666,0.01971699118183412,-0.0638112364448804,-0.13946556924415898,0.21020557852442015,0.1964341436948722,-0.43698130532323015,17,-0.016763678696158357,REGIME_OOS,True,True
2026-02-05 00:00:00+00:00,ETH,2026-02-05 04:00:00+00:00,2111.5,1862.0,2026-02-05 00:00:00+00:00,-0.016763678696158357,-0.07714160839160844,-0.29757152361942785,-0.6017562992981519,0.019766486165482555,-0.06694653115333626,-0.1456153796782561,0.12884574517670694,-0.019586665912185948,-0.3373452456567682,14,-0.008761543926118831,REGIME_OOS,True,True
2026-02-05 04:00:00+00:00,ETH,2026-02-05 08:00:00+00:00,2093.0,2185.0,2026-02-05 00:00:00+00:00,-0.008761543926118831,-0.08502732240437161,-0.2901475326437172,-0.16125606550449711,0.019770715123587756,-0.07144916927308631,-0.14348738058867772,0.14575453316967688,0.009797961550119713,-0.21231309953580393,14,-0.004777830864787336,REGIME_OOS,True,True
2026-02-05 08:00:00+00:00,ETH,2026-02-05 12:00:00+00:00,2083.0,1897.0,2026-02-05 00:00:00+00:00,-0.004777830864787336,-0.07791057990261174,-0.2959269900287308,0.04917729185315404,0.019608808405543333,-0.07259410965917956,-0.14174627435995413,0.16138748102161476,0.05018747922921648,-0.3614263964836557,14,-0.056649063850216064,REGIME_OOS,True,True
2026-02-05 12:00:00+00:00,ETH,2026-02-05 16:00:00+00:00,1965.0,7521.0,2026-02-05 00:00:00+00:00,-0.056649063850216064,-0.08753192477362437,-0.3285494618144541,-2.62011410014419,0.021651685308591823,-0.11985039696314781,-0.1411058876031024,0.1976620512245367,-0.10633994345734218,2.130434443811482,14,-0.01730279898218834,REGIME_OOS,True,True
2026-02-05 16:00:00+00:00,ETH,2026-02-05 20:00:00+00:00,1931.0,5547.0,2026-02-05 00:00:00+00:00,-0.01730279898218834,-0.11826484018264838,-0.3146406388642413,-0.46322937068440306,0.021720566253153724,-0.12807892895039852,-0.14158190951657412,0.23164796910207194,-0.05290331034140259,1.0816743694849458,14,-0.052304505437597126,REGIME_OOS,True,True
2026-02-05 20:00:00+00:00,ETH,2026-02-06 00:00:00+00:00,1830.0,8287.0,2026-02-05 00:00:00+00:00,-0.052304505437597126,-0.14784633294528526,-0.34408602150537637,-2.0632604875382006,0.022588597651152537,-0.1633042623475488,-0.1452006878492983,0.27133237028667007,-0.10186059693140713,2.164105049756468,14,0.03524590163934427,REGIME_OOS,True,True
2026-02-06 00:00:00+00:00,ETH,2026-02-06 04:00:00+00:00,1894.5,5784.0,2026-02-06 00:00:00+00:00,0.03524590163934427,-0.10277054226852944,-0.3274760383386581,1.9141151027311407,0.023922217397379368,-0.12497257600775946,-0.14714826500907985,0.2911351011520156,0.07074026624324727,0.9691348786967172,12,0.0026392187912378517,REGIME_OOS,True,True
2026-02-06 04:00:00+00:00,ETH,2026-02-06 08:00:00+00:00,1899.5,2114.0,2026-02-06 00:00:00+00:00,0.0026392187912378517,-0.09245102723363596,-0.30624543462381304,0.38166537806764567,0.023792343799713594,-0.11337752053771477,-0.14921668685344402,0.30188978747439593,0.12444068914609892,-0.5192668169765629,12,0.018689128718083703,REGIME_OOS,True,True
2026-02-06 08:00:00+00:00,ETH,2026-02-06 12:00:00+00:00,1935.0,2287.0,2026-02-06 00:00:00+00:00,0.018689128718083703,-0.071051368218915,-0.2922457937088515,1.0681923131840572,0.023878163108447516,-0.088016967126193,-0.15071229290669141,0.3024298451218464,0.2089673240062279,-0.48583405938875046,12,0.02532299741602073,REGIME_OOS,True,True
2026-02-06 12:00:00+00:00,ETH,2026-02-06 16:00:00+00:00,1984.0,5826.0,2026-02-06 00:00:00+00:00,0.02532299741602073,0.009669211195928673,-0.2821997105643994,1.2769364103244298,0.024513806079408614,-0.05732544603615808,-0.15105983905774156,0.29583883760534496,0.30622744971493115,0.916319185109693,12,0.04385080645161299,REGIME_OOS,True,True
2026-02-06 16:00:00+00:00,ETH,2026-02-06 20:00:00+00:00,2071.0,7009.0,2026-02-06 00:00:00+00:00,0.04385080645161299,0.07250129466597621,-0.24111396115793327,1.9632164627833049,0.02591394417365963,-0.011054604493469955,-0.14943177664232388,0.28674507828973284,0.46144797128025977,1.3512096781198095,12,-0.0062771607918880035,REGIME_OOS,True,True
2026-02-06 20:00:00+00:00,ETH,2026-02-07 00:00:00+00:00,2058.0,3568.0,2026-02-06 00:00:00+00:00,-0.0062771607918880035,0.12459016393442623,-0.09419014084507038,-0.11954909923626819,0.025859528726971535,-0.011313684513943989,-0.14862244981430883,0.27166683853069346,0.4583545618775781,-0.17915005686506202,12,,REGIME_OOS,True,False
2026-02-08 20:00:00+00:00,ETH,2026-02-09 00:00:00+00:00,2093.0,620.0,2026-02-08 00:00:00+00:00,,0.10477698601214036,-0.06687472135532768,,,0.008346682404518857,-0.14512674780173385,0.2661989732164374,0.53135505108704,-1.4826262725422696,6,0.00453893932154803,REGIME_OOS,False,True
2026-02-09 00:00:00+00:00,ETH,2026-02-09 04:00:00+00:00,2102.5,1297.0,2026-02-09 00:00:00+00:00,0.00453893932154803,0.10687022900763354,-0.05907361825911839,0.29023176013542346,0.02582640613668659,0.016277355503728108,-0.14174445135863933,0.2569208286075831,0.563355530931242,-1.10015874250474,7,-0.015933412604042796,REGIME_OOS,True,True
2026-02-09 04:00:00+00:00,ETH,2026-02-09 08:00:00+00:00,2069.0,727.0,2026-02-09 00:00:00+00:00,-0.015933412604042796,0.0692506459948321,-0.09630923782485257,-0.5244191846190782,0.0259440078587357,0.005406062078600504,-0.13945411815870468,0.23808284454827885,0.5227066426766598,-1.2765374235979277,7,-0.01909134847752536,REGIME_OOS,True,True
2026-02-09 08:00:00+00:00,ETH,2026-02-09 12:00:00+00:00,2029.5,1582.0,2026-02-09 00:00:00+00:00,-0.01909134847752536,0.022933467741935498,-0.1470897247320866,-0.6281606132217159,0.025576361255082853,-0.007567329673956902,-0.13782163440660744,0.2151165041771644,0.4648221799489425,-0.8688035650126821,7,0.017738359201773912,REGIME_OOS,True,True
2026-02-09 12:00:00+00:00,ETH,2026-02-09 16:00:00+00:00,2065.5,3961.0,2026-02-09 00:00:00+00:00,0.017738359201773912,-0.002655721873491057,-0.11598544832013691,0.8597606507378572,0.02459381664125592,0.014838107404313794,-0.13505588372784838,0.19263764336524866,0.5770260014870522,0.13145199171484093,7,0.034374243524570414,REGIME_OOS,True,True
2026-02-09 16:00:00+00:00,ETH,2026-02-09 20:00:00+00:00,2136.5,3783.0,2026-02-09 00:00:00+00:00,0.034374243524570414,0.038143828960155446,-0.09201019974500635,1.599771398605876,0.025478519089871816,0.0501609771682765,-0.12872639751951798,0.19073144343155757,0.7629926993987036,0.07121501962753632,7,-0.014275684530774657,REGIME_OOS,True,True
2026-02-09 20:00:00+00:00,ETH,2026-02-10 00:00:00+00:00,2106.0,1793.0,2026-02-09 00:00:00+00:00,-0.014275684530774657,0.006211180124223503,-0.10306643952299832,-0.43384072413091107,0.02547936316325334,0.03731067602512006,-0.12377051656646665,0.1804432767096961,0.7067723259379003,-0.7139393401429409,7,-0.01828110161443497,REGIME_OOS,True,True
2026-02-10 00:00:00+00:00,ETH,2026-02-10 04:00:00+00:00,2067.5,1112.0,2026-02-10 00:00:00+00:00,-0.01828110161443497,-0.01664684898929847,-0.1111349957007739,-0.5631139676107113,0.025610227281026268,0.02035780382479957,-0.11827418898631459,0.17345806131292707,0.6173644146066694,-0.981602624475848,14,-0.027811366384522418,REGIME_OOS,True,True
2026-02-10 04:00:00+00:00,ETH,2026-02-10 08:00:00+00:00,2010.0,1698.0,2026-02-10 00:00:00+00:00,-0.027811366384522418,-0.028516191396810053,-0.11880754055238929,-0.9113355889333496,0.025950905979555485,-0.005528962113621971,-0.11279207068955688,0.16937860134545035,0.46735737531362925,-0.743608163253106,14,-0.0019900497512437276,REGIME_OOS,True,True
2026-02-10 08:00:00+00:00,ETH,2026-02-10 12:00:00+00:00,2006.0,1160.0,2026-02-10 00:00:00+00:00,-0.0019900497512437276,-0.011579206701157974,-0.1316017316017316,0.11932254218749953,0.02581515002306077,-0.005367347191749472,-0.10731516235260796,0.166476126836657,0.467759057747567,-0.9366016418570808,14,0.009970089730807485,REGIME_OOS,True,True
2026-02-10 12:00:00+00:00,ETH,2026-02-10 16:00:00+00:00,2026.0,3032.0,2026-02-10 00:00:00+00:00,0.009970089730807485,-0.01912369886226095,-0.08346527934856363,0.5608380587941997,0.025756829323148444,0.005970779180476393,-0.1011568175022205,0.163912696081044,0.5364265814865513,-0.1460564900821313,14,-0.001974333662388972,REGIME_OOS,True,True
2026-02-10 16:00:00+00:00,ETH,2026-02-10 20:00:00+00:00,2022.0,2717.0,2026-02-10 00:00:00+00:00,-0.001974333662388972,-0.05359232389421953,-0.09711989283322175,0.10192052798813078,0.0247116772370213,0.002565914246402068,-0.09255851413247906,0.16209449476803986,0.5158297433239416,-0.2084707436106468,14,0.0014836795252226587,REGIME_OOS,True,True
2026-02-10 20:00:00+00:00,ETH,2026-02-11 00:00:00+00:00,2025.0,1498.0,2026-02-10 00:00:00+00:00,0.0014836795252226587,-0.038461538461538436,-0.11494755244755239,0.190727139749111,0.024536927607411354,0.0017189992703527945,-0.08391074414620991,0.15670816348328087,0.5109694302590444,-0.7140412887624522,14,-0.006419753086419733,REGIME_OOS,True,True
2026-02-11 00:00:00+00:00,ETH,2026-02-11 04:00:00+00:00,2012.0,631.0,2026-02-11 00:00:00+00:00,-0.006419753086419733,-0.02684401451027807,-0.1204371584699454,-0.11421129529741508,0.02407070547925145,-0.00917205293936596,-0.07325215756253622,0.12855668009640622,0.428653626303295,-1.1018695183289804,9,-0.029572564612326047,REGIME_OOS,True,True
2026-02-11 04:00:00+00:00,ETH,2026-02-11 08:00:00+00:00,1952.5,1782.0,2026-02-11 00:00:00+00:00,-0.029572564612326047,-0.028606965174129306,-0.13567950420540065,-1.0394097811776457,0.024481535659976593,-0.0398446048118416,-0.06454706878151106,0.11796146023522613,0.16222353697226455,-0.5949289428124092,9,0.0015364916773368265,REGIME_OOS,True,True
2026-02-11 08:00:00+00:00,ETH,2026-02-11 12:00:00+00:00,1955.5,851.0,2026-02-11 00:00:00+00:00,0.0015364916773368265,-0.02517447657028915,-0.09194334803807758,0.28871544025311136,0.024478325879593806,-0.03969160129154237,-0.056466298147985095,0.10692642332141343,0.12879520273270365,-1.0128619944323447,9,-0.01227307593965743,REGIME_OOS,True,True
2026-02-11 12:00:00+00:00,ETH,2026-02-11 16:00:00+00:00,1931.5,5511.0,2026-02-11 00:00:00+00:00,-0.01227307593965743,-0.04664363277393879,-0.11803652968036527,-0.29445997418284736,0.023234394611507052,-0.05139601699285423,-0.04947855882435315,0.10761809867898163,0.022422179691489304,1.0780200745556967,9,0.012425575977219827,REGIME_OOS,True,True
2026-02-11 16:00:00+00:00,ETH,2026-02-11 20:00:00+00:00,1955.5,3401.0,2026-02-11 00:00:00+00:00,0.012425575977219827,-0.03288822947576653,-0.08940628637951109,0.7034024985816998,0.023108642993249058,-0.038936465615746596,-0.04291923216226001,0.11117309827551727,0.14976719890228016,0.19267910806018274,9,-0.006136537969828715,REGIME_OOS,True,True
2026-02-11 20:00:00+00:00,ETH,2026-02-12 00:00:00+00:00,1943.5,1747.0,2026-02-11 00:00:00+00:00,-0.006136537969828715,-0.0402469135802469,-0.079564290788539,-0.08949884419350809,0.022931249590967855,-0.04183203096112598,-0.038815122307203964,0.11706806770478131,0.14266916007688166,-0.5874844235003513,9,0.01440699768458975,REGIME_OOS,True,True
2026-02-12 00:00:00+00:00,ETH,2026-02-12 04:00:00+00:00,1971.5,669.0,2026-02-12 00:00:00+00:00,0.01440699768458975,-0.02012922465208744,-0.058050645007166723,0.7863945771161662,0.02302145040424561,-0.025950766418398996,-0.03812522276345487,0.11903907171009025,0.281997910050912,-1.0764329477601267,11,-0.0005072279989855044,REGIME_OOS,True,True
2026-02-12 04:00:00+00:00,ETH,2026-02-12 08:00:00+00:00,1970.5,656.0,2026-02-12 00:00:00+00:00,-0.0005072279989855044,0.009218950064020515,-0.05400864138262118,0.0903401852930466,0.022994420128031358,-0.023489766589028238,-0.03854583571564707,0.11708917117863826,0.29938566177745984,-1.0416236379251989,11,0.01116467901547824,REGIME_OOS,True,True
2026-02-12 08:00:00+00:00,ETH,2026-02-12 12:00:00+00:00,1992.5,1189.0,2026-02-12 00:00:00+00:00,0.01116467901547824,0.0189209920736384,0.013994910941475869,0.5860780646097544,0.023119346194573013,-0.009888690121248267,-0.03895012321152269,0.11092794081460443,0.41085483018407987,-0.7731316140414525,11,-0.021580928481806816,REGIME_OOS,True,True
2026-02-12 12:00:00+00:00,ETH,2026-02-12 16:00:00+00:00,1949.5,2237.0,2026-02-12 00:00:00+00:00,-0.021580928481806816,0.009319181982914815,0.009580528223718243,-0.8564471971305849,0.021042748870414397,-0.02837135701558735,-0.03868174936277047,0.11129478064556408,0.24507917755873476,-0.23249766742102157,11,-0.011797896896640125,REGIME_OOS,True,True
2026-02-12 16:00:00+00:00,ETH,2026-02-12 20:00:00+00:00,1926.5,3529.0,2026-02-12 00:00:00+00:00,-0.011797896896640125,-0.014829966760419366,0.052732240437158406,-0.5316038117058214,0.02091579745164969,-0.03736368065358342,-0.036968865790866556,0.11649036820827752,0.17925519312653,0.44571137075707534,11,0.01116013495977164,REGIME_OOS,True,True
2026-02-12 20:00:00+00:00,ETH,2026-02-13 00:00:00+00:00,1948.0,1335.0,2026-02-12 00:00:00+00:00,0.01116013495977164,0.002315410342166091,0.028239641066244436,0.5540371883373815,0.018565355758473852,-0.02375463566202274,-0.03619229784623701,0.115030050814628,0.2934919136886807,-0.6409695979464141,11,0.0035934291581107836,REGIME_OOS,True,True
2026-02-13 00:00:00+00:00,ETH,2026-02-13 04:00:00+00:00,1955.0,558.0,2026-02-13 00:00:00+00:00,0.0035934291581107836,-0.008369261983261489,0.02921821531982105,0.10266088201244129,0.017458888119467324,-0.015770329628837176,-0.03687262712316408,0.09539696133924117,0.3346872960370691,-1.0637548640539234,5,-0.009974424552429695,REGIME_OOS,True,True
2026-02-13 04:00:00+00:00,ETH,2026-02-13 08:00:00+00:00,1935.5,888.0,2026-02-13 00:00:00+00:00,-0.009974424552429695,-0.017761989342806372,0.00025839793281656753,-0.6075321306190545,0.017560481369177268,-0.021387400141571367,-0.03715459661558229,0.07961876688255462,0.23137740034180757,-0.816819727818321,5,0.013433221389821837,REGIME_OOS,True,True
2026-02-13 08:00:00+00:00,ETH,2026-02-13 12:00:00+00:00,1961.5,1102.0,2026-02-13 00:00:00+00:00,0.013433221389821837,-0.015558343789209506,-0.011340725806451624,0.7528987927472479,0.017395223087328663,-0.005576679340937862,-0.03631469149856115,0.06758472765488341,0.41748610175046036,-0.6543011466359084,5,0.03951057863879681,REGIME_OOS,True,True
2026-02-13 12:00:00+00:00,ETH,2026-02-13 16:00:00+00:00,2039.0,5522.0,2026-02-13 00:00:00+00:00,0.03951057863879681,0.04590920748909988,-0.015451472718493453,2.269233293799225,0.018276892133595644,0.03295422883051757,-0.03332043741644175,0.07213678739527464,0.9568297261415907,2.2170619573544967,5,0.010789602746444249,REGIME_OOS,True,True
2026-02-13 16:00:00+00:00,ETH,2026-02-13 20:00:00+00:00,2061.0,3586.0,2026-02-13 00:00:00+00:00,0.010789602746444249,0.0698157280041527,0.001457725947521915,0.5624547128277905,0.016482056598542755,0.04264683563514948,-0.029607120239959483,0.08104569690785215,1.0262072788841372,1.114627353743852,5,-0.0021834061135370675,REGIME_OOS,True,True
2026-02-13 20:00:00+00:00,ETH,2026-02-14 00:00:00+00:00,2056.5,1666.0,2026-02-13 00:00:00+00:00,-0.0021834061135370675,0.0556981519507187,-0.01743908265647398,-0.09653192309934923,0.016450283881996687,0.03956829986477772,-0.02738786487243916,0.08599756119914834,0.9601095579111577,-0.23947800757788626,5,,REGIME_OOS,True,False
2026-02-15 20:00:00+00:00,ETH,2026-02-16 00:00:00+00:00,1968.0,704.0,2026-02-15 00:00:00+00:00,,0.006649616368286537,-0.06397146254458974,,,-0.0038091140329785667,-0.026115356174513105,0.08362673045857523,0.45445099895582386,-0.9572475873852762,9,-0.004827235772357774,REGIME_OOS,False,True
2026-02-16 00:00:00+00:00,ETH,2026-02-16 04:00:00+00:00,1958.5,577.0,2026-02-16 00:00:00+00:00,-0.004827235772357774,0.01188323430638083,-0.053407443209279815,-0.2657299290119085,0.016441095776817318,-0.00694655714430592,-0.024585664050328693,0.08063474091141154,0.41385155993819617,-1.0230475207767833,8,0.007403625223385335,REGIME_OOS,True,True
2026-02-16 04:00:00+00:00,ETH,2026-02-16 08:00:00+00:00,1973.0,348.0,2026-02-16 00:00:00+00:00,0.007403625223385335,0.0058628600560795,-0.027839369302783967,0.4970309871645189,0.016249791689016534,0.001395761959142261,-0.022509203123604604,0.07845285335578339,0.5177910923495984,-1.1775876621334251,8,0.0040547389761784736,REGIME_OOS,True,True
2026-02-16 08:00:00+00:00,ETH,2026-02-16 12:00:00+00:00,1981.0,754.0,2026-02-16 00:00:00+00:00,0.0040547389761784736,-0.02844531633153502,-0.04091019123698858,0.24892297903306776,0.015856322715536792,0.004729481278608283,-0.01909644488224227,0.07806371707300706,0.5605848844500344,-0.8436575072326451,8,-0.011862695608278684,REGIME_OOS,True,True
2026-02-16 12:00:00+00:00,ETH,2026-02-16 16:00:00+00:00,1957.5,1579.0,2026-02-16 00:00:00+00:00,-0.011862695608278684,-0.05021834061135366,-0.08378188626257899,-0.7974121430202693,0.015684814951999384,-0.007239669840625851,-0.017129911172699797,0.0779752209830468,0.407154224773536,-0.20439669491792806,8,0.008939974457215838,REGIME_OOS,True,True
2026-02-16 16:00:00+00:00,ETH,2026-02-16 20:00:00+00:00,1975.0,454.0,2026-02-16 00:00:00+00:00,0.008939974457215838,-0.03963044006807681,-0.06220322886989549,0.5830701633055176,0.014384753990823255,0.0005319283669797947,-0.013932182392199066,0.07548497560683819,0.5070468111396165,-0.9806859675822809,8,0.013164556962025342,REGIME_OOS,True,True
2026-02-16 20:00:00+00:00,ETH,2026-02-17 00:00:00+00:00,2001.0,373.0,2026-02-16 00:00:00+00:00,0.013164556962025342,0.0167682926829269,-0.03216444981862154,0.9883894502659292,0.014387403391098919,0.012536527976318546,-0.011348685033343298,0.07580846672783571,0.6653710794775297,-0.9915242022320678,8,-0.007246376811594235,REGIME_OOS,True,True
2026-02-17 00:00:00+00:00,ETH,2026-02-17 04:00:00+00:00,1986.5,487.0,2026-02-17 00:00:00+00:00,-0.007246376811594235,0.014296655603778463,-0.011691542288557177,-0.4940342053134657,0.014044551230116076,0.004106905920262749,-0.009033715519357277,0.07420815125686742,0.555343056668358,-0.8801833056879725,12,0.0005033979360684615,REGIME_OOS,True,True
2026-02-17 04:00:00+00:00,ETH,2026-02-17 08:00:00+00:00,1987.5,624.0,2026-02-17 00:00:00+00:00,0.0005033979360684615,0.007349214394323456,-0.009222333000997063,0.01951512598953469,0.013008358284311112,0.004206298078744952,-0.007584114726971847,0.07421176667751528,0.5566796650593594,-0.7445325227566897,12,-0.009308176100628951,REGIME_OOS,True,True
2026-02-17 08:00:00+00:00,ETH,2026-02-17 12:00:00+00:00,1969.0,620.0,2026-02-17 00:00:00+00:00,-0.009308176100628951,-0.006057546693589044,-0.028134254689042404,-0.8057372112797179,0.013137694198769546,-0.005103329796372069,-0.00648587865583683,0.07425536054343324,0.43127324735852546,-0.729610953761453,12,0.0012696800406297726,REGIME_OOS,True,True
2026-02-17 12:00:00+00:00,ETH,2026-02-17 16:00:00+00:00,1971.5,3275.0,2026-02-17 00:00:00+00:00,0.0012696800406297726,0.007151979565772626,-0.02497527200791294,0.025915914448813037,0.01302679776503753,-0.0033113419782108133,-0.007077780287629065,0.07408612464869123,0.45530415453753476,1.1863483921275857,12,0.014202383971595234,REGIME_OOS,True,True
2026-02-17 16:00:00+00:00,ETH,2026-02-17 20:00:00+00:00,1999.5,3738.0,2026-02-17 00:00:00+00:00,0.014202383971595234,0.012405063291139218,-0.0125925925925926,1.0411762883597373,0.013247814600273574,0.009568049279240709,-0.006506079698222256,0.07329296567518559,0.6305452602592664,1.4790439667230317,12,-0.002500625156289127,REGIME_OOS,True,True
2026-02-17 20:00:00+00:00,ETH,2026-02-18 00:00:00+00:00,1994.5,1225.0,2026-02-17 00:00:00+00:00,-0.002500625156289127,-0.0032483758120939177,-0.00869781312127238,-0.2777092081834008,0.013264609580411951,0.005317674336550837,-0.006440272234213507,0.06870668915540551,0.577396748437739,-0.30451356375167854,12,0.0022562045625469374,REGIME_OOS,True,True
2026-02-18 00:00:00+00:00,ETH,2026-02-18 04:00:00+00:00,1999.0,697.0,2026-02-18 00:00:00+00:00,0.0022562045625469374,0.00629247420085588,0.0238156209987197,0.09126539041689531,0.013190606716819035,0.00629247420085588,-0.006203411876532172,0.06673293687352046,0.5942933803854903,-0.6760683904194279,10,0.011005502751375795,REGIME_OOS,True,True
2026-02-18 04:00:00+00:00,ETH,2026-02-18 08:00:00+00:00,2021.0,603.0,2026-02-18 00:00:00+00:00,0.011005502751375795,0.016855345911949593,0.03349526975198169,0.7331504592797139,0.011932485514938746,0.01567996783596337,-0.0057611688227329205,0.06659065004175438,0.7354680097901375,-0.7097504868929939,10,-0.019049975259772367,REGIME_OOS,True,True
2026-02-18 08:00:00+00:00,ETH,2026-02-18 12:00:00+00:00,1982.5,1371.0,2026-02-18 00:00:00+00:00,-0.019049975259772367,0.006856272219400772,0.02640434895159194,-1.8216976552602606,0.012575570840698382,-0.00484401275004398,-0.0050592324749784146,0.061531244829386336,0.42127556067693034,-0.1895014526190784,10,0.0025220680958386588,REGIME_OOS,True,True
2026-02-18 12:00:00+00:00,ETH,2026-02-18 16:00:00+00:00,1987.5,4057.0,2026-02-18 00:00:00+00:00,0.0025220680958386588,0.008115647983768737,0.016364101252876573,0.041419832370923275,0.0122831880876793,-0.0029847751385788657,-0.004444777386570675,0.05982894017891475,0.45011151577057623,1.9374624889156145,10,-0.023396226415094312,REGIME_OOS,True,True
2026-02-18 16:00:00+00:00,ETH,2026-02-18 20:00:00+00:00,1941.0,2997.0,2026-02-18 00:00:00+00:00,-0.023396226415094312,-0.02925731432858214,-0.0012863390789812357,-2.1078068460550643,0.013004435208496493,-0.02391189560232332,-0.0056007000875110124,0.06032332947482759,0.10360451237524099,1.0813073200965349,10,0.007470376094796505,REGIME_OOS,True,True
2026-02-18 20:00:00+00:00,ETH,2026-02-19 00:00:00+00:00,1955.5,2753.0,2026-02-18 00:00:00+00:00,0.007470376094796505,-0.019553772875407383,-0.008115647983768737,0.4744592554862313,0.012973363101338453,-0.014004613581071745,-0.007220803924513186,0.05147062916479653,0.22791058107659096,0.8531736793786193,10,0.009204806954743017,REGIME_OOS,True,True
2026-02-19 00:00:00+00:00,ETH,2026-02-19 04:00:00+00:00,1973.5,751.0,2026-02-19 00:00:00+00:00,0.009204806954743017,-0.012756378189094586,0.0015224562293834065,0.5743261517181931,0.012832406490182243,-0.002842165098212557,-0.008111521517959575,0.03813236194551913,0.42546579982972776,-0.6519825113774298,8,0.0048137826197112155,REGIME_OOS,True,True
2026-02-19 04:00:00+00:00,ETH,2026-02-19 08:00:00+00:00,1983.0,735.0,2026-02-19 00:00:00+00:00,0.0048137826197112155,-0.018802572983671495,-0.004767879548306153,0.251965500776336,0.01283932698783982,0.00157838247364106,-0.006545671677739229,0.037778250832326894,0.5417801893646804,-0.666970939490283,8,-0.017145738779626774,REGIME_OOS,True,True
2026-02-19 08:00:00+00:00,ETH,2026-02-19 12:00:00+00:00,1949.0,1092.0,2026-02-19 00:00:00+00:00,-0.017145738779626774,-0.016897856242118592,-0.0002564760194921911,-1.472317412774095,0.013160469921977652,-0.015358189350308193,-0.005586479914796105,0.03916117767562702,0.10782105488449621,-0.39446544245441517,8,-0.011287839917906606,REGIME_OOS,True,True
2026-02-19 12:00:00+00:00,ETH,2026-02-19 16:00:00+00:00,1927.0,2727.0,2026-02-19 00:00:00+00:00,-0.011287839917906606,-0.030440251572326993,0.00025953802232026035,-0.9195709050933354,0.012681955978115028,-0.025340144656314734,-0.005717964062822212,0.04579382477375104,-0.053352876321431375,0.8147311108531766,8,0.008303061754021845,REGIME_OOS,True,True
2026-02-19 16:00:00+00:00,ETH,2026-02-19 20:00:00+00:00,1943.0,2238.0,2026-02-19 00:00:00+00:00,0.008303061754021845,0.0010303967027305294,-0.002566735112936369,0.563463041073728,0.012503636429480323,-0.01630214661806406,-0.005448082093835849,0.04830353718092663,0.1625061523547977,0.4916260843992083,8,0.004117344312918103,REGIME_OOS,True,True
2026-02-19 20:00:00+00:00,ETH,2026-02-20 00:00:00+00:00,1951.0,1294.0,2026-02-19 00:00:00+00:00,0.004117344312918103,-0.002301201738685754,-0.002046035805626567,0.18315184538368817,0.012387946933479183,-0.01208937274511046,-0.0037506747178795985,0.04891164103072725,0.25283240369065374,-0.2280341885285823,8,0.0023065094823166987,REGIME_OOS,True,True
2026-02-20 00:00:00+00:00,ETH,2026-02-20 04:00:00+00:00,1955.5,592.0,2026-02-20 00:00:00+00:00,0.0023065094823166987,-0.009120851279452724,0.010333247222939823,0.057635776737425246,0.012383006413231682,-0.009321647499873409,-0.002728237255595345,0.04971653049627757,0.3125040623948742,-0.7709281720368746,9,0.0038353362311429606,REGIME_OOS,True,True
2026-02-20 04:00:00+00:00,ETH,2026-02-20 08:00:00+00:00,1963.0,900.0,2026-02-20 00:00:00+00:00,0.0038353362311429606,-0.010085728693898122,0.000764720876879954,0.18458465890831194,0.012195095694571853,-0.004563894523326617,-0.0026350261226678606,0.0482447667030451,0.4054012520898249,-0.5317208150671806,9,-0.009679062659195159,REGIME_OOS,True,True
2026-02-20 08:00:00+00:00,ETH,2026-02-20 12:00:00+00:00,1944.0,815.0,2026-02-20 00:00:00+00:00,-0.009679062659195159,-0.002565418163160582,-0.04659146640510059,-0.9585009849449247,0.01217859386932445,-0.013135351227869796,-0.003044197804533688,0.04937099289835623,0.23394597805815812,-0.5883017618697977,9,0.011059670781893072,REGIME_OOS,True,True
2026-02-20 12:00:00+00:00,ETH,2026-02-20 16:00:00+00:00,1965.5,2879.0,2026-02-20 00:00:00+00:00,0.011059670781893072,0.019979242345614878,-0.04633672974284331,0.8063436370416375,0.010010351580865893,-0.0016634709400515924,-0.0031922757559186277,0.04869939801389523,0.4658420636005199,1.2489041592784726,9,-0.0002543881963876782,REGIME_OOS,True,True
2026-02-20 16:00:00+00:00,ETH,2026-02-20 20:00:00+00:00,1965.0,4143.0,2026-02-20 00:00:00+00:00,-0.0002543881963876782,0.011322696860524895,-0.0444930707512764,-0.054499954771755274,0.009812065113406864,-0.0018160344411567442,-0.0026774948577912294,0.048734229528733485,0.46273595666294526,2.461663814648538,9,0.005852417302798951,REGIME_OOS,True,True
2026-02-20 20:00:00+00:00,ETH,2026-02-21 00:00:00+00:00,1976.5,833.0,2026-02-20 00:00:00+00:00,0.005852417302798951,0.013070220399794996,0.004319105691056979,0.6042942799172938,0.00986213572391773,0.0038982641931100126,-0.0020907777693301988,0.04884604442170394,0.5798071622638485,-0.5633791674013827,9,,REGIME_OOS,True,False
2026-02-22 20:00:00+00:00,ETH,2026-02-23 00:00:00+00:00,1957.0,370.0,2026-02-22 00:00:00+00:00,,0.0007670672462285477,-0.0007658922644880883,,,-0.004932119794579748,-0.0024802316911730626,0.046872323228515554,0.394775435590544,-0.9524815730196465,8,-0.04828819621870206,REGIME_OOS,False,True
2026-02-23 00:00:00+00:00,ETH,2026-02-23 04:00:00+00:00,1862.5,3563.0,2026-02-23 00:00:00+00:00,-0.04828819621870206,-0.05119714722363733,-0.05600608210846425,-4.915679609059308,0.01323874856179637,-0.04979337788888316,-0.0043177892918825345,0.06504854930534051,-0.265480220860131,1.6944825372439802,9,0.013154362416107457,REGIME_OOS,True,True
2026-02-23 04:00:00+00:00,ETH,2026-02-23 08:00:00+00:00,1887.0,1336.0,2026-02-23 00:00:00+00:00,0.013154362416107457,-0.029320987654321007,-0.047450782433114624,1.08863445583568,0.013409025731516176,-0.03453568687643904,-0.006501329239715581,0.07043945211400833,0.009711023581756956,-0.22622575694545158,9,0.015368309485956466,REGIME_OOS,True,True
2026-02-23 08:00:00+00:00,ETH,2026-02-23 12:00:00+00:00,1916.0,2187.0,2026-02-23 00:00:00+00:00,0.015368309485956466,-0.025184431442381028,-0.021200510855683308,1.2256232477786384,0.013713644748463106,-0.017057842760035857,-0.00877192982456143,0.06492079008312715,0.23725146076943343,0.4443357153378214,9,-0.01043841336116913,REGIME_OOS,True,True
2026-02-23 12:00:00+00:00,ETH,2026-02-23 16:00:00+00:00,1896.0,3325.0,2026-02-23 00:00:00+00:00,-0.01043841336116913,-0.03511450381679393,-0.040000000000000036,-0.7109290328235046,0.013676041777215289,-0.025155211640551678,-0.010614053383118272,0.0673447834716722,0.1264712670561497,1.3436074193266332,9,-0.020569620253164556,REGIME_OOS,True,True
2026-02-23 16:00:00+00:00,ETH,2026-02-23 20:00:00+00:00,1857.0,3803.0,2026-02-23 00:00:00+00:00,-0.020569620253164556,-0.060460409815330074,-0.07196401799100449,-1.457154890942929,0.014020043562960872,-0.04199339661576562,-0.012944159851717485,0.07550789585726303,-0.05614576646590955,1.6324758437841094,9,0.0,REGIME_OOS,True,True
2026-02-23 20:00:00+00:00,ETH,2026-02-24 00:00:00+00:00,1857.0,2323.0,2026-02-23 00:00:00+00:00,0.0,-0.05109862033725088,-0.06519003272086588,0.1159170610611807,0.013744485451905701,-0.03991314238444832,-0.01421443460799443,0.08447933467864435,0.027539574781498974,0.3553317680422649,9,-0.013731825525040375,REGIME_OOS,True,True
2026-02-24 00:00:00+00:00,ETH,2026-02-24 04:00:00+00:00,1831.5,1371.0,2026-02-24 00:00:00+00:00,-0.013731825525040375,-0.01664429530201339,-0.07849056603773585,-0.8489109872245971,0.013879151900602255,-0.05005186721991706,-0.01597007079094981,0.09641166120164268,-0.019147441254380268,-0.4438698132692707,5,-0.004095004095004073,REGIME_OOS,True,True
2026-02-24 04:00:00+00:00,ETH,2026-02-24 08:00:00+00:00,1824.0,750.0,2026-02-24 00:00:00+00:00,-0.004095004095004073,-0.03338632750397452,-0.07364144235652614,-0.1307602707320172,0.013872741152516547,-0.05025969461475377,-0.01831718088695322,0.10540073617857341,0.023156133088082204,-0.9728741796517952,5,0.000822368421052655,REGIME_OOS,True,True
2026-02-24 08:00:00+00:00,ETH,2026-02-24 12:00:00+00:00,1825.5,760.0,2026-02-24 00:00:00+00:00,0.000822368421052655,-0.04723382045929014,-0.07405528785188942,0.23469124723883372,0.013822835775114757,-0.04556505372127684,-0.0206705512488351,0.10997996847604796,0.08569679230995401,-0.9719179982577357,5,0.01287318542864968,REGIME_OOS,True,True
2026-02-24 12:00:00+00:00,ETH,2026-02-24 16:00:00+00:00,1849.0,3161.0,2026-02-24 00:00:00+00:00,0.01287318542864968,-0.024789029535864926,-0.07526881720430112,1.0829140530528347,0.014080198763526957,-0.030744633449532155,-0.02222438634348356,0.11258379537150251,0.226917774018175,1.049907223901887,5,0.0027041644131964304,REGIME_OOS,True,True
2026-02-24 16:00:00+00:00,ETH,2026-02-24 20:00:00+00:00,1854.0,3140.0,2026-02-24 00:00:00+00:00,0.0027041644131964304,-0.001615508885298822,-0.07044372023063428,0.3134287135887382,0.013785556440871805,-0.02626050420168069,-0.023369375653993663,0.1150803805687362,0.2718072874637778,1.0711953075279603,5,-0.0005393743257821049,REGIME_OOS,True,True
2026-02-24 20:00:00+00:00,ETH,2026-02-25 00:00:00+00:00,1853.0,1771.0,2026-02-24 00:00:00+00:00,-0.0005393743257821049,-0.002154011847065207,-0.0730365182591296,0.11264498741765816,0.013788203170785083,-0.024480126349039177,-0.024727108427548994,0.11603386330028916,0.2890260166061521,-0.12162846523342533,5,0.028602266594711212,REGIME_OOS,True,True
2026-02-25 00:00:00+00:00,ETH,2026-02-25 04:00:00+00:00,1906.0,1942.0,2026-02-25 00:00:00+00:00,0.028602266594711212,0.0406770406770407,-0.05690252350321623,2.2214018277258374,0.014867210082275312,0.004611938331795962,-0.025391949370209832,0.11340865131211567,0.5406665477319129,-0.010607497063952089,8,-0.006558237145855239,REGIME_OOS,True,True
2026-02-25 04:00:00+00:00,ETH,2026-02-25 08:00:00+00:00,1893.5,1039.0,2026-02-25 00:00:00+00:00,-0.006558237145855239,0.03810307017543857,-0.04489281210592688,-0.36385885809990504,0.014717150170904223,-0.00034316184040339426,-0.02656436294864939,0.10984283048124202,0.49687588312409703,-0.8231851734097655,8,0.018220227092685448,REGIME_OOS,True,True
2026-02-25 08:00:00+00:00,ETH,2026-02-25 12:00:00+00:00,1928.0,1177.0,2026-02-25 00:00:00+00:00,0.018220227092685448,0.056149000273897576,-0.02993710691823903,1.3558573446438489,0.014777984906591643,0.018812090467131615,-0.027128734249448616,0.10596288060494681,0.6775347212130566,-0.6908338612938667,8,0.04668049792531126,REGIME_OOS,True,True
2026-02-25 12:00:00+00:00,ETH,2026-02-25 16:00:00+00:00,2018.0,4774.0,2026-02-25 00:00:00+00:00,0.04668049792531126,0.0914007571660358,0.03967027305512616,3.1920648994990217,0.01710456555206111,0.06428985812984545,-0.02501606890345809,0.11912868180002244,1.0396673341669882,2.5832023002385034,8,0.027750247770069292,REGIME_OOS,True,True
2026-02-25 16:00:00+00:00,ETH,2026-02-25 20:00:00+00:00,2074.0,3795.0,2026-02-25 00:00:00+00:00,0.027750247770069292,0.1186623516720604,0.06059831245205838,1.565084421931273,0.01714004135426645,0.09070351428458734,-0.022357211531046084,0.14220681082612938,1.137828200756762,1.5127374499706414,8,-0.0077145612343297865,REGIME_OOS,True,True
2026-02-25 20:00:00+00:00,ETH,2026-02-26 00:00:00+00:00,2058.0,3775.0,2026-02-25 00:00:00+00:00,-0.0077145612343297865,0.11063140852671349,0.04281732961743101,-0.6067431328114093,0.01721788938674071,0.0796490353718835,-0.019981594208859477,0.1573682477685217,1.0061315513218523,1.4235625677252497,8,-0.0004859086491739717,REGIME_OOS,True,True
2026-02-26 00:00:00+00:00,ETH,2026-02-26 04:00:00+00:00,2057.0,970.0,2026-02-26 00:00:00+00:00,-0.0004859086491739717,0.07922350472193074,0.03731719616742302,-0.1547684019310461,0.017172374349715382,0.07685059156109308,-0.01881016221325027,0.16939395413426553,0.9536796602562307,-0.875930628734415,11,-0.000729217306757457,REGIME_OOS,True,True
2026-02-26 04:00:00+00:00,ETH,2026-02-26 08:00:00+00:00,2055.5,590.0,2026-02-26 00:00:00+00:00,-0.000729217306757457,0.08555584895695811,0.054643406875320766,-0.1505365522836864,0.017169270724945764,0.0732980875921938,-0.017259693343459448,0.18105246830345284,0.9048444535389737,-1.1874128318454795,11,0.0017027487229384075,REGIME_OOS,True,True
2026-02-26 08:00:00+00:00,ETH,2026-02-26 12:00:00+00:00,2059.0,771.0,2026-02-26 00:00:00+00:00,0.0017027487229384075,0.06794605809128629,0.06850025947067984,0.0018441473308775094,0.01679780135696326,0.06963817242006276,-0.013089085763504316,0.18995375869170636,0.8666059197759025,-1.0178160549851756,11,-0.012141816415735751,REGIME_OOS,True,True
2026-02-26 12:00:00+00:00,ETH,2026-02-26 16:00:00+00:00,2034.0,2622.0,2026-02-26 00:00:00+00:00,-0.012141816415735751,0.007928642220019766,0.046834791559444255,-0.8597068797137221,0.01682232615757853,0.05263157894736836,-0.009858880678848547,0.19473575929674714,0.7702717730808036,0.46864683035961713,11,-0.000491642084562427,REGIME_OOS,True,True
2026-02-26 16:00:00+00:00,ETH,2026-02-26 20:00:00+00:00,2033.0,2863.0,2026-02-26 00:00:00+00:00,-0.000491642084562427,-0.019768563162970154,0.042029728344438855,-0.1642189760401819,0.016790181401889367,0.04893842065887566,-0.007629092957169514,0.1993833140606602,0.7454489278074027,0.6421618472138975,11,-0.0027053615346778193,REGIME_OOS,True,True
2026-02-26 20:00:00+00:00,ETH,2026-02-27 00:00:00+00:00,2027.5,924.0,2026-02-26 00:00:00+00:00,-0.0027053615346778193,-0.014820213799805582,0.03681922781897207,-0.278919430327325,0.01680640018605382,0.04256385864325285,-0.004797605035566255,0.2016801013407612,0.7110463965472552,-0.884303211246174,11,0.00887792848335378,REGIME_OOS,True,True
2026-02-27 00:00:00+00:00,ETH,2026-02-27 04:00:00+00:00,2045.5,91.0,2026-02-27 00:00:00+00:00,0.00887792848335378,-0.005590666018473467,0.04202750891492624,0.4241006780554917,0.01685664863935817,0.046746667348975146,-0.0004296697169806629,0.20108241867155477,0.7324751594784158,-1.5449350362053635,11,-0.0058665362991933145,REGIME_OOS,True,True
2026-02-27 04:00:00+00:00,ETH,2026-02-27 08:00:00+00:00,2033.5,50.0,2026-02-27 00:00:00+00:00,-0.0058665362991933145,-0.010702991972756037,0.046039094650205836,-0.464855531823119,0.01691258820269937,0.03592760987786403,0.0036018671424846715,0.1975965407152059,0.6818230711318278,-1.516338758100024,11,-0.035652815343004685,REGIME_OOS,True,True
2026-02-27 08:00:00+00:00,ETH,2026-02-27 12:00:00+00:00,1961.0,123.0,2026-02-27 00:00:00+00:00,-0.035652815343004685,-0.047595920349684295,-0.0022894937674892146,-2.2053862610366934,0.0181331178618778,-0.004290537967452823,0.007185230643346641,0.18669230230634437,0.4770181313613429,-1.4083961723880059,11,-0.005864354920958714,REGIME_OOS,True,True
2026-02-27 12:00:00+00:00,ETH,2026-02-27 16:00:00+00:00,1949.5,166.0,2026-02-27 00:00:00+00:00,-0.005864354920958714,-0.04154375614552608,-0.00788804071246818,-0.3664310535697042,0.018065420881498918,-0.013273608422224692,0.010595853729648441,0.1731617509984278,0.4233456098376755,-1.2773328350644575,11,,REGIME_OOS,True,False
2026-03-01 20:00:00+00:00,ETH,2026-03-02 00:00:00+00:00,1943.0,298.0,2026-03-01 00:00:00+00:00,,-0.04426955238563701,-0.016949152542372836,,,-0.019479208720226016,0.013896563721577548,0.15826995244380218,0.37692415130318163,-1.1092139293645777,11,0.01775604734945957,REGIME_OOS,False,True
2026-03-02 00:00:00+00:00,ETH,2026-03-02 04:00:00+00:00,1977.5,1481.0,2026-03-02 00:00:00+00:00,0.01775604734945957,-0.024660912453760786,0.010475217169136464,0.9709156012991,0.01834632467603835,-0.005294199016611989,0.01741299897645865,0.1448068852576111,0.4634395905471366,-0.22677262425366493,14,-0.015170670037926715,REGIME_OOS,True,True
2026-03-02 04:00:00+00:00,ETH,2026-03-02 08:00:00+00:00,1947.5,1297.0,2026-03-02 00:00:00+00:00,-0.015170670037926715,-0.047910046443412346,0.04563758389261752,-0.8714043026782891,0.01854773309293396,-0.022682792191499046,0.020296355462709803,0.13159392867856934,0.32763040499456575,-0.39381995837671535,14,0.0025673940949935137,REGIME_OOS,True,True
2026-03-02 08:00:00+00:00,ETH,2026-03-02 12:00:00+00:00,1952.5,1416.0,2026-03-02 00:00:00+00:00,0.0025673940949935137,-0.039832800590115514,0.034711181770005206,0.13218690594840235,0.016138842710837625,-0.02261378852916518,0.02333092570679196,0.11553853448461597,0.3042749232536252,-0.25750336582623234,14,0.05352112676056331,REGIME_OOS,True,True
2026-03-02 12:00:00+00:00,ETH,2026-03-02 16:00:00+00:00,2057.0,7782.0,2026-03-02 00:00:00+00:00,0.05352112676056331,0.048954614992350765,0.07359081419624225,3.204090571932208,0.018610684416080693,0.025820045132092462,0.026819776224492387,0.10948525113664578,0.7358312637002322,4.5669704670672715,14,-0.00218765192027226,REGIME_OOS,True,True
2026-03-02 16:00:00+00:00,ETH,2026-03-02 20:00:00+00:00,2052.5,5650.0,2026-03-02 00:00:00+00:00,-0.00218765192027226,0.052834060015388484,0.08254219409282704,-0.28714815646480013,0.018489067692570502,0.019533820954462433,0.030152232314186955,0.09747130884341479,0.7004058546689164,2.157727874283679,14,-0.008282582216808776,REGIME_OOS,True,True
2026-03-02 20:00:00+00:00,ETH,2026-03-03 00:00:00+00:00,2035.5,3392.0,2026-03-02 00:00:00+00:00,-0.008282582216808776,0.04760679361811637,0.09612277867528274,-0.5870363765276656,0.018440886773176585,0.008397116742215882,0.03239549715887291,0.0890748871443681,0.5942703045877156,0.7482555589692317,14,-0.010316875460574804,REGIME_OOS,True,True
2026-03-03 00:00:00+00:00,ETH,2026-03-03 04:00:00+00:00,2014.5,1380.0,2026-03-03 00:00:00+00:00,-0.010316875460574804,0.0187104930467763,0.08481421647819065,-0.7027812569395351,0.01808747977950564,-0.0019198612745401356,0.03153044953697082,0.08910057731107762,0.47845287502641787,-0.3458808903269408,10,-0.006453214197071233,REGIME_OOS,True,True
2026-03-03 04:00:00+00:00,ETH,2026-03-03 08:00:00+00:00,2001.5,1552.0,2026-03-03 00:00:00+00:00,-0.006453214197071233,0.027727856225930658,0.09282009282009285,-0.5217977626974887,0.018162418253241688,-0.006576498324854185,0.029193910911319954,0.08561638614097958,0.4231864527191669,-0.2336540720751872,10,-0.01748688483637273,REGIME_OOS,True,True
2026-03-03 08:00:00+00:00,ETH,2026-03-03 12:00:00+00:00,1966.5,2570.0,2026-03-03 00:00:00+00:00,-0.01748688483637273,0.007170294494238227,0.078125,-1.115301371146751,0.018292535150465274,-0.0217269640702924,0.026930307643578955,0.08585845023271944,0.2469443716791836,0.3225349290851749,10,0.004830917874396157,REGIME_OOS,True,True
2026-03-03 12:00:00+00:00,ETH,2026-03-03 16:00:00+00:00,1976.0,4401.0,2026-03-03 00:00:00+00:00,0.004830917874396157,-0.039377734564900346,0.08244316625582027,0.1195242406432179,0.01825168098228969,-0.015016511932207655,0.024934604459158516,0.08437075908755301,0.3220175793769419,1.3047175212518238,10,0.0086032388663968,REGIME_OOS,True,True
2026-03-03 16:00:00+00:00,ETH,2026-03-03 20:00:00+00:00,1993.0,4996.0,2026-03-03 00:00:00+00:00,0.0086032388663968,-0.02898903775883066,0.07787993510005409,0.3101737115874044,0.018275789420477268,-0.004992511233150254,0.02287815340618926,0.08138865250954323,0.4386583868977942,1.5389886410210283,10,-0.002007024586051176,REGIME_OOS,True,True
2026-03-03 20:00:00+00:00,ETH,2026-03-04 00:00:00+00:00,1989.0,1832.0,2026-03-03 00:00:00+00:00,-0.002007024586051176,-0.02284450994841558,0.07281553398058249,-0.28499092694755185,0.018206037023957886,-0.005251312828207011,0.020444616829298212,0.0773075775153828,0.43207246951746564,-0.20736769668568475,10,-0.010809451985922536,REGIME_OOS,True,True
2026-03-04 00:00:00+00:00,ETH,2026-03-04 04:00:00+00:00,1967.5,1257.0,2026-03-04 00:00:00+00:00,-0.010809451985922536,-0.023330851327872937,0.06179168915272526,-0.7423281930733633,0.018372484834580004,-0.014364973010883242,0.0184930074033256,0.07690594976527003,0.31321376233272435,-0.48833913715558525,14,0.023888182973316407,REGIME_OOS,True,True
2026-03-04 04:00:00+00:00,ETH,2026-03-04 08:00:00+00:00,2014.5,1048.0,2026-03-04 00:00:00+00:00,0.023888182973316407,0.006495128653509763,0.05692549842602301,1.1774800451309069,0.018781131552722378,0.00964791379526364,0.01736181929430969,0.0755021316074091,0.6277833299519328,-0.5876128661687279,14,0.025316455696202445,REGIME_OOS,True,True
2026-03-04 08:00:00+00:00,ETH,2026-03-04 12:00:00+00:00,2065.5,3891.0,2026-03-04 00:00:00+00:00,0.025316455696202445,0.05034324942791768,0.09083707420121478,1.1845534984221677,0.0186361154610118,0.0342237688706406,0.017189569114800962,0.08060290990966258,0.9245971877317776,0.9173788352462163,14,0.046235778261922045,REGIME_OOS,True,True
2026-03-04 12:00:00+00:00,ETH,2026-03-04 16:00:00+00:00,2161.0,6438.0,2026-03-04 00:00:00+00:00,0.046235778261922045,0.09362348178137658,0.12085062240663902,2.3221633698992217,0.020138454261397546,0.07892207646317262,0.018077525211450896,0.10707079891707648,1.2371017799567903,2.182665482197844,14,0.012956964368348034,REGIME_OOS,True,True
2026-03-04 16:00:00+00:00,ETH,2026-03-04 20:00:00+00:00,2189.0,7222.0,2026-03-04 00:00:00+00:00,0.012956964368348034,0.09834420471650773,0.0847373637264619,0.40904282755194443,0.02003946569749651,0.08867558561694922,0.019490330889436525,0.1346885042786577,1.1583753089535236,2.3344874444631043,14,-0.022841480127912317,REGIME_OOS,True,True
2026-03-04 20:00:00+00:00,ETH,2026-03-05 00:00:00+00:00,2139.0,3819.0,2026-03-04 00:00:00+00:00,-0.022841480127912317,0.07541478129713419,0.03134040501446478,-1.3665789570059625,0.01899110473361546,0.05912061794414747,0.022204451013043247,0.1433280245324765,0.9124847051858399,0.6040530490478306,14,-0.005376344086021501,REGIME_OOS,True,True
2026-03-05 00:00:00+00:00,ETH,2026-03-05 04:00:00+00:00,2127.5,1466.0,2026-03-05 00:00:00+00:00,-0.005376344086021501,0.0813214739517154,0.03377065111758992,-0.4003441046824513,0.018410052545336675,0.04880453537096385,0.025022991642159154,0.1463414722792659,0.8334976381666385,-0.4641573550895664,10,-0.007520564042303168,REGIME_OOS,True,True
2026-03-05 04:00:00+00:00,ETH,2026-03-05 08:00:00+00:00,2111.5,931.0,2026-03-05 00:00:00+00:00,-0.007520564042303168,0.048150905931993115,0.026494895478852643,-0.4694705258429339,0.018406875299993224,0.03661155909029534,0.027877861208671417,0.1444486373415682,0.7534572825614301,-0.6738790167125736,10,0.01657589391427905,REGIME_OOS,True,True
2026-03-05 08:00:00+00:00,ETH,2026-03-05 12:00:00+00:00,2146.5,1244.0,2026-03-05 00:00:00+00:00,0.01657589391427905,0.03921568627450989,0.04427146679639993,0.839198075855118,0.018617638927896283,0.04944081158711722,0.030171697381476514,0.1487007365392617,0.832485317408386,-0.5306451771047284,10,-0.02399254600512457,REGIME_OOS,True,True
2026-03-05 12:00:00+00:00,ETH,2026-03-05 16:00:00+00:00,2095.0,4184.0,2026-03-05 00:00:00+00:00,-0.02399254600512457,-0.030541416011105937,0.01748421563865965,-1.3798824027447283,0.019197640782648878,0.020582145901838933,0.031470464092617556,0.14252592841859218,0.6444098356713746,0.8023553467765511,10,-0.005966587112171795,REGIME_OOS,True,True
2026-03-05 16:00:00+00:00,ETH,2026-03-05 20:00:00+00:00,2082.5,5397.0,2026-03-05 00:00:00+00:00,-0.005966587112171795,-0.04865235267245316,0.023844641101278263,-0.35883311039901944,0.01923790964931072,0.011290518392618631,0.03270763228236295,0.13489906987011335,0.5836960432973309,1.3062719517293113,10,-0.0012004801920768582,REGIME_OOS,True,True
2026-03-05 20:00:00+00:00,ETH,2026-03-06 00:00:00+00:00,2080.0,2938.0,2026-03-05 00:00:00+00:00,-0.0012004801920768582,-0.02758298270219728,0.023118544023610355,-0.09704784669762247,0.019089859825899353,0.009512715977480157,0.03158748516755039,0.1351170160038353,0.5704035380503817,0.1333977481365725,10,0.006250000000000089,REGIME_OOS,True,True
2026-03-06 00:00:00+00:00,ETH,2026-03-06 04:00:00+00:00,2093.0,791.0,2026-03-06 00:00:00+00:00,0.006250000000000089,-0.01621621621621616,0.032305795314426566,0.273379235143062,0.01911098361197375,0.01482478150720623,0.030568394753279327,0.13565611933227392,0.6092820698408352,-0.8245221613549895,22,-0.0004777830864787225,REGIME_OOS,True,True
2026-03-06 04:00:00+00:00,ETH,2026-03-06 08:00:00+00:00,2092.0,929.0,2026-03-06 00:00:00+00:00,-0.0004777830864787225,-0.009235140895098248,0.022732828159374163,-0.09071920348561656,0.01909938578282769,0.012952427066940997,0.029562052892644353,0.13546335380026434,0.5956157270846765,-0.7598163904474378,22,-0.01649139579349901,REGIME_OOS,True,True
2026-03-06 08:00:00+00:00,ETH,2026-03-06 12:00:00+00:00,2057.5,1355.0,2026-03-06 00:00:00+00:00,-0.01649139579349901,-0.04146284649429299,0.01180231128596021,-0.9330979925589352,0.01931409827315893,-0.00478862339169972,0.02857768313797293,0.1334104436131604,0.4641060829871385,-0.5899785417963023,22,-0.035965978128797094,REGIME_OOS,True,True
2026-03-06 12:00:00+00:00,ETH,2026-03-06 16:00:00+00:00,1983.5,5086.0,2026-03-06 00:00:00+00:00,-0.035965978128797094,-0.053221957040572754,0.011473737888832325,-1.8872502464408254,0.020406306816672184,-0.04016452939753201,0.0265772478887234,0.13543402270622726,0.20343840790542103,1.0910725824882788,22,0.0022687169145449992,REGIME_OOS,True,True
2026-03-06 16:00:00+00:00,ETH,2026-03-06 20:00:00+00:00,1988.0,3860.0,2026-03-06 00:00:00+00:00,0.0022687169145449992,-0.04537815126050415,0.019748653500897717,0.13659860504090057,0.01929939834206355,-0.038487116549580924,0.025440415021723117,0.13252454549452125,0.20958499494592073,0.4556734434480195,22,0.0005030181086518315,REGIME_OOS,True,True
2026-03-06 20:00:00+00:00,ETH,2026-03-07 00:00:00+00:00,1989.0,2262.0,2026-03-06 00:00:00+00:00,0.0005030181086518315,-0.043749999999999956,0.023674729799279426,-0.012553595280881605,0.019259172730243267,-0.03830579361529807,0.024101903889480303,0.13082276679901841,0.20719321603901766,-0.3482851733379783,22,,REGIME_OOS,True,False
2026-03-08 20:00:00+00:00,ETH,2026-03-09 00:00:00+00:00,1938.5,1219.0,2026-03-08 00:00:00+00:00,,-0.07381748686096512,-0.019721871049304673,,,-0.061486322924231396,0.02184689364480996,0.139051161597656,0.05781510763540458,-0.8979382696313684,12,0.020892442610265682,REGIME_OOS,False,True
2026-03-09 00:00:00+00:00,ETH,2026-03-09 04:00:00+00:00,1979.0,1433.0,2026-03-09 00:00:00+00:00,0.020892442610265682,-0.054015296367112775,0.016174582798459625,1.0350860951937462,0.019361745862623497,-0.04164648910411617,0.02033757609297182,0.14023372386491026,0.20302087146858444,-0.7865579317398216,12,0.004042445679636186,REGIME_OOS,True,True
2026-03-09 04:00:00+00:00,ETH,2026-03-09 08:00:00+00:00,1987.0,1039.0,2026-03-09 00:00:00+00:00,0.004042445679636186,-0.03426488456865129,0.017669654289372616,0.15393025400874227,0.019122575768897754,-0.038226503224869535,0.019469336596727338,0.1377243477535585,0.22244193674983745,-0.9818337815519573,12,0.00452944136889788,REGIME_OOS,True,True
2026-03-09 08:00:00+00:00,ETH,2026-03-09 12:00:00+00:00,1996.0,1042.0,2026-03-09 00:00:00+00:00,0.00452944136889788,0.0063019914292916646,-0.029654837141468104,0.1478313900557529,0.019128989875462438,-0.03343744703518081,0.018108582472193824,0.13937466762371026,0.2600894939856887,-0.9688456381059904,12,0.016282565130260496,REGIME_OOS,True,True
2026-03-09 12:00:00+00:00,ETH,2026-03-09 16:00:00+00:00,2028.5,3824.0,2026-03-09 00:00:00+00:00,0.016282565130260496,0.020372233400402395,-0.011693057247259442,0.7587770832346435,0.01671019370157035,-0.016818534315626077,0.015844255595710344,0.1403953160905253,0.38020587307355946,0.5295606903194173,12,0.005669213704707854,REGIME_OOS,True,True
2026-03-09 16:00:00+00:00,ETH,2026-03-09 20:00:00+00:00,2040.0,4727.0,2026-03-09 00:00:00+00:00,0.005669213704707854,0.02564102564102555,0.002210759027265974,0.3077506578855073,0.016727746544360062,-0.008336776608414587,0.011749604084081877,0.13373505464541507,0.43766199422792496,1.0757495610479477,12,-0.020098039215686314,REGIME_OOS,True,True
2026-03-09 20:00:00+00:00,ETH,2026-03-10 00:00:00+00:00,1999.0,798.0,2026-03-09 00:00:00+00:00,-0.020098039215686314,0.03120969822027342,-0.007694216927277231,-1.2486185919176565,0.017083989247547778,-0.023758943178765923,0.007265554287513298,0.12196922094787023,0.3052054199073671,-1.0784762658501126,12,0.017008504252125967,REGIME_OOS,True,True
2026-03-10 00:00:00+00:00,ETH,2026-03-10 04:00:00+00:00,2033.0,1324.0,2026-03-10 00:00:00+00:00,0.017008504252125967,0.027286508337544202,0.015738196352735434,0.972478761109731,0.017221087794772744,-0.004578059588219441,0.005063826855506326,0.11488694029270057,0.46015161012595673,-0.7776651284236932,8,0.012051155927201185,REGIME_OOS,True,True
2026-03-10 04:00:00+00:00,ETH,2026-03-10 08:00:00+00:00,2057.5,958.0,2026-03-10 00:00:00+00:00,0.012051155927201185,0.03548062405636632,0.04627510806000501,0.6239804657508798,0.01726494014720975,0.009147313436496107,0.0033463743510246946,0.10850078536232227,0.5843064260406038,-0.965546370242428,8,0.0051032806804374164,REGIME_OOS,True,True
2026-03-10 08:00:00+00:00,ETH,2026-03-10 12:00:00+00:00,2068.0,938.0,2026-03-10 00:00:00+00:00,0.0051032806804374164,0.03607214428857719,0.046558704453441235,0.1842424457633382,0.01687750612825566,0.015380460800078488,0.0021675269526195695,0.10430421718825428,0.6474577079881539,-0.9333394659768212,8,0.009429400386847142,REGIME_OOS,True,True
2026-03-10 12:00:00+00:00,ETH,2026-03-10 16:00:00+00:00,2087.5,3635.0,2026-03-10 00:00:00+00:00,0.009429400386847142,0.029085531180675472,0.04741595584545921,0.4001805086922723,0.016918590084551245,0.02644162804705652,0.0004009031388501061,0.0945817482773279,0.779563748066125,0.5367086841593285,8,-0.02107784431137727,REGIME_OOS,True,True
2026-03-10 16:00:00+00:00,ETH,2026-03-10 20:00:00+00:00,2043.5,2953.0,2026-03-10 00:00:00+00:00,-0.02107784431137727,0.0017156862745097978,0.02740070387129201,-1.4130301840344668,0.017429394631267307,0.006080299337813511,-0.0007133720358161177,0.09052320039824156,0.5671684088837359,0.208598768479112,8,0.0,REGIME_OOS,True,True
2026-03-10 20:00:00+00:00,ETH,2026-03-11 00:00:00+00:00,2043.5,501.0,2026-03-10 00:00:00+00:00,0.0,0.022261130565282672,0.038627700127064735,-0.10552659739777843,0.01741797011105185,0.007047112162428482,-0.0017660456810589809,0.08767318218511597,0.5803793359245143,-1.1248974918009438,8,-0.00880841693173473,REGIME_OOS,True,True
2026-03-11 00:00:00+00:00,ETH,2026-03-11 04:00:00+00:00,2025.5,586.0,2026-03-11 00:00:00+00:00,-0.00880841693173473,-0.0036891293654697233,0.005460412012906479,-0.615145300692187,0.01737136633106974,-0.00048113102801661256,-0.0030330014168766795,0.08456025413151849,0.4943101988876681,-1.0524704002646303,13,-0.003949642063687975,REGIME_OOS,True,True
2026-03-11 04:00:00+00:00,ETH,2026-03-11 08:00:00+00:00,2017.5,728.0,2026-03-11 00:00:00+00:00,-0.003949642063687975,-0.019441069258809285,-0.023238925199709493,-0.3409351140816092,0.016897388307894702,-0.0025708211796113822,-0.00479226939048627,0.07889336052092348,0.4674139729549279,-0.9617065575422652,13,0.0024783147459728205,REGIME_OOS,True,True
2026-03-11 08:00:00+00:00,ETH,2026-03-11 12:00:00+00:00,2022.5,928.0,2026-03-11 00:00:00+00:00,0.0024783147459728205,-0.02200193423597674,-0.06409069875057849,0.08482823043061007,0.016268959493210042,0.0016219093959315423,-0.0062771287118967845,0.07213765388672719,0.5224835340289612,-0.7966250299020483,13,0.017305315203955507,REGIME_OOS,True,True
2026-03-11 12:00:00+00:00,ETH,2026-03-11 16:00:00+00:00,2057.5,4300.0,2026-03-11 00:00:00+00:00,0.017305315203955507,-0.014371257485029987,-0.06007309273640937,1.046265274626323,0.014173716832538683,0.018955292253215905,-0.006511813270617894,0.07213765388672719,0.7627655770865546,1.1400688544895583,13,0.012150668286755817,REGIME_OOS,True,True
2026-03-11 16:00:00+00:00,ETH,2026-03-11 20:00:00+00:00,2082.5,3021.0,2026-03-11 00:00:00+00:00,0.012150668286755817,0.019084903352091898,-0.02641421224871432,0.9052917717383855,0.014147705674362175,0.028814208257685214,-0.005265640894593915,0.07508840412921759,0.8837371241516822,0.5410484268104466,13,-0.01224489795918371,REGIME_OOS,True,True
2026-03-11 20:00:00+00:00,ETH,2026-03-12 00:00:00+00:00,2057.0,617.0,2026-03-11 00:00:00+00:00,-0.01224489795918371,0.006606312698801187,-0.033137485311398374,-0.8154919781337245,0.013701279168249344,0.014487392885765393,-0.004621902368141972,0.07431683564529151,0.6949409277180821,-0.9901821769618752,13,-0.01409820126397665,REGIME_OOS,True,True
2026-03-12 00:00:00+00:00,ETH,2026-03-12 04:00:00+00:00,2028.0,1279.0,2026-03-12 00:00:00+00:00,-0.01409820126397665,0.0012342631449024921,-0.03954534690977973,-1.0031080330591247,0.01390257234021828,-0.0007760245371568608,-0.0044954236440154505,0.07205463475125354,0.4892300538357337,-0.5361797309141983,15,0.008875739644970349,REGIME_OOS,True,True
2026-03-12 04:00:00+00:00,ETH,2026-03-12 08:00:00+00:00,2046.0,654.0,2026-03-12 00:00:00+00:00,0.008875739644970349,0.014126394052044633,-0.046820405310971314,0.6848233587065417,0.013945183333404792,0.005430108847883197,-0.002529275382209706,0.05843854721556574,0.5929199835829749,-0.9476240687072808,15,0.011730205278592365,REGIME_OOS,True,True
2026-03-12 08:00:00+00:00,ETH,2026-03-12 12:00:00+00:00,2070.0,1189.0,2026-03-12 00:00:00+00:00,0.011730205278592365,0.023485784919653918,-0.011933174224343701,0.848230401799993,0.013772381094560176,0.014954645746506401,-0.00149812000626659,0.0541385061410024,0.7762293755863431,-0.5857584899336541,15,0.004347826086956497,REGIME_OOS,True,True
2026-03-12 12:00:00+00:00,ETH,2026-03-12 16:00:00+00:00,2079.0,3806.0,2026-03-12 00:00:00+00:00,0.004347826086956497,0.010449574726610011,-0.001680672268907557,0.3345733895481265,0.01304092276399055,0.017073528692334028,-0.0004840862749316832,0.05090645204659942,0.8353902699151973,1.1728604973325742,15,-0.0014430014430014682,REGIME_OOS,True,True
2026-03-12 16:00:00+00:00,ETH,2026-03-12 20:00:00+00:00,2076.0,1492.0,2026-03-12 00:00:00+00:00,-0.0014430014430014682,-0.0031212484993997647,-0.0019230769230769162,-0.16315060009506613,0.012987408139492828,0.013622381719642584,0.0012857680630857793,0.04750722011065078,0.7867433979069762,-0.32447312447548965,15,0.001685934489402685,REGIME_OOS,True,True
2026-03-12 20:00:00+00:00,ETH,2026-03-13 00:00:00+00:00,2079.5,645.0,2026-03-12 00:00:00+00:00,0.001685934489402685,0.010938259601361189,-0.00645007166746292,0.06548769081238374,0.012982496323181618,0.014068709921244427,0.002267828602988242,0.04843342540773027,0.7904752204249202,-0.8875536222363946,15,0.021639817263765293,REGIME_OOS,True,True
2026-03-13 00:00:00+00:00,ETH,2026-03-13 04:00:00+00:00,2124.5,1788.0,2026-03-13 00:00:00+00:00,0.021639817263765293,0.04758382642998038,0.015535372848948459,1.5950849362740287,0.013493881244071816,0.03388283958878269,0.0034598274237105375,0.05770622910385074,1.0871608683320078,-0.08139158576538405,18,-0.008472581783949162,REGIME_OOS,True,True
2026-03-13 04:00:00+00:00,ETH,2026-03-13 08:00:00+00:00,2106.5,731.0,2026-03-13 00:00:00+00:00,-0.008472581783949162,0.029569892473118253,0.023815309842041277,-0.7349411527186465,0.013611588504422454,0.022448731950005962,0.005181422988539408,0.0557438905192713,0.9027119697044689,-0.848305937246742,18,0.009969143128412128,REGIME_OOS,True,True
2026-03-13 08:00:00+00:00,ETH,2026-03-13 12:00:00+00:00,2127.5,1316.0,2026-03-13 00:00:00+00:00,0.009969143128412128,0.02777777777777768,0.07259894126543998,0.6458474382511694,0.013280418327522723,0.03027881693482981,0.006249543162049509,0.061249449267117236,0.9943524765876629,-0.416818662852498,18,0.00235017626321965,REGIME_OOS,True,True
2026-03-13 12:00:00+00:00,ETH,2026-03-13 16:00:00+00:00,2132.5,7041.0,2026-03-13 00:00:00+00:00,0.00235017626321965,0.02573352573352583,0.07268611670020131,0.02183852418662672,0.011172434992030114,0.030828167107759707,0.0064486467815148,0.06759268974362834,0.9560872961956013,4.037452433293263,18,-0.011723329425556872,REGIME_OOS,True,True
2026-03-13 16:00:00+00:00,ETH,2026-03-13 20:00:00+00:00,2107.5,3920.0,2026-03-13 00:00:00+00:00,-0.011723329425556872,0.015173410404624388,0.05957767722473606,-1.3480218152145467,0.011505669020510144,0.017771768001159094,0.006122151498955342,0.06956951312153663,0.7554533904831593,1.2859361882780096,18,0.004744958481613271,REGIME_OOS,True,True
2026-03-13 20:00:00+00:00,ETH,2026-03-14 00:00:00+00:00,2117.5,349.0,2026-03-13 00:00:00+00:00,0.004744958481613271,0.018273623467179645,0.0923394377095692,0.16287652201507186,0.011501629763945788,0.02186082424476421,0.005634308620346529,0.07209901854544552,0.803205573193548,-0.9877264407123458,18,,REGIME_OOS,True,False
2026-03-16 00:00:00+00:00,ETH,2026-03-16 04:00:00+00:00,2242.5,1015.0,2026-03-16 00:00:00+00:00,,0.05554248058366684,0.1331480545730166,,,0.07701174266983646,0.00798292071299267,0.10118060977745248,1.2611314345626532,-0.5511370665611348,15,0.004905239687848395,REGIME_OOS,False,True
2026-03-16 04:00:00+00:00,ETH,2026-03-16 08:00:00+00:00,2253.5,1859.0,2026-03-16 00:00:00+00:00,0.004905239687848395,0.06978400189888445,0.13412179164569693,0.16457550679069563,0.011004235643822987,0.07686426301579341,0.010268516641079861,0.12275900013275319,1.126139533009159,-0.027828479869683134,15,0.010428222764588435,REGIME_OOS,True,True
2026-03-16 08:00:00+00:00,ETH,2026-03-16 12:00:00+00:00,2277.0,1075.0,2026-03-16 00:00:00+00:00,0.010428222764588435,0.07027027027027022,0.14078156312625256,0.7223378929187902,0.011096883173236032,0.08159460390219575,0.013769906049705405,0.1410317912018595,1.078554687612306,-0.5233729689389794,15,0.0010979358805445205,REGIME_OOS,True,True
2026-03-16 12:00:00+00:00,ETH,2026-03-16 16:00:00+00:00,2279.5,4071.0,2026-03-16 00:00:00+00:00,0.0010979358805445205,0.0689331770222743,0.1237367512940597,-0.14367725668351808,0.011094978839538874,0.07608605856041928,0.017980114469150488,0.15249954630342039,0.9989264585026035,1.305823077818345,15,0.024566790962930574,REGIME_OOS,True,True
2026-03-16 16:00:00+00:00,ETH,2026-03-16 20:00:00+00:00,2335.5,4619.0,2026-03-16 00:00:00+00:00,0.024566790962930574,0.10818505338078288,0.14485294117647052,1.9818756921135638,0.011541922997811342,0.09443643903982002,0.023783822682786226,0.17039430787809876,1.054222967984239,1.6251825756057416,15,0.008991650610147728,REGIME_OOS,True,True
2026-03-16 20:00:00+00:00,ETH,2026-03-17 00:00:00+00:00,2356.5,1284.0,2026-03-16 00:00:00+00:00,0.008991650610147728,0.11286894923258561,0.17883941970985484,0.5317647374608594,0.011585723324642864,0.09659480903242312,0.02930188001436962,0.18915565669694323,1.0106630735721691,-0.39837428162434546,15,-0.012942923827710562,REGIME_OOS,True,True
2026-03-17 00:00:00+00:00,ETH,2026-03-17 04:00:00+00:00,2326.0,1499.0,2026-03-17 00:00:00+00:00,-0.012942923827710562,0.03723522853957628,0.1441219872110182,-1.3730463119334024,0.011160421155263155,0.07630373420943037,0.03328249238581105,0.19925213392284938,0.8829506500491248,-0.2788276754787498,23,0.0032244196044712847,REGIME_OOS,True,True
2026-03-17 04:00:00+00:00,ETH,2026-03-17 08:00:00+00:00,2333.5,758.0,2026-03-17 00:00:00+00:00,0.0032244196044712847,0.03550033281562004,0.13414337788578368,0.0018910490599499928,0.010851948547523875,0.07291056013425745,0.03784816831376059,0.20464540720675486,0.8562775296520352,-0.7373378831450428,23,0.0,REGIME_OOS,True,True
2026-03-17 08:00:00+00:00,ETH,2026-03-17 12:00:00+00:00,2333.5,898.0,2026-03-17 00:00:00+00:00,0.0,0.02481335090030745,0.12838491295938104,-0.252843551576541,0.010717759147059976,0.0654278148114329,0.042927549344063065,0.20273926721142438,0.8227190060976309,-0.6455232572104151,23,-0.005356760231412072,REGIME_OOS,True,True
2026-03-17 12:00:00+00:00,ETH,2026-03-17 16:00:00+00:00,2321.0,2865.0,2026-03-17 00:00:00+00:00,-0.005356760231412072,0.018205746874314643,0.11185628742514964,-0.7183311493086157,0.010794702657191967,0.05310919031738481,0.04773382013177785,0.19823609703209183,0.7679087770215086,0.5582772652542926,23,0.0019388194743645837,REGIME_OOS,True,True
2026-03-17 16:00:00+00:00,ETH,2026-03-17 20:00:00+00:00,2325.5,1800.0,2026-03-17 00:00:00+00:00,0.0019388194743645837,-0.004281738385784606,0.13799853193051148,-0.005062900913946941,0.010703016365901848,0.049070137252027246,0.05150250219386665,0.19427712898692664,0.7525780440956035,-0.07820444203863754,23,-0.001720060202107021,REGIME_OOS,True,True
2026-03-17 20:00:00+00:00,ETH,2026-03-18 00:00:00+00:00,2321.5,747.0,2026-03-17 00:00:00+00:00,-0.001720060202107021,-0.01485253553999577,0.13604110594568142,-0.3236327066675969,0.009827412135662768,0.04156852188348248,0.05486220556289134,0.18836445179059966,0.7206813519659925,-0.7118700991078805,23,0.010553521430109791,REGIME_OOS,True,True
2026-03-18 00:00:00+00:00,ETH,2026-03-18 04:00:00+00:00,2346.0,738.0,2026-03-18 00:00:00+00:00,0.010553521430109791,0.008598452278589797,0.1582325351764997,0.830785958011802,0.00992732456781434,0.04622382768078137,0.0585860970140446,0.181191719281143,0.7551100451177847,-0.7256484550113139,28,-0.010443307757885711,REGIME_OOS,True,True
2026-03-18 04:00:00+00:00,ETH,2026-03-18 08:00:00+00:00,2321.5,716.0,2026-03-18 00:00:00+00:00,-0.010443307757885711,-0.005142489822155594,0.1506815365551426,-1.3280654963681846,0.009997152535232742,0.02974117855796332,0.06200714144392827,0.16922700736206953,0.6757472345671782,-0.7445066781138575,28,-0.020676286883480555,REGIME_OOS,True,True
2026-03-18 08:00:00+00:00,ETH,2026-03-18 12:00:00+00:00,2273.5,1494.0,2026-03-18 00:00:00+00:00,-0.020676286883480555,-0.025712449110777746,0.12410383189122376,-2.336927431300984,0.010813144189288472,0.005128431849330095,0.06369771214935693,0.15983407054410564,0.5320859741097252,-0.25543522802608715,28,-0.03672751264570051,REGIME_OOS,True,True
2026-03-18 12:00:00+00:00,ETH,2026-03-18 16:00:00+00:00,2190.0,4392.0,2026-03-18 00:00:00+00:00,-0.03672751264570051,-0.05644118914261098,0.06439854191980565,-3.593431313703395,0.01293118542204483,-0.033571263087055714,0.06433469541120651,0.1492757621570115,0.2751057331615246,1.5614325947463652,28,-0.0004566210045662267,REGIME_OOS,True,True
2026-03-18 16:00:00+00:00,ETH,2026-03-18 20:00:00+00:00,2189.0,4058.0,2026-03-18 00:00:00+00:00,-0.0004566210045662267,-0.05869705439690387,0.05114045618247309,-0.09887248024526962,0.012551503797538251,-0.035321596192406934,0.06372555913388744,0.14150246285052415,0.250381756749218,1.3444468231864721,28,0.007309273640931924,REGIME_OOS,True,True
2026-03-18 20:00:00+00:00,ETH,2026-03-19 00:00:00+00:00,2205.0,918.0,2026-03-18 00:00:00+00:00,0.007309273640931924,-0.05018307129011412,0.07194944093339806,0.5640296911659033,0.01242341814571136,-0.029820373772150854,0.06326167808940131,0.13244986631359662,0.2748553879129917,-0.6399104613729385,28,0.00430839002267569,REGIME_OOS,True,True
2026-03-19 00:00:00+00:00,ETH,2026-03-19 04:00:00+00:00,2214.5,878.0,2026-03-19 00:00:00+00:00,0.00430839002267569,-0.05605285592497866,0.09196252465483234,0.3412842555998195,0.012223666014980423,-0.02792866941015093,0.06352062967423877,0.11613159940525425,0.2595084408276281,-0.6738967813709865,26,-0.02032061413411601,REGIME_OOS,True,True
2026-03-19 04:00:00+00:00,ETH,2026-03-19 08:00:00+00:00,2169.5,1006.0,2026-03-19 00:00:00+00:00,-0.02032061413411601,-0.065474908464355,0.06036168132942321,-1.7131409990526338,0.012530952951781376,-0.04876738756316523,0.062442935137048794,0.10567546911050868,0.03851742534336559,-0.583713248262055,26,-0.0004609356994699221,REGIME_OOS,True,True
2026-03-19 08:00:00+00:00,ETH,2026-03-19 12:00:00+00:00,2168.5,996.0,2026-03-19 00:00:00+00:00,-0.0004609356994699221,-0.04618429733890472,0.047584541062801966,-0.06972903141265151,0.012429047763258611,-0.04766087328861124,0.05884992583016757,0.11387445253730108,0.08146123009461383,-0.6002271189973176,26,-0.022135116439935487,REGIME_OOS,True,True
2026-03-19 12:00:00+00:00,ETH,2026-03-19 16:00:00+00:00,2120.5,4260.0,2026-03-19 00:00:00+00:00,-0.022135116439935487,-0.031735159817351644,0.019961519961519958,-1.7890935705246243,0.012866656896994238,-0.06601332379012281,0.05444838700688304,0.1296577336269783,-0.009135258989188195,1.421241872378892,26,0.010610705022400468,REGIME_OOS,True,True
2026-03-19 16:00:00+00:00,ETH,2026-03-19 20:00:00+00:00,2143.0,2894.0,2026-03-19 00:00:00+00:00,0.010610705022400468,-0.021014161717679336,0.032273603082851654,0.9045034908290355,0.013006918309296352,-0.05330933106563451,0.049903064821342547,0.13936398261992178,0.11748128846876076,0.5612330847115711,26,-0.0018665422305179646,REGIME_OOS,True,True
2026-03-19 20:00:00+00:00,ETH,2026-03-20 00:00:00+00:00,2139.0,479.0,2026-03-19 00:00:00+00:00,-0.0018665422305179646,-0.029931972789115635,0.028612647270978675,-0.08057818005361368,0.013007849395372107,-0.052134801586422364,0.0455731157536754,0.14801750343512862,0.1477794829901896,-0.9376563026942208,26,0.006311360448807868,REGIME_OOS,True,True
2026-03-20 00:00:00+00:00,ETH,2026-03-20 04:00:00+00:00,2152.5,777.0,2026-03-20 00:00:00+00:00,0.006311360448807868,-0.027997290584782064,0.01317957166392092,0.5492027684952216,0.013066012910962502,-0.0422691879866518,0.04024919696001916,0.1502685810927235,0.21870907624681998,-0.7507738812412523,23,0.0004645760743322569,REGIME_OOS,True,True
2026-03-20 04:00:00+00:00,ETH,2026-03-20 08:00:00+00:00,2153.5,670.0,2026-03-20 00:00:00+00:00,0.0004645760743322569,-0.007374971191518753,0.022311891763588942,0.0874774629496323,0.0123723232324578,-0.037477372784767704,0.034072369120413226,0.14807805562621332,0.2469079896661388,-0.7880124259435565,23,-0.004875783608079831,REGIME_OOS,True,True
2026-03-20 08:00:00+00:00,ETH,2026-03-20 12:00:00+00:00,2143.0,1012.0,2026-03-20 00:00:00+00:00,-0.004875783608079831,-0.011759280608715672,0.0072855464159811145,-0.28220541797300286,0.012318576088450165,-0.03823714208778384,0.02879727402427701,0.14832559031445927,0.2422080572427272,-0.5807785058339576,23,-0.0030331311245916925,REGIME_OOS,True,True
2026-03-20 12:00:00+00:00,ETH,2026-03-20 16:00:00+00:00,2136.5,1996.0,2026-03-20 00:00:00+00:00,-0.0030331311245916925,0.007545390238151484,0.0018757327080891617,-0.14358619254802374,0.012137110385767156,-0.03689679266121215,0.023502705994712603,0.1463070904880666,0.2478126826380873,0.01579550617117504,23,-0.0009361104610343673,REGIME_OOS,True,True
2026-03-20 16:00:00+00:00,ETH,2026-03-20 20:00:00+00:00,2134.5,1324.0,2026-03-20 00:00:00+00:00,-0.0009361104610343673,-0.003966402239850675,0.012811387900355964,0.06275401170146731,0.012114124445093785,-0.03346314073537404,0.0182871160212843,0.14206231842316697,0.26444745442140394,-0.3484494866691662,23,0.00023424689622864037,REGIME_OOS,True,True
2026-03-20 20:00:00+00:00,ETH,2026-03-21 00:00:00+00:00,2135.0,246.0,2026-03-20 00:00:00+00:00,0.00023424689622864037,-0.0018700327255727345,0.008264462809917328,0.16852663388881856,0.011972500978820246,-0.029148287935973793,0.01355493181053502,0.13704715706058762,0.28731198398309343,-1.119148828097474,23,,REGIME_OOS,True,False
2026-03-22 20:00:00+00:00,ETH,2026-03-23 00:00:00+00:00,2053.5,526.0,2026-03-22 00:00:00+00:00,,-0.045993031358884995,-0.08428093645484946,,,-0.06039807824296495,0.007193913055500545,0.13887027017122727,0.06507553295248784,-0.9005774115124398,12,-0.00048697345994641594,REGIME_OOS,False,True
2026-03-23 00:00:00+00:00,ETH,2026-03-23 04:00:00+00:00,2052.5,754.0,2026-03-23 00:00:00+00:00,-0.00048697345994641594,-0.04690039470629204,-0.08919458619924558,0.07698862445737956,0.011917752671413642,-0.055040169425197516,0.0009124129636370881,0.13687467821499605,0.09787909536676266,-0.7085838547672338,10,-0.0038976857490864436,REGIME_OOS,True,True
2026-03-23 04:00:00+00:00,ETH,2026-03-23 08:00:00+00:00,2044.5,1136.0,2026-03-23 00:00:00+00:00,-0.0038976857490864436,-0.04596360242650488,-0.10210803689064563,-0.1942117981381265,0.011860725437770236,-0.052144786100905116,-0.006208389965214556,0.12507077979383388,0.08307778853813495,-0.3901458840704646,10,0.044509660063585255,REGIME_OOS,True,True
2026-03-23 08:00:00+00:00,ETH,2026-03-23 12:00:00+00:00,2135.5,3870.0,2026-03-23 00:00:00+00:00,0.044509660063585255,-0.0004680552305171837,-0.06317174819039262,3.9109082094399468,0.014433178046840186,-0.005668921042522812,-0.011567969587768734,0.10298041003072675,0.44495146173110695,1.6515128443320028,10,-0.0030437836572231314,REGIME_OOS,True,True
2026-03-23 12:00:00+00:00,ETH,2026-03-23 16:00:00+00:00,2129.0,3380.0,2026-03-23 00:00:00+00:00,-0.0030437836572231314,-0.002576715858514822,-0.08841789766645258,-0.15958253537864278,0.014434794765352216,-0.005349342427994008,-0.0158579087239189,0.08740084102202703,0.43879529801497136,1.3020026564394538,10,0.012916862376702642,REGIME_OOS,True,True
2026-03-23 16:00:00+00:00,ETH,2026-03-23 20:00:00+00:00,2156.5,2565.0,2026-03-23 00:00:00+00:00,0.012916862376702642,0.010070257611241251,-0.08487163165711864,0.955706016595285,0.013872398188191783,0.008287454267045247,-0.017522462929276172,0.08506459307597314,0.5974254265772321,0.763742164771369,10,-0.0011592858798979977,REGIME_OOS,True,True
2026-03-23 20:00:00+00:00,ETH,2026-03-24 00:00:00+00:00,2154.0,481.0,2026-03-23 00:00:00+00:00,-0.0011592858798979977,0.04894083272461658,-0.0739466895958727,0.007756618601854576,0.013736684768112248,0.007943285642423525,-0.01897078063672042,0.08254783945962159,0.5962264511636176,-0.9335929306666737,10,-0.00510677808727944,REGIME_OOS,True,True
2026-03-24 00:00:00+00:00,ETH,2026-03-24 04:00:00+00:00,2143.0,666.0,2026-03-24 00:00:00+00:00,-0.00510677808727944,0.04409257003654088,-0.08163702592671951,-0.25490318915978033,0.013587354425364658,0.004252726782806304,-0.021166751526327077,0.07713966395289729,0.5551302217935903,-0.7488063031538615,8,0.011199253383107788,REGIME_OOS,True,True
2026-03-24 04:00:00+00:00,ETH,2026-03-24 08:00:00+00:00,2167.0,831.0,2026-03-24 00:00:00+00:00,0.011199253383107788,0.05991685008559555,-0.07135204628240843,0.9231599812457111,0.01375677061713139,0.016631090051840047,-0.023501385802963903,0.07030175983584293,0.7365671939176814,-0.6159561604250112,8,0.0004614674665435192,REGIME_OOS,True,True
2026-03-24 08:00:00+00:00,ETH,2026-03-24 12:00:00+00:00,2168.0,611.0,2026-03-24 00:00:00+00:00,0.0004614674665435192,0.015218918286115768,-0.06591986212839296,0.11192220835576043,0.013758275726349944,0.01713602083064547,-0.024626022175546547,0.07015681511432584,0.744253117857774,-0.7855438105193462,8,-0.015221402214022128,REGIME_OOS,True,True
2026-03-24 12:00:00+00:00,ETH,2026-03-24 16:00:00+00:00,2135.0,2143.0,2026-03-24 00:00:00+00:00,-0.015221402214022128,0.0028182245185532917,-0.08191786712534943,-1.0290943475584569,0.013980525662847671,0.0024415438069300688,-0.02597194718717266,0.06831631204197626,0.5357388116242277,0.4744710849151126,8,-0.00843091334894619,REGIME_OOS,True,True
2026-03-24 16:00:00+00:00,ETH,2026-03-24 20:00:00+00:00,2117.0,2218.0,2026-03-24 00:00:00+00:00,-0.00843091334894619,-0.01831671690238812,-0.08808959724316179,-0.5035042091691537,0.01402346857522491,-0.005928273757116909,-0.026390381054700818,0.06842612081161566,0.4133624164748718,0.5229177027418516,8,0.019603212092583755,REGIME_OOS,True,True
2026-03-24 20:00:00+00:00,ETH,2026-03-25 00:00:00+00:00,2158.5,923.0,2026-03-24 00:00:00+00:00,0.019603212092583755,0.002089136490250665,-0.07992327365728902,1.5217725607748604,0.014554693875199238,0.01319001126548991,-0.026770214709913143,0.06926764455074083,0.6904209584581426,-0.5341526805221042,8,0.001389854065323215,REGIME_OOS,True,True
2026-03-25 00:00:00+00:00,ETH,2026-03-25 04:00:00+00:00,2161.5,604.0,2026-03-25 00:00:00+00:00,0.001389854065323215,0.008632757816145586,-0.06892095627826833,0.16602176143095407,0.01439860662627842,0.014062701586891935,-0.026985264580213886,0.07038332774315027,0.6998016012856192,-0.7926987903795403,11,0.0023132084200785386,REGIME_OOS,True,True
2026-03-25 04:00:00+00:00,ETH,2026-03-25 08:00:00+00:00,2166.5,801.0,2026-03-25 00:00:00+00:00,0.0023132084200785386,-0.0002307337332717596,-0.04706399824059815,0.2531637916392337,0.014308333200290332,0.016074757588903754,-0.027038804825962437,0.0713710901019354,0.7252278557878962,-0.6326659962867445,11,0.010154627279021389,REGIME_OOS,True,True
2026-03-25 08:00:00+00:00,ETH,2026-03-25 12:00:00+00:00,2188.5,1237.0,2026-03-25 00:00:00+00:00,0.010154627279021389,0.009455719557195597,-0.00068493150684934,0.7730744976372719,0.013941948696389253,0.02555090851579811,-0.026968428540161904,0.07467314425187255,0.8421699832220109,-0.269001115455857,11,-0.011423349326022403,REGIME_OOS,True,True
2026-03-25 12:00:00+00:00,ETH,2026-03-25 16:00:00+00:00,2163.5,1950.0,2026-03-25 00:00:00+00:00,-0.011423349326022403,0.013348946135831374,-0.011649154865235323,-0.8280238648376675,0.01230514335404191,0.013348946135831374,-0.02682055209131029,0.07558334737708766,0.6766122644612851,0.40842981849920384,11,0.004391033048301463,REGIME_OOS,True,True
2026-03-25 16:00:00+00:00,ETH,2026-03-25 20:00:00+00:00,2173.0,1511.0,2026-03-25 00:00:00+00:00,0.004391033048301463,0.026452527161076933,-0.014512471655328762,0.2784724990294127,0.012317662298758558,0.01692932271009573,-0.026348164855444,0.07717968012337628,0.7193494801097018,0.0999502242955613,11,-0.002070869765301464,REGIME_OOS,True,True
2026-03-25 20:00:00+00:00,ETH,2026-03-26 00:00:00+00:00,2168.5,430.0,2026-03-25 00:00:00+00:00,-0.002070869765301464,0.004632846884410569,-0.020772183337096406,-0.25953360173211004,0.012274269567237562,0.014016670368595108,-0.026114933944176966,0.07823261596297656,0.6791665815601576,-0.9420891075162928,11,-0.006686649757897123,REGIME_OOS,True,True
2026-03-26 00:00:00+00:00,ETH,2026-03-26 04:00:00+00:00,2154.0,699.0,2026-03-26 00:00:00+00:00,-0.006686649757897123,-0.003469812630117919,-0.007144503341783848,-0.6110307229243767,0.012330334247970365,0.0067890487152222345,-0.02600610033688433,0.07844334447547342,0.5865471603820378,-0.6662009232467638,14,-0.014856081708449431,REGIME_OOS,True,True
2026-03-26 04:00:00+00:00,ETH,2026-03-26 08:00:00+00:00,2122.0,885.0,2026-03-26 00:00:00+00:00,-0.014856081708449431,-0.020540041541657006,-0.021443394051187448,-1.2410763669354696,0.012050145819680533,-0.009753138270568007,-0.023375368587041256,0.06921819032674706,0.35909573445176896,-0.47984862653739585,14,-0.025918944392082977,REGIME_OOS,True,True
2026-03-26 08:00:00+00:00,ETH,2026-03-26 12:00:00+00:00,2067.0,1920.0,2026-03-26 00:00:00+00:00,-0.025918944392082977,-0.0555174777244688,-0.025229898608818635,-2.20311858406739,0.012989350919209833,-0.035745524520380156,-0.021381353688266436,0.06590968021897445,-0.042341040066062666,0.487839893130083,14,0.0009675858732463016,REGIME_OOS,True,True
2026-03-26 12:00:00+00:00,ETH,2026-03-26 16:00:00+00:00,2069.0,2537.0,2026-03-26 00:00:00+00:00,0.0009675858732463016,-0.043679223480471485,-0.034531031264582346,0.09140028369447677,0.012312461202340535,-0.03536377835279847,-0.018958971778804456,0.059618834502860873,-0.09316453680592421,1.3037893551652806,14,-0.010391493475108704,REGIME_OOS,True,True
2026-03-26 16:00:00+00:00,ETH,2026-03-26 20:00:00+00:00,2047.5,1563.0,2026-03-26 00:00:00+00:00,-0.010391493475108704,-0.057754256787850844,-0.04277699859747541,-0.8886882067379159,0.012317801048679515,-0.04342544791982983,-0.01888928613991181,0.07227527590910139,-0.10083406633334531,0.2803946128743121,14,0.00512820512820511,REGIME_OOS,True,True
2026-03-26 20:00:00+00:00,ETH,2026-03-27 00:00:00+00:00,2058.0,305.0,2026-03-26 00:00:00+00:00,0.00512820512820511,-0.0509568826377681,-0.04390243902439028,0.4284719974992401,0.01235033895708883,-0.036922644952969264,-0.0180183906144451,0.08015039232308334,0.03933294793947547,-1.147500646552438,14,0.005344995140913467,REGIME_OOS,True,True
2026-03-27 00:00:00+00:00,ETH,2026-03-27 04:00:00+00:00,2069.0,46.0,2026-03-27 00:00:00+00:00,0.005344995140913467,-0.03946146703806874,-0.03923844903645224,0.4260178288081369,0.012334785845762385,-0.029788630848407438,-0.017432591828083877,0.0846296213132282,0.1480117672019971,-1.394765350786866,10,-0.0021749637506041086,REGIME_OOS,True,True
2026-03-27 04:00:00+00:00,ETH,2026-03-27 08:00:00+00:00,2064.5,63.0,2026-03-27 00:00:00+00:00,-0.0021749637506041086,-0.027097078228086713,-0.036630891273915056,-0.18048810533739973,0.01234114875490746,-0.029863020135805107,-0.01712599243463442,0.0888401453017816,0.1638566941289521,-1.321650224260358,10,-0.03390651489464758,REGIME_OOS,True,True
2026-03-27 08:00:00+00:00,ETH,2026-03-27 12:00:00+00:00,1994.5,238.0,2026-03-27 00:00:00+00:00,-0.03390651489464758,-0.0350749879051766,-0.06646384273344252,-2.744464821136536,0.013787139728505494,-0.05947539050987327,-0.01747862950865242,0.10506882621399066,-0.06606124435749808,-1.0724219723479813,10,-0.0007520681875157198,REGIME_OOS,True,True
2026-03-27 12:00:00+00:00,ETH,2026-03-27 16:00:00+00:00,1993.0,162.0,2026-03-27 00:00:00+00:00,-0.0007520681875157198,-0.03673272112131465,-0.0662918716327009,0.018298874511247995,0.01378185428692127,-0.05631118529303847,-0.018412392983630177,0.11624970587209482,0.015601481564216178,-1.0814970977076745,10,,REGIME_OOS,True,False
2026-03-29 20:00:00+00:00,ETH,2026-03-30 00:00:00+00:00,1986.5,706.0,2026-03-29 00:00:00+00:00,,-0.029792429792429798,-0.06955503512880568,,,-0.0553296716361128,-0.019581788936289257,0.12535646675343606,0.05862132150756201,-0.47425044367494973,12,0.027686886483765383,REGIME_OOS,False,True
2026-03-30 00:00:00+00:00,ETH,2026-03-30 04:00:00+00:00,2041.5,1498.0,2026-03-30 00:00:00+00:00,0.027686886483765383,-0.008017492711370311,-0.005843681519357213,2.076295960185961,0.014738837519639775,-0.02701156957832407,-0.019163974812660967,0.12736947727128767,0.28792745203160897,0.3118521456049786,9,0.011511143766838039,REGIME_OOS,True,True
2026-03-30 04:00:00+00:00,ETH,2026-03-30 08:00:00+00:00,2065.0,1390.0,2026-03-30 00:00:00+00:00,0.011511143766838039,-0.0019333011116481336,0.006090133982947554,0.7792585914197373,0.014887390906611819,-0.014590267587654804,-0.01802449813499285,0.12798605635247165,0.38600111603194076,0.16991643131896633,9,0.005084745762711895,REGIME_OOS,True,True
2026-03-30 08:00:00+00:00,ETH,2026-03-30 12:00:00+00:00,2075.5,1697.0,2026-03-30 00:00:00+00:00,0.005084745762711895,0.005328166626301867,0.015162631450232222,0.31456628146703797,0.014910658639539928,-0.007614425571082051,-0.017478378111743242,0.12527757770487757,0.4392195657788046,0.46497930563260464,9,0.0024090580582991628,REGIME_OOS,True,True
2026-03-30 12:00:00+00:00,ETH,2026-03-30 16:00:00+00:00,2080.5,3810.0,2026-03-30 00:00:00+00:00,0.0024090580582991628,0.04311857608423164,-0.02575509248419572,0.12217163331115867,0.014889687613157654,-0.0032936103958320917,-0.017155489427020276,0.1215156059824585,0.4728955769162062,2.6137881832559198,9,-0.024993991828887285,REGIME_OOS,True,True
2026-03-30 16:00:00+00:00,ETH,2026-03-30 20:00:00+00:00,2028.5,3683.0,2026-03-30 00:00:00+00:00,-0.024993991828887285,0.017812343201204284,-0.047205260685767914,-1.7321797361441496,0.013160574773235347,-0.024982275682235988,-0.018139043187299086,0.1188915979021595,0.28987349717685845,2.4995306870461875,9,0.0,REGIME_OOS,True,True
2026-03-30 20:00:00+00:00,ETH,2026-03-31 00:00:00+00:00,2028.5,502.0,2026-03-30 00:00:00+00:00,0.0,0.021142713314875383,-0.05935543705077673,0.11543303316541505,0.013160148440760206,-0.021218591297844314,-0.02042133025788395,0.110613437816343,0.308173475874834,-0.776196775349322,9,0.02169090460931722,REGIME_OOS,True,True
2026-03-31 00:00:00+00:00,ETH,2026-03-31 04:00:00+00:00,2072.5,905.0,2026-03-31 00:00:00+00:00,0.02169090460931722,0.015184913054126836,-0.03783658310120708,1.755953614229625,0.01358048498721575,0.0022123626340413427,-0.021494309981782367,0.10284007591380516,0.5215126507286475,-0.307533148896489,8,-0.004825090470446325,REGIME_OOS,True,True
2026-03-31 04:00:00+00:00,ETH,2026-03-31 08:00:00+00:00,2062.5,666.0,2026-03-31 00:00:00+00:00,-0.004825090470446325,-0.001210653753026647,-0.03756416238917404,-0.2724389400905571,0.013597283472565204,4.8487199379332324e-05,-0.022790807865434637,0.09127943109416654,0.5005311952407909,-0.5727969302814244,8,-0.008727272727272695,REGIME_OOS,True,True
2026-03-31 08:00:00+00:00,ETH,2026-03-31 12:00:00+00:00,2044.5,1777.0,2026-03-31 00:00:00+00:00,-0.008727272727272695,-0.014936159961455031,-0.056529764651592096,-0.5500982399461902,0.013648688147930244,-0.005690107966151103,-0.02415642352047842,0.07778681732803312,0.42684997070704955,0.5804785128912152,8,0.007581315725116111,REGIME_OOS,True,True
2026-03-31 12:00:00+00:00,ETH,2026-03-31 16:00:00+00:00,2060.0,4446.0,2026-03-31 00:00:00+00:00,0.007581315725116111,-0.00985340062484985,-0.04981549815498154,0.6556989070121618,0.013549438478061965,0.004143309773336545,-0.02537400648958854,0.0638687374267314,0.5648722667813761,3.310120321263373,8,0.020873786407767048,REGIME_OOS,True,True
2026-03-31 16:00:00+00:00,ETH,2026-03-31 20:00:00+00:00,2103.0,4959.0,2026-03-31 00:00:00+00:00,0.020873786407767048,0.036726645304412164,-0.014988290398126436,1.6504372887141447,0.014149961117654496,0.0255785033283753,-0.025218672751473492,0.06012607565903367,0.9254144819533424,3.198527200221408,8,0.004992867332382245,REGIME_OOS,True,True
2026-03-31 20:00:00+00:00,ETH,2026-04-01 00:00:00+00:00,2113.5,604.0,2026-03-31 00:00:00+00:00,0.004992867332382245,0.04190288390436292,-0.0016532829475672806,0.4099777201037556,0.01391936894021659,0.029531754247092534,-0.024048472516710606,0.06575041637601957,0.9491493115146764,-0.6715145426619682,8,-0.001892595221197113,REGIME_OOS,True,True
2026-04-01 00:00:00+00:00,ETH,2026-04-01 04:00:00+00:00,2109.5,735.0,2026-04-01 00:00:00+00:00,-0.001892595221197113,0.01785283474065147,-0.022700949733611253,-0.1263062102483051,0.013835924577302365,0.026570636040683215,-0.02277450434898387,0.06989873829307282,0.8801304099263897,-0.5278040315436948,11,0.013510310500118416,REGIME_OOS,True,True
2026-04-01 04:00:00+00:00,ETH,2026-04-01 08:00:00+00:00,2138.0,1297.0,2026-04-01 00:00:00+00:00,0.013510310500118416,0.03660606060606053,-0.010872079574369642,0.9704345357493303,0.013581901622116322,0.038153853624191214,-0.02061328628428205,0.07837938278217198,0.9867843081927091,-0.08796985952621487,11,0.0016370439663235814,REGIME_OOS,True,True
2026-04-01 08:00:00+00:00,ETH,2026-04-01 12:00:00+00:00,2141.5,900.0,2026-04-01 00:00:00+00:00,0.0016370439663235814,0.0474443629249206,-0.011539349180706204,0.12934044721179866,0.013582923902608322,0.037749563868966884,-0.018525124253882308,0.08591423804402207,0.9393865874667275,-0.4150400576286015,11,0.0009339248190520788,REGIME_OOS,True,True
2026-04-01 12:00:00+00:00,ETH,2026-04-01 16:00:00+00:00,2143.5,2431.0,2026-04-01 00:00:00+00:00,0.0009339248190520788,0.04053398058252422,-0.020562028786840325,0.07695916038757039,0.01357676689334084,0.03684713337283707,-0.016659928175613015,0.09247780182556199,0.898443006272365,0.7731171774998595,11,0.001866106834616188,REGIME_OOS,True,True
2026-04-01 16:00:00+00:00,ETH,2026-04-01 20:00:00+00:00,2147.5,3057.0,2026-04-01 00:00:00+00:00,0.001866106834616188,0.021160247265810783,-0.007395424081349633,0.1490405315674829,0.013443363148632937,0.036700901531517394,-0.01472812541618318,0.09854055266914256,0.8724446488010223,1.217839670965015,11,-0.0009313154831198656,REGIME_OOS,True,True
2026-04-01 20:00:00+00:00,ETH,2026-04-02 00:00:00+00:00,2145.5,436.0,2026-04-01 00:00:00+00:00,-0.0009313154831198656,0.01514076176957646,-0.012655315232397601,-0.03701824779031066,0.013283125740459955,0.03197412248529963,-0.011221713861753302,0.0965968232025503,0.8310059422788072,-0.8126730374597544,11,-0.040316942437660264,REGIME_OOS,True,True
2026-04-02 00:00:00+00:00,ETH,2026-04-02 04:00:00+00:00,2059.0,2507.0,2026-04-02 00:00:00+00:00,-0.040316942437660264,-0.0239393221142451,-0.050495734378602775,-3.0288813002494814,0.015141680959675252,-0.011201421488000074,-0.008940512395829048,0.08888064553711669,0.3739723207419508,0.7671100876704612,8,-0.00024283632831467727,REGIME_OOS,True,True
2026-04-02 04:00:00+00:00,ETH,2026-04-02 08:00:00+00:00,2058.5,1316.0,2026-04-02 00:00:00+00:00,-0.00024283632831467727,-0.037184284377923316,-0.04433611884865363,0.08792688198104066,0.015143291463261245,-0.013147644330453012,-0.006503681688718621,0.07845417703893288,0.3324162609732248,-0.17290104962199726,8,-0.010687393733300965,REGIME_OOS,True,True
2026-04-02 08:00:00+00:00,ETH,2026-04-02 12:00:00+00:00,2036.5,1217.0,2026-04-02 00:00:00+00:00,-0.010687393733300965,-0.04903105300023347,-0.04029217719132894,-0.6058214675724255,0.015207899749479236,-0.023577498891246274,-0.006461862388292716,0.07903879814599368,0.20169714818163043,-0.263944832140177,8,0.014240117849251277,REGIME_OOS,True,True
2026-04-02 12:00:00+00:00,ETH,2026-04-02 16:00:00+00:00,2065.5,4016.0,2026-04-02 00:00:00+00:00,0.014240117849251277,-0.03638908327501744,-0.0007256894049346707,1.0446372555460726,0.015264117500673339,-0.009684997842450915,-0.0065729935698977116,0.07901281883854343,0.3774249800878339,1.8385541088162822,8,0.0024207213749698475,REGIME_OOS,True,True
2026-04-02 16:00:00+00:00,ETH,2026-04-02 20:00:00+00:00,2070.5,3180.0,2026-04-02 00:00:00+00:00,0.0024207213749698475,-0.03585564610011638,0.0007249879168680362,0.20292485719581904,0.014506193440865376,-0.007168716583950574,-0.006938029161627113,0.07917620274862476,0.409458696741109,1.0956881917310675,8,-0.004346776141028741,REGIME_OOS,True,True
2026-04-02 20:00:00+00:00,ETH,2026-04-03 00:00:00+00:00,2061.5,347.0,2026-04-02 00:00:00+00:00,-0.004346776141028741,-0.039151712887438794,0.006837606837606813,-0.31811820215513303,0.01452978408644916,-0.011033821060206339,-0.006690365682808008,0.07985928857768758,0.3618342179510838,-0.9344589848884666,8,-0.0002425418384671696,REGIME_OOS,True,True
2026-04-03 00:00:00+00:00,ETH,2026-04-03 04:00:00+00:00,2061.0,160.0,2026-04-03 00:00:00+00:00,-0.0002425418384671696,0.0009713453132589311,0.001457725947521915,-0.022939396243067272,0.014394831648034167,-0.012043861225957242,-0.005271364403627632,0.07653361231688749,0.34263304891333757,-1.0231177725943523,12,0.005822416302765587,REGIME_OOS,True,True
2026-04-03 04:00:00+00:00,ETH,2026-04-03 08:00:00+00:00,2073.0,243.0,2026-04-03 00:00:00+00:00,0.005822416302765587,0.007043964051493878,0.0019333011116482446,0.3746730361793415,0.014403201785604053,-0.007350300476452687,-0.0034168293160139473,0.07223490178172785,0.3982444733065034,-0.9587459463002809,12,-0.002411963338157297,REGIME_OOS,True,True
2026-04-03 08:00:00+00:00,ETH,2026-04-03 12:00:00+00:00,2068.0,202.0,2026-04-03 00:00:00+00:00,-0.002411963338157297,0.01546771421556592,0.0016953257447323011,-0.19885611388236749,0.014381948404602342,-0.009637832984136452,-0.002705619952335203,0.07245875494395573,0.36698870286149676,-0.99659005451899,12,-0.0033849129593810368,REGIME_OOS,True,True
2026-04-03 12:00:00+00:00,ETH,2026-04-03 16:00:00+00:00,2061.0,786.0,2026-04-03 00:00:00+00:00,-0.0033849129593810368,-0.002178649237472796,0.03334168964652795,-0.24882227167437765,0.014390513765219054,-0.012954670625703546,-0.0019597065219988385,0.07256658493567283,0.32147884405491445,-0.5947908699817737,12,,REGIME_OOS,True,False
2026-04-05 20:00:00+00:00,ETH,2026-04-06 00:00:00+00:00,2116.0,1094.0,2026-04-05 00:00:00+00:00,,0.02197536826853419,0.061716006021073744,,,0.011653618597980087,0.00023671412107328926,0.07059761480119756,0.6650709961065485,-0.39627989254549906,11,0.009215500945179533,REGIME_OOS,False,True
2026-04-06 00:00:00+00:00,ETH,2026-04-06 04:00:00+00:00,2135.5,1525.0,2026-04-06 00:00:00+00:00,0.009215500945179533,0.03589619209313599,0.07500629247420076,0.6297340469955308,0.012952949614222635,0.01913715758327772,0.002353526462822053,0.07133584220379642,0.7682684747536225,-0.11547190618776342,12,0.003512058066026613,REGIME_OOS,True,True
2026-04-06 04:00:00+00:00,ETH,2026-04-06 08:00:00+00:00,2143.0,956.0,2026-04-06 00:00:00+00:00,0.003512058066026613,0.039786511402231994,0.049718344354641175,0.14833324623292302,0.012949750532158895,0.02174120339467911,0.0032334596104544033,0.07407063732408589,0.7935198640124215,-0.5490032516323563,12,0.00793280447970135,REGIME_OOS,True,True
2026-04-06 08:00:00+00:00,ETH,2026-04-06 12:00:00+00:00,2160.0,1972.0,2026-04-06 00:00:00+00:00,0.00793280447970135,0.04196816208393628,0.04600484261501214,0.4787707624994308,0.012055911125809114,0.02870614008977368,0.00393258426966292,0.07843885002960206,0.8659683954945832,0.2001344501181848,12,0.006018518518518423,REGIME_OOS,True,True
2026-04-06 12:00:00+00:00,ETH,2026-04-06 16:00:00+00:00,2173.0,3490.0,2026-04-06 00:00:00+00:00,0.006018518518518423,0.05077369439071577,0.04697663213683456,0.4101013456235018,0.011933028000410776,0.033334918445955486,0.005311240612107415,0.08426118582052732,0.8956141623375379,1.2824176027779512,12,-0.010584445467096137,REGIME_OOS,True,True
2026-04-06 16:00:00+00:00,ETH,2026-04-06 20:00:00+00:00,2150.0,3993.0,2026-04-06 00:00:00+00:00,-0.010584445467096137,0.04318292091217857,0.033405431386685835,-0.9616780503264168,0.012085101598190092,0.022106013786546308,0.005708657652661264,0.0853361451768733,0.7590463131505156,1.5603383131485538,12,-0.017674418604651132,REGIME_OOS,True,True
2026-04-06 20:00:00+00:00,ETH,2026-04-07 00:00:00+00:00,2112.0,1169.0,2026-04-06 00:00:00+00:00,-0.017674418604651132,-0.001890359168241984,0.04116342124722694,-1.4930282313767125,0.01251674486122448,0.004745424055375036,0.005527465115500396,0.08380186305717315,0.5566267130855743,-0.4268582966396604,12,0.00023674242424243097,REGIME_OOS,True,True
2026-04-07 00:00:00+00:00,ETH,2026-04-07 04:00:00+00:00,2112.5,948.0,2026-04-07 00:00:00+00:00,0.00023674242424243097,-0.010770311402481858,0.0414099087996056,0.042919496386196715,0.01161553220775743,0.005724895559337861,0.005517125828765623,0.08195466653791993,0.5698544183166067,-0.5386052413918899,13,-0.001656804733727757,REGIME_OOS,True,True
2026-04-07 04:00:00+00:00,ETH,2026-04-07 08:00:00+00:00,2109.0,662.0,2026-04-07 00:00:00+00:00,-0.001656804733727757,-0.0158656089594027,0.017611580217129053,-0.18917422016777977,0.011622127756448646,0.004979628791308199,0.005120075100820909,0.07940888765961895,0.5627087085346548,-0.761129276890062,13,-0.007586533902323334,REGIME_OOS,True,True
2026-04-07 08:00:00+00:00,ETH,2026-04-07 12:00:00+00:00,2093.0,2546.0,2026-04-07 00:00:00+00:00,-0.007586533902323334,-0.031018518518518556,0.014787878787878794,-0.6945252849157055,0.010992235395738945,-0.0013955652039077115,0.004632691994286509,0.07667141028763141,0.4817981018130203,0.6090827851249606,13,-0.00453893932154803,REGIME_OOS,True,True
2026-04-07 12:00:00+00:00,ETH,2026-04-07 16:00:00+00:00,2083.5,4324.0,2026-04-07 00:00:00+00:00,-0.00453893932154803,-0.041187298665439465,0.019075568598679427,-0.3682920032001452,0.010988467995242536,-0.006508833416779991,0.006039643857696619,0.07506255968094441,0.4132878835407966,1.8565747928764729,13,0.016558675305975434,REGIME_OOS,True,True
2026-04-07 16:00:00+00:00,ETH,2026-04-07 20:00:00+00:00,2118.0,4042.0,2026-04-07 00:00:00+00:00,0.016558675305975434,-0.014883720930232602,0.028155339805825186,1.5506914949132713,0.011299505291106663,0.008511398131063608,0.00781489941646174,0.07336500542424629,0.6160144142543839,1.5061186023488597,13,0.06137865911237017,REGIME_OOS,True,True
2026-04-07 20:00:00+00:00,ETH,2026-04-08 00:00:00+00:00,2248.0,3926.0,2026-04-07 00:00:00+00:00,0.06137865911237017,0.06439393939393945,0.0689491203043271,5.3999570036332525,0.01584096380747803,0.06504950964135126,0.011666251270154637,0.09096165396312382,1.2151311218210985,1.4588753303239543,13,-0.0031138790035587505,REGIME_OOS,True,True
2026-04-08 00:00:00+00:00,ETH,2026-04-08 04:00:00+00:00,2241.0,2678.0,2026-04-08 00:00:00+00:00,-0.0031138790035587505,0.06082840236686393,0.060326472675656495,-0.3326148727588366,0.015464462800850969,0.05733731230611361,0.01418051142671195,0.10352146156087572,1.0538688446008504,0.6412306389461171,11,0.008924587237840287,REGIME_OOS,True,True
2026-04-08 04:00:00+00:00,ETH,2026-04-08 08:00:00+00:00,2261.0,2555.0,2026-04-08 00:00:00+00:00,0.008924587237840287,0.072072072072072,0.07181796634273518,0.4894521733289747,0.015512935936103246,0.06200093940817286,0.016869817737190207,0.11644513811636685,1.0324476436810406,0.5042901329342339,11,-0.003095975232198178,REGIME_OOS,True,True
2026-04-08 08:00:00+00:00,ETH,2026-04-08 12:00:00+00:00,2254.0,1450.0,2026-04-08 00:00:00+00:00,-0.003095975232198178,0.07692307692307687,0.05425631431244149,-0.2953989426536565,0.015523527032870976,0.053948214390087124,0.019456004118580728,0.12302242830851871,0.938523406925397,-0.35933901548146535,11,-0.014418811002661958,REGIME_OOS,True,True
2026-04-08 12:00:00+00:00,ETH,2026-04-08 16:00:00+00:00,2221.5,5866.0,2026-04-08 00:00:00+00:00,-0.014418811002661958,0.06623470122390218,0.03735699276208271,-1.02201181102817,0.01561231122536482,0.03486828313884427,0.021688845736478557,0.12223002941489243,0.7852677308985075,2.9304719945097397,11,-0.0018005851901867764,REGIME_OOS,True,True
2026-04-08 16:00:00+00:00,ETH,2026-04-08 20:00:00+00:00,2217.5,3495.0,2026-04-08 00:00:00+00:00,-0.0018005851901867764,0.046978281397544785,0.03452297644040114,-0.14834648206422582,0.015616410138241492,0.02953978294933557,0.0236805209001687,0.12073592775217765,0.744664396913972,0.9250964682849906,11,-0.009470124013528758,REGIME_OOS,True,True
2026-04-08 20:00:00+00:00,ETH,2026-04-09 00:00:00+00:00,2196.5,769.0,2026-04-08 00:00:00+00:00,-0.009470124013528758,-0.022909252669039093,0.022817229336437705,-0.6320903808612359,0.01571934860899619,0.0167569319076053,0.025447502954872414,0.11549363109450335,0.6450896620775031,-0.8981210646149169,11,-0.0029592533576143776,REGIME_OOS,True,True
2026-04-09 00:00:00+00:00,ETH,2026-04-09 04:00:00+00:00,2190.0,853.0,2026-04-09 00:00:00+00:00,-0.0029592533576143776,-0.022757697456492587,0.020741085993940755,-0.19169435218039096,0.015724854122411074,0.010730356524748963,0.026603809343314744,0.10723705901319096,0.6000620179580749,-0.7880293989233629,17,-0.0015981735159816823,REGIME_OOS,True,True
2026-04-09 04:00:00+00:00,ETH,2026-04-09 08:00:00+00:00,2186.5,400.0,2026-04-09 00:00:00+00:00,-0.0015981735159816823,-0.0329500221141088,0.061923263720252475,-0.09484254386818237,0.01572653110726152,0.007476011104583513,0.026391956376775383,0.1050109048375536,0.5711927119964205,-1.1018998874952979,17,-0.0006860278984678336,REGIME_OOS,True,True
2026-04-09 08:00:00+00:00,ETH,2026-04-09 12:00:00+00:00,2185.0,827.0,2026-04-09 00:00:00+00:00,-0.0006860278984678336,-0.030612244897959218,0.06145251396648055,-0.035418551269650655,0.01377813973145921,0.005638016338741281,0.025636789335548693,0.10393887660634149,0.5542435758671385,-0.7611204603569243,17,0.018077803203661258,REGIME_OOS,True,True
2026-04-09 12:00:00+00:00,ETH,2026-04-09 16:00:00+00:00,2224.5,4357.0,2026-04-09 00:00:00+00:00,0.018077803203661258,0.0013504388926401933,0.09231524674686953,1.2255493120466934,0.014114262538936682,0.021901163391637057,0.025788134395174467,0.10498809153277433,0.7086061673461324,1.5183922614623737,17,-0.0006743088334457692,REGIME_OOS,True,True
2026-04-09 16:00:00+00:00,ETH,2026-04-09 20:00:00+00:00,2223.0,3796.0,2026-04-09 00:00:00+00:00,-0.0006743088334457692,0.002480270574971799,0.07625272331154687,-0.17549697304410408,0.013925851477827352,0.01973646486771652,0.025745085307209425,0.10622219201708007,0.6858035923843756,1.056922348134151,17,-0.012370670265407058,REGIME_OOS,True,True
2026-04-09 20:00:00+00:00,ETH,2026-04-10 00:00:00+00:00,2195.5,921.0,2026-04-09 00:00:00+00:00,-0.012370670265407058,-0.0004552697473252376,0.0603718908476214,-1.0417417781637612,0.013975724341757763,0.00660217321535006,0.0251167949766411,0.10630658688109987,0.5621050248065474,-0.7281280273846837,17,-0.0025051241175131356,REGIME_OOS,True,True
2026-04-10 00:00:00+00:00,ETH,2026-04-10 04:00:00+00:00,2190.0,851.0,2026-04-10 00:00:00+00:00,-0.0025051241175131356,0.0,0.062333252486053814,-0.2686493215493368,0.013990417108675303,0.003160643122165796,0.025001760687372254,0.10540092343995075,0.5299868636726551,-0.7248430350789549,14,-0.0029680365296803624,REGIME_OOS,True,True
2026-04-10 04:00:00+00:00,ETH,2026-04-10 08:00:00+00:00,2183.5,862.0,2026-04-10 00:00:00+00:00,-0.0029680365296803624,-0.0013720557969357783,0.059437166424066046,-0.2897187691765223,0.013974212969329432,-0.0014519761738713832,0.025188119740265913,0.1006864850010982,0.48557923465244085,-0.735584131982794,14,0.017632241813602123,REGIME_OOS,True,True
2026-04-10 08:00:00+00:00,ETH,2026-04-10 12:00:00+00:00,2222.0,1608.0,2026-04-10 00:00:00+00:00,0.017632241813602123,0.016933638443936028,0.0718765074770864,1.1808202699831754,0.014291095473004624,0.013616768925484024,0.025893617618704345,0.09610756571449765,0.6416825910036551,-0.28414589630027404,14,0.0033753375337532976,REGIME_OOS,True,True
2026-04-10 12:00:00+00:00,ETH,2026-04-10 16:00:00+00:00,2229.5,3601.0,2026-04-10 00:00:00+00:00,0.0033753375337532976,0.0022476961114856753,0.07809477756286265,0.11533780127458318,0.01427388745179363,0.014250457766101343,0.027203779509897386,0.08998750344495249,0.6583604080628672,0.984441938887711,14,0.013455931823278755,REGIME_OOS,True,True
2026-04-10 16:00:00+00:00,ETH,2026-04-10 20:00:00+00:00,2259.5,2217.0,2026-04-10 00:00:00+00:00,0.013455931823278755,0.016419253261358513,0.09631246967491514,0.8274176990237715,0.014411685194708725,0.02401994108316341,0.02919912309342787,0.0808343343176917,0.7971502306032634,0.0041561073589792335,14,0.00022128789555209138,REGIME_OOS,True,True
2026-04-10 20:00:00+00:00,ETH,2026-04-11 00:00:00+00:00,2260.0,362.0,2026-04-10 00:00:00+00:00,0.00022128789555209138,0.02937827374174451,0.06805293005671076,-0.13552243395317262,0.014378718314326239,0.02016634128175343,0.031242290092681646,0.06411017259083175,0.8145575883949074,-1.278233227193862,14,,REGIME_OOS,True,False
2026-04-12 20:00:00+00:00,ETH,2026-04-13 00:00:00+00:00,2194.0,1385.0,2026-04-12 00:00:00+00:00,,0.0018264840182649067,0.027394052915008293,,,-0.011322030079423229,0.03172407700998203,0.05004663003775478,0.27377038032566936,-0.5625548747563834,15,0.002051048313582493,REGIME_OOS,False,True
2026-04-13 00:00:00+00:00,ETH,2026-04-13 04:00:00+00:00,2198.5,605.0,2026-04-13 00:00:00+00:00,0.002051048313582493,0.006869704602701976,0.02589827344843676,-0.016938431281820227,0.014319179513813736,-0.008188031488958636,0.029659048680787725,0.04918613071755145,0.33352966843482956,-1.074510070033863,16,-0.004093700250170529,REGIME_OOS,True,True
2026-04-13 04:00:00+00:00,ETH,2026-04-13 08:00:00+00:00,2189.5,644.0,2026-04-13 00:00:00+00:00,-0.004093700250170529,-0.01462646264626466,0.013657407407407396,-0.4294580148386691,0.014359780230457133,-0.011099443334123604,0.027737290653198965,0.049263542014595346,0.27469254381190844,-1.0331067473454296,16,0.0013701758392326013,REGIME_OOS,True,True
2026-04-13 08:00:00+00:00,ETH,2026-04-13 12:00:00+00:00,2192.5,618.0,2026-04-13 00:00:00+00:00,0.0013701758392326013,-0.016595649248710487,0.008973768982972752,-0.03008994807558616,0.014313079248031442,-0.008210254902404346,0.025357378083284754,0.04576867845569505,0.3206141147301862,-1.0036849435833606,16,0.00957810718358032,REGIME_OOS,True,True
2026-04-13 12:00:00+00:00,ETH,2026-04-13 16:00:00+00:00,2213.5,3890.0,2026-04-13 00:00:00+00:00,0.00957810718358032,-0.020358486390794406,0.02953488372093016,0.5585521083418581,0.01436576970988051,0.0022072556454808545,0.02370115272840212,0.04196956436854934,0.5525918169199495,1.1660469497558141,16,0.025073413146600387,REGIME_OOS,True,True
2026-04-13 16:00:00+00:00,ETH,2026-04-13 20:00:00+00:00,2269.0,3066.0,2026-04-13 00:00:00+00:00,0.025073413146600387,0.0039823008849557695,0.0743371212121211,1.6268709627369111,0.014783211482813205,0.026232473993668126,0.023592155700820294,0.04834865222154483,1.0425688781036686,0.6398555633199305,16,0.047157338034376384,REGIME_OOS,True,True
2026-04-13 20:00:00+00:00,ETH,2026-04-14 00:00:00+00:00,2376.0,3076.0,2026-04-13 00:00:00+00:00,0.047157338034376384,0.08295350957155878,0.12473372781065084,2.994382056326981,0.016330905456477324,0.07078878285656343,0.02505439577953439,0.08219031210388379,1.3612789152946692,0.6053191699515993,16,-0.001052188552188582,REGIME_OOS,True,True
2026-04-14 00:00:00+00:00,ETH,2026-04-14 04:00:00+00:00,2373.5,1584.0,2026-04-14 00:00:00+00:00,-0.001052188552188582,0.07959972708664997,0.12541488857278327,-0.3737699638543523,0.016345698865900673,0.06541279976658321,0.02699830813982973,0.10200361175201149,1.1412792512250751,-0.4047078003356411,12,0.004634506003791783,REGIME_OOS,True,True
2026-04-14 04:00:00+00:00,ETH,2026-04-14 08:00:00+00:00,2384.5,1076.0,2026-04-14 00:00:00+00:00,0.004634506003791783,0.08906142955012553,0.1392737697085522,-0.022901622217934316,0.016297518438852607,0.06569832402234632,0.029213565839769418,0.11784689368373188,1.0574888057606533,-0.7652248633354616,12,-0.0014678129586915833,REGIME_OOS,True,True
2026-04-14 08:00:00+00:00,ETH,2026-04-14 12:00:00+00:00,2381.0,1314.0,2026-04-14 00:00:00+00:00,-0.0014678129586915833,0.08597491448118588,0.14278857691384683,-0.4102693527117371,0.016169525736264408,0.05952897462425888,0.03063386579711347,0.12826779102506078,0.9640991643227735,-0.5713699974599251,12,-0.003989920201595942,REGIME_OOS,True,True
2026-04-14 12:00:00+00:00,ETH,2026-04-14 16:00:00+00:00,2371.5,7998.0,2026-04-14 00:00:00+00:00,-0.003989920201595942,0.07138016715608764,0.11968838526912173,-0.5821096488499895,0.016158169310398783,0.050940595156322654,0.03194782982498667,0.1339519364195107,0.8802900989559931,3.9739900511878448,12,-0.022770398481973486,REGIME_OOS,True,True
2026-04-14 16:00:00+00:00,ETH,2026-04-14 20:00:00+00:00,2317.5,3706.0,2026-04-14 00:00:00+00:00,-0.022770398481973486,0.021375055090348205,0.030916370106761626,-1.7459413454692145,0.016807442278918252,0.024898284096939838,0.03142347569458703,0.13505863485629913,0.6843516641748323,0.8215159178664051,12,0.004099244875943819,REGIME_OOS,True,True
2026-04-14 20:00:00+00:00,ETH,2026-04-15 00:00:00+00:00,2327.0,1075.0,2026-04-14 00:00:00+00:00,0.004099244875943819,-0.020622895622895654,0.038375725122713034,-0.0018208232654851734,0.012872616724339479,0.026738439816448967,0.031335038270065674,0.1361585463010472,0.6963772421404245,-0.6329276508603062,12,0.0025784271594326835,REGIME_OOS,True,True
2026-04-15 00:00:00+00:00,ETH,2026-04-15 04:00:00+00:00,2333.0,649.0,2026-04-15 00:00:00+00:00,0.0025784271594326835,-0.017063408468506402,0.03184431667403809,0.027802638507700393,0.012833167723283,0.026272668286942746,0.03199805700951974,0.13482135199330003,0.6948702330788704,-0.8354752562132884,21,-0.005357908272610401,REGIME_OOS,True,True
2026-04-15 04:00:00+00:00,ETH,2026-04-15 08:00:00+00:00,2320.5,684.0,2026-04-15 00:00:00+00:00,-0.005357908272610401,-0.026840008387502667,0.029503105590062084,-0.6053210266457273,0.01284808379308348,0.017852443196771484,0.03253214491138934,0.13104465064015014,0.6362317584850872,-0.7728917501911382,21,0.009049773755656076,REGIME_OOS,True,True
2026-04-15 08:00:00+00:00,ETH,2026-04-15 12:00:00+00:00,2341.5,875.0,2026-04-15 00:00:00+00:00,0.009049773755656076,-0.016589668206635877,0.0540175557056044,0.5538241394723955,0.012875445761796712,0.023517069545832214,0.033484220132093734,0.12638761076327681,0.686071003350791,-0.6492837079209905,21,-0.0021353833013025847,REGIME_OOS,True,True
2026-04-15 12:00:00+00:00,ETH,2026-04-15 16:00:00+00:00,2336.5,2190.0,2026-04-15 00:00:00+00:00,-0.0021353833013025847,-0.014758591608686533,0.053664036076662924,-0.34751700941154245,0.012514407083955048,0.01878195275624872,0.03360975279987399,0.12441632961839616,0.6509605114847534,0.16644893429246704,21,0.01883158570511445,REGIME_OOS,True,True
2026-04-15 16:00:00+00:00,ETH,2026-04-15 20:00:00+00:00,2380.5,2843.0,2026-04-15 00:00:00+00:00,0.01883158570511445,0.027184466019417375,0.08376963350785349,1.2851655617797533,0.012819009385436666,0.03456143591303684,0.03409959102961668,0.12550965254821023,0.7753687482304304,0.5825597858404791,21,-0.006511237135055636,REGIME_OOS,True,True
2026-04-15 20:00:00+00:00,ETH,2026-04-16 00:00:00+00:00,2365.0,702.0,2026-04-15 00:00:00+00:00,-0.006511237135055636,0.016330038676407366,0.07990867579908678,-0.77599419428797,0.012727338595902228,0.025474254742547497,0.03364587348398618,0.1263694833176066,0.7015854941696845,-0.7315395030513377,21,0.0,REGIME_OOS,True,True
2026-04-16 00:00:00+00:00,ETH,2026-04-16 04:00:00+00:00,2365.0,467.0,2026-04-16 00:00:00+00:00,0.0,0.013716245177882502,0.08163731991767675,-0.2777382923025316,0.012686673771629567,0.023145143845987537,0.03369168574699488,0.12655736839184575,0.6828826258011755,-0.8665738249037452,23,-0.007188160676532718,REGIME_OOS,True,True
2026-04-16 04:00:00+00:00,ETH,2026-04-16 08:00:00+00:00,2348.0,751.0,2026-04-16 00:00:00+00:00,-0.007188160676532718,0.011850894203835338,0.07459954233409616,-0.8529951929954795,0.012806646317886385,0.012418075198344258,0.03516767020322176,0.11735401893825874,0.6058172128291374,-0.7000787326544484,23,-0.003620102214650811,REGIME_OOS,True,True
2026-04-16 08:00:00+00:00,ETH,2026-04-16 12:00:00+00:00,2339.5,1016.0,2026-04-16 00:00:00+00:00,-0.003620102214650811,-0.0008541533205210783,0.05169701056417164,-0.5518447374624326,0.012850428152359619,0.005695862439548671,0.03649625279592206,0.10644701903797417,0.5535088957025341,-0.540421021542905,23,0.002350929685830394,REGIME_OOS,True,True
2026-04-16 12:00:00+00:00,ETH,2026-04-16 16:00:00+00:00,2345.0,5143.0,2026-04-16 00:00:00+00:00,0.002350929685830394,0.003637919965760794,0.05488079172289706,-0.0776974887951574,0.012546049576677105,0.004702177568792099,0.03824887457518544,0.09073208458563105,0.551824859863704,2.0463424113102215,23,0.008102345415778256,REGIME_OOS,True,True
2026-04-16 16:00:00+00:00,ETH,2026-04-16 20:00:00+00:00,2364.0,2931.0,2026-04-16 00:00:00+00:00,0.008102345415778256,-0.006931316950220534,0.07674789341835564,0.4206263348136435,0.012563950103253141,0.009135148979766194,0.0402955778778431,0.07078728263836839,0.6290507085352454,0.630365681852825,23,-0.004864636209813922,REGIME_OOS,True,True
2026-04-16 20:00:00+00:00,ETH,2026-04-17 00:00:00+00:00,2352.5,564.0,2026-04-16 00:00:00+00:00,-0.004864636209813922,-0.005285412262156397,0.07420091324200917,-0.6353366458641208,0.012317190759156745,0.001255559575237708,0.04150874813268279,0.04802490294681727,0.5261439273834273,-0.8006572023774547,23,-0.01041445270988306,REGIME_OOS,True,True
2026-04-17 00:00:00+00:00,ETH,2026-04-17 04:00:00+00:00,2328.0,552.0,2026-04-17 00:00:00+00:00,-0.01041445270988306,-0.01564482029598313,0.06617815433936336,-1.1189528377170448,0.012530044014752138,-0.01041445270988306,0.04082327904682259,0.03684448569314763,0.21734026099270556,-0.7987791865816157,23,0.004295532646048095,REGIME_OOS,True,True
2026-04-17 04:00:00+00:00,ETH,2026-04-17 08:00:00+00:00,2338.0,712.0,2026-04-17 00:00:00+00:00,0.004295532646048095,-0.004258943781942026,0.05220522052205223,0.09507341620511059,0.012478734747114167,-0.005360333531864159,0.03791163665586339,0.03600811052703252,0.35113538440624426,-0.696019482344611,23,0.009195893926432941,REGIME_OOS,True,True
2026-04-17 08:00:00+00:00,ETH,2026-04-17 12:00:00+00:00,2359.5,1572.0,2026-04-17 00:00:00+00:00,0.009195893926432941,0.00854883522120109,0.058309037900874605,0.4687587737127122,0.012238441881113398,0.004085280224690457,0.035312259059367745,0.0350423951820618,0.6165810785326007,-0.17611598762937683,23,0.03814367450731093,REGIME_OOS,True,True
2026-04-17 12:00:00+00:00,ETH,2026-04-17 16:00:00+00:00,2449.5,7540.0,2026-04-17 00:00:00+00:00,0.03814367450731093,0.04456289978678041,0.08408940030980316,2.866256090066028,0.013813680516377436,0.0409451161209442,0.033497593197709064,0.050189959514729335,1.3158029318379505,3.3736128625079345,23,-0.006736068585425636,REGIME_OOS,True,True
2026-04-17 16:00:00+00:00,ETH,2026-04-17 20:00:00+00:00,2433.0,5056.0,2026-04-17 00:00:00+00:00,-0.006736068585425636,0.02918781725888331,0.07654867256637177,-0.7934293160224077,0.013840250833311992,0.032792104425342306,0.03147289469190451,0.0578167728202757,1.0671728604997894,1.538642243490004,23,-0.0008220304151254076,REGIME_OOS,True,True
2026-04-17 20:00:00+00:00,ETH,2026-04-18 00:00:00+00:00,2431.0,427.0,2026-04-17 00:00:00+00:00,-0.0008220304151254076,0.033368756641870334,0.10802187784867812,-0.3159678452319315,0.013850213456237024,0.030641554229509538,0.0299524481142992,0.06424250534050989,0.9769669873100005,-0.8383392939179154,23,,REGIME_OOS,True,False
2026-04-19 20:00:00+00:00,ETH,2026-04-20 00:00:00+00:00,2265.5,1562.0,2026-04-19 00:00:00+00:00,,-0.026847079037800703,0.030475324084603184,,,-0.03846357896970665,0.028659931542733386,0.07194623447552317,-0.0346155952441445,-0.26563080139977246,26,0.010372986095784631,REGIME_OOS,False,True
2026-04-20 00:00:00+00:00,ETH,2026-04-20 04:00:00+00:00,2289.0,1313.0,2026-04-20 00:00:00+00:00,0.010372986095784631,-0.020958083832335328,0.0454441653345512,0.4950623740440528,0.013903092215008428,-0.02770550818209816,0.02739980099849859,0.0756925855688598,0.13397328848155704,-0.40485385807374863,27,0.00415028396679773,REGIME_OOS,True,True
2026-04-20 04:00:00+00:00,ETH,2026-04-20 08:00:00+00:00,2298.5,1153.0,2026-04-20 00:00:00+00:00,0.00415028396679773,-0.025852934943843997,0.04834663625997715,0.025650372887285423,0.013823062230960118,-0.022954303931987274,0.02631108241463398,0.0783113913217212,0.20688422789367014,-0.49701912145761823,27,0.0056558625190341605,REGIME_OOS,True,True
2026-04-20 08:00:00+00:00,ETH,2026-04-20 12:00:00+00:00,2311.5,1145.0,2026-04-20 00:00:00+00:00,0.0056558625190341605,-0.05633802816901412,0.044273774565168234,0.11483696965375761,0.013816358710305112,-0.017240279755957655,0.025600216278441,0.07895830088656203,0.28165335927470825,-0.512653078875578,27,0.0021630975556996557,REGIME_OOS,True,True
2026-04-20 12:00:00+00:00,ETH,2026-04-20 16:00:00+00:00,2316.5,4098.0,2026-04-20 00:00:00+00:00,0.0021630975556996557,-0.04788327168105222,0.020934332304980208,-0.14824619503604036,0.013783324932543478,-0.014590777607623062,0.02420661891566911,0.08007436535524287,0.31778466125966387,0.9999478747316876,27,0.007986186056550881,REGIME_OOS,True,True
2026-04-20 16:00:00+00:00,ETH,2026-04-20 20:00:00+00:00,2335.0,3793.0,2026-04-20 00:00:00+00:00,0.007986186056550881,-0.03948992184286304,-0.017255892255892302,0.2918042562353831,0.013222583590410708,-0.0066894256027395516,0.02312640636493013,0.08011976348801558,0.41650717236902285,0.8202038408057238,27,-0.007708779443254765,REGIME_OOS,True,True
2026-04-20 20:00:00+00:00,ETH,2026-04-21 00:00:00+00:00,2317.0,676.0,2026-04-20 00:00:00+00:00,-0.007708779443254765,0.022732288677995927,-0.02380450811038548,-0.8397268436352777,0.010468387951740496,-0.013013567336159104,0.02067391304347832,0.08027497543292696,0.33788761982204,-0.7194474260828584,27,-0.0015105740181269312,REGIME_OOS,True,True
2026-04-21 00:00:00+00:00,ETH,2026-04-21 04:00:00+00:00,2313.5,847.0,2026-04-21 00:00:00+00:00,-0.0015105740181269312,0.010703363914372988,-0.029775634304885723,-0.2938640017493996,0.01047267440739021,-0.013422317935159134,0.01846060969306884,0.08104840077198876,0.33439132904152147,-0.6165858900698021,29,0.003674086881348515,REGIME_OOS,True,True
2026-04-21 04:00:00+00:00,ETH,2026-04-21 08:00:00+00:00,2322.0,436.0,2026-04-21 00:00:00+00:00,0.003674086881348515,0.010224059169023247,-0.024779504409911834,0.20278087115402618,0.010464386257685235,-0.008888841462763919,0.01633061192618368,0.08115530112660531,0.3904712158125448,-0.8103140027851639,29,0.00021533161068054696,REGIME_OOS,True,True
2026-04-21 08:00:00+00:00,ETH,2026-04-21 12:00:00+00:00,2322.5,904.0,2026-04-21 00:00:00+00:00,0.00021533161068054696,0.0047588146225394645,-0.020662028252161124,-0.12452553147297955,0.010452328645944588,-0.008135636650936418,0.01456716624854315,0.08153342250832729,0.4002171575698849,-0.5649992663949264,29,-0.003875134553283144,REGIME_OOS,True,True
2026-04-21 12:00:00+00:00,ETH,2026-04-21 16:00:00+00:00,2313.5,2485.0,2026-04-21 00:00:00+00:00,-0.003875134553283144,-0.0012950571983595394,-0.0017259978425027134,-0.5213818305774357,0.010450242284660105,-0.0114304027347506,0.013222439180676338,0.08228135676854395,0.3610814990945751,0.3608933397925178,29,-0.005403068943159672,REGIME_OOS,True,True
2026-04-21 16:00:00+00:00,ETH,2026-04-21 20:00:00+00:00,2301.0,3508.0,2026-04-21 00:00:00+00:00,-0.005403068943159672,-0.0145610278372591,-0.011173184357541888,-0.6680624842183027,0.009492000286232932,-0.015846538782318675,0.011586703414140365,0.08367737452796116,0.310623374936035,0.9785462642618118,29,0.013255106475445366,REGIME_OOS,True,True
2026-04-21 20:00:00+00:00,ETH,2026-04-22 00:00:00+00:00,2331.5,902.0,2026-04-21 00:00:00+00:00,0.013255106475445366,0.006258092360811318,-0.0006429489927132215,1.1691792328220745,0.009701476310409235,-0.0021079212900051436,0.009695374655897648,0.08310376694832189,0.47463506929456134,-0.5589381647170469,29,0.01501179498177141,REGIME_OOS,True,True
2026-04-22 00:00:00+00:00,ETH,2026-04-22 04:00:00+00:00,2366.5,1207.0,2026-04-22 00:00:00+00:00,0.01501179498177141,0.022909012318997224,0.01982331394096093,1.2935497990976752,0.009968502522619223,0.012568861314649515,0.008459473920397587,0.08366718978183874,0.6502244947801232,-0.3917909069524442,33,0.01162053665751106,REGIME_OOS,True,True
2026-04-22 04:00:00+00:00,ETH,2026-04-22 08:00:00+00:00,2394.0,1615.0,2026-04-22 00:00:00+00:00,0.01162053665751106,0.03100775193798455,0.022421524663677195,0.8771266089467794,0.009966825147244514,0.02289114156616856,0.00805218522394946,0.08620608273804499,0.7655397489261625,-0.1703023479096753,33,0.003550543024227304,REGIME_OOS,True,True
2026-04-22 08:00:00+00:00,ETH,2026-04-22 12:00:00+00:00,2402.5,973.0,2026-04-22 00:00:00+00:00,0.003550543024227304,0.034445640473627526,0.028247378557671787,0.010805548881436056,0.009910559347009879,0.025110404710600998,0.007874117333379171,0.08926937952306353,0.7812879942120965,-0.5553147506642919,33,0.0014568158168575263,REGIME_OOS,True,True
2026-04-22 12:00:00+00:00,ETH,2026-04-22 16:00:00+00:00,2406.0,3561.0,2026-04-22 00:00:00+00:00,0.0014568158168575263,0.03998271017938193,0.010712035286704502,-0.18189916803684503,0.009864724527109004,0.025586376666417943,0.007344763769553397,0.09215791953240812,0.7776362226517102,0.954432970580719,33,-0.0027015793848711445,REGIME_OOS,True,True
2026-04-22 16:00:00+00:00,ETH,2026-04-22 20:00:00+00:00,2399.5,2538.0,2026-04-22 00:00:00+00:00,-0.0027015793848711445,0.042807475010864904,0.014587737843551718,-0.6164244785167826,0.009477410581813464,0.023906805065127656,0.0050628948350324166,0.08536960844958355,0.7800388276261832,0.35046889041722484,33,-0.008960200041675304,REGIME_OOS,True,True
2026-04-22 20:00:00+00:00,ETH,2026-04-23 00:00:00+00:00,2378.0,709.0,2026-04-22 00:00:00+00:00,-0.008960200041675304,0.0199442419043534,0.0054968287526426796,-1.2262533166785192,0.009569244826704517,0.015924553290113108,0.0028684292832568126,0.07895075214058032,0.7017023632879109,-0.7270249698499938,33,-0.014718250630782137,REGIME_OOS,True,True
2026-04-23 00:00:00+00:00,ETH,2026-04-23 04:00:00+00:00,2343.0,1787.0,2026-04-23 00:00:00+00:00,-0.014718250630782137,-0.00993027678005498,-0.002129471890971013,-1.8076791810592165,0.01007025565512824,0.002857051138005273,-0.00029310957163231066,0.07028866020275724,0.5406473978841498,-0.11620884513302807,32,0.0008536064874093974,REGIME_OOS,True,True
2026-04-23 04:00:00+00:00,ETH,2026-04-23 08:00:00+00:00,2345.0,502.0,2026-04-23 00:00:00+00:00,0.0008536064874093974,-0.020467836257309968,0.002350929685830394,-0.12270385394954428,0.009920706257154022,0.0020082895355295616,0.00015385009872059818,0.06415183359238008,0.5313052554084455,-0.8806205913490003,32,-0.006183368869935979,REGIME_OOS,True,True
2026-04-23 08:00:00+00:00,ETH,2026-04-23 12:00:00+00:00,2330.5,1387.0,2026-04-23 00:00:00+00:00,-0.006183368869935979,-0.029968782518210224,-0.006183368869935979,-0.8608957084877576,0.009984793211580242,-0.005069640855968838,-0.00016433608222787832,0.06087511706857255,0.4167206389063999,-0.35606405856496315,32,0.0017163698777087344,REGIME_OOS,True,True
2026-04-23 12:00:00+00:00,ETH,2026-04-23 16:00:00+00:00,2334.5,2528.0,2026-04-23 00:00:00+00:00,0.0017163698777087344,-0.0297173732335827,-0.012478849407783432,-0.05563585150864337,0.00998529210161614,-0.004127251591711456,-0.0006075204638470444,0.05834950985712804,0.4292667307434587,0.39395726128677805,32,-0.008995502248875575,REGIME_OOS,True,True
2026-04-23 16:00:00+00:00,ETH,2026-04-23 20:00:00+00:00,2313.5,3296.0,2026-04-23 00:00:00+00:00,-0.008995502248875575,-0.035840800166701436,-0.016578108395324143,-1.1262797814020902,0.010126727174618929,-0.013127726056030187,-0.0014163400920087499,0.058180148749999314,0.2743607340634324,0.8742513337306537,32,0.004754700669980627,REGIME_OOS,True,True
2026-04-23 20:00:00+00:00,ETH,2026-04-24 00:00:00+00:00,2324.5,254.0,2026-04-23 00:00:00+00:00,0.004754700669980627,-0.022497897392767086,-0.0015034364261168331,0.3035431404338284,0.010064428990892948,-0.008604604049601838,-0.001717964329355226,0.05766294442175877,0.35077758106374224,-1.0438224171206818,32,-0.009034200903420109,REGIME_OOS,True,True
2026-04-24 00:00:00+00:00,ETH,2026-04-24 04:00:00+00:00,2303.5,80.0,2026-04-24 00:00:00+00:00,-0.009034200903420109,-0.01685872812633371,-0.01475620188195037,-1.0965001171100732,0.010008714570522327,-0.016900687123895697,-0.0017722791680513383,0.05972910661635683,0.21704436779124037,-1.137465561555805,46,0.004992402865205081,REGIME_OOS,True,True
2026-04-24 04:00:00+00:00,ETH,2026-04-24 08:00:00+00:00,2315.0,24.0,2026-04-24 00:00:00+00:00,0.004992402865205081,-0.01279317697228144,-0.01885992795083702,0.29423836469367937,0.010014918751567152,-0.011950490823730231,-0.0013170850223137576,0.05987043057788755,0.3003941059320854,-1.1445600281694492,46,0.005399568034557323,REGIME_OOS,True,True
2026-04-24 08:00:00+00:00,ETH,2026-04-24 12:00:00+00:00,2327.5,124.0,2026-04-24 00:00:00+00:00,0.005399568034557323,-0.0012872774082814953,-0.04980608287405597,0.3323925088700685,0.009945527118561523,-0.006912147459145701,-0.0005330604064052169,0.05902746572622145,0.38289947104953936,-1.03170643751149,46,-0.006229860365198681,REGIME_OOS,True,True
2026-04-24 12:00:00+00:00,ETH,2026-04-24 16:00:00+00:00,2313.0,218.0,2026-04-24 00:00:00+00:00,-0.006229860365198681,-0.009209680873848769,-0.04932182490752157,-0.8218770243099092,0.007332652682429533,-0.012909420676410988,-0.0001450765705606205,0.0596429908094975,0.28355510846791265,-1.045412902152271,46,,REGIME_OOS,True,False
2026-04-26 20:00:00+00:00,ETH,2026-04-27 00:00:00+00:00,2384.0,1066.0,2026-04-26 00:00:00+00:00,,0.0304733088394209,-0.01933360756890168,,,0.0160570253481509,0.0010602259539898018,0.06088667342813806,0.7637198658439163,-0.33298046222367905,31,0.010486577181208157,REGIME_OOS,False,True
2026-04-27 00:00:00+00:00,ETH,2026-04-27 04:00:00+00:00,2409.0,2011.0,2026-04-27 00:00:00+00:00,0.010486577181208157,0.036351903635190475,0.06334142573383361,1.3667025531029504,0.007423064264525157,0.024626770447875534,0.002314903630945553,0.06369423396624119,0.8866404996868009,0.43621681768261317,33,-0.03424657534246578,REGIME_OOS,True,True
2026-04-27 04:00:00+00:00,ETH,2026-04-27 08:00:00+00:00,2326.5,2682.0,2026-04-27 00:00:00+00:00,-0.03424657534246578,0.009984805730410162,0.016382699868938477,-4.7535201523758595,0.009830161826119913,-0.01099952175992347,0.002862733729526168,0.06130035846856613,0.3205635002026315,0.9821010878899097,33,0.0019342359767891004,REGIME_OOS,True,True
2026-04-27 08:00:00+00:00,ETH,2026-04-27 12:00:00+00:00,2331.0,893.0,2026-04-27 00:00:00+00:00,0.0019342359767891004,0.006911447084233302,0.01413965629758529,0.20439920304186465,0.009639774881951021,-0.009076030352626052,0.0028691774456219843,0.06132721057882565,0.35200647042375466,-0.5400283418421122,33,-0.020377520377520386,REGIME_OOS,True,True
2026-04-27 12:00:00+00:00,ETH,2026-04-27 16:00:00+00:00,2283.5,3083.0,2026-04-27 00:00:00+00:00,-0.020377520377520386,-0.018904403866809916,-0.012113346311918627,-2.0769351655847683,0.010264295516780111,-0.027553019333957818,0.0014158507045134439,0.0664461618335975,0.0853331693866766,1.2623760079213087,33,0.007006787825706073,REGIME_OOS,True,True
2026-04-27 16:00:00+00:00,ETH,2026-04-27 20:00:00+00:00,2299.5,2186.0,2026-04-27 00:00:00+00:00,0.007006787825706073,-0.005836575875486361,-0.007338657457371056,0.7970068893039663,0.010298199284368592,-0.01876486841122693,-0.0002410368423747533,0.06638124211595724,0.21731670253401247,0.4637340288454192,33,0.006305718634485702,REGIME_OOS,True,True
2026-04-27 20:00:00+00:00,ETH,2026-04-28 00:00:00+00:00,2314.0,679.0,2026-04-27 00:00:00+00:00,0.006305718634485702,-0.02936241610738255,-0.008993576017130578,0.7219334177417113,0.010371377344289811,-0.01070947606934447,-0.0019371989127791034,0.06293139751292104,0.3298230058033336,-0.741448114135112,33,-0.0062662057044079456,REGIME_OOS,True,True
2026-04-28 00:00:00+00:00,ETH,2026-04-28 04:00:00+00:00,2299.5,694.0,2026-04-28 00:00:00+00:00,-0.0062662057044079456,-0.045454545454545414,-0.007552870090634434,-0.5086496544397294,0.010271941936123494,-0.014665395451477714,-0.003520540399748917,0.058647841886832176,0.24994143041484232,-0.6808819617034307,47,-0.0015220700152207556,REGIME_OOS,True,True
2026-04-28 04:00:00+00:00,ETH,2026-04-28 08:00:00+00:00,2296.0,696.0,2026-04-28 00:00:00+00:00,-0.0015220700152207556,-0.013109821620459927,-0.0075642965204235635,-0.005469470917372637,0.010204165071183246,-0.013978656245302923,-0.00514400215330324,0.0540444417144173,0.24134886397440763,-0.679867970051386,47,-0.005444250871080136,REGIME_OOS,True,True
2026-04-28 08:00:00+00:00,ETH,2026-04-28 12:00:00+00:00,2283.5,482.0,2026-04-28 00:00:00+00:00,-0.005444250871080136,-0.020377520377520386,-0.016580534022394455,-0.4100861326677705,0.010232734111755553,-0.017352855744300788,-0.00647082464001103,0.05289822085242697,0.1719576676744761,-0.8684884665052811,47,0.002408583315086421,REGIME_OOS,True,True
2026-04-28 12:00:00+00:00,ETH,2026-04-28 16:00:00+00:00,2289.0,2153.0,2026-04-28 00:00:00+00:00,0.002408583315086421,0.002408583315086421,-0.014424111948331486,0.3712956982261266,0.01021372548313995,-0.013840271420108796,-0.0071242803001139166,0.05398183671306256,0.24361243961230933,0.6549463753478508,47,0.009829619921362998,REGIME_OOS,True,True
2026-04-28 16:00:00+00:00,ETH,2026-04-28 20:00:00+00:00,2311.5,1840.0,2026-04-28 00:00:00+00:00,0.009829619921362998,0.005218525766470972,-0.0008644910309055787,1.1026916901049801,0.010416057476018266,-0.0034275367005107693,-0.007603049777085591,0.053242299185461146,0.4356238037622768,0.3302440159063245,47,-0.0047588146225394645,REGIME_OOS,True,True
2026-04-28 20:00:00+00:00,ETH,2026-04-29 00:00:00+00:00,2300.5,412.0,2026-04-28 00:00:00+00:00,-0.0047588146225394645,-0.00583405358686262,-0.00021729682746629564,-0.35006725088149093,0.010425384783292458,-0.007528203800772126,-0.007867039330916481,0.053558426515788696,0.35943941428987114,-0.9633161709165777,47,0.010215170615083702,REGIME_OOS,True,True
2026-04-29 00:00:00+00:00,ETH,2026-04-29 04:00:00+00:00,2324.0,627.0,2026-04-29 00:00:00+00:00,0.010215170615083702,0.010654490106544845,-0.0032168132103795877,1.0893718428963046,0.010593861044213287,0.002837200772408899,-0.007751987771512203,0.05321401227115758,0.5533167985520749,-0.7063174654672815,33,0.004733218588640176,REGIME_OOS,True,True
2026-04-29 04:00:00+00:00,ETH,2026-04-29 08:00:00+00:00,2335.0,1327.0,2026-04-29 00:00:00+00:00,0.004733218588640176,0.016986062717770034,-0.01331079653496725,0.5054399524604796,0.010319652504654763,0.007116670260944646,-0.007142918318930325,0.05358600740172444,0.6328083693116415,-0.016039584044496603,33,0.0040685224839400735,REGIME_OOS,True,True
2026-04-29 08:00:00+00:00,ETH,2026-04-29 12:00:00+00:00,2344.5,1620.0,2026-04-29 00:00:00+00:00,0.0040685224839400735,0.02671337858550471,-0.020676691729323293,0.4819859433422424,0.009923417908144867,0.010778184953653902,-0.006855033804179955,0.05446126084714188,0.6979055347966562,0.26384605279043344,33,-0.0270846662401365,REGIME_OOS,True,True
2026-04-29 12:00:00+00:00,ETH,2026-04-29 16:00:00+00:00,2281.0,3697.0,2026-04-29 00:00:00+00:00,-0.0270846662401365,-0.003494975972040182,-0.050572320499479684,-2.6013703912984343,0.01067713171916814,-0.016121205585808984,-0.006851955773934715,0.056187763503757066,0.21308333735812318,2.2751169312228785,33,-0.017974572555896517,REGIME_OOS,True,True
2026-04-29 16:00:00+00:00,ETH,2026-04-29 20:00:00+00:00,2240.0,6729.0,2026-04-29 00:00:00+00:00,-0.017974572555896517,-0.03093229504650663,-0.06899418121363254,-1.4436665967972213,0.01097150513426591,-0.03224064373278612,-0.007442173603547153,0.06392825929052708,-0.004325381147418863,4.744886691987269,33,0.008482142857142883,REGIME_OOS,True,True
2026-04-29 20:00:00+00:00,ETH,2026-04-30 00:00:00+00:00,2259.0,779.0,2026-04-29 00:00:00+00:00,0.008482142857142883,-0.018039556618126507,-0.05855386538862262,1.0718675978571564,0.011149577280337728,-0.02258566978193144,-0.007288986628983363,0.06725781007762363,0.16419260817643633,-0.5355102494665446,33,0.0017706949977867037,REGIME_OOS,True,True
2026-04-30 00:00:00+00:00,ETH,2026-04-30 04:00:00+00:00,2263.0,1213.0,2026-04-30 00:00:00+00:00,0.0017706949977867037,-0.026247848537005125,-0.04835996635828432,0.43179891979111323,0.011184153817905662,-0.019794689652185116,-0.006912511775358454,0.06985846171411735,0.21664578396828732,-0.19153986423655006,26,0.002209456473707405,REGIME_OOS,True,True
2026-04-30 04:00:00+00:00,ETH,2026-04-30 08:00:00+00:00,2268.0,724.0,2026-04-30 00:00:00+00:00,0.002209456473707405,-0.028693790149892928,-0.03201024327784896,0.45636542308379957,0.011161162475330942,-0.015154804811324918,-0.008016334196277453,0.06450330419937103,0.26505382166960895,-0.5495865263165064,26,-0.0008818342151675207,REGIME_OOS,True,True
2026-04-30 08:00:00+00:00,ETH,2026-04-30 12:00:00+00:00,2266.0,1243.0,2026-04-30 00:00:00+00:00,-0.0008818342151675207,-0.03348261889528681,-0.033688699360341134,0.14697828473043095,0.010923152849835386,-0.012958728084503934,-0.011100485888555722,0.049418296155642936,0.23777468887857933,-0.15742280391451274,26,0.004192409532215446,REGIME_OOS,True,True
2026-04-30 12:00:00+00:00,ETH,2026-04-30 16:00:00+00:00,2275.5,2623.0,2026-04-30 00:00:00+00:00,0.004192409532215446,-0.0024112231477422252,-0.023600085818493932,0.5724975626591652,0.010970779134853247,-0.007718472004186183,-0.012084006462035668,0.04838414394397321,0.34047517688596757,0.8017929241765871,26,-0.0024170511975389886,REGIME_OOS,True,True
2026-04-30 16:00:00+00:00,ETH,2026-04-30 20:00:00+00:00,2270.0,1584.0,2026-04-30 00:00:00+00:00,-0.0024170511975389886,0.013392857142857206,-0.027629042621546418,-0.04259276171302495,0.010942174096484762,-0.008798550313298348,-0.013155626799041586,0.04663043705998181,0.3113131493496294,0.03592960149490979,26,-0.0022026431718061845,REGIME_OOS,True,True
2026-04-30 20:00:00+00:00,ETH,2026-05-01 00:00:00+00:00,2265.0,287.0,2026-04-30 00:00:00+00:00,-0.0022026431718061845,0.0026560424966799445,-0.020963907499459644,-0.03458286030186875,0.01092182160292965,-0.010582183926874822,-0.013158745554477935,0.04762288798024181,0.2777920580695315,-0.8590250027827531,26,0.012582781456953684,REGIME_OOS,True,True
2026-05-01 00:00:00+00:00,ETH,2026-05-01 04:00:00+00:00,2293.5,1203.0,2026-05-01 00:00:00+00:00,0.012582781456953684,0.013477684489615616,-0.013336201333620123,1.3310642901363652,0.011150307379938013,0.001998754874012798,-0.013092368785274755,0.04747855038252174,0.5420980602379265,-0.14261302832346687,29,-0.001526051885764157,REGIME_OOS,True,True
2026-05-01 04:00:00+00:00,ETH,2026-05-01 08:00:00+00:00,2290.0,709.0,2026-05-01 00:00:00+00:00,-0.001526051885764157,0.00970017636684295,-0.0058606468417625734,-0.026049752482027497,0.011092770484361109,0.0009944377055808307,-0.01322685139256119,0.046378473376959266,0.5214417947201114,-0.5274092402977547,29,0.0032751091703056012,REGIME_OOS,True,True
2026-05-01 08:00:00+00:00,ETH,2026-05-01 12:00:00+00:00,2297.5,784.0,2026-05-01 00:00:00+00:00,0.0032751091703056012,0.013901147396293112,-0.0075593952483801186,0.4255074720876214,0.011029847727001564,0.004316704005245642,-0.013103968938740329,0.046305326113515906,0.5932226239949885,-0.4940331146576081,29,0.01001088139281836,REGIME_OOS,True,True
2026-05-01 12:00:00+00:00,ETH,2026-05-01 16:00:00+00:00,2320.5,4903.0,2026-05-01 00:00:00+00:00,0.01001088139281836,0.019775873434410007,-0.003007518796992459,1.0014207709260254,0.0111616761974563,0.013827904843043415,-0.012635129888617591,0.04795326016330659,0.7883621425519778,2.56546426238409,29,-0.0021547080370609706,REGIME_OOS,True,True
2026-05-01 16:00:00+00:00,ETH,2026-05-01 20:00:00+00:00,2315.5,2344.0,2026-05-01 00:00:00+00:00,-0.0021547080370609706,0.020044052863436024,0.001080847384349326,-0.1153369270638084,0.011100463137040925,0.010936715492588789,-0.011889508673388116,0.0489642155052609,0.7233613952502475,0.4874792314176659,29,-0.008637443316778182,REGIME_OOS,True,True
2026-05-01 20:00:00+00:00,ETH,2026-05-02 00:00:00+00:00,2295.5,321.0,2026-05-01 00:00:00+00:00,-0.008637443316778182,0.013465783664459163,-0.03712248322147649,-0.6772942189896739,0.011147290170385746,0.002062620728792597,-0.011519027215023181,0.04899214459879386,0.5421010499883975,-0.9722177095896029,29,,REGIME_OOS,True,False
2026-05-03 20:00:00+00:00,ETH,2026-05-04 00:00:00+00:00,2332.5,584.0,2026-05-03 00:00:00+00:00,,0.01700457815565737,-0.03175591531755917,,,0.01774786469298495,-0.011228077744461551,0.05103680554252949,0.8477463862465972,-0.761059368722488,39,0.028295819935691302,REGIME_OOS,False,True
2026-05-04 00:00:00+00:00,ETH,2026-05-04 04:00:00+00:00,2398.5,2769.0,2026-05-04 00:00:00+00:00,0.028295819935691302,0.04737991266375552,0.030947775628626717,2.6459557485149476,0.012214229249329574,0.044313097998236683,-0.009946978187774902,0.0657391730837221,1.174074466099562,0.7766083307508018,47,-0.009589326662497344,REGIME_OOS,True,True
2026-05-04 04:00:00+00:00,ETH,2026-05-04 08:00:00+00:00,2375.5,1323.0,2026-05-04 00:00:00+00:00,-0.009589326662497344,0.03394994559303588,0.019090519090519065,-0.7354988459165236,0.01059467864380898,0.033140521028139025,-0.009212816932967827,0.07183863074166796,0.9613189406033138,-0.2168133583267882,47,-0.011155546200799837,REGIME_OOS,True,True
2026-05-04 08:00:00+00:00,ETH,2026-05-04 12:00:00+00:00,2349.0,3122.0,2026-05-04 00:00:00+00:00,-0.011155546200799837,0.012281835811247532,0.02868403766148453,-1.0733387700174923,0.010789236417832377,0.021304347826087033,-0.008761684760357324,0.07311917185054564,0.7913647308483291,1.0091462212423987,47,0.004682843763303524,REGIME_OOS,True,True
2026-05-04 12:00:00+00:00,ETH,2026-05-04 16:00:00+00:00,2360.0,4268.0,2026-05-04 00:00:00+00:00,0.004682843763303524,0.019218311379831654,0.02631006740595776,0.45443778433749304,0.010124413834314894,0.025741326292227473,-0.008137003427241218,0.07482360889760785,0.8440267941025569,1.794360612596132,47,0.0025423728813558366,REGIME_OOS,True,True
2026-05-04 16:00:00+00:00,ETH,2026-05-04 20:00:00+00:00,2366.0,3287.0,2026-05-04 00:00:00+00:00,0.0025423728813558366,0.030712263123502614,0.022471910112359605,0.19035376967431755,0.01005983087386304,0.026453075346254407,-0.005992013523536843,0.07831344141669107,0.8377846110159112,1.0211490510981445,47,-0.004015215553677121,REGIME_OOS,True,True
2026-05-04 20:00:00+00:00,ETH,2026-05-05 00:00:00+00:00,2356.5,267.0,2026-05-04 00:00:00+00:00,-0.004015215553677121,0.01028938906752419,0.024787997390737226,-0.4454900207212945,0.010029681755002576,0.019754635740095727,-0.0030544494441160364,0.07580345468798202,0.7606033698781752,-1.0012825987838034,47,0.016125610014852576,REGIME_OOS,True,True
2026-05-05 00:00:00+00:00,ETH,2026-05-05 04:00:00+00:00,2394.5,879.0,2026-05-05 00:00:00+00:00,0.016125610014852576,-0.0016677089847821902,0.042900696864111465,1.5955942406351105,0.01036542735053496,0.03316973194541828,-8.844479534730887e-05,0.07902042924439963,0.9197614751348504,-0.5905019772813211,40,-0.00041762372102738254,REGIME_OOS,True,True
2026-05-05 04:00:00+00:00,ETH,2026-05-05 08:00:00+00:00,2393.5,1298.0,2026-05-05 00:00:00+00:00,-0.00041762372102738254,0.0075773521363924345,0.048171666301729754,-0.12409764749709964,0.010358602330260194,0.029838865821913307,0.0025925957880026385,0.08067707375469982,0.8698555789546729,-0.32586345622677987,40,-0.001044495508669363,REGIME_OOS,True,True
2026-05-05 08:00:00+00:00,ETH,2026-05-05 12:00:00+00:00,2391.0,725.0,2026-05-05 00:00:00+00:00,-0.001044495508669363,0.017879948914431676,0.044560943643512374,-0.18825047544513607,0.010296561806749543,0.026048148307084906,0.004829459704195793,0.08100165545941389,0.8215755055788501,-0.7206818169740569,40,0.0008364700961940308,REGIME_OOS,True,True
2026-05-05 12:00:00+00:00,ETH,2026-05-05 16:00:00+00:00,2393.0,2993.0,2026-05-05 00:00:00+00:00,0.0008364700961940308,0.013983050847457656,0.03525849015790605,-0.02094919885724802,0.010293420506546908,0.02411572122483041,0.007150677137660377,0.07981186198757087,0.8021571057769072,0.7826888044772327,40,-0.004596740493104878,REGIME_OOS,True,True
2026-05-05 16:00:00+00:00,ETH,2026-05-05 20:00:00+00:00,2382.0,2581.0,2026-05-05 00:00:00+00:00,-0.004596740493104878,0.006762468300929747,0.03542708106933268,-0.5436979410888567,0.010203275415638953,0.017090276369303714,0.008997927697762531,0.07743112268237332,0.7207158540036798,0.48637276423999937,40,-0.00482787573467669,REGIME_OOS,True,True
2026-05-05 20:00:00+00:00,ETH,2026-05-06 00:00:00+00:00,2370.5,866.0,2026-05-05 00:00:00+00:00,-0.00482787573467669,0.0059410142159983526,0.020008605851979278,-0.524024676337338,0.010204514933981865,0.010012782275244936,0.010849294300567358,0.07228526496704844,0.6385176118508988,-0.665550374991443,40,0.006960556844547661,REGIME_OOS,True,True
2026-05-06 00:00:00+00:00,ETH,2026-05-06 04:00:00+00:00,2387.0,750.0,2026-05-06 00:00:00+00:00,0.006960556844547661,-0.003132177907705147,0.022269807280513865,0.6314819039144858,0.010114756695507194,0.01440652755938987,0.012835301814675626,0.06561737881877026,0.7195535362541593,-0.7488126703225926,50,-0.0025136154168412528,REGIME_OOS,True,True
2026-05-06 04:00:00+00:00,ETH,2026-05-06 08:00:00+00:00,2381.0,590.0,2026-05-06 00:00:00+00:00,-0.0025136154168412528,-0.005222477543346593,0.01556835146086577,-0.2888570337996845,0.01009441643269225,0.009978896913010793,0.014225115190521498,0.0617364529311795,0.6616370302993391,-0.8343649158324322,50,0.017219655606887763,REGIME_OOS,True,True
2026-05-06 08:00:00+00:00,ETH,2026-05-06 12:00:00+00:00,2422.0,3157.0,2026-05-06 00:00:00+00:00,0.017219655606887763,0.012965286491007921,0.061814993423936926,1.6893610100477274,0.01054520352460117,0.024502183729365745,0.016028588865298676,0.06000163375730517,0.9083586095084046,0.835558019535467,50,-0.022708505367464937,REGIME_OOS,True,True
2026-05-06 12:00:00+00:00,ETH,2026-05-06 16:00:00+00:00,2367.0,5775.0,2026-05-06 00:00:00+00:00,-0.022708505367464937,-0.01086502298370251,0.05669642857142865,-2.210807831587806,0.010172651843606372,-0.00023230765981718804,0.01706747085255733,0.05374724029800661,0.4956777751093984,2.5492841296585245,50,-0.004435994930291454,REGIME_OOS,True,True
2026-05-06 16:00:00+00:00,ETH,2026-05-06 20:00:00+00:00,2356.5,2602.0,2026-05-06 00:00:00+00:00,-0.004435994930291454,-0.010705289672544027,0.0431606905710491,-0.5098749283404522,0.00959733514734243,-0.005423428366429617,0.017587184332588768,0.05060539376439309,0.3928290452262897,0.5542218726943133,50,0.0012730744748568057,REGIME_OOS,True,True
2026-05-06 20:00:00+00:00,ETH,2026-05-07 00:00:00+00:00,2359.5,471.0,2026-05-06 00:00:00+00:00,0.0012730744748568057,-0.004640371229698403,0.04264250994255403,0.00739823642849963,0.00949851105827478,-0.005081065126183337,0.01812538369402361,0.046065243604137975,0.38969850740728634,-0.9613011615753295,50,-0.012926467471922054,REGIME_OOS,True,True
2026-05-07 00:00:00+00:00,ETH,2026-05-07 04:00:00+00:00,2329.0,1631.0,2026-05-07 00:00:00+00:00,-0.012926467471922054,-0.024298282362798518,0.02689594356261016,-1.462148775493268,0.009828631967574787,-0.018634979827028553,0.019325839801050515,0.03894328414528918,0.021484121433996046,-0.13915210066853786,46,0.010304851867754428,REGIME_OOS,True,True
2026-05-07 04:00:00+00:00,ETH,2026-05-07 08:00:00+00:00,2353.0,650.0,2026-05-07 00:00:00+00:00,0.010304851867754428,-0.011759764804703865,0.03839364518976174,1.0004432432618588,0.009987823797617206,-0.008950194798357347,0.02025688514939117,0.03640708155370569,0.25416335458928374,-0.8392643898074157,46,-0.007012324691882732,REGIME_OOS,True,True
2026-05-07 08:00:00+00:00,ETH,2026-05-07 12:00:00+00:00,2336.5,707.0,2026-05-07 00:00:00+00:00,-0.007012324691882732,-0.03530140379851365,0.026807295099978035,-0.7763487609937847,0.01008443405452472,-0.014613162389557899,0.018837198310495795,0.03775606680463707,0.11295856199292695,-0.7793416718587395,46,-0.01583565161566447,REGIME_OOS,True,True
2026-05-07 12:00:00+00:00,ETH,2026-05-07 16:00:00+00:00,2299.5,3382.0,2026-05-07 00:00:00+00:00,-0.01583565161566447,-0.028517110266159662,0.012995594713656411,-1.6235925370727788,0.010488949610291148,-0.028660738800768804,0.01747984252239254,0.04642469357622718,-0.11735978404917544,1.0915551984932854,46,0.0015220700152207556,REGIME_OOS,True,True
2026-05-07 16:00:00+00:00,ETH,2026-05-07 20:00:00+00:00,2303.0,3011.0,2026-05-07 00:00:00+00:00,0.0015220700152207556,-0.02270316146827922,0.016777041942604765,0.15752881451521297,0.010483989876743247,-0.02623623179213974,0.016320952958011503,0.05211762319167202,-0.003404226544469819,0.7827305148977134,46,-0.002171081198436786,REGIME_OOS,True,True
2026-05-07 20:00:00+00:00,ETH,2026-05-08 00:00:00+00:00,2298.0,691.0,2026-05-07 00:00:00+00:00,-0.002171081198436786,-0.026064844246662444,0.0019620667102682177,-0.2071867182247464,0.010483762691045718,-0.027075086263468662,0.015001890814081431,0.05804423606653748,0.0335439296258141,-0.8384102604741833,46,-0.00543951261966924,REGIME_OOS,True,True
2026-05-08 00:00:00+00:00,ETH,2026-05-08 04:00:00+00:00,2285.5,947.0,2026-05-08 00:00:00+00:00,-0.00543951261966924,-0.01867754401030486,-0.0019650655021834496,-0.5190528538120265,0.010251796265684746,-0.030715565592629224,0.013520483823131313,0.0649178396973363,0.02685477927434018,-0.6488027732596338,47,0.0,REGIME_OOS,True,True
2026-05-08 04:00:00+00:00,ETH,2026-05-08 08:00:00+00:00,2285.5,754.0,2026-05-08 00:00:00+00:00,0.0,-0.028686782830429247,-0.005223068552774768,0.05839257790218641,0.010250821815002902,-0.029254048314308445,0.012116379143578104,0.07060682008693484,0.08567673380150327,-0.7866967619003643,47,0.007219426821264419,REGIME_OOS,True,True
2026-05-08 08:00:00+00:00,ETH,2026-05-08 12:00:00+00:00,2302.0,680.0,2026-05-08 00:00:00+00:00,0.007219426821264419,-0.014765675155146596,-0.007972419737125591,0.7577136133403194,0.010326559941024306,-0.020321310777742352,0.01007604317567301,0.07150203397749173,0.21579394812545755,-0.8353885785740237,47,-0.001520417028670673,REGIME_OOS,True,True
2026-05-08 12:00:00+00:00,ETH,2026-05-08 16:00:00+00:00,2298.5,1872.0,2026-05-08 00:00:00+00:00,-0.001520417028670673,-0.0004348771472059143,-0.007341826819261543,-0.10692175072039638,0.010137942312774638,-0.01982942430703627,0.007904203970583668,0.07192552202001619,0.22430614682896693,0.0655366206905773,47,0.010876658690450292,REGIME_OOS,True,True
2026-05-08 16:00:00+00:00,ETH,2026-05-08 20:00:00+00:00,2323.5,3193.0,2026-05-08 00:00:00+00:00,0.010876658690450292,0.008901432913591023,0.012197778261816561,1.1518430570119529,0.010354782544872258,-0.007740351251801614,0.006155201306234703,0.06999454009988205,0.3894149280678726,1.0293736054708775,47,-0.004088659350118373,REGIME_OOS,True,True
2026-05-08 20:00:00+00:00,ETH,2026-05-09 00:00:00+00:00,2314.0,306.0,2026-05-08 00:00:00+00:00,-0.004088659350118373,0.006962576153176636,-0.007931404072883175,-0.3594839824011447,0.010262382569251268,-0.010127584031142112,0.004436376135948716,0.06766529921394822,0.35032824581001076,-1.1241225902486236,47,,REGIME_OOS,True,False
2026-05-10 20:00:00+00:00,ETH,2026-05-11 00:00:00+00:00,2378.5,1332.0,2026-05-10 00:00:00+00:00,,0.04069131481076349,-0.008338544923910729,,,0.017540106951871692,0.0036884207633613997,0.06732942787196199,0.7605117480758498,-0.3730109919965239,38,-0.018499054025646444,REGIME_OOS,False,True
2026-05-11 00:00:00+00:00,ETH,2026-05-11 04:00:00+00:00,2334.5,1939.0,2026-05-11 00:00:00+00:00,-0.018499054025646444,0.0214395099540583,-0.01725952431067146,-1.7816914493777845,0.009289702244958476,-0.0005137646101810445,0.0028251013258226987,0.06605703078502992,0.4922224083632676,0.09771730838617931,47,0.0006425358749195809,REGIME_OOS,True,True
2026-05-11 04:00:00+00:00,ETH,2026-05-11 08:00:00+00:00,2336.0,401.0,2026-05-11 00:00:00+00:00,0.0006425358749195809,0.01476976542137276,-0.005534269902085942,0.2601826942347619,0.009180073966143293,0.0012215245483573334,0.001721665507440573,0.06281605335095235,0.5194460569105271,-1.029708406319691,47,0.001712328767123239,REGIME_OOS,True,True
2026-05-11 08:00:00+00:00,ETH,2026-05-11 12:00:00+00:00,2340.0,369.0,2026-05-11 00:00:00+00:00,0.001712328767123239,0.018055253426147555,-0.008474576271186418,0.3426715926208044,0.009009182326487888,0.0038179400283129272,0.0008801872007899725,0.05993517981658142,0.5637011524783412,-0.986397777603933,47,-0.0008547008547008517,REGIME_OOS,True,True
2026-05-11 12:00:00+00:00,ETH,2026-05-11 16:00:00+00:00,2338.0,2795.0,2026-05-11 00:00:00+00:00,-0.0008547008547008517,0.006240585323864956,-0.011834319526627168,0.016626567595726987,0.008945139530089592,0.004770295242597422,-0.0014119020337397536,0.04767215244802705,0.6000646079028645,0.9035639787942001,47,0.0034217279726260763,REGIME_OOS,True,True
2026-05-11 16:00:00+00:00,ETH,2026-05-11 20:00:00+00:00,2346.0,2240.0,2026-05-11 00:00:00+00:00,0.0034217279726260763,0.01382886776145198,-0.004455760661998709,0.5154537177816916,0.008959218224698282,0.008663499365823224,-0.0027697861776522226,0.04558207926502836,0.6900637159496611,0.5022448939932203,47,0.0,REGIME_OOS,True,True
2026-05-11 20:00:00+00:00,ETH,2026-05-12 00:00:00+00:00,2346.0,526.0,2026-05-11 00:00:00+00:00,0.0,-0.013664073996216053,-0.02025475046982672,0.1294494216762936,0.008945070320565896,0.008891230258136096,-0.0037381375720315635,0.04466244770001058,0.6990761974770571,-0.8799983945494033,47,-0.014279624893435594,REGIME_OOS,True,True
2026-05-12 00:00:00+00:00,ETH,2026-05-12 04:00:00+00:00,2312.5,1268.0,2026-05-12 00:00:00+00:00,-0.014279624893435594,-0.009423859498821963,-0.03384165448088572,-1.481676422773401,0.00865245364034259,-0.004509303802236353,-0.005166935041797993,0.04271934741932761,0.39444352325952986,-0.28935891309355544,48,-0.006270270270270273,REGIME_OOS,True,True
2026-05-12 04:00:00+00:00,ETH,2026-05-12 08:00:00+00:00,2298.0,970.0,2026-05-12 00:00:00+00:00,-0.006270270270270273,-0.016267123287671215,-0.038895859473023875,-0.4889754417018157,0.008680560134190546,-0.010090784755053539,-0.006086126286585114,0.04372263601763873,0.26920914029559684,-0.5195620641980194,48,-0.003481288076588318,REGIME_OOS,True,True
2026-05-12 08:00:00+00:00,ETH,2026-05-12 12:00:00+00:00,2290.0,1096.0,2026-05-12 00:00:00+00:00,-0.003481288076588318,-0.021367521367521403,-0.04304220643543666,-0.14362747441726129,0.008680441626048236,-0.012196568569302624,-0.007638734311593454,0.04340843203263896,0.2190276635624157,-0.429947624192271,48,-0.011353711790393017,REGIME_OOS,True,True
2026-05-12 12:00:00+00:00,ETH,2026-05-12 16:00:00+00:00,2264.0,3764.0,2026-05-12 00:00:00+00:00,-0.011353711790393017,-0.031650983746792094,-0.0495382031905961,-1.0411871437916165,0.00881211334751728,-0.02188235802389138,-0.009092893929080526,0.047536280822667476,0.03967038133414868,1.7257488591107932,48,0.01148409893992941,REGIME_OOS,True,True
2026-05-12 16:00:00+00:00,ETH,2026-05-12 20:00:00+00:00,2290.0,2310.0,2026-05-12 00:00:00+00:00,0.01148409893992941,-0.023870417732310356,-0.033959080362792715,1.6121201966914578,0.009175733589003516,-0.010446487409119909,-0.009465862542749282,0.04815983913920589,0.283087161505577,0.5223750713067465,48,-0.004803493449781704,REGIME_OOS,True,True
2026-05-12 20:00:00+00:00,ETH,2026-05-13 00:00:00+00:00,2279.0,354.0,2026-05-12 00:00:00+00:00,-0.004803493449781704,-0.0285592497868713,-0.045245077503141995,-0.2852561533480107,0.009175492597161756,-0.014688874717625477,-0.010098135300889877,0.049923379019994996,0.2057716243176882,-1.0066092936311386,48,0.012286090390522197,REGIME_OOS,True,True
2026-05-13 00:00:00+00:00,ETH,2026-05-13 04:00:00+00:00,2307.0,648.0,2026-05-13 00:00:00+00:00,0.012286090390522197,-0.0023783783783783985,-0.031079378412431802,1.5771727214084603,0.009407130018753655,-0.0027772674713899548,-0.010019941459406656,0.049609166836554246,0.4440170507087919,-0.7653462233186401,49,-0.0006501950585175997,REGIME_OOS,True,True
2026-05-13 04:00:00+00:00,ETH,2026-05-13 08:00:00+00:00,2305.5,547.0,2026-05-13 00:00:00+00:00,-0.0006501950585175997,0.0032637075718016106,-0.04810074318744839,0.1443089861750452,0.009409826102849014,-0.0038562493923977037,-0.009723381041011447,0.04840536544758966,0.42033425723078016,-0.8442427605097435,49,0.0,REGIME_OOS,True,True
2026-05-13 08:00:00+00:00,ETH,2026-05-13 12:00:00+00:00,2305.5,1322.0,2026-05-13 00:00:00+00:00,0.0,0.006768558951965042,-0.025982256020278816,0.20676412306998723,0.008698779038672323,-0.004286470086485306,-0.009363327928259335,0.047106361307632114,0.4090044323633464,-0.19354783747243753,49,-0.029277813923227036,REGIME_OOS,True,True
2026-05-13 12:00:00+00:00,ETH,2026-05-13 16:00:00+00:00,2238.0,3949.0,2026-05-13 00:00:00+00:00,-0.029277813923227036,-0.0114840989399293,-0.050286441756842826,-3.0760881316379365,0.009287302218587926,-0.03210111472715671,-0.010033566529374927,0.05575589362463006,-0.07574388356634823,2.4378934691151373,49,0.009159964253798059,REGIME_OOS,True,True
2026-05-13 16:00:00+00:00,ETH,2026-05-13 20:00:00+00:00,2258.5,1932.0,2026-05-13 00:00:00+00:00,0.009159964253798059,-0.013755458515283814,-0.04280567916931555,1.2811625904096113,0.009530166184943257,-0.022389594087156017,-0.01040685023045429,0.059390051089493724,0.12300766413860252,0.4140017142293173,49,-0.0002213858755811815,REGIME_OOS,True,True
2026-05-13 20:00:00+00:00,ETH,2026-05-14 00:00:00+00:00,2258.0,285.0,2026-05-13 00:00:00+00:00,-0.0002213858755811815,-0.009214567792891648,-0.0304851867754401,0.21657496410661364,0.009514817809503964,-0.021218491948243323,-0.011492135043299156,0.06250551045640118,0.1605340586244218,-1.1217299169931878,49,-0.007307351638618287,REGIME_OOS,True,True
2026-05-14 00:00:00+00:00,ETH,2026-05-14 04:00:00+00:00,2241.5,465.0,2026-05-14 00:00:00+00:00,-0.007307351638618287,-0.028391850888599968,-0.04738631534211646,-0.5225696506371225,0.009353066629080744,-0.026841631120228304,-0.012275134544051158,0.0674506353748294,0.10205517752254116,-0.8990259925065723,42,0.013606959625251047,REGIME_OOS,True,True
2026-05-14 04:00:00+00:00,ETH,2026-05-14 08:00:00+00:00,2272.0,825.0,2026-05-14 00:00:00+00:00,0.013606959625251047,-0.01453047061374968,-0.027605392681360974,1.6844584785898504,0.009522562801103428,-0.011314186248912117,-0.013488336152347014,0.06111919157333008,0.3148832476729102,-0.570353553968225,42,-0.0074823943661971315,REGIME_OOS,True,True
2026-05-14 08:00:00+00:00,ETH,2026-05-14 12:00:00+00:00,2255.0,553.0,2026-05-14 00:00:00+00:00,-0.0074823943661971315,-0.021904142268488358,-0.019352033050663242,-0.5717548919950055,0.009531413022501824,-0.017011584442192307,-0.01417484239431721,0.06148686168500529,0.22332976548157693,-0.8167629175808235,42,0.021507760532150755,REGIME_OOS,True,True
2026-05-14 12:00:00+00:00,ETH,2026-05-14 16:00:00+00:00,2303.5,4045.0,2026-05-14 00:00:00+00:00,0.021507760532150755,0.029267202859696084,0.0002171081198436564,2.4719579317366263,0.010091456788564247,0.004842086895829656,-0.0144877692274622,0.0592417307700966,0.5817343928492007,2.4746079929817033,42,0.0,REGIME_OOS,True,True
2026-05-14 16:00:00+00:00,ETH,2026-05-14 20:00:00+00:00,2303.5,5822.0,2026-05-14 00:00:00+00:00,0.0,0.01992472880230234,0.002393385552654559,0.08013819030267891,0.010083157266201877,0.005642687971360916,-0.01479373927405514,0.056219257337781776,0.6003693082862703,3.8473743118229056,42,-0.006945951812459272,REGIME_OOS,True,True
2026-05-14 20:00:00+00:00,ETH,2026-05-15 00:00:00+00:00,2287.5,796.0,2026-05-14 00:00:00+00:00,-0.006945951812459272,0.013064658990256772,0.0008750820389411551,-0.6036308767228709,0.01014208869952225,-0.00024037936233922697,-0.015214771455625331,0.05279024469714184,0.495446519262825,-0.5661118258851473,42,-0.0043715846994535346,REGIME_OOS,True,True
2026-05-15 00:00:00+00:00,ETH,2026-05-15 04:00:00+00:00,2277.5,1671.0,2026-05-15 00:00:00+00:00,-0.0043715846994535346,0.016060673656033808,-0.0035003281557646204,-0.33060010548749014,0.010127900988008755,-0.003118673742955602,-0.016019760360406976,0.04725962140010253,0.4340097603289547,0.06628613707204968,34,-0.003951701427003296,REGIME_OOS,True,True
2026-05-15 04:00:00+00:00,ETH,2026-05-15 08:00:00+00:00,2268.5,1571.0,2026-05-15 00:00:00+00:00,-0.003951701427003296,-0.0015404929577464976,-0.014552562988705442,-0.2931199586499409,0.010140365311723463,-0.005371040227995172,-0.01662139438623733,0.04030799933865512,0.36675001696637466,-0.0275516245850547,34,-0.003746969363015218,REGIME_OOS,True,True
2026-05-15 08:00:00+00:00,ETH,2026-05-15 12:00:00+00:00,2260.0,875.0,2026-05-15 00:00:00+00:00,-0.003746969363015218,0.0022172949002217113,-0.016750054383293467,-0.2595798467816992,0.010026593827617803,-0.007956104252400564,-0.016621126377539874,0.038889775741251714,0.2954191275019044,-0.5558720423082671,34,-0.01570796460176993,REGIME_OOS,True,True
2026-05-15 12:00:00+00:00,ETH,2026-05-15 16:00:00+00:00,2224.5,5839.0,2026-05-15 00:00:00+00:00,-0.01570796460176993,-0.03429563707401784,-0.04260813428018073,-1.4189946673631921,0.010357673712231997,-0.0219613532942029,-0.01679419011801342,0.04332601611735477,-0.006886052821413831,3.0667983240383183,34,0.00022476961114858973,REGIME_OOS,True,True
2026-05-15 16:00:00+00:00,ETH,2026-05-15 20:00:00+00:00,2225.0,2687.0,2026-05-15 00:00:00+00:00,0.00022476961114858973,-0.03407857607987841,-0.038461538461538436,0.2102759125899775,0.010081592871858946,-0.02034166960197248,-0.01677099838091045,0.04698676826202023,0.06707663977786751,0.6373120242717981,34,-0.0017977528089887507,REGIME_OOS,True,True
2026-05-15 20:00:00+00:00,ETH,2026-05-16 00:00:00+00:00,2221.0,311.0,2026-05-15 00:00:00+00:00,-0.0017977528089887507,-0.029071038251366144,-0.06621820475089346,0.050637815651782665,0.010076317054863154,-0.02117626319384769,-0.01633054727058314,0.05099530287689544,0.08474090751126602,-0.9458994805655411,34,,REGIME_OOS,True,False
2026-05-17 20:00:00+00:00,ETH,2026-05-18 00:00:00+00:00,2132.0,1689.0,2026-05-17 00:00:00+00:00,,-0.06388583973655326,-0.08674234311415718,,,-0.05711695376246606,-0.01772410347748632,0.07371879246908798,-0.2747950264705776,-0.03201500830533648,31,-0.0063320825515947865,REGIME_OOS,False,True
2026-05-18 00:00:00+00:00,ETH,2026-05-18 04:00:00+00:00,2118.5,1109.0,2026-05-18 00:00:00+00:00,-0.0063320825515947865,-0.06612298875909195,-0.09310787671232879,-0.406912905809829,0.009634151654140883,-0.05975034674063795,-0.018921613878027266,0.09264038725750377,-0.14497082222417298,-0.39694730906136366,27,0.0009440641963653906,REGIME_OOS,True,True
2026-05-18 04:00:00+00:00,ETH,2026-05-18 08:00:00+00:00,2120.5,496.0,2026-05-18 00:00:00+00:00,0.0009440641963653906,-0.061725663716814205,-0.0938034188034188,0.28756009651479786,0.009636973021408724,-0.05495142169533829,-0.020760505723649958,0.10401632599371217,-0.028296122463123477,-0.8113321061832757,27,0.006602216458382548,REGIME_OOS,True,True
2026-05-18 08:00:00+00:00,ETH,2026-05-18 12:00:00+00:00,2134.5,984.0,2026-05-18 00:00:00+00:00,0.006602216458382548,-0.04045853000674304,-0.0870402053036784,0.8735625677035783,0.009739519946216607,-0.04507325802482942,-0.022037784058592358,0.10967127085017267,0.08901490175666665,-0.500648098225116,27,-0.013117826188802972,REGIME_OOS,True,True
2026-05-18 12:00:00+00:00,ETH,2026-05-18 16:00:00+00:00,2106.5,4760.0,2026-05-18 00:00:00+00:00,-0.013117826188802972,-0.05325842696629213,-0.10208866155157714,-1.1771155117909489,0.009959702158727395,-0.053386060306475636,-0.024166706864116372,0.11738213347660421,0.04519432621220718,1.9870645763534902,27,0.009019700925706253,REGIME_OOS,True,True
2026-05-18 16:00:00+00:00,ETH,2026-05-18 20:00:00+00:00,2125.5,3717.0,2026-05-18 00:00:00+00:00,0.009019700925706253,-0.042998649257091404,-0.09398976982097185,1.1126595731760673,0.01011718106834795,-0.04242738238706123,-0.02465737172586213,0.12415760450318913,0.15827802044963385,1.181820168244372,27,0.001176193836744277,REGIME_OOS,True,True
2026-05-18 20:00:00+00:00,ETH,2026-05-19 00:00:00+00:00,2128.0,510.0,2026-05-18 00:00:00+00:00,0.001176193836744277,-0.0018761726078799779,-0.07978378378378381,0.3016306365257835,0.01012697379991313,-0.03847457244199448,-0.025542013772697603,0.12862935953777366,0.20088809755213055,-0.8324456667418084,27,0.0009398496240602405,REGIME_OOS,True,True
2026-05-19 00:00:00+00:00,ETH,2026-05-19 04:00:00+00:00,2130.0,458.0,2026-05-19 00:00:00+00:00,0.0009398496240602405,0.00542836912910083,-0.07310704960835512,0.27412938420037847,0.009859811264334658,-0.034779653336354355,-0.02665425771222396,0.13171071629821282,0.23593907683557036,-0.8407166051375942,28,0.00516431924882621,REGIME_OOS,True,True
2026-05-19 04:00:00+00:00,ETH,2026-05-19 08:00:00+00:00,2141.0,351.0,2026-05-19 00:00:00+00:00,0.00516431924882621,0.009667531242631533,-0.06506550218340612,0.6585577274270298,0.00988319317085907,-0.02758064699269891,-0.027051092826146594,0.13371788379342187,0.29374002780878833,-0.8881364744914645,28,-0.014712751050910744,REGIME_OOS,True,True
2026-05-19 08:00:00+00:00,ETH,2026-05-19 12:00:00+00:00,2109.5,771.0,2026-05-19 00:00:00+00:00,-0.014712751050910744,-0.011712344811431241,-0.0682420494699647,-1.3927652881655344,0.010190425791590465,-0.03833880379285193,-0.02869287991498415,0.1356699501562606,0.21741123403749796,-0.6177472754601138,28,-0.0009480919649206276,REGIME_OOS,True,True
2026-05-19 12:00:00+00:00,ETH,2026-05-19 16:00:00+00:00,2107.5,2172.0,2026-05-19 00:00:00+00:00,-0.0009480919649206276,0.0004747211013529373,-0.07969432314410485,0.036708260103883124,0.01001274587808037,-0.036009559857745566,-0.030309683485913008,0.13777142768127446,0.2386282448850612,0.2695938200358052,28,0.0033214709371292006,REGIME_OOS,True,True
2026-05-19 16:00:00+00:00,ETH,2026-05-19 20:00:00+00:00,2114.5,1313.0,2026-05-19 00:00:00+00:00,0.0033214709371292006,-0.005175252881674863,-0.07218078104431769,0.42913120543694555,0.009770472429522805,-0.028608836466791465,-0.032884009614401966,0.13152458109046017,0.2824829683577184,-0.24218741337615085,28,-0.0014187751241427904,REGIME_OOS,True,True
2026-05-19 20:00:00+00:00,ETH,2026-05-20 00:00:00+00:00,2111.5,177.0,2026-05-19 00:00:00+00:00,-0.0014187751241427904,-0.007753759398496207,-0.08474208929345473,-0.01754027290086563,0.009747508070410893,-0.02569012654723324,-0.03555089761733099,0.12250054618093587,0.2902856162837974,-0.9523516435693815,28,-0.00023679848448965313,REGIME_OOS,True,True
2026-05-20 00:00:00+00:00,ETH,2026-05-20 04:00:00+00:00,2111.0,505.0,2026-05-20 00:00:00+00:00,-0.00023679848448965313,-0.008920187793427181,-0.0843634786380395,0.09210312381337843,0.009415445539541784,-0.02193805453239739,-0.037984105688701586,0.11314166591307036,0.30610101190084155,-0.7383197961844782,25,0.008289909995262912,REGIME_OOS,True,True
2026-05-20 04:00:00+00:00,ETH,2026-05-20 08:00:00+00:00,2128.5,527.0,2026-05-20 00:00:00+00:00,0.008289909995262912,-0.0058383932741709055,-0.07677293428757315,1.0452945652192214,0.009584926486240425,-0.010414245199683925,-0.03996107890003242,0.10132063502800889,0.3972149632026586,-0.7237986017387207,25,-0.00046981442330285006,REGIME_OOS,True,True
2026-05-20 08:00:00+00:00,ETH,2026-05-20 12:00:00+00:00,2127.5,430.0,2026-05-20 00:00:00+00:00,-0.00046981442330285006,0.008532827684285316,-0.04937444146559433,0.08181451703024263,0.009583190616962766,-0.007626466403899523,-0.04161488461916729,0.08785088128783682,0.41318850429158543,-0.7601966830994199,25,0.0030552291421857003,REGIME_OOS,True,True
2026-05-20 12:00:00+00:00,ETH,2026-05-20 16:00:00+00:00,2134.0,2410.0,2026-05-20 00:00:00+00:00,0.0030552291421857003,0.0125741399762751,-0.055125083019703314,0.451299608906053,0.00801440352938587,-0.0016607798647986227,-0.04302375036375439,0.07175313120441874,0.4768542523939876,0.5016665188408208,25,0.0023430178069352436,REGIME_OOS,True,True
2026-05-20 16:00:00+00:00,ETH,2026-05-20 20:00:00+00:00,2139.0,1405.0,2026-05-20 00:00:00+00:00,0.0023430178069352436,0.011586663513833084,-0.052701505757307365,0.3162943730973848,0.007834734263352369,0.0026836671315231264,-0.04335727995120986,0.06085178471916651,0.5441016996281756,-0.12113368730277631,25,-0.004675081813931725,REGIME_OOS,True,True
2026-05-20 20:00:00+00:00,ETH,2026-05-21 00:00:00+00:00,2129.0,401.0,2026-05-20 00:00:00+00:00,-0.004675081813931725,0.008287946957139525,-0.050189605175105956,-0.5432165520238812,0.007872960404410542,0.0002466554692914791,-0.04392344110750779,0.045535912913010866,0.5054167239330994,-0.763111416264981,25,0.008454673555659875,REGIME_OOS,True,True
2026-05-21 00:00:00+00:00,ETH,2026-05-21 04:00:00+00:00,2147.0,726.0,2026-05-21 00:00:00+00:00,0.008454673555659875,0.0170535291331122,-0.05501760563380287,1.1459799243057192,0.00793337960875912,0.010459931051522986,-0.04359636843218717,0.022290302142404256,0.9692592762851998,-0.5612994965197979,27,-0.005356311131811786,REGIME_OOS,True,True
2026-05-21 04:00:00+00:00,ETH,2026-05-21 08:00:00+00:00,2135.5,843.0,2026-05-21 00:00:00+00:00,-0.005356311131811786,0.0032887009631195063,-0.05299334811529932,-0.6698445329787787,0.0075547905891043135,0.004964822701710725,-0.04180100556895827,0.02254724157915468,0.7201964565945299,-0.4868268690472938,27,-0.010067899789276469,REGIME_OOS,True,True
2026-05-21 08:00:00+00:00,ETH,2026-05-21 12:00:00+00:00,2114.0,1276.0,2026-05-21 00:00:00+00:00,-0.010067899789276469,-0.006345475910693343,-0.0822661167788149,-1.2433978785261826,0.007649290615130955,-0.005047712056854392,-0.03998039047356561,0.022867064143556153,0.27925841178537125,-0.22776195459621262,27,0.008751182592242168,REGIME_OOS,True,True
2026-05-21 12:00:00+00:00,ETH,2026-05-21 16:00:00+00:00,2132.5,2224.0,2026-05-21 00:00:00+00:00,0.008751182592242168,-0.0007029053420806175,-0.07423485999565882,1.2434689414995603,0.0066592191543967385,0.0033759542658182706,-0.03790526287199081,0.02300450050255229,0.6467519047172401,0.43000188795305677,27,0.004689331770222793,REGIME_OOS,True,True
2026-05-21 16:00:00+00:00,ETH,2026-05-21 20:00:00+00:00,2142.5,2521.0,2026-05-21 00:00:00+00:00,0.004689331770222793,0.0016362786348760316,-0.06338797814207653,0.8822391350770725,0.0067425254574636695,0.00789142527843456,-0.036017957962043434,0.0238263759807408,0.8312054374032044,0.8096001896280608,27,-0.003967327887981376,REGIME_OOS,True,True
2026-05-21 20:00:00+00:00,ETH,2026-05-22 00:00:00+00:00,2134.0,244.0,2026-05-21 00:00:00+00:00,-0.003967327887981376,0.002348520432127854,-0.06300768386388589,-0.4357339084119836,0.006673978852600951,0.003243853133374053,-0.033536128237865226,0.02244726712945219,0.644509935871792,-0.9223395672503493,27,0.0021087160262418525,REGIME_OOS,True,True
2026-05-22 00:00:00+00:00,ETH,2026-05-22 04:00:00+00:00,2138.5,355.0,2026-05-22 00:00:00+00:00,0.0021087160262418525,-0.003959012575686982,-0.05730659025787965,0.4553220121070285,0.006663613261245714,0.005052285277875601,-0.031414446730639756,0.022928090078493425,0.7203535166068952,-0.7942289301365061,29,-0.0053776011222820275,REGIME_OOS,True,True
2026-05-22 04:00:00+00:00,ETH,2026-05-22 08:00:00+00:00,2127.0,758.0,2026-05-22 00:00:00+00:00,-0.0053776011222820275,-0.003980332474830206,-0.05884955752212384,-0.6998481919576307,0.00669252532911147,-0.00032899374911865564,-0.029798682200588344,0.022930454172016706,0.48565254108572475,-0.46581175064056435,29,0.0014104372355430161,REGIME_OOS,True,True
2026-05-22 08:00:00+00:00,ETH,2026-05-22 12:00:00+00:00,2130.0,945.0,2026-05-22 00:00:00+00:00,0.0014104372355430161,0.007568590350047311,-0.04248145650708024,0.32454873878950796,0.006679422308764934,0.0010809794613904078,-0.028309943416648164,0.022930454172016706,0.547141650718349,-0.3275147352336784,29,-0.006103286384976481,REGIME_OOS,True,True
2026-05-22 12:00:00+00:00,ETH,2026-05-22 16:00:00+00:00,2117.0,1962.0,2026-05-22 00:00:00+00:00,-0.006103286384976481,-0.007268464243845307,-0.0485393258426966,-0.8254585896881707,0.0061380343418779215,-0.004467434751939781,-0.027321004651843617,0.022570239279799786,0.30206524633798937,0.6571584360819571,29,-0.02574397732640532,REGIME_OOS,True,True
2026-05-22 16:00:00+00:00,ETH,2026-05-22 20:00:00+00:00,2062.5,3442.0,2026-05-22 00:00:00+00:00,-0.02574397732640532,-0.037339556592765444,-0.07136425033768568,-4.150259184297683,0.007698660248847346,-0.02902337405550459,-0.026601594720923716,0.034647564735313024,-0.3376742861215809,2.0654690779948557,29,0.0046060606060605025,REGIME_OOS,True,True
2026-05-22 20:00:00+00:00,ETH,2026-05-23 00:00:00+00:00,2072.0,481.0,2026-05-22 00:00:00+00:00,0.0046060606060605025,-0.029053420805998154,-0.02814258911819889,0.7457439663388761,0.007768121097410534,-0.02373520230873427,-0.025467894794842683,0.04058676641400612,-0.08480151058655218,-0.7328520595978548,29,,REGIME_OOS,True,False
2026-05-24 20:00:00+00:00,ETH,2026-05-25 00:00:00+00:00,2098.0,353.0,2026-05-24 00:00:00+00:00,,-0.018938508300210377,-0.009676658012744865,,,-0.011100374726025874,-0.024224779461139878,0.041780109845733444,0.2343143719101679,-0.8044247213492917,28,-0.00262154432793138,REGIME_OOS,False,True
2026-05-25 00:00:00+00:00,ETH,2026-05-25 04:00:00+00:00,2092.5,291.0,2026-05-25 00:00:00+00:00,-0.00262154432793138,-0.016220028208744686,-0.013204432916764874,-0.21882202019944882,0.007708315736287648,-0.01325096670753556,-0.022733452231177953,0.04339214828710047,0.19462293915798629,-0.8278231400808687,25,0.01003584229390686,REGIME_OOS,True,True
2026-05-25 04:00:00+00:00,ETH,2026-05-25 08:00:00+00:00,2113.5,430.0,2026-05-25 00:00:00+00:00,0.01003584229390686,-0.007746478873239426,-0.00983836964160223,1.4054777247501655,0.007953980241910227,-0.003406853788209152,-0.020943266438606112,0.04329873915966002,0.4213174828106027,-0.6988801868465689,25,0.001892595221197002,REGIME_OOS,True,True
2026-05-25 08:00:00+00:00,ETH,2026-05-25 12:00:00+00:00,2117.5,344.0,2026-05-25 00:00:00+00:00,0.001892595221197002,0.00023618327822383378,0.005221932114882533,0.300171693598796,0.007854933353776627,-0.0012616883040316162,-0.01949517418710356,0.04318847104362814,0.47078645588640866,-0.751317545175263,25,0.0035419126328217754,REGIME_OOS,True,True
2026-05-25 12:00:00+00:00,ETH,2026-05-25 16:00:00+00:00,2125.0,604.0,2026-05-25 00:00:00+00:00,0.0035419126328217754,0.030303030303030276,-0.0002352387673488776,0.5339147154248968,0.007525218007090455,0.0023348505931461982,-0.018527177359992986,0.04312440627061931,0.5541422084397957,-0.4865447476814162,25,-0.002823529411764669,REGIME_OOS,True,True
2026-05-25 16:00:00+00:00,ETH,2026-05-25 20:00:00+00:00,2119.0,291.0,2026-05-25 00:00:00+00:00,-0.002823529411764669,0.022683397683397777,-0.004229323308270638,-0.3623685271498314,0.007338823141971206,-0.00014155617420852362,-0.017605503226284958,0.042692411991755004,0.4966842778937885,-0.8133146242980731,25,-0.0035394053798961655,REGIME_OOS,True,True
2026-05-25 20:00:00+00:00,ETH,2026-05-26 00:00:00+00:00,2111.5,445.0,2026-05-25 00:00:00+00:00,-0.0035394053798961655,0.006434699714013448,-0.008685446009389697,-0.4153259630727655,0.00735236216218905,-0.0030336296138910868,-0.01690765195998778,0.04191031373097552,0.4276161559332611,-0.617567593924768,25,-0.009708737864077666,REGIME_OOS,True,True
2026-05-26 00:00:00+00:00,ETH,2026-05-26 04:00:00+00:00,2091.0,850.0,2026-05-26 00:00:00+00:00,-0.009708737864077666,-0.0007168458781362519,-0.023353573096683844,-1.2322773869165868,0.007527977886943285,-0.011826419820181733,-0.01641535043275355,0.04311991699210362,0.2257318509600221,-0.13786308957045346,30,0.0007173601147776321,REGIME_OOS,True,True
2026-05-26 04:00:00+00:00,ETH,2026-05-26 08:00:00+00:00,2092.5,539.0,2026-05-26 00:00:00+00:00,0.0007173601147776321,-0.009936124911284594,-0.008058781701825057,0.22860073290393523,0.007445671963587383,-0.009842426536696203,-0.016040041904318403,0.04194714642258656,0.26536123726889405,-0.5301530244199253,30,0.012903225806451646,REGIME_OOS,True,True
2026-05-26 08:00:00+00:00,ETH,2026-05-26 12:00:00+00:00,2119.5,1398.0,2026-05-26 00:00:00+00:00,0.012903225806451646,0.0009445100354190661,0.005693950177935836,1.887673670527517,0.007418347164800024,0.003313609467455514,-0.015169880281952763,0.040899085317220085,0.5810191582954659,0.5024402632135122,30,-0.01698513800424628,REGIME_OOS,True,True
2026-05-26 12:00:00+00:00,ETH,2026-05-26 16:00:00+00:00,2083.5,3359.0,2026-05-26 00:00:00+00:00,-0.01698513800424628,-0.019529411764705906,-0.014660676282809204,-2.2584407382628635,0.008024812112858482,-0.013015312829379733,-0.013858005082592051,0.042718433033578695,0.19532326199443928,2.958260531566693,30,-0.006959443244540453,REGIME_OOS,True,True
2026-05-26 16:00:00+00:00,ETH,2026-05-26 20:00:00+00:00,2069.0,2866.0,2026-05-26 00:00:00+00:00,-0.006959443244540453,-0.023596035865974474,-0.0201278711816244,-0.7718105295724236,0.008063674799562959,-0.018407818578612845,-0.013179147451953255,0.045147400442348544,0.09227290168967943,1.9997397221917634,30,0.0004833252779119501,REGIME_OOS,True,True
2026-05-26 20:00:00+00:00,ETH,2026-05-27 00:00:00+00:00,2070.0,335.0,2026-05-26 00:00:00+00:00,0.0004833252779119501,-0.019654274212644984,-0.019422074846044524,0.19740766026218745,0.008068627509845331,-0.0162415198355651,-0.01286592231187822,0.04514507108121911,0.1402371411411564,-0.7971086770278012,30,-0.0014492753623188692,REGIME_OOS,True,True
2026-05-27 00:00:00+00:00,ETH,2026-05-27 04:00:00+00:00,2067.0,327.0,2026-05-27 00:00:00+00:00,-0.0014492753623188692,-0.011477761836441891,-0.028893587033121948,-0.050091891238741526,0.008067475663268308,-0.016100817535967926,-0.012487132119639588,0.045779011365597116,0.14829258964583764,-0.7961214753860021,34,0.005563618771165846,REGIME_OOS,True,True
2026-05-27 04:00:00+00:00,ETH,2026-05-27 08:00:00+00:00,2078.5,427.0,2026-05-27 00:00:00+00:00,0.005563618771165846,-0.006690561529271166,-0.0230317273795535,0.8241905517009712,0.007973026413577196,-0.009211921871462025,-0.012132756323019245,0.043486090661672125,0.2881639454985258,-0.6831921957653173,34,-0.0009622323791195209,REGIME_OOS,True,True
2026-05-27 08:00:00+00:00,ETH,2026-05-27 12:00:00+00:00,2076.5,756.0,2026-05-27 00:00:00+00:00,-0.0009622323791195209,-0.020287803727294218,-0.0269447047797563,0.026860871955694542,0.007972028432945385,-0.008972462177253893,-0.011613645797954542,0.042368661176404615,0.2882288010023134,-0.34666650228018,34,-0.004334216229231913,REGIME_OOS,True,True
2026-05-27 12:00:00+00:00,ETH,2026-05-27 16:00:00+00:00,2067.5,2760.0,2026-05-27 00:00:00+00:00,-0.004334216229231913,-0.007679385649148052,-0.03342683496961196,-0.39405372209601225,0.007950377062447193,-0.011793946491091889,-0.011623787072818192,0.040986937111267795,0.2122510896807267,1.8152963756190177,34,-0.006771463119709775,REGIME_OOS,True,True
2026-05-27 16:00:00+00:00,ETH,2026-05-27 20:00:00+00:00,2053.5,1545.0,2026-05-27 00:00:00+00:00,-0.006771463119709775,-0.007491541807636559,-0.0354626585251292,-0.6707027200770238,0.007974974853189999,-0.016993776926759185,-0.01152199115148933,0.042612750040210624,0.10120440688002075,0.4614836432419833,34,-0.015583150718285865,REGIME_OOS,True,True
2026-05-27 20:00:00+00:00,ETH,2026-05-28 00:00:00+00:00,2021.5,680.0,2026-05-27 00:00:00+00:00,-0.015583150718285865,-0.023429951690821293,-0.05845365626455523,-1.735455138591833,0.00835297650779494,-0.03136155633819682,-0.010624075548981815,0.05048100913121805,-0.12125454458877787,-0.4470950485375603,34,-0.021518674251793213,REGIME_OOS,True,True
2026-05-28 00:00:00+00:00,ETH,2026-05-28 04:00:00+00:00,1978.0,964.0,2026-05-28 00:00:00+00:00,-0.021518674251793213,-0.0430575713594582,-0.07375321938656054,-2.3239778428311766,0.008825392771068688,-0.050066034337855725,-0.011408739578783522,0.06881917686699064,-0.22750120848757174,-0.1589663924724952,25,0.0065722952477249574,REGIME_OOS,True,True
2026-05-28 04:00:00+00:00,ETH,2026-05-28 08:00:00+00:00,1991.0,596.0,2026-05-28 00:00:00+00:00,0.0065722952477249574,-0.04209766658648062,-0.05818353831598866,1.0966026122963406,0.00898771833842486,-0.04135971881169054,-0.012753537763876555,0.07890423461865484,-0.024176161286939585,-0.534486555852795,25,-0.0025113008538423243,REGIME_OOS,True,True
2026-05-28 08:00:00+00:00,ETH,2026-05-28 12:00:00+00:00,1986.0,904.0,2026-05-28 00:00:00+00:00,-0.0025113008538423243,-0.043582952082831694,-0.06869871043376319,0.02188903186202155,0.008879579459143064,-0.04130914883603043,-0.01402400715835972,0.08786522488634939,0.029857814744542303,-0.2000029413222935,25,0.0012588116817724426,REGIME_OOS,True,True
2026-05-28 12:00:00+00:00,ETH,2026-05-28 16:00:00+00:00,1988.5,2923.0,2026-05-28 00:00:00+00:00,0.0012588116817724426,-0.03821039903264811,-0.07187864644107356,0.4183709796847522,0.008656045343449196,-0.03719753549683458,-0.015630659828799187,0.09288883551797807,0.09954783274643164,1.9156897181038557,25,0.012320844857933055,REGIME_OOS,True,True
2026-05-28 16:00:00+00:00,ETH,2026-05-28 20:00:00+00:00,2013.0,2262.0,2026-05-28 00:00:00+00:00,0.012320844857933055,-0.019722425127830512,-0.05670103092783507,1.7359818062943297,0.00898669258951701,-0.02286296781709618,-0.01724508050089446,0.0925577035277227,0.25298687255946944,1.1939511497700466,25,-0.0024838549428712886,REGIME_OOS,True,True
2026-05-28 20:00:00+00:00,ETH,2026-05-29 00:00:00+00:00,2008.0,266.0,2026-05-28 00:00:00+00:00,-0.0024838549428712886,-0.0066782092505565105,-0.06102408230067802,-0.003599359762885636,0.008982144450650294,-0.022514299622733325,-0.018935956826973688,0.09044531398380992,0.2510727904956634,-0.8680840859905545,25,-0.0029880478087649376,REGIME_OOS,True,True
2026-05-29 00:00:00+00:00,ETH,2026-05-29 04:00:00+00:00,2002.0,17.0,2026-05-29 00:00:00+00:00,-0.0029880478087649376,0.01213346814964611,-0.058768218147625784,-0.0652392429215153,0.008941995139911963,-0.022651825815270477,-0.02055102372596085,0.08829645216787485,0.24345712359763447,-1.1097473418766788,22,0.0007492507492508071,REGIME_OOS,True,True
2026-05-29 04:00:00+00:00,ETH,2026-05-29 08:00:00+00:00,2003.5,36.0,2026-05-29 00:00:00+00:00,0.0007492507492508071,0.006278252134605644,-0.059389671361502305,0.37141625891220154,0.008945672185110972,-0.01933431228585414,-0.02194987672642834,0.08557623613583422,0.27406914397163956,-1.0472463982522833,22,-0.000499126528574978,REGIME_OOS,True,True
2026-05-29 08:00:00+00:00,ETH,2026-05-29 12:00:00+00:00,2002.5,86.0,2026-05-29 00:00:00+00:00,-0.000499126528574978,0.0083081570996979,-0.05408597071327348,0.20888276139200632,0.008924630937545247,-0.01769618483499502,-0.022772376898297253,0.08450601405043107,0.2905925982447313,-0.9521074106614659,22,-0.006491885143570575,REGIME_OOS,True,True
2026-05-29 12:00:00+00:00,ETH,2026-05-29 16:00:00+00:00,1989.5,68.0,2026-05-29 00:00:00+00:00,-0.006491885143570575,0.0005028916268543515,-0.03539393939393942,-0.4549778931371936,0.008930424284746776,-0.021601485178946778,-0.024118386700452965,0.08347282977078081,0.24121537225627512,-0.9081045248403831,22,,REGIME_OOS,True,False
2026-05-30 12:00:00+00:00,ETH,2026-05-30 16:00:00+00:00,2031.5,1.0,2026-05-30 00:00:00+00:00,,0.009190263288624045,-0.01954633204633205,,,0.0012197976860806037,-0.025519172397894363,0.07351230525198375,0.5165931088938037,-0.947965211560278,23,,REGIME_OOS,False,False
2026-05-30 20:00:00+00:00,ETH,2026-05-31 00:00:00+00:00,2030.0,1.0,2026-05-30 00:00:00+00:00,,0.010956175298804771,-0.03241182078169691,,,0.0018012682902757149,-0.026013352752022323,0.06914174445464596,0.5260518201338877,-0.92030954688991,23,,REGIME_OOS,False,False
2026-05-31 04:00:00+00:00,ETH,2026-05-31 08:00:00+00:00,2027.5,12.0,2026-05-31 00:00:00+00:00,,0.012737262737262833,-0.031063321385902065,,,0.0015931629842782513,-0.02622439015003919,0.06632600648856612,0.5240201855746128,-0.8886640389535271,23,-0.00320591861898889,REGIME_OOS,False,True
2026-05-31 08:00:00+00:00,ETH,2026-05-31 12:00:00+00:00,2021.0,14.0,2026-05-31 00:00:00+00:00,-0.00320591861898889,0.008734714250062448,-0.04376626449018217,-0.08528037864419652,0.0077761707488885,-0.0004080471850926859,-0.026560070101444788,0.06290130349818751,0.49351289778749247,-0.8707435691119545,23,-0.002474022761009387,REGIME_OOS,True,True
2026-05-31 12:00:00+00:00,ETH,2026-05-31 16:00:00+00:00,2016.0,8.0,2026-05-31 00:00:00+00:00,-0.002474022761009387,0.006741573033707926,-0.04793388429752066,-0.10043024456082134,0.007685311060038204,-0.0016218692352453212,-0.026733470217954913,0.059373791490706054,0.4726837516263511,-0.8546432179313276,23,-0.008432539682539653,REGIME_OOS,True,True
2026-05-31 16:00:00+00:00,ETH,2026-05-31 20:00:00+00:00,1999.0,2.0,2026-05-31 00:00:00+00:00,-0.008432539682539653,0.004775069112842312,-0.05929411764705883,-0.8462216847021394,0.007776060230354934,-0.008088125837344307,-0.027444659463268017,0.05321283172794687,0.34800422051028557,-0.8427386996873505,23,0.005002501250625402,REGIME_OOS,True,True
2026-05-31 20:00:00+00:00,ETH,2026-06-01 00:00:00+00:00,2009.0,714.0,2026-05-31 00:00:00+00:00,0.005002501250625402,-0.011075559931085444,-0.05191127890514391,0.9163077052591092,0.007555859785462858,-0.0014538315295052895,-0.027900583184758965,0.044975356796101686,0.46767493060485704,-0.10940841171998324,23,0.0019910403185665615,REGIME_OOS,True,True
2026-06-01 00:00:00+00:00,ETH,2026-06-01 04:00:00+00:00,2013.0,971.0,2026-06-01 00:00:00+00:00,0.0019910403185665615,-0.008374384236453203,-0.04664930144447077,0.5666570224857709,0.007557760301933765,0.0018913000199083374,-0.028033766296591933,0.03678651656702503,0.5514128598303797,0.13149385575382824,28,-0.017386984600099353,REGIME_OOS,True,True
2026-06-01 04:00:00+00:00,ETH,2026-06-01 08:00:00+00:00,1978.0,1199.0,2026-06-01 00:00:00+00:00,-0.017386984600099353,-0.02441430332922323,-0.054041128646580616,-1.9979100699578578,0.00795655080677337,-0.013675405462682422,-0.02844055364729947,0.033038959085702764,0.08608243597479656,0.3415326107303364,28,0.002780586450960465,REGIME_OOS,True,True
2026-06-01 08:00:00+00:00,ETH,2026-06-01 12:00:00+00:00,1983.5,648.0,2026-06-01 00:00:00+00:00,0.002780586450960465,-0.018555170707570512,-0.05209080047789727,0.7246199622523026,0.00802595385310149,-0.00999488401692017,-0.027820909717302555,0.03354300288173933,0.20202775070083553,-0.2186511053380795,28,-0.007310310057978331,REGIME_OOS,True,True
2026-06-01 12:00:00+00:00,ETH,2026-06-01 16:00:00+00:00,1969.0,3261.0,2026-06-01 00:00:00+00:00,-0.007310310057978331,-0.02331349206349209,-0.07100731304552965,-0.5622041826247626,0.008067385913604824,-0.01701134505697488,-0.026466199763794496,0.035188329006839936,0.01656286225844248,2.378732653857652,28,0.01980700863382423,REGIME_OOS,True,True
2026-06-01 16:00:00+00:00,ETH,2026-06-01 20:00:00+00:00,2008.0,2413.0,2026-06-01 00:00:00+00:00,0.01980700863382423,0.004502251125562795,-0.03623710103191746,2.8176153876939436,0.008961628275651883,0.00203350923812029,-0.02504853046350841,0.03476562622553642,0.5584919490570412,1.3547914600768989,28,0.0004980079681276006,REGIME_OOS,True,True
2026-06-01 20:00:00+00:00,ETH,2026-06-02 00:00:00+00:00,2009.0,533.0,2026-06-01 00:00:00+00:00,0.0004980079681276006,0.0,-0.028999516674722114,0.27204116610913714,0.008959474678292566,0.001957532760619829,-0.023315342874121958,0.033761160958461094,0.557981796391078,-0.3577937671325425,28,-0.0004977600796416404,REGIME_OOS,True,True
2026-06-02 00:00:00+00:00,ETH,2026-06-02 04:00:00+00:00,2008.0,1459.0,2026-06-02 00:00:00+00:00,-0.0004977600796416404,-0.0024838549428712886,-0.02995169082125604,0.16178130402100893,0.008516661096321832,0.000972059519952273,-0.021558346543104512,0.03284859834286592,0.5295921156149812,0.6583495017453662,29,-0.011703187250996061,REGIME_OOS,True,True
2026-06-02 04:00:00+00:00,ETH,2026-06-02 08:00:00+00:00,1984.5,814.0,2026-06-02 00:00:00+00:00,-0.011703187250996061,0.0032861476238625897,-0.03991291727140789,-1.093063589091395,0.008255198941497881,-0.010039284155390682,-0.020825395895001098,0.03404777066402772,0.20514121895218818,-0.0494353692288771,29,-0.0010078105316200237,REGIME_OOS,True,True
2026-06-02 08:00:00+00:00,ETH,2026-06-02 12:00:00+00:00,1982.5,947.0,2026-06-02 00:00:00+00:00,-0.0010078105316200237,-0.0005041593143433332,-0.04618715419773878,0.1465815127924147,0.008208704325348369,-0.010407567324731026,-0.019954601935288308,0.03541505896442178,0.20612593543366547,0.07179815597408716,29,-0.03430012610340483,REGIME_OOS,True,True
2026-06-02 12:00:00+00:00,ETH,2026-06-02 16:00:00+00:00,1914.5,7664.0,2026-06-02 00:00:00+00:00,-0.03430012610340483,-0.02767902488572882,-0.07801589212617388,-3.9324895257772723,0.010085066246909831,-0.042259157818381854,-0.02005745407840631,0.05331351670708261,-0.29265372889512953,7.070618862155968,29,-0.0005223295899712266,REGIME_OOS,True,True
2026-06-02 16:00:00+00:00,ETH,2026-06-02 20:00:00+00:00,1913.5,4116.0,2026-06-02 00:00:00+00:00,-0.0005223295899712266,-0.04706175298804782,-0.07448609431680775,0.2634193021775921,0.01009196583129352,-0.04059965655122266,-0.020183634970229347,0.06566379644323478,-0.1182959065779932,1.9141269415241808,29,-0.027436634439508722,REGIME_OOS,True,True
2026-06-02 20:00:00+00:00,ETH,2026-06-03 00:00:00+00:00,1861.0,2051.0,2026-06-02 00:00:00+00:00,-0.027436634439508722,-0.07366849178695867,-0.09374239103968829,-2.4067265322538414,0.010877576134654928,-0.0636006843111604,-0.021197375938220242,0.08895882112413589,-0.21494522417748763,0.5402083521021801,29,-0.018001074691026298,REGIME_OOS,True,True
2026-06-03 00:00:00+00:00,ETH,2026-06-03 04:00:00+00:00,1827.5,1147.0,2026-06-03 00:00:00+00:00,-0.018001074691026298,-0.08989043824701193,-0.09596834034133073,-1.2643472745843811,0.011141720613362173,-0.07669378062951548,-0.022924955818614423,0.11485417778576062,-0.16774915904734058,-0.0248576183602855,23,0.02818057455540357,REGIME_OOS,True,True
2026-06-03 04:00:00+00:00,ETH,2026-06-03 08:00:00+00:00,1879.0,1311.0,2026-06-03 00:00:00+00:00,0.02818057455540357,-0.05316200554295791,-0.050050556117290146,2.961533327026633,0.01266722868146841,-0.0470031825731928,-0.024830850495578427,0.12095773723121449,0.11140821869588453,0.06598472142921555,23,0.000532197977647586,REGIME_OOS,True,True
2026-06-03 08:00:00+00:00,ETH,2026-06-03 12:00:00+00:00,1880.0,1042.0,2026-06-03 00:00:00+00:00,0.000532197977647586,-0.05170239596469106,-0.055750878955298844,0.33664616680414483,0.01267698334524114,-0.04285514274440916,-0.02644087790951266,0.12485625729997993,0.1567641568700455,-0.10583810353765746,23,-0.02207446808510638,REGIME_OOS,True,True
2026-06-03 12:00:00+00:00,ETH,2026-06-03 16:00:00+00:00,1838.5,3329.0,2026-06-03 00:00:00+00:00,-0.02207446808510638,-0.03969704883781666,-0.074269889224572,-1.466101748882946,0.012943140229794566,-0.05945849160367822,-0.028679115899107654,0.13395400559291976,0.05612755780988091,1.2888204726173016,23,-0.01767745444655966,REGIME_OOS,True,True
2026-06-03 16:00:00+00:00,ETH,2026-06-03 20:00:00+00:00,1806.0,4387.0,2026-06-03 00:00:00+00:00,-0.01767745444655966,-0.0561797752808989,-0.09177772190093036,-1.07951828697234,0.012778798313487914,-0.07097570699211664,-0.031059816875925295,0.14689385224332974,0.01682316238432271,1.8402685317027774,23,0.00526024363233657,REGIME_OOS,True,True
2026-06-03 20:00:00+00:00,ETH,2026-06-04 00:00:00+00:00,1815.5,1704.0,2026-06-03 00:00:00+00:00,0.00526024363233657,-0.024449220849005915,-0.09811227024341773,0.6915596156239096,0.012745065376337536,-0.0612477054732542,-0.033145856767903936,0.15458930131262635,0.10380372410511872,0.19805587534243885,23,-0.0022032497934453277,REGIME_OOS,True,True
2026-06-04 00:00:00+00:00,ETH,2026-06-04 04:00:00+00:00,1811.5,2594.0,2026-06-04 00:00:00+00:00,-0.0022032497934453277,-0.008755129958960328,-0.09785856573705176,0.1112228486883523,0.012746114139767811,-0.058753231232869574,-0.03480726988234584,0.16179760737548357,0.13687206389572223,0.723027539112388,11,-0.017112889870273262,REGIME_OOS,True,True
2026-06-04 04:00:00+00:00,ETH,2026-06-04 08:00:00+00:00,1780.5,1252.0,2026-06-04 00:00:00+00:00,-0.017112889870273262,-0.052421500798296994,-0.11063936063936064,-1.0593319516498738,0.012943900380410852,-0.06933591197762856,-0.03726833097659532,0.17037414948078233,0.09303736987723306,-0.09580912819539014,11,-0.014602639707947174,REGIME_OOS,True,True
2026-06-04 08:00:00+00:00,ETH,2026-06-04 12:00:00+00:00,1754.5,1750.0,2026-06-04 00:00:00+00:00,-0.014602639707947174,-0.06675531914893618,-0.1242825056151734,-0.8019009300535019,0.012688132438307912,-0.0766882869133918,-0.04032433196806173,0.17941347376951347,0.07256116108698345,0.16931894515086796,11,0.014534055286406389,REGIME_OOS,True,True
2026-06-04 12:00:00+00:00,ETH,2026-06-04 16:00:00+00:00,1780.0,3746.0,2026-06-04 00:00:00+00:00,0.014534055286406389,-0.0318194180038075,-0.11111111111111116,1.5490395313790304,0.01318092115785452,-0.05836297991086192,-0.04231577880791337,0.1845157748377038,0.1836965296750548,1.315067502230094,11,-0.0005617977528089568,REGIME_OOS,True,True
2026-06-04 16:00:00+00:00,ETH,2026-06-04 20:00:00+00:00,1779.0,2579.0,2026-06-04 00:00:00+00:00,-0.0005617977528089568,-0.014950166112956853,-0.10580547876350843,0.3028090347394682,0.013198287082786248,-0.053773735439604176,-0.044460708077943445,0.18655695540841524,0.21175700567217448,0.5466544436432819,11,-0.003091624508150592,REGIME_OOS,True,True
2026-06-04 20:00:00+00:00,ETH,2026-06-05 00:00:00+00:00,1773.5,686.0,2026-06-04 00:00:00+00:00,-0.003091624508150592,-0.023134122831175996,-0.12699975387644602,0.10460450260858181,0.01316447568544989,-0.0517690775667331,-0.04607377107708632,0.18852377443583787,0.22539761777179912,-0.6087927398099429,11,-0.024527769946433575,REGIME_OOS,True,True
2026-06-05 00:00:00+00:00,ETH,2026-06-05 04:00:00+00:00,1730.0,1462.0,2026-06-05 00:00:00+00:00,-0.024527769946433575,-0.04499033949765385,-0.14778325123152714,-1.5137341192768612,0.013629126990896539,-0.06810132378092304,-0.049736638701058045,0.1879128339593142,0.13759088538003802,-0.16824936844365446,12,-0.028034682080924855,REGIME_OOS,True,True
2026-06-05 04:00:00+00:00,ETH,2026-06-05 08:00:00+00:00,1681.5,4542.0,2026-06-05 00:00:00+00:00,-0.028034682080924855,-0.05560235888795284,-0.1706535141800246,-1.6606693426857038,0.014242305579238604,-0.08616613678976115,-0.05436726555112448,0.19086437216925045,0.048547820578307636,1.6640904544329715,12,-0.009217960154623839,REGIME_OOS,True,True
2026-06-05 08:00:00+00:00,ETH,2026-06-05 12:00:00+00:00,1666.0,1805.0,2026-06-05 00:00:00+00:00,-0.009217960154623839,-0.050441721288116304,-0.17565561603166746,-0.2175671759439691,0.014242195487642148,-0.08609671137442065,-0.059248823383700744,0.190164512495111,0.04725142854067424,-0.08276253165223053,12,-0.048619447779111646,REGIME_OOS,True,True
2026-06-05 12:00:00+00:00,ETH,2026-06-05 16:00:00+00:00,1585.0,8093.0,2026-06-05 00:00:00+00:00,-0.048619447779111646,-0.1095505617977528,-0.21378968253968256,-2.9700297598411574,0.016173480794754197,-0.12089740567672869,-0.06490519262286576,0.20690036032877931,-0.08432670433543067,3.689581257652012,12,-0.004731861198738141,REGIME_OOS,True,True
2026-06-05 16:00:00+00:00,ETH,2026-06-05 20:00:00+00:00,1577.5,10365.0,2026-06-05 00:00:00+00:00,-0.004731861198738141,-0.11326587970770097,-0.2108554277138569,0.19328077920935485,0.016183056528437594,-0.11511870871839458,-0.07057765497106516,0.21573997498473632,-0.033599342108662215,4.156732524476828,12,0.015530903328050627,REGIME_OOS,True,True
2026-06-05 20:00:00+00:00,ETH,2026-06-06 00:00:00+00:00,1602.0,1143.0,2026-06-05 00:00:00+00:00,0.015530903328050627,-0.09670143783479002,-0.20258835241413642,1.4376413693533903,0.01657813445320704,-0.09342991341746354,-0.07414296267964648,0.2240064857867237,0.08291424871323544,-0.6160140341165731,12,,REGIME_OOS,True,False
2026-06-06 08:00:00+00:00,ETH,2026-06-06 12:00:00+00:00,1562.0,8.0,2026-06-06 00:00:00+00:00,,-0.09710982658959533,-0.22404371584699456,,,-0.10718623626412893,-0.07846984461416906,0.23488111465498715,0.043657494892371765,-1.100349198739801,12,-0.0009603072983355165,REGIME_OOS,False,True
2026-06-06 12:00:00+00:00,ETH,2026-06-06 16:00:00+00:00,1560.5,3.0,2026-06-06 00:00:00+00:00,-0.0009603072983355165,-0.07195955991674097,-0.21107178968655205,0.3874545838493573,0.016529270052314776,-0.10031709426347646,-0.08161428329379872,0.24776648502638077,0.09511435030127134,-1.0757241637534434,12,-0.002242870874719638,REGIME_OOS,True,True
2026-06-06 16:00:00+00:00,ETH,2026-06-06 20:00:00+00:00,1557.0,1.0,2026-06-06 00:00:00+00:00,-0.002242870874719638,-0.06542617046818733,-0.21502394756743126,0.31695827138748656,0.016447387397587214,-0.09528029169511465,-0.08427115758107862,0.2604143265532237,0.13412039208357007,-1.0455152702368549,12,0.0073859987154785145,REGIME_OOS,True,True
2026-06-06 20:00:00+00:00,ETH,2026-06-07 00:00:00+00:00,1568.5,49.0,2026-06-06 00:00:00+00:00,0.0073859987154785145,-0.010410094637223977,-0.2034027425088878,0.8732787959100324,0.016562691451140733,-0.08030138673077492,-0.08856003762372011,0.25915500212003323,0.1901414748939263,-1.0087940791355081,12,0.016576346828179878,REGIME_OOS,True,True
2026-06-07 00:00:00+00:00,ETH,2026-06-07 04:00:00+00:00,1594.5,25.0,2026-06-07 00:00:00+00:00,0.016576346828179878,0.010776545166402585,-0.20592629482071712,1.4128131953680705,0.017103804030369728,-0.057164397534258726,-0.0923423302544506,0.24850279269769748,0.2699647681472983,-0.9607530728387644,12,0.016306052053935316,REGIME_OOS,True,True
2026-06-07 04:00:00+00:00,ETH,2026-06-07 08:00:00+00:00,1620.5,47.0,2026-06-07 00:00:00+00:00,0.016306052053935316,0.01154806491885152,-0.19337979094076652,1.3057605385840565,0.016932544637768478,-0.03557453393045784,-0.09464039398249924,0.23846327292706457,0.35081755570243073,-0.9063740987822679,12,0.004628201172477642,REGIME_OOS,True,True
2026-06-07 08:00:00+00:00,ETH,2026-06-07 12:00:00+00:00,1628.0,24.0,2026-06-07 00:00:00+00:00,0.004628201172477642,0.04225352112676051,-0.18924302788844627,0.636190263435602,0.017005047306458704,-0.025951686485677916,-0.09592364405450293,0.23033274071816456,0.38732958065465617,-0.9042491885049307,12,0.0012285012285011554,REGIME_OOS,True,True
2026-06-07 12:00:00+00:00,ETH,2026-06-07 16:00:00+00:00,1630.0,25.0,2026-06-07 00:00:00+00:00,0.0012285012285011554,0.04453700736943289,-0.17863441672965485,0.4254587977653524,0.017027236690718598,-0.01931291739365859,-0.097199967409902,0.21751424771488378,0.411210793791431,-0.8748254237666958,12,-0.013496932515337456,REGIME_OOS,True,True
2026-06-07 16:00:00+00:00,ETH,2026-06-07 20:00:00+00:00,1608.0,61.0,2026-06-07 00:00:00+00:00,-0.013496932515337456,0.032755298651252485,-0.18890290037831026,-0.4432914712819417,0.017051272173560252,-0.026590190232607336,-0.09881072529390911,0.20315855398901275,0.3691160686542126,-0.8444151966836116,12,0.052860696517412986,REGIME_OOS,True,True
2026-06-07 20:00:00+00:00,ETH,2026-06-08 00:00:00+00:00,1693.0,1219.0,2026-06-07 00:00:00+00:00,0.052860696517412986,0.07937519923493785,-0.11569600417863668,3.452492643238101,0.02015072500918181,0.027586416193742247,-0.09815695698106597,0.19175218313346312,0.6438649393344408,-0.3860590262311148,12,-0.006497341996456019,REGIME_OOS,True,True
2026-06-08 00:00:00+00:00,ETH,2026-06-08 04:00:00+00:00,1682.0,1161.0,2026-06-08 00:00:00+00:00,-0.006497341996456019,0.05487613671997482,-0.1209824928142148,-0.11335888298784702,0.01934239648893248,0.02316103228553623,-0.09696282217485885,0.18345282469032753,0.6262506168800208,-0.35380310877098103,12,-0.003567181926278251,REGIME_OOS,True,True
2026-06-08 04:00:00+00:00,ETH,2026-06-08 08:00:00+00:00,1676.0,1370.0,2026-06-08 00:00:00+00:00,-0.003567181926278251,0.03424868867633446,-0.09940891993551859,-0.014520593590907406,0.019335380261674938,0.022746342430853383,-0.09657866156534789,0.16797453178789276,0.6354154239261456,-0.2296614008115254,12,0.005966587112171906,REGIME_OOS,True,True
2026-06-08 08:00:00+00:00,ETH,2026-06-08 12:00:00+00:00,1686.0,1712.0,2026-06-08 00:00:00+00:00,0.005966587112171906,0.03562653562653573,-0.07742818057455536,0.48379710723241526,0.018858655297906177,0.03177638725272702,-0.09611746614744665,0.1507949441844657,0.7107258132862555,-0.07741365597535445,12,0.004151838671411667,REGIME_OOS,True,True
2026-06-08 12:00:00+00:00,ETH,2026-06-08 16:00:00+00:00,1693.0,4050.0,2026-06-08 00:00:00+00:00,0.004151838671411667,0.03865030674846626,-0.09898882384246943,0.34075663281257207,0.018654227757453422,0.03861844728689312,-0.09495466583752987,0.13299763479394996,0.7903694291009288,0.8910045700622565,12,-0.004430005906674528,REGIME_OOS,True,True
2026-06-08 16:00:00+00:00,ETH,2026-06-08 20:00:00+00:00,1685.5,3483.0,2026-06-08 00:00:00+00:00,-0.004430005906674528,0.04819651741293529,-0.10345744680851066,-0.15514247935870568,0.017793142859428106,0.0354307127608926,-0.09271923664292325,0.12452961632566079,0.7845163568820188,0.6089181720500421,12,0.003263126668644256,REGIME_OOS,True,True
2026-06-08 20:00:00+00:00,ETH,2026-06-09 00:00:00+00:00,1691.0,770.0,2026-06-08 00:00:00+00:00,0.003263126668644256,-0.0011813349084465186,-0.0802284471036171,0.3308065823864573,0.01781681156752555,0.03850641773628949,-0.08903745559316345,0.125895668980429,0.8058597491727486,-0.5428487131789815,12,-0.012418687167356612,REGIME_OOS,True,True
2026-06-09 00:00:00+00:00,ETH,2026-06-09 04:00:00+00:00,1670.0,1197.0,2026-06-09 00:00:00+00:00,-0.012418687167356612,-0.007134363852556502,-0.07530454042081947,-0.5549116336363161,0.017536615733169614,0.025483573840958007,-0.08533331835567814,0.12627914134161375,0.7018035090373246,-0.33204754946109244,8,0.0059880239520957446,REGIME_OOS,True,True
2026-06-09 04:00:00+00:00,ETH,2026-06-09 08:00:00+00:00,1680.0,1248.0,2026-06-09 00:00:00+00:00,0.0059880239520957446,0.0023866348448686736,-0.0746350867529606,0.46748448316028673,0.017348113483628486,0.02862390938313175,-0.07918994649632694,0.12629834293336806,0.7266372520677732,-0.27159103100956616,8,-0.0035714285714285587,REGIME_OOS,True,True
2026-06-09 08:00:00+00:00,ETH,2026-06-09 12:00:00+00:00,1674.0,889.0,2026-06-09 00:00:00+00:00,-0.0035714285714285587,-0.007117437722419906,-0.07590394700524428,-0.1239446619430577,0.017305705308262965,0.02193123025502497,-0.07307280968305974,0.12351939841147132,0.6775529231608381,-0.4148731639695038,8,-0.022700119474313052,REGIME_OOS,True,True
2026-06-09 12:00:00+00:00,ETH,2026-06-09 16:00:00+00:00,1636.0,4966.0,2026-06-09 00:00:00+00:00,-0.022700119474313052,-0.0336680448907265,-0.08115697837686042,-1.2125774429132514,0.017725146149976483,-0.002302145111372056,-0.06817729791163507,0.12165973884396757,0.4810771818742385,1.3101439118366818,8,0.01344743276283622,REGIME_OOS,True,True
2026-06-09 16:00:00+00:00,ETH,2026-06-09 20:00:00+00:00,1658.0,4066.0,2026-06-09 00:00:00+00:00,0.01344743276283622,-0.016315633343221614,-0.055001424907381025,0.8939995869105296,0.017728521143739656,0.008163203259200724,-0.06166376629675063,0.11309897409896487,0.5721775181802944,0.8599344468344996,8,-0.011459589867309994,REGIME_OOS,True,True
2026-06-09 20:00:00+00:00,ETH,2026-06-10 00:00:00+00:00,1639.0,699.0,2026-06-09 00:00:00+00:00,-0.011459589867309994,-0.030751034890597273,-0.07921348314606746,-0.5685430066907412,0.017656829352716095,-0.005762814680012163,-0.05577162102562039,0.10224626912167878,0.4436378977001688,-0.5328884726397937,8,-0.0057962172056131855,REGIME_OOS,True,True
2026-06-10 00:00:00+00:00,ETH,2026-06-10 04:00:00+00:00,1629.5,642.0,2026-06-10 00:00:00+00:00,-0.0057962172056131855,-0.024251497005988054,-0.0840359752670039,-0.2560381760087142,0.017417655381324226,-0.013694484376182148,-0.04984213159726014,0.08863281439563096,0.3454919380642251,-0.5171637764399786,10,0.007057379564283428,REGIME_OOS,True,True
2026-06-10 04:00:00+00:00,ETH,2026-06-10 08:00:00+00:00,1641.0,990.0,2026-06-10 00:00:00+00:00,0.007057379564283428,-0.023214285714285743,-0.07471102340005642,0.5173170521978142,0.017494022979314895,-0.008908349690472606,-0.04415118084780889,0.07503753247730174,0.3812814148284087,-0.34978432121836317,10,-0.01188299817184646,REGIME_OOS,True,True
2026-06-10 08:00:00+00:00,ETH,2026-06-10 12:00:00+00:00,1621.5,1930.0,2026-06-10 00:00:00+00:00,-0.01188299817184646,-0.03136200716845883,-0.06271676300578033,-0.5821359779476567,0.017591515174287368,-0.02148331422364369,-0.039083792403595274,0.0694228949977,0.1905442473357614,0.02395365711331576,10,0.023126734505087843,REGIME_OOS,True,True
2026-06-10 12:00:00+00:00,ETH,2026-06-10 16:00:00+00:00,1659.0,4057.0,2026-06-10 00:00:00+00:00,0.023126734505087843,0.014058679706601573,-0.01338090990187335,1.4278973722023052,0.017637915648841537,-1.5069091785946398e-05,-0.0340465793304221,0.0661584598232693,0.4997722272884504,0.8743833026168902,10,-0.016877637130801704,REGIME_OOS,True,True
2026-06-10 16:00:00+00:00,ETH,2026-06-10 20:00:00+00:00,1631.0,2462.0,2026-06-10 00:00:00+00:00,-0.016877637130801704,-0.01628468033775632,-0.021008403361344574,-0.9340092761055377,0.017145980941502267,-0.016981331083219087,-0.029699525135090887,0.06574056799685842,0.24169174984873054,0.24005169005130012,10,-0.005518087063151489,REGIME_OOS,True,True
2026-06-10 20:00:00+00:00,ETH,2026-06-11 00:00:00+00:00,1622.0,733.0,2026-06-10 00:00:00+00:00,-0.005518087063151489,-0.010372178157413092,0.023343848580441584,-0.3199775082329906,0.01709084490903614,-0.022169974830824057,-0.025802984653875205,0.06697296840674766,0.1689712975512918,-0.46940416117642436,10,0.020345252774352618,REGIME_OOS,True,True
2026-06-11 00:00:00+00:00,ETH,2026-06-11 04:00:00+00:00,1655.0,931.0,2026-06-11 00:00:00+00:00,0.020345252774352618,0.015648972077324297,0.04912836767036444,1.1850603398708752,0.014797160863667178,-0.0036872601399653426,-0.020655480615036415,0.0604693554903294,0.4390226651158028,-0.32820178678785733,9,-0.0006042296072507058,REGIME_OOS,True,True
2026-06-11 04:00:00+00:00,ETH,2026-06-11 08:00:00+00:00,1654.0,547.0,2026-06-11 00:00:00+00:00,-0.0006042296072507058,0.007921998781230899,0.03245942571785276,-0.20237823217531217,0.014747760159614366,-0.0031190199948769592,-0.018791212040568994,0.05784986979161242,0.4460842348286639,-0.548704870861116,9,0.00846432889963733,REGIME_OOS,True,True
2026-06-11 08:00:00+00:00,ETH,2026-06-11 12:00:00+00:00,1668.0,806.0,2026-06-11 00:00:00+00:00,0.00846432889963733,0.028677150786309058,0.06786171574903976,0.40252536426686353,0.014588488796303698,0.005743227965450348,-0.016348959692534026,0.05666368483256921,0.6013564151787945,-0.35210628568303937,9,-0.013489208633093552,REGIME_OOS,True,True
2026-06-11 12:00:00+00:00,ETH,2026-06-11 16:00:00+00:00,1645.5,2853.0,2026-06-11 00:00:00+00:00,-0.013489208633093552,-0.008137432188065064,0.05446972124319127,-1.0817869994466647,0.014861595380052973,-0.006910286973052959,-0.014734826636856102,0.05621257840327355,0.3770686709391273,1.0664746258412898,9,0.021877848678213407,REGIME_OOS,True,True
2026-06-11 16:00:00+00:00,ETH,2026-06-11 20:00:00+00:00,1681.5,4861.0,2026-06-11 00:00:00+00:00,0.021877848678213407,0.03096259963212744,0.07996146435452789,1.3459557552772594,0.015277791704570864,0.014954201813819568,-0.013155151565692358,0.05555537573661876,0.7691765039033401,2.4089048355673466,9,-0.005055010407374327,REGIME_OOS,True,True
2026-06-11 20:00:00+00:00,ETH,2026-06-12 00:00:00+00:00,1673.0,852.0,2026-06-11 00:00:00+00:00,-0.005055010407374327,0.031442663378544955,0.06662416321326114,-0.5062140776528218,0.015314419667833076,0.010433495900587397,-0.011324483934340157,0.05254656527008866,0.6985571434966182,-0.4871248847524532,9,-0.0008965929468021105,REGIME_OOS,True,True
2026-06-12 00:00:00+00:00,ETH,2026-06-12 04:00:00+00:00,1671.5,696.0,2026-06-12 00:00:00+00:00,-0.0008965929468021105,0.00996978851963748,0.048291000313577914,-0.20638819754122542,0.015081829228460372,0.009954532408875894,-0.009275554917031803,0.0506400208642277,0.696574413655265,-0.6153541636498665,12,-0.006880047861202554,REGIME_OOS,True,True
2026-06-12 04:00:00+00:00,ETH,2026-06-12 08:00:00+00:00,1660.0,1088.0,2026-06-12 00:00:00+00:00,-0.006880047861202554,0.0036275695284160303,0.02437519284171552,-0.5676857183905202,0.014899545489203601,0.003946234445637353,-0.008083625783616877,0.046512501176349454,0.5848424476395142,-0.3747652563792691,12,0.0075301204819278045,REGIME_OOS,True,True
2026-06-12 08:00:00+00:00,ETH,2026-06-12 12:00:00+00:00,1672.5,992.0,2026-06-12 00:00:00+00:00,0.0075301204819278045,0.0026978417266187993,0.027334152334152373,0.44439605791316433,0.014933905337240948,0.011429608127721425,-0.006417189415242719,0.046801283200053834,0.7442156997889375,-0.4711809731978627,12,-0.008669656203288523,REGIME_OOS,True,True
2026-06-12 12:00:00+00:00,ETH,2026-06-12 16:00:00+00:00,1658.0,4076.0,2026-06-12 00:00:00+00:00,-0.008669656203288523,0.007596475235490674,0.01717791411042935,-0.6478685802726682,0.015037789743096622,0.003328290468986417,-0.00519525864923287,0.04446186492188394,0.5748571944706757,1.6510616289868723,12,0.0042219541616406175,REGIME_OOS,True,True
2026-06-12 16:00:00+00:00,ETH,2026-06-12 20:00:00+00:00,1665.0,1733.0,2026-06-12 00:00:00+00:00,0.0042219541616406175,-0.009812667261373753,0.035447761194029814,0.23582859966851805,0.014808162558116997,0.007838745800671898,-0.003708840911832212,0.04338513363456881,0.6806781527215602,-0.07811556591005928,12,0.0006006006006005205,REGIME_OOS,True,True
2026-06-12 20:00:00+00:00,ETH,2026-06-13 00:00:00+00:00,1666.0,206.0,2026-06-12 00:00:00+00:00,0.0006006006006005205,-0.004184100418409997,-0.01594802126402839,-0.044951034073462334,0.011151908519465372,0.007529255238728716,-0.0014251982293724819,0.042960375499748855,0.6752604615565532,-1.195732442505928,12,,REGIME_OOS,True,False
2026-06-13 08:00:00+00:00,ETH,2026-06-13 12:00:00+00:00,1678.0,25.0,2026-06-13 00:00:00+00:00,,0.0038887227041579653,-0.0023781212841854638,,,0.01417303798615932,0.00010275752849997488,0.04488888963350514,0.8157359895037508,-1.2738263202009432,12,0.00387365911799753,REGIME_OOS,False,True
2026-06-13 12:00:00+00:00,ETH,2026-06-13 16:00:00+00:00,1684.5,1.0,2026-06-13 00:00:00+00:00,0.00387365911799753,0.014759036144578408,0.0050715990453460424,0.3900157078330587,0.011119506926615615,0.01670363496446514,0.002635448752473568,0.04667680163187322,0.8578573162789088,-1.2355455624857652,12,-0.004155535767289997,REGIME_OOS,True,True
2026-06-13 16:00:00+00:00,ETH,2026-06-13 20:00:00+00:00,1677.5,8.0,2026-06-13 00:00:00+00:00,-0.004155535767289997,0.002989536621823552,-0.005041518386714072,-0.36201923827142085,0.011126294893075902,0.011014178306137046,0.00532282300477438,0.045161374885021095,0.7438849201154433,-1.1720285886398645,12,0.003278688524590123,REGIME_OOS,True,True
2026-06-13 20:00:00+00:00,ETH,2026-06-14 00:00:00+00:00,1683.0,5.0,2026-06-13 00:00:00+00:00,0.003278688524590123,0.015078407720144682,-0.005906674542232704,0.30813138533537077,0.011086093970861187,0.01304681504221028,0.007700333003766824,0.04559174666012384,0.7861661594031769,-1.1113672861335369,12,-0.0002970885323826389,REGIME_OOS,True,True
2026-06-14 00:00:00+00:00,ETH,2026-06-14 04:00:00+00:00,1682.5,1.0,2026-06-14 00:00:00+00:00,-0.0002970885323826389,0.010510510510510551,-0.001779887273805958,-0.005215523022386268,0.011055042007730952,0.010889973713856582,0.010132428626917767,0.040848503430442044,0.7665941907125263,-1.0495457030334612,13,-0.004457652303120341,REGIME_OOS,True,True
2026-06-14 04:00:00+00:00,ETH,2026-06-14 08:00:00+00:00,1675.0,7.0,2026-06-14 00:00:00+00:00,-0.004457652303120341,0.005402160864345751,-0.009461856889414588,-0.3681655820724142,0.011055391751521076,0.005900280751272469,0.010697702649388408,0.04109283218977877,0.6435841833442676,-0.9797036731378195,13,0.0011940298507462366,REGIME_OOS,True,True
2026-06-14 08:00:00+00:00,ETH,2026-06-14 12:00:00+00:00,1677.0,1.0,2026-06-14 00:00:00+00:00,0.0011940298507462366,-0.0005959475566150729,0.004191616766467066,0.14314442765773377,0.011038266175697994,0.005712229568659355,0.011958586453206355,0.03661349743945458,0.6560143107908554,-0.9548316439638413,13,-0.008944543828264706,REGIME_OOS,True,True
2026-06-14 12:00:00+00:00,ETH,2026-06-14 16:00:00+00:00,1662.0,11.0,2026-06-14 00:00:00+00:00,-0.008944543828264706,-0.013357079252003579,-0.010714285714285676,-0.7688785471546957,0.010926105378394087,-0.004477455487503557,0.012226324948008571,0.0264084868011597,0.3304539172874199,-0.90860395286252,13,-0.002105896510228633,REGIME_OOS,True,True
2026-06-14 16:00:00+00:00,ETH,2026-06-14 20:00:00+00:00,1658.5,3.0,2026-06-14 00:00:00+00:00,-0.002105896510228633,-0.011326378539493254,-0.0092592592592593,-0.16147048368212408,0.010864173342687357,-0.006678046297128204,0.011339063436971886,0.025887633971833496,0.24203720956522698,-0.875174950438417,13,0.041000904431715446,REGIME_OOS,True,True
2026-06-14 20:00:00+00:00,ETH,2026-06-15 00:00:00+00:00,1726.5,595.0,2026-06-14 00:00:00+00:00,0.041000904431715446,0.025846702317290582,0.05531784841075793,3.8302366372390613,0.013234595616635567,0.031808877799524904,0.012008443105804956,0.03855668093968427,1.3249900412663813,-0.4722447053187199,13,-0.00405444540978861,REGIME_OOS,True,True
2026-06-15 00:00:00+00:00,ETH,2026-06-15 04:00:00+00:00,1719.5,817.0,2026-06-15 00:00:00+00:00,-0.00405444540978861,0.02199108469539368,0.037092882991556,-0.3724133057960462,0.012507145413645282,0.02604648387385522,0.011638506069770571,0.04554820657202873,1.071844334478151,-0.26504150597590254,18,-0.0023262576330328466,REGIME_OOS,True,True
2026-06-15 04:00:00+00:00,ETH,2026-06-15 08:00:00+00:00,1715.5,417.0,2026-06-15 00:00:00+00:00,-0.0023262576330328466,0.024179104477611846,0.04667480170835869,-0.30559124965133566,0.01231750280237346,0.02152618572662046,0.011857778956057441,0.04676783534043795,0.9602775726078515,-0.5065661963531399,18,0.029146021568055902,REGIME_OOS,True,True
2026-06-15 08:00:00+00:00,ETH,2026-06-15 12:00:00+00:00,1765.5,2372.0,2026-06-15 00:00:00+00:00,0.029146021568055902,0.05277280858676203,0.08346118441239647,2.2874762146589473,0.01311005952868107,0.04867690297288463,0.01184609097028555,0.06538517176800225,1.244463945825495,0.9744926544805002,18,0.046162560181251866,REGIME_OOS,True,True
2026-06-15 12:00:00+00:00,ETH,2026-06-15 16:00:00+00:00,1847.0,5554.0,2026-06-15 00:00:00+00:00,0.046162560181251866,0.11131167268351394,0.12553321145642893,3.3439217282373175,0.015256738655919819,0.09144629930565817,0.013681480283453284,0.10774785052299986,1.3487064833477864,3.2835961540709886,18,-0.013535462912831586,REGIME_OOS,True,True
2026-06-15 16:00:00+00:00,ETH,2026-06-15 20:00:00+00:00,1822.0,5178.0,2026-06-15 00:00:00+00:00,-0.013535462912831586,0.09858305697919811,0.12365094048720326,-1.1529967066090783,0.015576916626527229,0.07190657587033567,0.015421515448397871,0.12632598384828594,1.0692144535893229,2.4807589684676934,18,-0.014270032930845278,REGIME_OOS,True,True
2026-06-15 20:00:00+00:00,ETH,2026-06-16 00:00:00+00:00,1796.0,941.0,2026-06-15 00:00:00+00:00,-0.014270032930845278,0.04025485085432967,0.08257986738999401,-1.1323878648278214,0.01566336830585755,0.05240027540541736,0.01735053383965135,0.13335574905923947,0.8929360059470697,-0.2648736643811777,18,-0.008908685968819552,REGIME_OOS,True,True
2026-06-16 00:00:00+00:00,ETH,2026-06-16 04:00:00+00:00,1780.0,949.0,2026-06-16 00:00:00+00:00,-0.008908685968819552,0.03518464669962196,0.09135499693439608,-0.7787722496078174,0.015353269563624254,0.03974999269838486,0.018708606315939846,0.13682721517304308,0.790512327157384,-0.2087484737284752,20,-0.003370786516853963,REGIME_OOS,True,True
2026-06-16 04:00:00+00:00,ETH,2026-06-16 08:00:00+00:00,1774.0,684.0,2026-06-16 00:00:00+00:00,-0.003370786516853963,0.03410084523462542,0.09371146732429092,-0.36425138943320284,0.014967061253758136,0.03274632513462383,0.020411194078615136,0.13664412074812773,0.7396467916463392,-0.34208385789962287,20,0.014092446448703555,REGIME_OOS,True,True
2026-06-16 08:00:00+00:00,ETH,2026-06-16 12:00:00+00:00,1799.0,853.0,2026-06-16 00:00:00+00:00,0.014092446448703555,0.018974794675729267,0.08700906344410875,0.7630459077595471,0.015025161627520175,0.043231175157296464,0.022071941252126193,0.13911879243293246,0.810750074819243,-0.237389951888103,20,-0.009171762090049995,REGIME_OOS,True,True
2026-06-16 12:00:00+00:00,ETH,2026-06-16 16:00:00+00:00,1782.5,3315.0,2026-06-16 00:00:00+00:00,-0.009171762090049995,-0.034921494315105606,0.07769044740024178,-0.8317606464473499,0.014837488908029564,0.03018306338587795,0.024437537004144527,0.137912870593802,0.7188560303031962,1.2726749534675874,20,0.007573632538569353,REGIME_OOS,True,True
2026-06-16 16:00:00+00:00,ETH,2026-06-16 20:00:00+00:00,1796.0,2650.0,2026-06-16 00:00:00+00:00,0.007573632538569353,-0.014270032930845278,0.0767386091127098,0.3526174144592603,0.014856610051751993,0.034457931948104426,0.026544983680999,0.13834666577341648,0.7490694788737401,0.7905992901854041,20,-0.0025055679287304677,REGIME_OOS,True,True
2026-06-16 20:00:00+00:00,ETH,2026-06-17 00:00:00+00:00,1791.5,267.0,2026-06-16 00:00:00+00:00,-0.0025055679287304677,-0.0025055679287304677,0.08872683075053178,-0.34461689971726656,0.014842652064934424,0.028696114037984,0.02830378072614992,0.13773844503417845,0.7083377232178223,-0.6679146322071166,20,0.0002790957298353103,REGIME_OOS,True,True
2026-06-17 00:00:00+00:00,ETH,2026-06-17 04:00:00+00:00,1792.0,410.0,2026-06-17 00:00:00+00:00,0.0002790957298353103,0.006741573033707926,0.0657151352958667,-0.13269272913956257,0.014549210820124388,0.02561167549005572,0.03039434809018049,0.1350517795957555,0.6896433765383773,-0.5353500846846169,23,-0.0036272321428570953,REGIME_OOS,True,True
2026-06-17 04:00:00+00:00,ETH,2026-06-17 08:00:00+00:00,1785.5,407.0,2026-06-17 00:00:00+00:00,-0.0036272321428570953,0.006482525366403591,0.0672444710101614,-0.4354039157133922,0.014129514312446075,0.018902917469149072,0.032290463960036764,0.13136811497125794,0.6438927358688582,-0.48757712098145095,23,-0.011481377765331868,REGIME_OOS,True,True
2026-06-17 08:00:00+00:00,ETH,2026-06-17 12:00:00+00:00,1765.0,601.0,2026-06-17 00:00:00+00:00,-0.011481377765331868,-0.01889938854919404,0.055937780436733364,-0.9440352533310152,0.014285773971937973,0.004839168801594074,0.033752170202748344,0.12567655663294214,0.5385049442095046,-0.350615198194698,23,0.005099150141643083,REGIME_OOS,True,True
2026-06-17 12:00:00+00:00,ETH,2026-06-17 16:00:00+00:00,1774.0,2114.0,2026-06-17 00:00:00+00:00,0.005099150141643083,-0.004768583450210362,0.06867469879518073,0.24191762627874872,0.014290956763244649,0.007124811944704712,0.03565360034336584,0.1177000100131908,0.5605336562325367,0.6314448121709683,23,-0.022547914317925577,REGIME_OOS,True,True
2026-06-17 16:00:00+00:00,ETH,2026-06-17 20:00:00+00:00,1734.0,4655.0,2026-06-17 00:00:00+00:00,-0.022547914317925577,-0.034521158129176,0.036771300448430466,-1.7067396142715008,0.014894288632506705,-0.01717395000850197,0.03654918365068838,0.10972273330704144,0.34347865304773817,2.2400310998845567,23,0.009227220299884653,REGIME_OOS,True,True
2026-06-17 20:00:00+00:00,ETH,2026-06-18 00:00:00+00:00,1750.0,707.0,2026-06-17 00:00:00+00:00,0.009227220299884653,-0.02316494557633264,0.055488540410132625,0.5308380275448449,0.014921882930398459,-0.010572737038502922,0.03828023645574685,0.09546163722745979,0.3892462213558013,-0.350413664235577,23,-0.003142857142857114,REGIME_OOS,True,True
2026-06-18 00:00:00+00:00,ETH,2026-06-18 04:00:00+00:00,1744.5,896.0,2026-06-18 00:00:00+00:00,-0.003142857142857114,-0.026506696428571397,0.047747747747747704,-0.30292374349766427,0.014827382673185945,-0.0160744500846024,0.03994369171212386,0.0766380165351334,0.2902548785662621,-0.17966761619872254,22,0.0031527658354828514,REGIME_OOS,True,True
2026-06-18 04:00:00+00:00,ETH,2026-06-18 08:00:00+00:00,1750.0,962.0,2026-06-18 00:00:00+00:00,0.0031527658354828514,-0.01988238588630631,0.050420168067226934,0.10731521137305033,0.014822051569559498,-0.013626051545084339,0.039243079230075306,0.07362932132101883,0.31493715681996237,-0.12106350296166485,22,-0.00371428571428567,REGIME_OOS,True,True
2026-06-18 08:00:00+00:00,ETH,2026-06-18 12:00:00+00:00,1743.5,904.0,2026-06-18 00:00:00+00:00,-0.00371428571428567,-0.01218130311614729,0.039034564958283724,-0.3535413575254669,0.01485224483524329,-0.01795395339012884,0.0389053713229055,0.06970643593004536,0.2424347816585153,-0.1742990665430568,22,-0.03642099225695439,REGIME_OOS,True,True
2026-06-18 12:00:00+00:00,ETH,2026-06-18 16:00:00+00:00,1680.0,4199.0,2026-06-18 00:00:00+00:00,-0.03642099225695439,-0.0529875986471251,-0.00267141585040076,-2.5452775423112985,0.01636420558628676,-0.05277401894451961,0.037368910516988096,0.07954411793313221,-0.16345595772252336,1.9034118961931092,22,0.015178571428571486,REGIME_OOS,True,True
2026-06-18 16:00:00+00:00,ETH,2026-06-18 20:00:00+00:00,1705.5,3451.0,2026-06-18 00:00:00+00:00,0.015178571428571486,-0.016435986159169524,0.016691505216095415,0.925167642234398,0.016572707253751207,-0.03676719756014901,0.034694342665801736,0.0867667563028168,0.07625248278463721,1.2779448818657184,22,0.0029316915860451154,REGIME_OOS,True,True
2026-06-18 20:00:00+00:00,ETH,2026-06-19 00:00:00+00:00,1710.5,629.0,2026-06-18 00:00:00+00:00,0.0029316915860451154,-0.022571428571428576,0.016339869281045694,0.1356618072407312,0.016570954471162032,-0.030205099856841167,0.029869439805678022,0.08205108723813173,0.1318744714597281,-0.5008326993514268,22,-0.007892429114294108,REGIME_OOS,True,True
2026-06-19 00:00:00+00:00,ETH,2026-06-19 04:00:00+00:00,1697.0,591.0,2026-06-19 00:00:00+00:00,-0.007892429114294108,-0.027228432215534504,0.008618127786032659,-0.5168242260100196,0.016644129507203245,-0.03443763246611009,0.02531604954116662,0.08281743695900994,0.08417413372554874,-0.5409595971288694,15,-0.0011785503830288313,REGIME_OOS,True,True
2026-06-19 04:00:00+00:00,ETH,2026-06-19 08:00:00+00:00,1695.0,480.0,2026-06-19 00:00:00+00:00,-0.0011785503830288313,-0.03142857142857147,0.011940298507462588,-0.0959626015558233,0.01662175411234052,-0.03279647355882387,0.021940694521386694,0.08616552465432877,0.11937824100307064,-0.6256383549999032,15,-0.0026548672566372167,REGIME_OOS,True,True
2026-06-19 08:00:00+00:00,ETH,2026-06-19 12:00:00+00:00,1690.5,260.0,2026-06-19 00:00:00+00:00,-0.0026548672566372167,-0.03039862345856037,0.00805008944543828,-0.19148606203511323,0.016631287068523053,-0.03289473684210531,0.018624274492436088,0.09056454842747999,0.13678130777137498,-0.7756003976666139,15,0.010056196391600158,REGIME_OOS,True,True
2026-06-19 12:00:00+00:00,ETH,2026-06-19 16:00:00+00:00,1707.5,978.0,2026-06-19 00:00:00+00:00,0.010056196391600158,0.016369047619047672,0.02737665463297234,0.58062409358995,0.016624961975967474,-0.021307693409947426,0.015674574297773303,0.09186306025785644,0.268049384049068,-0.34070592428696583,15,-0.0035139092240117353,REGIME_OOS,True,True
2026-06-19 16:00:00+00:00,ETH,2026-06-19 20:00:00+00:00,1701.5,262.0,2026-06-19 00:00:00+00:00,-0.0035139092240117353,-0.0023453532688361145,0.0259270425082907,-0.27350063417397164,0.01663611274354413,-0.022014024600528814,0.012288500477110276,0.08973014716218318,0.2546641201787018,-0.8142925169048155,15,0.00029385836027029377,REGIME_OOS,True,True
2026-06-19 20:00:00+00:00,ETH,2026-06-20 00:00:00+00:00,1702.0,54.0,2026-06-19 00:00:00+00:00,0.00029385836027029377,-0.00496930722011113,-0.014190558934260022,-0.0416104598957931,0.014820891482978788,-0.01945816710115078,0.009382777790700292,0.08881482879390998,0.2809130821351639,-0.9548726162022697,15,,REGIME_OOS,True,False
2026-06-20 08:00:00+00:00,ETH,2026-06-20 12:00:00+00:00,1727.0,1.0,2026-06-20 00:00:00+00:00,,0.017678255745433136,0.004361733061936546,,,-0.0030739035689031358,0.006685766088260214,0.08280419218107775,0.46287744028489497,-0.9680785513861377,14,0.0072379849449912825,REGIME_OOS,False,True
2026-06-20 12:00:00+00:00,ETH,2026-06-20 16:00:00+00:00,1739.5,22.0,2026-06-20 00:00:00+00:00,0.0072379849449912825,0.026253687315634266,0.01399009035266685,0.5133828708642183,0.014867436985998295,0.00565118732746539,0.004077900969408299,0.07660304072412917,0.5737723630034093,-0.9265899593046099,14,-0.008623167576889856,REGIME_OOS,True,True
2026-06-20 16:00:00+00:00,ETH,2026-06-20 20:00:00+00:00,1724.5,15.0,2026-06-20 00:00:00+00:00,-0.008623167576889856,0.020112392783200317,-0.0232228830359672,-0.5803808051695862,0.014945736625315916,-0.0010716251049902592,0.0016187426025202623,0.06883693429470462,0.48443241094377615,-0.916643393033835,14,,REGIME_OOS,True,False
2026-06-21 04:00:00+00:00,ETH,2026-06-21 08:00:00+00:00,1738.0,1.0,2026-06-21 00:00:00+00:00,,0.017862371888726303,-0.05901461829994581,,,0.00813526878289994,-0.0005130851199517394,0.061373931423564766,0.6325525120226609,-0.8697342454167908,23,-0.008055235903337121,REGIME_OOS,False,True
2026-06-21 08:00:00+00:00,ETH,2026-06-21 12:00:00+00:00,1724.0,2.0,2026-06-21 00:00:00+00:00,-0.008055235903337121,0.013223626212165662,-0.053787047200878124,-0.5252967166410591,0.013935741364570202,0.001205046677410504,-0.0023089268849477707,0.057217607758986155,0.5210607665124068,-0.8476231439523612,23,-0.0020301624129930307,REGIME_OOS,True,True
2026-06-21 12:00:00+00:00,ETH,2026-06-21 16:00:00+00:00,1720.5,1.0,2026-06-21 00:00:00+00:00,-0.0020301624129930307,0.010869565217391353,-0.042037861915367514,-0.042038019770708576,0.010648702125153021,0.0007270612185545922,-0.004556718699337603,0.04971187286121913,0.5146255044661935,-0.8362338003007435,23,0.008427782621331037,REGIME_OOS,True,True
2026-06-21 16:00:00+00:00,ETH,2026-06-21 20:00:00+00:00,1735.0,14.0,2026-06-21 00:00:00+00:00,0.008427782621331037,0.004632310364794501,-0.0252808988764045,1.0779283723865707,0.010658005132721306,0.00913162333507822,-0.005247718949067615,0.04979760221458106,0.6833747596064867,-0.7926151915555684,23,-0.01729106628242072,REGIME_OOS,True,True
2026-06-21 20:00:00+00:00,ETH,2026-06-22 00:00:00+00:00,1705.0,157.0,2026-06-21 00:00:00+00:00,-0.01729106628242072,-0.019833285426846814,-0.038895152198421656,-1.4048050035612365,0.01078829605105239,-0.007017850382924129,-0.007089532819448241,0.04739822041994323,0.3519385259457684,-0.6518177032182461,23,0.01319648093841641,REGIME_OOS,True,True
2026-06-22 00:00:00+00:00,ETH,2026-06-22 04:00:00+00:00,1727.5,1014.0,2026-06-22 00:00:00+00:00,0.01319648093841641,0.0017396346767177828,-0.03974430239021676,1.4474787603372052,0.011080718416857739,0.006584314182496165,-0.008297892011834285,0.04539243862265495,0.645053105369184,0.014180673336714517,23,0.010709117221418207,REGIME_OOS,True,True
2026-06-22 04:00:00+00:00,ETH,2026-06-22 08:00:00+00:00,1746.0,414.0,2026-06-22 00:00:00+00:00,0.010709117221418207,0.004602991944764101,-0.020476858345021,1.1183053583754925,0.011302702317365318,0.0174825174825175,-0.009329392203953457,0.04458668365611607,0.8921017678137935,-0.44415810300209896,23,0.012313860252004538,REGIME_OOS,True,True
2026-06-22 08:00:00+00:00,ETH,2026-06-22 12:00:00+00:00,1767.5,983.0,2026-06-22 00:00:00+00:00,0.012313860252004538,0.025232018561484937,-0.015868596881959962,1.1967969523019741,0.011224042058733614,0.02929187048683901,-0.009660024798869626,0.050183921524681166,1.083690345371532,0.06326461420746995,23,-0.013861386138613874,REGIME_OOS,True,True
2026-06-22 12:00:00+00:00,ETH,2026-06-22 16:00:00+00:00,1743.0,2988.0,2026-06-22 00:00:00+00:00,-0.013861386138613874,0.013077593722754965,-0.027072285794027318,-1.1216031116051333,0.01136956529218951,0.013165925538408008,-0.008512379547235938,0.04741723936279897,0.7776611568985017,1.7745236644852,23,-0.0060240963855421326,REGIME_OOS,True,True
2026-06-22 16:00:00+00:00,ETH,2026-06-22 20:00:00+00:00,1732.5,2193.0,2026-06-22 00:00:00+00:00,-0.0060240963855421326,-0.0014409221902017544,-0.033203125,-0.40417639769647,0.011268897514591198,0.006272869837950834,-0.008362995472923962,0.04705109012141966,0.6333203932525925,0.9939546986710588,23,-0.0037518037518037284,REGIME_OOS,True,True
2026-06-22 20:00:00+00:00,ETH,2026-06-23 00:00:00+00:00,1726.0,471.0,2026-06-22 00:00:00+00:00,-0.0037518037518037284,0.012316715542521894,-0.03332399887986559,-0.16592214777078645,0.011273571373318046,0.0020464738240033586,-0.00840778778179474,0.04666956286329157,0.5438502891059427,-0.41286024257672155,23,0.0008690614136732666,REGIME_OOS,True,True
2026-06-23 00:00:00+00:00,ETH,2026-06-23 04:00:00+00:00,1727.5,578.0,2026-06-23 00:00:00+00:00,0.0008690614136732666,0.0,-0.021246458923512734,0.2477162372483968,0.011278059877930777,0.0020301624129930307,-0.008043820987583272,0.044545464900711006,0.5455750639827902,-0.33103484973367153,20,-0.027785817655571643,REGIME_OOS,True,True
2026-06-23 04:00:00+00:00,ETH,2026-06-23 08:00:00+00:00,1679.5,1193.0,2026-06-23 00:00:00+00:00,-0.027785817655571643,-0.03808705612829322,-0.053269447576099194,-2.2948892088910027,0.012227854948240031,-0.02537393549884659,-0.008541082925313748,0.048018232963701654,-0.028422932972720298,0.15124479046325454,20,-0.012801428996725206,REGIME_OOS,True,True
2026-06-23 08:00:00+00:00,ETH,2026-06-23 12:00:00+00:00,1658.0,1788.0,2026-06-23 00:00:00+00:00,-0.012801428996725206,-0.06195190947666196,-0.0438292964244521,-0.8253469730550669,0.012262835001064858,-0.03694237918215604,-0.009259419113881173,0.05656466259720089,-0.15309996534805073,0.6497590218752789,20,-0.000904704463208672,REGIME_OOS,True,True
2026-06-23 12:00:00+00:00,ETH,2026-06-23 16:00:00+00:00,1656.5,2116.0,2026-06-23 00:00:00+00:00,-0.000904704463208672,-0.04962707974756164,-0.05342857142857138,0.15074027927333253,0.012178970632868573,-0.03638637619615481,-0.010664257185280634,0.06574972093456591,-0.05340731000769623,1.1670267858389278,20,0.0018110473890733392,REGIME_OOS,True,True
2026-06-23 16:00:00+00:00,ETH,2026-06-23 20:00:00+00:00,1659.5,2391.0,2026-06-23 00:00:00+00:00,0.0018110473890733392,-0.04213564213564214,-0.04872456291200922,0.39119755318200794,0.011627057721281352,-0.033460496811206,-0.011884208103130622,0.07234251636742683,0.03747120654110989,1.3517377536640318,20,0.0033142512805062196,REGIME_OOS,True,True
2026-06-23 20:00:00+00:00,ETH,2026-06-24 00:00:00+00:00,1665.0,387.0,2026-06-23 00:00:00+00:00,0.0033142512805062196,-0.03534183082271147,-0.0485714285714286,0.4692177628969461,0.01147684201392525,-0.02921112471575993,-0.012249693325731226,0.0770309245702759,0.12078704262324633,-0.5207065717095963,20,-0.0006006006006006315,REGIME_OOS,True,True
2026-06-24 00:00:00+00:00,ETH,2026-06-24 04:00:00+00:00,1664.0,454.0,2026-06-24 00:00:00+00:00,-0.0006006006006006315,-0.036758321273516636,-0.0455979351878405,0.15142398032058352,0.011480083037670088,-0.028008995589824504,-0.013433145465232887,0.08129080012036836,0.1554469195978979,-0.44180603225439796,23,0.0036057692307691624,REGIME_OOS,True,True
2026-06-24 04:00:00+00:00,ETH,2026-06-24 08:00:00+00:00,1670.0,344.0,2026-06-24 00:00:00+00:00,0.0036057692307691624,-0.005656445370646024,-0.005952380952380931,0.5104054584500788,0.011487734961217895,-0.02252008370037606,-0.014919133969498621,0.08278985127278413,0.2279849721413965,-0.5245179117289817,23,0.004191616766467066,REGIME_OOS,True,True
2026-06-24 08:00:00+00:00,ETH,2026-06-24 12:00:00+00:00,1677.0,659.0,2026-06-24 00:00:00+00:00,0.004191616766467066,0.011459589867309994,-0.016710642040457357,0.5597486789272994,0.011543262874427645,-0.01705644452259536,-0.01528356554964272,0.08398174032206,0.2969029403631563,-0.1565363337854182,23,-0.03637447823494333,REGIME_OOS,True,True
2026-06-24 12:00:00+00:00,ETH,2026-06-24 16:00:00+00:00,1616.0,2809.0,2026-06-24 00:00:00+00:00,-0.03637447823494333,-0.02444913975249019,-0.055247003800058425,-2.9800396118414767,0.01153847876348895,-0.04941176470588238,-0.016180930114123027,0.09463480208431012,-0.022131009074879533,2.590406754898207,23,-0.021658415841584122,REGIME_OOS,True,True
2026-06-24 16:00:00+00:00,ETH,2026-06-24 20:00:00+00:00,1581.0,4315.0,2026-06-24 00:00:00+00:00,-0.021658415841584122,-0.04730340463995175,-0.06835592221567477,-1.706019406303646,0.0116100803935354,-0.06607200874265284,-0.017578374363081406,0.11279669484559163,-0.08576192177527382,3.9460260454916187,23,0.023402909550917173,REGIME_OOS,True,True
2026-06-24 20:00:00+00:00,ETH,2026-06-25 00:00:00+00:00,1618.0,880.0,2026-06-24 00:00:00+00:00,0.023402909550917173,-0.028228228228228236,-0.04542772861356936,2.2914876879967214,0.012546784720018508,-0.04131301011716948,-0.01852487235255118,0.11864014839496652,0.1517788398271906,-0.028593678342875056,23,-0.0009270704573547395,REGIME_OOS,True,True
2026-06-25 00:00:00+00:00,ETH,2026-06-25 04:00:00+00:00,1616.5,333.0,2026-06-25 00:00:00+00:00,-0.0009270704573547395,-0.028545673076923128,-0.04377403135167113,0.12688528364275936,0.01250830993220684,-0.038827446783208486,-0.020107090210975898,0.12169950127410395,0.18095640181994394,-0.539231613726969,17,0.023507578100835147,REGIME_OOS,True,True
2026-06-25 04:00:00+00:00,ETH,2026-06-25 08:00:00+00:00,1654.5,474.0,2026-06-25 00:00:00+00:00,0.023507578100835147,-0.00928143712574847,-0.031039531478770144,2.0621868513091104,0.01336631068616267,-0.014753390600110272,-0.020213895631067902,0.12197988965639173,0.379050631692901,-0.4135179350929072,17,-0.015412511332728918,REGIME_OOS,True,True
2026-06-25 08:00:00+00:00,ETH,2026-06-25 12:00:00+00:00,1629.0,324.0,2026-06-25 00:00:00+00:00,-0.015412511332728918,-0.028622540250447193,-0.0426094622392007,-1.0435555806113446,0.013606294867993335,-0.027085137516050906,-0.021145616537661116,0.12199053123633262,0.27797344399149443,-0.5335596336573073,17,-0.03867403314917128,REGIME_OOS,True,True
2026-06-25 12:00:00+00:00,ETH,2026-06-25 16:00:00+00:00,1566.0,4028.0,2026-06-25 00:00:00+00:00,-0.03867403314917128,-0.030940594059405968,-0.0799059929494712,-2.703510064974883,0.014971324178794449,-0.059657129132014264,-0.023936372854137078,0.12867365699869063,0.036368744593764823,2.837709634601436,17,-0.006066411238825009,REGIME_OOS,True,True
2026-06-25 16:00:00+00:00,ETH,2026-06-25 20:00:00+00:00,1556.5,1528.0,2026-06-25 00:00:00+00:00,-0.006066411238825009,-0.015496521189120815,-0.0987261146496815,-0.17051212017793496,0.014978577178932601,-0.05940294899685761,-0.027389208886799188,0.1285258011593856,0.03781304250971637,0.3948557130619685,17,0.007388371345968592,REGIME_OOS,True,True
2026-06-25 20:00:00+00:00,ETH,2026-06-26 00:00:00+00:00,1568.0,227.0,2026-06-25 00:00:00+00:00,0.007388371345968592,-0.030902348578491945,-0.09859154929577463,0.7335191871991217,0.015097683629245802,-0.04741654263236228,-0.029983558543958844,0.12705475742307593,0.12680230481672294,-0.7180260221087406,17,-0.01307397959183676,REGIME_OOS,True,True
2026-06-26 00:00:00+00:00,ETH,2026-06-26 04:00:00+00:00,1547.5,161.0,2026-06-26 00:00:00+00:00,-0.01307397959183676,-0.042684812867305855,-0.10263844592635551,-0.6432616542244027,0.015061326282787802,-0.05455767350928642,-0.03264698234084307,0.12841966079978093,0.07516105268065422,-0.7819032546759921,12,0.0206785137318255,REGIME_OOS,True,True
2026-06-26 04:00:00+00:00,ETH,2026-06-26 08:00:00+00:00,1579.5,32.0,2026-06-26 00:00:00+00:00,0.0206785137318255,-0.045330915684496875,-0.09119677790563863,1.6411435087337256,0.015690762556584303,-0.03066938737937064,-0.034625456182757586,0.121727957206497,0.24804976536866027,-0.8962236912489843,12,-0.023108578664134183,REGIME_OOS,True,True
2026-06-26 08:00:00+00:00,ETH,2026-06-26 12:00:00+00:00,1543.0,206.0,2026-06-26 00:00:00+00:00,-0.023108578664134183,-0.05279312461632901,-0.10498839907192581,-1.277568070515505,0.016091509251624645,-0.047677827495756775,-0.037559103761256485,0.1172918380476613,0.093511123285637,-0.7527080396884619,12,0.012961762799740706,REGIME_OOS,True,True
2026-06-26 12:00:00+00:00,ETH,2026-06-26 16:00:00+00:00,1563.0,401.0,2026-06-26 00:00:00+00:00,0.012961762799740706,-0.0019157088122605526,-0.09154315605928509,1.0270076009123008,0.01637115826028353,-0.031853446273441,-0.03860926836820988,0.11645725617779565,0.22647950570971526,-0.5987215740879692,12,,REGIME_OOS,True,False
2026-06-27 12:00:00+00:00,ETH,2026-06-27 16:00:00+00:00,1606.0,6.0,2026-06-27 00:00:00+00:00,,0.03180212014134276,-0.0743515850144092,,,-0.0036139159027810397,-0.03869207371622829,0.11388502108604338,0.46826697779639853,-0.9494462122656261,13,-0.01743462017434616,REGIME_OOS,False,True
2026-06-27 16:00:00+00:00,ETH,2026-06-27 20:00:00+00:00,1578.0,24.0,2026-06-27 00:00:00+00:00,-0.01743462017434616,0.0063775510204082675,-0.07448680351906156,-0.8777638866153954,0.016425964067724806,-0.018595683811182373,-0.03906147281354955,0.11249626700240171,0.3346995477566794,-0.9337928529095564,13,-0.0019011406844106071,REGIME_OOS,True,True
2026-06-27 20:00:00+00:00,ETH,2026-06-28 00:00:00+00:00,1575.0,24.0,2026-06-27 00:00:00+00:00,-0.0019011406844106071,0.017770597738287597,-0.08827785817655576,0.1233138019681026,0.016233381779524117,-0.017880805025956015,-0.039640810362483236,0.10994486727865771,0.3373657136659533,-0.9269026271269631,13,-0.0019047619047618536,REGIME_OOS,True,True
2026-06-28 00:00:00+00:00,ETH,2026-06-28 04:00:00+00:00,1572.0,18.0,2026-06-28 00:00:00+00:00,-0.0019047619047618536,-0.0047483380816714105,-0.09965635738831613,0.09295224866829341,0.015931897412035996,-0.016900924000562867,-0.04037964124322602,0.10539302844629966,0.339639070537058,-0.8915241170933091,15,,REGIME_OOS,True,False
2026-06-28 08:00:00+00:00,ETH,2026-06-28 12:00:00+00:00,1583.0,12.0,2026-06-28 00:00:00+00:00,,0.025923525599481634,-0.10438472418670441,,,-0.007507954670135875,-0.04096266009259819,0.09870708532868229,0.4239370239214816,-0.8783807738887677,15,0.0009475679090333866,REGIME_OOS,False,True
2026-06-28 12:00:00+00:00,ETH,2026-06-28 16:00:00+00:00,1584.5,5.0,2026-06-28 00:00:00+00:00,0.0009475679090333866,0.013755598208573305,-0.09093516924842227,0.3053392693488675,0.015721167879213068,-0.003897655120387311,-0.042433436271588465,0.08852753634022965,0.45597239817667823,-0.8466819130403583,15,-0.01451562006942253,REGIME_OOS,True,True
2026-06-28 16:00:00+00:00,ETH,2026-06-28 20:00:00+00:00,1561.5,40.0,2026-06-28 00:00:00+00:00,-0.01451562006942253,-0.027708592777085927,-0.09870129870129873,-0.6534609365648774,0.015508541576035859,-0.014779879174093402,-0.04425288396017635,0.07389076962487601,0.29997665135812035,-0.7637985254369218,15,0.007364713416586621,REGIME_OOS,True,True
2026-06-28 20:00:00+00:00,ETH,2026-06-29 00:00:00+00:00,1573.0,356.0,2026-06-28 00:00:00+00:00,0.007364713416586621,-0.003168567807351086,-0.08864426419466975,0.8061029045952789,0.01558080249192133,-0.006175862014499933,-0.04396397593563495,0.07188054508340579,0.4140815917946391,-0.4417417474804255,15,0.008264462809917328,REGIME_OOS,True,True
2026-06-29 00:00:00+00:00,ETH,2026-06-29 04:00:00+00:00,1586.0,967.0,2026-06-29 00:00:00+00:00,0.008264462809917328,0.0069841269841270925,-0.08191027496382053,0.8147008575810866,0.01574786422280726,0.00187931333996616,-0.04252906238281284,0.07188321909049286,0.5261439785772574,0.08219947973030155,18,-0.0025220680958385477,REGIME_OOS,True,True
2026-06-29 04:00:00+00:00,ETH,2026-06-29 08:00:00+00:00,1582.0,524.0,2026-06-29 00:00:00+00:00,-0.0025220680958385477,0.006361323155216203,-0.058052991961893396,0.0908616507898476,0.01575000617678438,0.0004901263261078981,-0.04230867068827682,0.06888758655334883,0.507114871497616,-0.30623942169124413,18,-0.004108723135271775,REGIME_OOS,True,True
2026-06-29 08:00:00+00:00,ETH,2026-06-29 12:00:00+00:00,1575.5,786.0,2026-06-29 00:00:00+00:00,-0.004108723135271775,-0.004737839545167377,-0.04975874547647774,-0.012493283244345087,0.015724100554387013,-0.0023271645004511177,-0.042216062785817354,0.06572921381090122,0.46459467007857025,-0.06397686641413619,18,0.0028562361155188842,REGIME_OOS,True,True
2026-06-29 12:00:00+00:00,ETH,2026-06-29 16:00:00+00:00,1580.0,3481.0,2026-06-29 00:00:00+00:00,0.0028562361155188842,-0.0028400126222782873,-0.04618170842137037,0.4409865028636436,0.015114380705012457,0.0028880637278236865,-0.04299520723106731,0.04818547178742886,0.5599364003441643,2.2858277870168235,18,0.02974683544303791,REGIME_OOS,True,True
2026-06-29 16:00:00+00:00,ETH,2026-06-29 20:00:00+00:00,1627.0,4083.0,2026-06-29 00:00:00+00:00,0.02974683544303791,0.04194684598142806,-0.019584212112081945,2.1703379244924026,0.016130543718548225,0.03278636493477638,-0.04218903899704518,0.04744197595252167,1.1910834609331606,2.5943322248520873,18,-0.007682851874615815,REGIME_OOS,True,True
2026-06-29 20:00:00+00:00,ETH,2026-06-30 00:00:00+00:00,1614.5,443.0,2026-06-29 00:00:00+00:00,-0.007682851874615815,0.02638270820089006,-0.03033033033033028,-0.3747331308320238,0.01616734373499844,0.02327644943036855,-0.039692877010815586,0.05189371618567737,0.9485408088155564,-0.3623590090365906,18,-0.016413750387116788,REGIME_OOS,True,True
2026-06-30 00:00:00+00:00,ETH,2026-06-30 04:00:00+00:00,1588.0,1151.0,2026-06-30 00:00:00+00:00,-0.016413750387116788,0.0012610340479193294,-0.04567307692307687,-0.8999381502375092,0.016365670316946246,0.005476936714471137,-0.03710500484694046,0.0505304646590907,0.6083888056724187,0.16357137948858833,12,0.0031486146095718315,REGIME_OOS,True,True
2026-06-30 04:00:00+00:00,ETH,2026-06-30 08:00:00+00:00,1593.0,757.0,2026-06-30 00:00:00+00:00,0.0031486146095718315,0.006953223767383054,-0.04610778443113772,0.3434169656312121,0.016363678865230154,0.007845122105529567,-0.03461839147854984,0.050578049076229994,0.6551092272006306,-0.1475807413356394,12,-0.00910232266164468,REGIME_OOS,True,True
2026-06-30 08:00:00+00:00,ETH,2026-06-30 12:00:00+00:00,1578.5,681.0,2026-06-30 00:00:00+00:00,-0.00910232266164468,0.0019041574103459968,-0.05873583780560521,-0.40487027780548984,0.016403628348924115,-0.0023069873273710018,-0.031945226265938875,0.0465818868224829,0.4504745839050563,-0.21529401941161927,12,-0.009185936015204343,REGIME_OOS,True,True
2026-06-30 12:00:00+00:00,ETH,2026-06-30 16:00:00+00:00,1564.0,3502.0,2026-06-30 00:00:00+00:00,-0.009185936015204343,-0.010126582278481067,-0.03217821782178221,-0.391705401366187,0.016398689047939247,-0.010987273733301661,-0.030354777788678566,0.04771289003130796,0.2697210601560259,1.8971453302450507,12,0.011189258312020556,REGIME_OOS,True,True
2026-06-30 16:00:00+00:00,ETH,2026-06-30 20:00:00+00:00,1581.5,1884.0,2026-06-30 00:00:00+00:00,0.011189258312020556,-0.027965580823601677,0.00031625553447178767,0.8766673136972614,0.016556270576215826,-0.0011368660392849783,-0.027474923680767538,0.041849762531406154,0.47283458804737905,0.6492488186260637,12,-0.006639266519127385,REGIME_OOS,True,True
2026-06-30 20:00:00+00:00,ETH,2026-07-01 00:00:00+00:00,1571.0,458.0,2026-06-30 00:00:00+00:00,-0.006639266519127385,-0.026943326107153887,-0.029048207663782466,-0.22260960622460732,0.015331232373999188,-0.008019195554713643,-0.025439373800029474,0.04076615136837951,0.30328789239266263,-0.3668950702544308,12,0.01623169955442383,REGIME_OOS,True,True
2026-07-01 00:00:00+00:00,ETH,2026-07-01 04:00:00+00:00,1596.5,1091.0,2026-07-01 00:00:00+00:00,0.01623169955442383,0.005352644836271958,-0.012372409526755335,1.1867413546628818,0.015212969662338573,0.008384784222078334,-0.024068126760650288,0.0393616088642221,0.7130193471258182,0.1565200621812086,15,-0.011274663326025669,REGIME_OOS,True,True
2026-07-01 04:00:00+00:00,ETH,2026-07-01 08:00:00+00:00,1578.5,1266.0,2026-07-01 00:00:00+00:00,-0.011274663326025669,-0.00910232266164468,-0.04593532789362342,-0.6951410201646477,0.014624521347141414,-0.003000157903047529,-0.022528307012236515,0.03933969752243373,0.4237371385141772,0.27839082391174613,15,-0.0053848590433955845,REGIME_OOS,True,True
2026-07-01 08:00:00+00:00,ETH,2026-07-01 12:00:00+00:00,1570.0,653.0,2026-07-01 00:00:00+00:00,-0.0053848590433955845,-0.0053848590433955845,-0.03621853898096994,-0.24133684710122666,0.014637404609310206,-0.008212255211623498,-0.020778304950544002,0.03979706054856087,0.2936466890160694,-0.24004582391622656,15,0.033757961783439594,REGIME_OOS,True,True
2026-07-01 12:00:00+00:00,ETH,2026-07-01 16:00:00+00:00,1623.0,4739.0,2026-07-01 00:00:00+00:00,0.033757961783439594,0.03772378516624042,0.03639846743295028,2.4431911846361682,0.015355477598025925,0.02361956418908262,-0.017706132715456735,0.04506189214980447,1.0241582867972217,3.0768781886061247,15,-0.0015403573629081402,REGIME_OOS,True,True
2026-07-01 16:00:00+00:00,ETH,2026-07-01 20:00:00+00:00,1620.5,2684.0,2026-07-01 00:00:00+00:00,-0.0015403573629081402,0.024660132785330413,0.041117892707998704,0.007943699843021906,0.015134412826045648,0.020835630029765184,-0.014749967415388698,0.04907454863002908,0.9245709968082262,1.3135472014283343,15,-0.005553841406973126,REGIME_OOS,True,True
2026-07-01 20:00:00+00:00,ETH,2026-07-02 00:00:00+00:00,1611.5,951.0,2026-07-01 00:00:00+00:00,-0.005553841406973126,0.02577975811584987,0.02774234693877542,-0.287682774445963,0.01341711006467383,0.014303472801372008,-0.012299820957875296,0.05081898530279142,0.7814592364674073,-0.05351018420262055,15,0.01923673596028541,REGIME_OOS,True,True
2026-07-02 00:00:00+00:00,ETH,2026-07-02 04:00:00+00:00,1642.5,1335.0,2026-07-02 00:00:00+00:00,0.01923673596028541,0.02881302849984335,0.06138933764135701,1.44089606563979,0.013818166293054799,0.031186727983300022,-0.008672732704324226,0.0563177065320996,1.0537641694539617,0.21883728923481813,11,-0.015220700152207,REGIME_OOS,True,True
2026-07-02 04:00:00+00:00,ETH,2026-07-02 08:00:00+00:00,1617.5,803.0,2026-07-02 00:00:00+00:00,-0.015220700152207,0.024707000316756433,0.024058246280468598,-1.155595678135966,0.014057951123104354,0.014074793893608328,-0.005945444007503409,0.0565818490951753,0.7487510415209907,-0.21553512254032536,11,0.020710973724884063,REGIME_OOS,True,True
2026-07-02 08:00:00+00:00,ETH,2026-07-02 12:00:00+00:00,1651.0,1313.0,2026-07-02 00:00:00+00:00,0.020710973724884063,0.05159235668789819,0.06999351911860008,1.4736924438177905,0.014325688841958194,0.032972533316649066,-0.002969321173256101,0.06421675245258478,1.013456879355502,0.1558349726100026,11,0.030890369473046686,REGIME_OOS,True,True
2026-07-02 12:00:00+00:00,ETH,2026-07-02 16:00:00+00:00,1702.0,6376.0,2026-07-02 00:00:00+00:00,0.030890369473046686,0.04867529266789905,0.08893154190658992,2.078107887984438,0.01491562241395808,0.06089883438259691,0.0004926692069273653,0.08537540619874508,1.2133065257789888,4.06826307197428,11,0.000587544065804968,REGIME_OOS,True,True
2026-07-02 16:00:00+00:00,ETH,2026-07-02 20:00:00+00:00,1703.0,3029.0,2026-07-02 00:00:00+00:00,0.000587544065804968,0.05091021289725384,0.060398505603985075,-0.058522104616628656,0.014178914009958805,0.057320688531205866,0.003904862223496508,0.09929987378449044,1.0772483523554968,1.056633701047007,11,0.00029359953024066243,REGIME_OOS,True,True
2026-07-02 20:00:00+00:00,ETH,2026-07-03 00:00:00+00:00,1703.5,430.0,2026-07-02 00:00:00+00:00,0.00029359953024066243,0.05708966801116966,0.07953105196451205,-0.13800132416251354,0.014036836410154796,0.05359186071682598,0.007163546890086359,0.10959984569466738,0.9889775197870878,-0.6363283257958986,11,0.0035221602582917733,REGIME_OOS,True,True
2026-07-03 00:00:00+00:00,ETH,2026-07-03 04:00:00+00:00,1709.5,309.0,2026-07-03 00:00:00+00:00,0.0035221602582917733,0.040791476407914695,0.08539682539682536,0.12069129246588073,0.01355846990804758,0.054612193278736676,0.009104491549164262,0.12066512510032958,0.9525930191787243,-0.7253215074547201,19,0.007019596373208481,REGIME_OOS,True,True
2026-07-03 04:00:00+00:00,ETH,2026-07-03 08:00:00+00:00,1721.5,224.0,2026-07-03 00:00:00+00:00,0.007019596373208481,0.0642967542503865,0.09510178117048351,0.33137962661767767,0.013555836808116424,0.05852151322767596,0.01172331848607766,0.13223535682178436,0.9425557175797258,-0.7888011594614731,19,0.01539355213476612,REGIME_OOS,True,True
2026-07-03 08:00:00+00:00,ETH,2026-07-03 12:00:00+00:00,1748.0,595.0,2026-07-03 00:00:00+00:00,0.01539355213476612,0.058752271350696494,0.10423246999368296,0.9272462285579378,0.013714729439341973,0.06955470913068074,0.015638594049069088,0.14531474330529826,0.9786486735523472,-0.5606077847297791,19,-0.0062929061784896545,REGIME_OOS,True,True
2026-07-03 12:00:00+00:00,ETH,2026-07-03 16:00:00+00:00,1737.0,745.0,2026-07-03 00:00:00+00:00,-0.0062929061784896545,0.02056404230317277,0.09624487219943201,-0.7067926690672144,0.013822668783978542,0.05816237949467706,0.019264203663458712,0.1528672982829025,0.8804762702552607,-0.4823430420381468,19,0.006620610247553227,REGIME_OOS,True,True
2026-07-03 16:00:00+00:00,ETH,2026-07-03 20:00:00+00:00,1748.5,317.0,2026-07-03 00:00:00+00:00,0.006620610247553227,0.026717557251908497,0.11975664425232146,0.25041440190901787,0.013423614192970371,0.05968091392554653,0.02363316024889417,0.1580894965008234,0.8775134670331225,-0.7819772140077571,19,0.008006863025450395,REGIME_OOS,True,True
2026-07-03 20:00:00+00:00,ETH,2026-07-04 00:00:00+00:00,1762.5,123.0,2026-07-03 00:00:00+00:00,0.008006863025450395,0.03463457587320229,0.12047043865225682,0.30864318983686184,0.01342989974792193,0.06177896924606152,0.02792192512044389,0.16030223286995474,0.8853905721711302,-0.9188758846620346,19,,REGIME_OOS,True,False
2026-07-04 12:00:00+00:00,ETH,2026-07-04 16:00:00+00:00,1793.5,22.0,2026-07-04 00:00:00+00:00,,0.04913717461245981,0.13083228247162682,,,0.07359851545898066,0.03177054060564144,0.16798347349124684,0.9381295012501073,-0.97542851670007,21,0.003624198494563746,REGIME_OOS,False,True
2026-07-04 16:00:00+00:00,ETH,2026-07-04 20:00:00+00:00,1800.0,51.0,2026-07-04 00:00:00+00:00,0.003624198494563746,0.045599767644496136,0.1378002528445006,-0.019431449161145625,0.013404420386549092,0.07015457788347201,0.036512093668156,0.17056722678073402,0.9113016269746621,-0.9233425630214391,21,-0.012222222222222245,REGIME_OOS,True,True
2026-07-04 20:00:00+00:00,ETH,2026-07-05 00:00:00+00:00,1778.0,13.0,2026-07-04 00:00:00+00:00,-0.012222222222222245,0.017162471395880896,0.1285306251983498,-1.190107978843054,0.013674711260839401,0.0514022145676567,0.04003431776528621,0.16987620730707492,0.8025863090688149,-0.9301657282924434,21,-0.007311586051743535,REGIME_OOS,True,True
2026-07-05 00:00:00+00:00,ETH,2026-07-05 04:00:00+00:00,1765.0,11.0,2026-07-05 00:00:00+00:00,-0.007311586051743535,0.016119746689694958,0.11708860759493667,-0.7838361489310485,0.01374772094426859,0.03799106092684079,0.04434986088847137,0.16104775120002632,0.7358993568289856,-0.9047460379107904,22,0.004249291784702569,REGIME_OOS,True,True
2026-07-05 04:00:00+00:00,ETH,2026-07-05 08:00:00+00:00,1772.5,11.0,2026-07-05 00:00:00+00:00,0.004249291784702569,0.013726050900772169,0.08942839582052864,0.0690228529563679,0.013748521642299474,0.03623156633197411,0.048719850894510364,0.14711326029547817,0.7462834842977625,-0.8463042296432247,22,-0.001692524682651575,REGIME_OOS,True,True
2026-07-05 08:00:00+00:00,ETH,2026-07-05 12:00:00+00:00,1769.5,16.0,2026-07-05 00:00:00+00:00,-0.001692524682651575,0.003971631205673676,0.09600495509445639,-0.36653720786976635,0.012834651341950613,0.030066653083796746,0.0505892497844207,0.1412740752628718,0.7128249859562059,-0.7926555746380929,22,0.002543091268719877,REGIME_OOS,True,True
2026-07-05 12:00:00+00:00,ETH,2026-07-05 16:00:00+00:00,1774.0,19.0,2026-07-05 00:00:00+00:00,0.002543091268719877,-0.010872595483691128,0.11712846347607053,0.019030504266518204,0.012695450951487972,0.028092899262543325,0.05248310439895576,0.13288845512919123,0.7114021058882198,-0.7761849840090708,22,0.004509582863585049,REGIME_OOS,True,True
2026-07-05 16:00:00+00:00,ETH,2026-07-05 20:00:00+00:00,1782.0,18.0,2026-07-05 00:00:00+00:00,0.004509582863585049,-0.010000000000000009,0.11864406779661008,0.1472871438508259,0.012176757313231892,0.027652028488221347,0.05492894339806287,0.11971254953814214,0.7309868814498092,-0.7442809239337485,22,0.00364758698092027,REGIME_OOS,True,True
2026-07-05 20:00:00+00:00,ETH,2026-07-06 00:00:00+00:00,1788.5,601.0,2026-07-05 00:00:00+00:00,0.00364758698092027,0.0059055118110236116,0.1330376940133038,0.025494175354118045,0.01217683168564168,0.027076693370086558,0.056272671025973775,0.11140445051180345,0.7430485788107511,-0.34087245726301224,22,-0.0027956388034665602,REGIME_OOS,True,True
2026-07-06 00:00:00+00:00,ETH,2026-07-06 04:00:00+00:00,1783.5,679.0,2026-07-06 00:00:00+00:00,-0.0027956388034665602,0.010481586402266263,0.14034526854219953,-0.5050100033679642,0.01200763647617719,0.01934672648815483,0.05868720729006571,0.09046401518893432,0.7138610191881163,-0.28796241618452373,23,-0.00448556209700024,REGIME_OOS,True,True
2026-07-06 04:00:00+00:00,ETH,2026-07-06 08:00:00+00:00,1775.5,611.0,2026-07-06 00:00:00+00:00,-0.00448556209700024,0.001692524682651575,0.12266835282959221,-0.6703707191130774,0.011865357798770532,0.011176763721791216,0.059472880752544866,0.07374641327821246,0.6515567093361703,-0.28315340375139647,23,-0.007040270346381328,REGIME_OOS,True,True
2026-07-06 08:00:00+00:00,ETH,2026-07-06 12:00:00+00:00,1763.0,1006.0,2026-07-06 00:00:00+00:00,-0.007040270346381328,-0.0036733540548177235,0.1222151495862509,-0.9069221056685071,0.011936261955725898,0.002316755973108542,0.0587578477225803,0.06777042771468925,0.534185352686013,0.015720694892092043,23,0.016732841747022054,REGIME_OOS,True,True
2026-07-06 12:00:00+00:00,ETH,2026-07-06 16:00:00+00:00,1792.5,4032.0,2026-07-06 00:00:00+00:00,0.016732841747022054,0.010428410372040675,0.122768556216724,1.1410446436104502,0.012040075922920716,0.01650221163661114,0.05907365588814684,0.06260494447367067,0.7635927844892708,2.085347642753394,23,0.0022315202231519837,REGIME_OOS,True,True
2026-07-06 16:00:00+00:00,ETH,2026-07-06 20:00:00+00:00,1796.5,3658.0,2026-07-06 00:00:00+00:00,0.0022315202231519837,0.008136924803591405,0.13810579664238198,-0.13792139191870845,0.011814511598578038,0.016091173892140986,0.059086743220658766,0.05577519478513286,0.7885005413989207,1.6452152742956843,23,0.003618146395769628,REGIME_OOS,True,True
2026-07-06 20:00:00+00:00,ETH,2026-07-07 00:00:00+00:00,1803.0,568.0,2026-07-06 00:00:00+00:00,0.003618146395769628,0.008107352530053014,0.148407643312102,0.016311701528179425,0.011483795179858853,0.01707822702336803,0.0589944861616396,0.04884725789600758,0.8496250917446869,-0.37635622149283443,23,-0.01580698835274541,REGIME_OOS,True,True
2026-07-07 00:00:00+00:00,ETH,2026-07-07 04:00:00+00:00,1774.5,765.0,2026-07-07 00:00:00+00:00,-0.01580698835274541,-0.005046257359125339,0.09334565619223656,-1.7179727296901177,0.011924244668326738,-0.0004928536224740876,0.0580177828631363,0.04051176260808731,0.48783430809362666,-0.2531326581933308,24,-0.0005635390250774419,REGIME_OOS,True,True
2026-07-07 04:00:00+00:00,ETH,2026-07-07 08:00:00+00:00,1773.5,952.0,2026-07-07 00:00:00+00:00,-0.0005635390250774419,-0.0011264432554209947,0.09441530391854358,-0.3470235163285493,0.010488506133544552,-0.0017729997467144099,0.05637906328225806,0.037831012022466054,0.4531336950314342,-0.062053782488252766,24,0.005920496193966729,REGIME_OOS,True,True
2026-07-07 08:00:00+00:00,ETH,2026-07-07 12:00:00+00:00,1784.0,704.0,2026-07-07 00:00:00+00:00,0.005920496193966729,0.011911514463981865,0.10704312752094314,0.33275395820840076,0.010479557082038602,0.0028105677346823565,0.055272804925792896,0.03152903484535805,0.589142206492128,-0.19493779906537678,24,0.009809417040358648,REGIME_OOS,True,True
2026-07-07 12:00:00+00:00,ETH,2026-07-07 16:00:00+00:00,1801.5,3546.0,2026-07-07 00:00:00+00:00,0.009809417040358648,0.00502092050209213,0.0968036529680365,0.6804025784334381,0.010438662950020288,0.01114135773019398,0.05384415184961733,0.02900658355479724,0.8840975518246189,1.7735271632068894,24,-0.0033305578684429404,REGIME_OOS,True,True
2026-07-07 16:00:00+00:00,ETH,2026-07-07 20:00:00+00:00,1795.5,2691.0,2026-07-07 00:00:00+00:00,-0.0033305578684429404,-0.0005566379070415239,0.1100463678516228,-0.6247702311569041,0.010048336990521343,0.0068412493691472065,0.05205094774847052,0.02791225196100927,0.7450984384457291,1.0776842093486065,24,-0.011417432470064104,REGIME_OOS,True,True
2026-07-07 20:00:00+00:00,ETH,2026-07-08 00:00:00+00:00,1775.0,510.0,2026-07-07 00:00:00+00:00,-0.011417432470064104,-0.015529672767609526,0.07510599636583892,-1.37897418760148,0.009839675192701704,-0.004137737569254507,0.04916561203166858,0.027677593973662727,0.3505022664472978,-0.39014843975855734,24,-0.011267605633802802,REGIME_OOS,True,True
2026-07-08 00:00:00+00:00,ETH,2026-07-08 04:00:00+00:00,1755.0,1216.0,2026-07-08 00:00:00+00:00,-0.011267605633802802,-0.01098901098901095,0.031139835487661527,-1.4058742611396378,0.009533572893831568,-0.014114177375184278,0.04571141566459702,0.029286104772672166,0.018058905930202988,0.08260372268891808,27,0.0031339031339030488,REGIME_OOS,True,True
2026-07-08 04:00:00+00:00,ETH,2026-07-08 08:00:00+00:00,1760.5,698.0,2026-07-08 00:00:00+00:00,0.0031339031339030488,-0.007330138144911236,0.033763945977686394,0.17140639084631007,0.00776589511226012,-0.010538148096107869,0.04293058071171907,0.030914321227995315,0.15911759736245476,-0.18292401365401137,27,-0.005396194262993426,REGIME_OOS,True,True
2026-07-08 08:00:00+00:00,ETH,2026-07-08 12:00:00+00:00,1751.0,1739.0,2026-07-08 00:00:00+00:00,-0.005396194262993426,-0.018497757847533602,0.027883768711476353,-0.7688446012141402,0.007842020017066223,-0.01549014646762814,0.040434530808515,0.033350222137740186,0.03553093578651313,0.8032212664911399,27,-0.014848657909765861,REGIME_OOS,True,True
2026-07-08 12:00:00+00:00,ETH,2026-07-08 16:00:00+00:00,1725.0,3042.0,2026-07-08 00:00:00+00:00,-0.014848657909765861,-0.042464612822647796,0.00906697864872763,-1.9413074947532447,0.008320176400704158,-0.028811913240530895,0.03785519373141133,0.04290425783929269,-0.17153971870233092,1.9106230455071516,27,0.011594202898550732,REGIME_OOS,True,True
2026-07-08 16:00:00+00:00,ETH,2026-07-08 20:00:00+00:00,1745.0,2860.0,2026-07-08 00:00:00+00:00,0.011594202898550732,-0.028125870231133443,0.013650885855358785,1.4090843661506542,0.008569141595046929,-0.0168737147525283,0.03556009334889154,0.045641713865457054,0.130300588574112,1.5840035948079845,27,0.0020057306590257618,REGIME_OOS,True,True
2026-07-08 20:00:00+00:00,ETH,2026-07-09 00:00:00+00:00,1748.5,477.0,2026-07-08 00:00:00+00:00,0.0020057306590257618,-0.014929577464788735,0.00028604118993125205,0.21779196219525493,0.008478744163355336,-0.014193693884167025,0.03288182575223764,0.04758663800630836,0.20172942492206675,-0.47416853207121495,27,-0.00857878181298255,REGIME_OOS,True,True
2026-07-09 00:00:00+00:00,ETH,2026-07-09 04:00:00+00:00,1733.5,714.0,2026-07-09 00:00:00+00:00,-0.00857878181298255,-0.012250712250712281,-0.002014968336211842,-1.0085330194903148,0.008096262986466858,-0.02131263232180658,0.02978453738910014,0.05151457294228279,0.08627954956191863,-0.2780340286461958,20,0.013844822613210184,REGIME_OOS,True,True
2026-07-09 04:00:00+00:00,ETH,2026-07-09 08:00:00+00:00,1757.5,1532.0,2026-07-09 00:00:00+00:00,0.013844822613210184,-0.0017040613462084853,0.005147269087789619,1.8121433056732934,0.00845432756432223,-0.0068938238119455875,0.02674634485959637,0.05114985695288647,0.3652230089656874,0.38636254610278226,20,-0.005689900426742556,REGIME_OOS,True,True
2026-07-09 08:00:00+00:00,ETH,2026-07-09 12:00:00+00:00,1747.5,603.0,2026-07-09 00:00:00+00:00,-0.005689900426742556,-0.001998857795545428,-0.008510638297872353,-0.6546223637941139,0.008412749085041617,-0.011539114203292122,0.023522668720003415,0.05182331053003077,0.27733737800086383,-0.4016964352181139,20,-0.0028612303290415086,REGIME_OOS,True,True
2026-07-09 12:00:00+00:00,ETH,2026-07-09 16:00:00+00:00,1742.5,2535.0,2026-07-09 00:00:00+00:00,-0.0028612303290415086,0.010144927536231974,-0.028436018957345932,-0.27284439577744646,0.008263538640735254,-0.013446567586694935,0.020664667232980216,0.05324038354419408,0.24743668825125628,1.168482126704915,20,0.005164992826398818,REGIME_OOS,True,True
2026-07-09 16:00:00+00:00,ETH,2026-07-09 20:00:00+00:00,1751.5,1840.0,2026-07-09 00:00:00+00:00,0.005164992826398818,0.0037249283667621924,-0.026944444444444438,0.7373501544425289,0.008297526360060753,-0.00802809123989412,0.018208292486015853,0.05376348286575175,0.3506776196039915,0.5251252593712925,20,-0.001998287182415126,REGIME_OOS,True,True
2026-07-09 20:00:00+00:00,ETH,2026-07-10 00:00:00+00:00,1748.0,379.0,2026-07-09 00:00:00+00:00,-0.001998287182415126,-0.0002859593937660776,-0.01687289088863897,-0.13516297245953632,0.008020821102346636,-0.008761235078964535,0.01515142792997648,0.05254272474083055,0.3332550296510172,-0.7230469718332448,20,0.018592677345537822,REGIME_OOS,True,True
2026-07-10 00:00:00+00:00,ETH,2026-07-10 04:00:00+00:00,1780.5,1756.0,2026-07-10 00:00:00+00:00,0.018592677345537822,0.027112777617536832,0.008781869688385235,2.384874082381555,0.008636933717937634,0.010126797719342884,0.01233653233170795,0.050423299043267526,0.7008356833346687,0.4064620700999774,22,-0.0011232799775343638,REGIME_OOS,True,True
2026-07-10 04:00:00+00:00,ETH,2026-07-10 08:00:00+00:00,1778.5,1115.0,2026-07-10 00:00:00+00:00,-0.0011232799775343638,0.0119487908961593,0.00338504936530315,-0.16797447457882234,0.008608464771169595,0.009693855826958364,0.009215969381324074,0.04652081115857504,0.7083767583913135,-0.17871315477259284,22,0.01630587573798148,REGIME_OOS,True,True
2026-07-10 08:00:00+00:00,ETH,2026-07-10 12:00:00+00:00,1807.5,1340.0,2026-07-10 00:00:00+00:00,0.01630587573798148,0.03433476394849788,0.02147499293585753,1.87692666081339,0.009089479653125322,0.025197453313103413,0.008030165291618818,0.05171255600870031,0.987259869902083,-0.01968571137497949,22,-0.006362378976486838,REGIME_OOS,True,True
2026-07-10 12:00:00+00:00,ETH,2026-07-10 16:00:00+00:00,1796.0,3163.0,2026-07-10 00:00:00+00:00,-0.006362378976486838,0.03070301291248212,0.012401352874858995,-0.7823048875003619,0.009173873387315661,0.018025167214601456,0.006653200497563683,0.05410944569944484,0.8331242259387335,1.5588951975157295,22,0.0002783964365256075,REGIME_OOS,True,True
2026-07-10 16:00:00+00:00,ETH,2026-07-10 20:00:00+00:00,1796.5,2806.0,2026-07-10 00:00:00+00:00,0.0002783964365256075,0.025692263773908097,0.008136924803591405,-0.018870975102882572,0.00914180231441212,0.017947955179691943,0.004888284061403958,0.0556751899322212,0.8223689977805517,1.1362458170232879,22,0.00250487058168658,REGIME_OOS,True,True
2026-07-10 20:00:00+00:00,ETH,2026-07-11 00:00:00+00:00,1801.0,324.0,2026-07-10 00:00:00+00:00,0.00250487058168658,0.030320366132723153,0.006989097008666567,0.24003951091581927,0.009129791080800434,0.020512239347234784,0.0030635269777936625,0.055587432082174475,0.8690085794377361,-1.136562420028416,22,,REGIME_OOS,True,False
2026-07-11 08:00:00+00:00,ETH,2026-07-11 12:00:00+00:00,1807.0,2.0,2026-07-11 00:00:00+00:00,,0.014883459702330848,0.013176338659938391,,,0.02357855979607737,0.0012335526315789824,0.05755596592638999,0.909663175946567,-1.4022006376187466,23,0.004980630879911407,REGIME_OOS,False,True
2026-07-11 12:00:00+00:00,ETH,2026-07-11 16:00:00+00:00,1816.0,19.0,2026-07-11 00:00:00+00:00,0.004980630879911407,0.02108518414394145,0.022810475922275364,0.5157012421902819,0.009150049143467157,0.02748348586220062,0.000523634305123144,0.06283530834901636,0.9373892097345126,-1.3376375947378252,23,0.009361233480176256,REGIME_OOS,True,True
2026-07-11 16:00:00+00:00,ETH,2026-07-11 20:00:00+00:00,1833.0,13.0,2026-07-11 00:00:00+00:00,0.009361233480176256,0.014107883817427336,0.03970504821327281,0.9649825999491529,0.009237065697903528,0.03481856802111416,0.0012463823822013165,0.07044102181042584,0.9942939089500925,-1.3014707449806562,23,-0.020458265139116194,REGIME_OOS,True,True
2026-07-11 20:00:00+00:00,ETH,2026-07-12 00:00:00+00:00,1795.5,33.0,2026-07-11 00:00:00+00:00,-0.020458265139116194,-0.0002783964365256075,0.0016736401673640433,-2.3223197670455265,0.009937744463208624,0.012647519140476238,0.0011886141493080427,0.07114000211226043,0.6777835080819679,-1.2261800983834368,23,0.008632692843219214,REGIME_OOS,True,True
2026-07-12 00:00:00+00:00,ETH,2026-07-12 04:00:00+00:00,1811.0,16.0,2026-07-12 00:00:00+00:00,0.008632692843219214,0.008071249652101375,0.008071249652101375,0.8137464437353846,0.00958662152597526,0.019664147065861393,0.001666553871142451,0.07245441631022678,0.7714002550467851,-1.1971627015659787,26,-0.005797901711761422,REGIME_OOS,True,True
2026-07-12 04:00:00+00:00,ETH,2026-07-12 08:00:00+00:00,1800.5,5.0,2026-07-12 00:00:00+00:00,-0.005797901711761422,-0.00027762354247640175,-0.001386577925679422,-0.6335689126118516,0.009642065447531585,0.011602101300671519,0.0027662906915162377,0.06794680918207034,0.670752702596857,-1.1589396924120046,26,0.006109414051652218,REGIME_OOS,True,True
2026-07-12 08:00:00+00:00,ETH,2026-07-12 12:00:00+00:00,1811.5,9.0,2026-07-12 00:00:00+00:00,0.006109414051652218,0.0024903154399558147,0.020850943927867016,0.6327666845460485,0.009684860911684346,0.01588458788397107,0.003621801726757967,0.06696754117499144,0.7371983143664086,-1.1203135286358092,26,0.007452387524151227,REGIME_OOS,True,True
2026-07-12 12:00:00+00:00,ETH,2026-07-12 16:00:00+00:00,1825.0,22.0,2026-07-12 00:00:00+00:00,0.007452387524151227,0.004955947136563887,0.029038624189455797,0.7600634712092407,0.009291258676636696,0.021264689423615035,0.004903614728839045,0.06732421695314042,0.8158549833326072,-1.0666028777311942,26,0.0010958904109588108,REGIME_OOS,True,True
2026-07-12 16:00:00+00:00,ETH,2026-07-12 20:00:00+00:00,1827.0,10.0,2026-07-12 00:00:00+00:00,0.0010958904109588108,-0.00327332242225864,0.024103139013452957,0.02467904169623162,0.009287389785952874,0.019716187366570326,0.00651375219091288,0.06374271607065085,0.8093088682433531,-1.031074540282365,26,-0.009031198686371145,REGIME_OOS,True,True
2026-07-12 20:00:00+00:00,ETH,2026-07-13 00:00:00+00:00,1810.5,308.0,2026-07-12 00:00:00+00:00,-0.009031198686371145,0.00835421888053478,0.004995836802664355,-1.071679371810939,0.009410264497324631,0.00901453192704782,0.0073007657242945,0.06165725488640555,0.6462039129645928,-0.7395262628027738,26,-0.015465341066003835,REGIME_OOS,True,True
2026-07-13 00:00:00+00:00,ETH,2026-07-13 04:00:00+00:00,1782.5,2271.0,2026-07-13 00:00:00+00:00,-0.015465341066003835,-0.01573716178906681,-0.007240323029796714,-1.6884601496991563,0.009668837423481529,-0.007558147627465428,0.008056821498327427,0.056941731145517954,0.367265229289391,1.121236297105909,26,0.003927068723702742,REGIME_OOS,True,True
2026-07-13 04:00:00+00:00,ETH,2026-07-13 08:00:00+00:00,1789.5,816.0,2026-07-13 00:00:00+00:00,0.003927068723702742,-0.006109414051652329,0.008169014084506987,0.44948993703929857,0.009684258693179265,-0.004962675674548556,0.009421095170741411,0.04968975821977429,0.4001267896575593,-0.21596807168867868,26,-0.0030734842134674256,REGIME_OOS,True,True
2026-07-13 08:00:00+00:00,ETH,2026-07-13 12:00:00+00:00,1784.0,667.0,2026-07-13 00:00:00+00:00,-0.0030734842134674256,-0.015180789401048833,0.01652421652421654,-0.2990862584960774,0.00946770123942777,-0.008916418988361374,0.010514674511036715,0.04396240605634315,0.2971808236124761,-0.3672903413632437,26,-0.002802690582959677,REGIME_OOS,True,True
2026-07-13 12:00:00+00:00,ETH,2026-07-13 16:00:00+00:00,1779.0,2321.0,2026-07-13 00:00:00+00:00,-0.002802690582959677,-0.025205479452054758,0.010508378301618881,-0.3067023983397344,0.009240615145604496,-0.01254440497335696,0.01137346042866616,0.036455018489581145,0.1558936055143639,1.21183653905717,26,-0.000843170320404707,REGIME_OOS,True,True
2026-07-13 16:00:00+00:00,ETH,2026-07-13 20:00:00+00:00,1777.5,2451.0,2026-07-13 00:00:00+00:00,-0.000843170320404707,-0.027093596059113323,0.015134209023415224,-0.13271954626885155,0.009228312463377528,-0.01329484581864615,0.011147345910114126,0.0369358887760002,0.14005615515918776,1.2558948442236457,26,0.0002812939521801283,REGIME_OOS,True,True
2026-07-13 20:00:00+00:00,ETH,2026-07-14 00:00:00+00:00,1778.0,880.0,2026-07-13 00:00:00+00:00,0.0002812939521801283,-0.017950842308754433,0.030724637681159406,0.00331838984432402,0.009166524868719137,-0.013003594376673977,0.011070887354773573,0.03701776405835849,0.14872015618842258,-0.2126450844069236,26,0.004218222722159659,REGIME_OOS,True,True
2026-07-14 00:00:00+00:00,ETH,2026-07-14 04:00:00+00:00,1785.5,1260.0,2026-07-14 00:00:00+00:00,0.004218222722159659,0.001683029453015461,0.02320916905444137,0.41218480888644027,0.008720065860829055,-0.00823462430394517,0.010272050818733724,0.03770947255803835,0.2816298201659729,0.20799734388402527,28,-0.0008401008120973996,REGIME_OOS,True,True
2026-07-14 04:00:00+00:00,ETH,2026-07-14 08:00:00+00:00,1784.0,747.0,2026-07-14 00:00:00+00:00,-0.0008401008120973996,-0.0030734842134674256,0.020303116957391953,-0.2196753959654138,0.00849547379561457,-0.008737445998694193,0.009822019728204179,0.038542260591151976,0.27330219181020166,-0.24574912646470737,28,0.009529147982062725,REGIME_OOS,True,True
2026-07-14 08:00:00+00:00,ETH,2026-07-14 12:00:00+00:00,1801.0,792.0,2026-07-14 00:00:00+00:00,0.009529147982062725,0.009529147982062725,0.038938563599653975,1.043866637346437,0.008646243157503612,0.0005833495374871767,0.009732974307191888,0.03850442165425798,0.5151501960664463,-0.2100451146935888,28,0.04414214325374788,REGIME_OOS,True,True
2026-07-14 12:00:00+00:00,ETH,2026-07-14 16:00:00+00:00,1880.5,8639.0,2026-07-14 00:00:00+00:00,0.04414214325374788,0.05705452501405284,0.06998577524893324,4.9999006008090605,0.011528242760457509,0.04244910403703028,0.01091939207818693,0.05543499809698006,1.2657455667765756,7.771786917930343,28,0.00026588673225202974,REGIME_OOS,True,True
2026-07-14 16:00:00+00:00,ETH,2026-07-14 20:00:00+00:00,1881.0,3931.0,2026-07-14 00:00:00+00:00,0.00026588673225202974,0.05822784810126591,0.07639484978540767,-0.2084675333769556,0.011339349929794915,0.040591936933821904,0.011887101920633247,0.06721961201136774,1.1038704437472409,1.5787190184982054,28,0.0074428495481126955,REGIME_OOS,True,True
2026-07-14 20:00:00+00:00,ETH,2026-07-15 00:00:00+00:00,1895.0,845.0,2026-07-14 00:00:00+00:00,0.0074428495481126955,0.0658042744656917,0.08751793400286934,0.4609020545099101,0.011276920155145802,0.04605108814153436,0.01274332226433672,0.07974769840743492,1.0774597770365357,-0.28473746711379516,28,-0.0079155672823219,REGIME_OOS,True,True
2026-07-15 00:00:00+00:00,ETH,2026-07-15 04:00:00+00:00,1880.0,415.0,2026-07-15 00:00:00+00:00,-0.0079155672823219,0.052926351162139396,0.07336568655438191,-0.9372989555714231,0.011399256135002705,0.036426533621842117,0.012732256911876405,0.08599857928313101,0.923571341823171,-0.4992826350750492,22,-0.003457446808510678,REGIME_OOS,True,True
2026-07-15 04:00:00+00:00,ETH,2026-07-15 08:00:00+00:00,1873.5,941.0,2026-07-15 00:00:00+00:00,-0.003457446808510678,0.0501681614349776,0.07179633867276891,-0.5213714860724267,0.011438009940617177,0.030627260599892736,0.013992547720249382,0.0900249084700594,0.8402087391188935,-0.17264500715482659,22,0.008006405124099336,REGIME_OOS,True,True
2026-07-15 08:00:00+00:00,ETH,2026-07-15 12:00:00+00:00,1888.5,624.0,2026-07-15 00:00:00+00:00,0.008006405124099336,0.04858411993337031,0.060657118786857644,0.5077823420362423,0.011457264877558132,0.03666904539715654,0.015112171092957816,0.0961743520378387,0.8812767605934009,-0.36456300695199706,22,0.024622716441620396,REGIME_OOS,True,True
2026-07-15 12:00:00+00:00,ETH,2026-07-15 16:00:00+00:00,1935.0,4219.0,2026-07-15 00:00:00+00:00,0.024622716441620396,0.028981653815474573,0.08799550182738258,1.9281077365263088,0.01179661332016045,0.058287870708396694,0.017362927187545063,0.10988191856130797,1.0304591644518404,1.7038855279891778,22,-0.004392764857881093,REGIME_OOS,True,True
2026-07-15 16:00:00+00:00,ETH,2026-07-15 20:00:00+00:00,1926.5,3289.0,2026-07-15 00:00:00+00:00,-0.004392764857881093,0.024189261031366316,0.06583679114799446,-0.6040412921457304,0.011848455442013926,0.050335982117300615,0.018838945485652125,0.11903328741021335,0.9228731576893487,1.065350070683271,22,-0.0025953802232027146,REGIME_OOS,True,True
2026-07-15 20:00:00+00:00,ETH,2026-07-16 00:00:00+00:00,1921.5,508.0,2026-07-15 00:00:00+00:00,-0.0025953802232027146,0.013984168865435409,0.06987750556792882,-0.4405024869589959,0.011595668938749804,0.04486133768352363,0.019842282139727718,0.12592289334265347,0.8562603788133251,-0.4731927644978645,22,0.0007806401249024209,REGIME_OOS,True,True
2026-07-16 00:00:00+00:00,ETH,2026-07-16 04:00:00+00:00,1923.0,389.0,2026-07-16 00:00:00+00:00,0.0007806401249024209,0.02287234042553199,0.07041469524074584,-0.10462629467609182,0.0114910326889504,0.04295476732834369,0.020930232558139528,0.1318033848053832,0.8259003355017729,-0.49578401856075355,25,-0.0049401976079043175,REGIME_OOS,True,True
2026-07-16 04:00:00+00:00,ETH,2026-07-16 08:00:00+00:00,1913.5,734.0,2026-07-16 00:00:00+00:00,-0.0049401976079043175,0.021350413664264822,0.062465297057190394,-0.6241519312505641,0.01156091319327484,0.034911706644311646,0.022513604388797903,0.13441861465509447,0.7597237498235774,-0.2678959175638793,25,-0.013065064018813688,REGIME_OOS,True,True
2026-07-16 08:00:00+00:00,ETH,2026-07-16 12:00:00+00:00,1888.5,1666.0,2026-07-16 00:00:00+00:00,-0.013065064018813688,0.0,0.04510237963475383,-1.3081201517682974,0.011885101215811827,0.01847107995146291,0.024390917628860365,0.13087876217626593,0.6411312243814334,0.23330507859829028,25,-0.002647603918453756,REGIME_OOS,True,True
2026-07-16 12:00:00+00:00,ETH,2026-07-16 16:00:00+00:00,1883.5,2742.0,2026-07-16 00:00:00+00:00,-0.002647603918453756,-0.026614987080103347,0.037169603524229045,-0.3522566215103298,0.011890530114592079,0.013206379945668312,0.025757751328444378,0.12697205336741882,0.6040101313275051,0.7971063282891621,25,-0.002389169100079691,REGIME_OOS,True,True
2026-07-16 16:00:00+00:00,ETH,2026-07-16 20:00:00+00:00,1879.0,2614.0,2026-07-16 00:00:00+00:00,-0.002389169100079691,-0.02465611212042562,0.025095471903982647,-0.30897666071495605,0.01180856154507296,0.008209475773997887,0.026973412315745904,0.12110304983639217,0.5677891744682629,0.675844332217527,25,-0.0058541777541245565,REGIME_OOS,True,True
2026-07-16 20:00:00+00:00,ETH,2026-07-17 00:00:00+00:00,1868.0,392.0,2026-07-16 00:00:00+00:00,-0.0058541777541245565,-0.02784283112151964,0.04037872458925085,-0.5713841462585975,0.011182435185544005,-8.029333832937358e-05,0.02820738620727603,0.1130221644759617,0.4992895788299428,-0.5960579594825433,25,-0.007226980728051391,REGIME_OOS,True,True
2026-07-17 00:00:00+00:00,ETH,2026-07-17 04:00:00+00:00,1854.5,975.0,2026-07-17 00:00:00+00:00,-0.007226980728051391,-0.035621424856994266,0.024019878520154636,-0.7696741005805168,0.01120259874694306,-0.009348290598290565,0.029153861800909286,0.10353939593878667,0.4097127183954465,-0.2822904871035014,25,-0.013480722566729608,REGIME_OOS,True,True
2026-07-17 04:00:00+00:00,ETH,2026-07-17 08:00:00+00:00,1829.5,1049.0,2026-07-17 00:00:00+00:00,-0.013480722566729608,-0.04389861510321402,0.01610663704526516,-1.2793385820958343,0.011445032320268205,-0.024045450302068505,0.02938673080513543,0.09473426245572676,0.24618000205252114,-0.2616699235401055,25,0.006012571740912742,REGIME_OOS,True,True
2026-07-17 08:00:00+00:00,ETH,2026-07-17 12:00:00+00:00,1840.5,522.0,2026-07-17 00:00:00+00:00,0.006012571740912742,-0.025416997617156434,0.01600883245928797,0.4733469847738824,0.011443436919784397,-0.019615676561064332,0.029816727647739683,0.08540358440820196,0.2703178772063288,-0.5830825326361793,25,-0.0043466449334419455,REGIME_OOS,True,True
2026-07-17 12:00:00+00:00,ETH,2026-07-17 16:00:00+00:00,1832.5,2637.0,2026-07-17 00:00:00+00:00,-0.0043466449334419455,-0.027077249800902536,0.004109589041095818,-0.4315589007488929,0.011402203227092768,-0.025136321319324417,0.030197572137122153,0.07516718162871831,0.1655944685609868,0.6103494230578368,25,0.007639836289222268,REGIME_OOS,True,True
2026-07-17 16:00:00+00:00,ETH,2026-07-17 20:00:00+00:00,1846.5,2647.0,2026-07-17 00:00:00+00:00,0.007639836289222268,-0.017296434273549766,0.010673234811165777,0.6526164372348099,0.011482275276187975,-0.01887594479350707,0.030168426468736742,0.06633463359609727,0.2154435960490843,0.5710461867169097,25,0.0,REGIME_OOS,True,True
2026-07-17 20:00:00+00:00,ETH,2026-07-18 00:00:00+00:00,1846.5,341.0,2026-07-17 00:00:00+00:00,0.0,-0.0115096359743041,0.01988400994200501,-0.036290940757128846,0.011343582070049612,-0.0179889114913645,0.028236059693004245,0.0685164885740481,0.2374513512623561,-0.8163607874540204,25,,REGIME_OOS,True,False
2026-07-18 08:00:00+00:00,ETH,2026-07-18 12:00:00+00:00,1847.5,2.0,2026-07-18 00:00:00+00:00,,-0.003774602318684317,0.036465638148667656,,,-0.016581055545205392,0.02619777242460497,0.07033118964880788,0.2642432094778816,-1.0149463517761075,27,0.0008119079837618504,REGIME_OOS,False,True
2026-07-18 12:00:00+00:00,ETH,2026-07-18 16:00:00+00:00,1849.0,8.0,2026-07-18 00:00:00+00:00,0.0008119079837618504,0.010658649904345507,0.03324951103660245,0.008301209896732723,0.010924369808783809,-0.01457617182295412,0.023750286443840585,0.07127158777554263,0.29548411536923813,-0.9530733654442196,27,0.005949161709031925,REGIME_OOS,True,True
2026-07-18 16:00:00+00:00,ETH,2026-07-18 20:00:00+00:00,1860.0,20.0,2026-07-18 00:00:00+00:00,0.005949161709031925,0.010594947025264867,0.04260089686098656,0.4292095832309478,0.010947604396208267,-0.008185138774095435,0.02199467027068258,0.07170137757143502,0.38584405137905864,-0.9202860066042975,27,0.0037634408602149616,REGIME_OOS,True,True
2026-07-18 20:00:00+00:00,ETH,2026-07-19 00:00:00+00:00,1867.0,7.0,2026-07-18 00:00:00+00:00,0.0037634408602149616,0.018826739427012296,0.04946599213041036,0.22248888215256754,0.010923961687808187,-0.004279942934094283,0.02049396692010874,0.07182091952061878,0.44040812951628183,-0.907071929117642,27,0.0024102838778790048,REGIME_OOS,True,True
2026-07-19 00:00:00+00:00,ETH,2026-07-19 04:00:00+00:00,1871.5,67.0,2026-07-19 00:00:00+00:00,0.0024102838778790048,0.013539128080151563,0.05288326300984525,0.07823771301969455,0.01089366312479688,-0.0014272946763241867,0.019021960754462608,0.0715465413369131,0.48005082216898387,-0.8213484092368948,25,-0.0016029922522040607,REGIME_OOS,True,True
2026-07-19 04:00:00+00:00,ETH,2026-07-19 08:00:00+00:00,1868.5,3.0,2026-07-19 00:00:00+00:00,-0.0016029922522040607,0.011914432710533385,0.050899887514060715,-0.30590042373259213,0.010900731458107698,-0.0012561135312825211,0.016219534055046392,0.06481929024557573,0.4806213007497678,-0.8077357061819948,25,0.0021407546160021607,REGIME_OOS,True,True
2026-07-19 08:00:00+00:00,ETH,2026-07-19 12:00:00+00:00,1872.5,2.0,2026-07-19 00:00:00+00:00,0.0021407546160021607,0.013531799729364025,0.048725847101652286,0.040061357509415675,0.01089764865830733,0.0023285068115515006,0.014036878015947662,0.0585824883694369,0.5397474889913739,-0.7848402643467696,25,-0.0018691588785046953,REGIME_OOS,True,True
2026-07-19 12:00:00+00:00,ETH,2026-07-19 16:00:00+00:00,1869.0,9.0,2026-07-19 00:00:00+00:00,-0.0018691588785046953,0.010816657652785278,0.047645739910313845,-0.3335763090330263,0.010907083885925276,0.0018627464118678994,0.01181016949152558,0.052150707146908906,0.5357185264357117,-0.7504161537696847,25,-0.0040128410914928025,REGIME_OOS,True,True
2026-07-19 16:00:00+00:00,ETH,2026-07-19 20:00:00+00:00,1861.5,28.0,2026-07-19 00:00:00+00:00,-0.0040128410914928025,0.0008064516129031585,0.03359244863964461,-0.5112243536274782,0.010946500391777183,-0.0005100808075384489,0.009430638736077634,0.04341361481009174,0.4882506718279559,-0.7213695548648371,25,0.006446414182111226,REGIME_OOS,True,True
2026-07-19 20:00:00+00:00,ETH,2026-07-20 00:00:00+00:00,1873.5,336.0,2026-07-19 00:00:00+00:00,0.006446414182111226,0.0034815211569363402,-0.0037224142515288605,0.4557663357982484,0.010882397092068922,0.0070144319922598175,0.007554833468724542,0.03556672616058561,0.6972189388640773,-0.5379345088969724,25,0.004270082732853009,REGIME_OOS,True,True
2026-07-20 00:00:00+00:00,ETH,2026-07-20 04:00:00+00:00,1881.5,728.0,2026-07-20 00:00:00+00:00,0.004270082732853009,0.005343307507347017,0.00026581605528974706,0.26790721683669017,0.007332273254197708,0.011504757808719956,0.0065530657633428024,0.03436888688825228,0.8347433929451024,-0.26523639734931775,28,-0.008769598724421956,REGIME_OOS,True,True
2026-07-20 04:00:00+00:00,ETH,2026-07-20 08:00:00+00:00,1865.0,832.0,2026-07-20 00:00:00+00:00,-0.008769598724421956,-0.0018731602890018628,-0.0158311345646438,-1.1995106770962287,0.0075055843361710485,0.0031331101160461117,0.005519289117724924,0.03241413207784672,0.5966587693454679,-0.10992321052783356,28,0.01635388739946375,REGIME_OOS,True,True
2026-07-20 08:00:00+00:00,ETH,2026-07-20 12:00:00+00:00,1895.5,902.0,2026-07-20 00:00:00+00:00,0.01635388739946375,0.012283044058744919,0.00824468085106389,2.2156208193548528,0.007982738558135596,0.019086021505376305,0.005285857897979751,0.035664338456742266,1.0351570316809893,-0.0487820549118434,28,0.0050118702189396735,REGIME_OOS,True,True
2026-07-20 12:00:00+00:00,ETH,2026-07-20 16:00:00+00:00,1905.0,2981.0,2026-07-20 00:00:00+00:00,0.0050118702189396735,0.019261637239165408,0.016813450760608584,0.625158534847555,0.007887874222458107,0.023175873459193808,0.005096064046296256,0.04158330645759694,1.0573359945012217,1.7485394057165908,28,-0.002887139107611514,REGIME_OOS,True,True
2026-07-20 16:00:00+00:00,ETH,2026-07-20 20:00:00+00:00,1899.5,3421.0,2026-07-20 00:00:00+00:00,-0.002887139107611514,0.020413644910018736,0.005824728620598352,-0.4233646068218826,0.007878808582570306,0.018990397510863177,0.005350073887109064,0.045065455734050526,0.9213958829781554,1.9746609836233133,28,0.0034219531455645935,REGIME_OOS,True,True
2026-07-20 20:00:00+00:00,ETH,2026-07-21 00:00:00+00:00,1906.0,366.0,2026-07-20 00:00:00+00:00,0.0034219531455645935,0.017347211102215043,-0.01498708010335914,0.3745027178545113,0.007771347132705552,0.02038358071121693,0.0062678784026202194,0.04568091823377645,0.9462165275860284,-0.6026671529165959,28,0.0128541448058761,REGIME_OOS,True,True
2026-07-21 00:00:00+00:00,ETH,2026-07-21 04:00:00+00:00,1930.5,988.0,2026-07-21 00:00:00+00:00,0.0128541448058761,0.026043050757374342,0.002076304178562083,1.6130590668295728,0.00672938007553019,0.03101592854186408,0.007400453012099906,0.05233828679067392,1.0926049636647805,-0.01682658133337718,29,0.0033670033670034627,REGIME_OOS,True,True
2026-07-21 04:00:00+00:00,ETH,2026-07-21 08:00:00+00:00,1937.0,976.0,2026-07-21 00:00:00+00:00,0.0033670033670034627,0.03860589812332438,0.008066614623991608,0.5113080547673543,0.006706739793058398,0.03160865976087135,0.008995598927406423,0.0566474169341356,1.0579894277902007,0.042944370164454106,29,0.0007743933918431534,REGIME_OOS,True,True
2026-07-21 08:00:00+00:00,ETH,2026-07-21 12:00:00+00:00,1938.5,1220.0,2026-07-21 00:00:00+00:00,0.0007743933918431534,0.0226853073067792,0.008060322412896559,0.08789923843920405,0.006686758902627117,0.029884446805684695,0.010256878173406037,0.06117302790176045,0.9885232565842088,0.2594080018393511,29,-0.0023213825122517795,REGIME_OOS,True,True
2026-07-21 12:00:00+00:00,ETH,2026-07-21 16:00:00+00:00,1934.0,2267.0,2026-07-21 00:00:00+00:00,-0.0023213825122517795,0.01522309711286085,0.010713352495427264,-0.39160741536749466,0.006702989847831363,0.02511097859935063,0.011264412176178462,0.06297189448894809,0.8987648585633359,1.229820449457624,29,-0.004653567735263708,REGIME_OOS,True,True
2026-07-21 16:00:00+00:00,ETH,2026-07-21 20:00:00+00:00,1925.0,2577.0,2026-07-21 00:00:00+00:00,-0.004653567735263708,0.01342458541721503,0.019327508604712662,-0.7231651769623066,0.006695619817404956,0.018249140439037248,0.01179581045352851,0.062167232221577544,0.7935491863944237,1.4418968330619855,29,0.0033766233766234777,REGIME_OOS,True,True
2026-07-21 20:00:00+00:00,ETH,2026-07-22 00:00:00+00:00,1931.5,484.0,2026-07-21 00:00:00+00:00,0.0033766233766234777,0.013378803777544634,0.025484470400849446,0.4739319181574332,0.006228732429414296,0.019462954410503386,0.012464596804360628,0.06130612837867915,0.8174715958294336,-0.5158391990444336,29,-0.0015531969971525061,REGIME_OOS,True,True
2026-07-22 00:00:00+00:00,ETH,2026-07-22 04:00:00+00:00,1928.5,594.0,2026-07-22 00:00:00+00:00,-0.0015531969971525061,-0.0010360010360009886,0.026343799893560504,-0.36999641630000335,0.006211319235017257,0.016042780748663166,0.01273083305321232,0.060646846809168,0.7645278624153949,-0.36252724065493425,25,-0.0067409904070521165,REGIME_OOS,True,True
2026-07-22 04:00:00+00:00,ETH,2026-07-22 08:00:00+00:00,1915.5,637.0,2026-07-22 00:00:00+00:00,-0.0067409904070521165,-0.011099638616417162,0.025428265524625182,-1.2121229054110334,0.006337608562728878,0.007905918257277822,0.012549815655435337,0.059054634170058684,0.6338746462218576,-0.2700517820562981,25,0.007308796658835881,REGIME_OOS,True,True
2026-07-22 08:00:00+00:00,ETH,2026-07-22 12:00:00+00:00,1929.5,608.0,2026-07-22 00:00:00+00:00,0.007308796658835881,-0.004642765024503448,0.040442167700188714,1.051810851452396,0.006327939397399066,0.01372561896630975,0.012455052235153863,0.058637939571204334,0.7340740323872185,-0.3074612231419292,25,0.007774034724021828,REGIME_OOS,True,True
2026-07-22 12:00:00+00:00,ETH,2026-07-22 16:00:00+00:00,1944.5,3204.0,2026-07-22 00:00:00+00:00,0.007774034724021828,0.005429162357807549,0.06285870456408849,1.0576014227802508,0.006240846915382412,0.019570831203219452,0.012682592696823036,0.05888827066965191,0.8323383583974946,2.252319117521755,25,-0.009514013885317585,REGIME_OOS,True,True
2026-07-22 16:00:00+00:00,ETH,2026-07-22 20:00:00+00:00,1926.0,1770.0,2026-07-22 00:00:00+00:00,-0.009514013885317585,0.0005194805194805863,0.046454767726161306,-1.7779068928027864,0.005945764314914479,0.008456161478650248,0.012592121308520277,0.05682700370999628,0.6488053377194459,0.7164995942203665,25,0.004413291796469432,REGIME_OOS,True,True
2026-07-22 20:00:00+00:00,ETH,2026-07-23 00:00:00+00:00,1934.5,543.0,2026-07-22 00:00:00+00:00,0.004413291796469432,0.0015531969971525061,0.05566166439290576,0.45401014374494464,0.005912972356504967,0.01117281934008485,0.012712335438381128,0.054081125137870625,0.7065936925609765,-0.43253879185803734,25,-0.006720082708710273,REGIME_OOS,True,True
2026-07-23 00:00:00+00:00,ETH,2026-07-23 04:00:00+00:00,1921.5,583.0,2026-07-23 00:00:00+00:00,-0.006720082708710273,-0.003629764065335772,0.04061738424045491,-1.4173291125216738,0.006011181643082075,0.0028051405832083542,0.01300805701234986,0.04774035374872974,0.5587582697432973,-0.3459026896977221,33,-0.0028623471246421728,REGIME_OOS,True,True
2026-07-23 04:00:00+00:00,ETH,2026-07-23 08:00:00+00:00,1916.0,703.0,2026-07-23 00:00:00+00:00,-0.0028623471246421728,0.0002610284521011863,0.03763877606282162,-0.739251939083794,0.00595170560672559,-0.0011729440896650623,0.013750971076454732,0.04286758286050969,0.4726379699671475,-0.1769264994080244,33,0.00574112734864296,REGIME_OOS,True,True
2026-07-23 08:00:00+00:00,ETH,2026-07-23 12:00:00+00:00,1927.0,792.0,2026-07-23 00:00:00+00:00,0.00574112734864296,-0.001295672454003638,0.043031123139377625,0.757727257681863,0.006002827736078057,0.0033714739459262955,0.014460026939228321,0.038971497941074545,0.586511274240059,-0.1019528730190863,33,-0.0160871821484172,REGIME_OOS,True,True
2026-07-23 12:00:00+00:00,ETH,2026-07-23 16:00:00+00:00,1896.0,3453.0,2026-07-23 00:00:00+00:00,-0.0160871821484172,-0.02494214451015686,0.025419145484045336,-2.9169437489485133,0.006801847749749049,-0.013566067921387037,0.015268042489581024,0.03065493753430956,0.057458960527853674,2.526885138383802,33,-0.010812236286919852,REGIME_OOS,True,True
2026-07-23 16:00:00+00:00,ETH,2026-07-23 20:00:00+00:00,1875.5,3245.0,2026-07-23 00:00:00+00:00,-0.010812236286919852,-0.02622014537902384,0.008333333333333304,-1.7159546059076296,0.007053114539660162,-0.023723696367919045,0.014788070234749817,0.03563660544718847,-0.16571145231765327,2.0313184160206594,33,0.0013329778725672536,REGIME_OOS,True,True
2026-07-23 20:00:00+00:00,ETH,2026-07-24 00:00:00+00:00,1878.0,426.0,2026-07-23 00:00:00+00:00,0.0013329778725672536,-0.029206513310933047,0.005891805034815123,0.14635597442094606,0.00702587458118822,-0.02173488390264222,0.014026738222135293,0.04035285959617217,-0.0386206608441699,-0.6293216178796156,33,0.0015974440894568342,REGIME_OOS,True,True
2026-07-24 00:00:00+00:00,ETH,2026-07-24 04:00:00+00:00,1881.0,827.0,2026-07-24 00:00:00+00:00,0.0015974440894568342,-0.021077283372365363,0.0050761421319796,0.1960961706681463,0.007018699132401145,-0.019699812382739212,0.013618450940824589,0.04330643786538088,0.045106608768503725,-0.29324080006646197,31,0.008240297713981937,REGIME_OOS,True,True
2026-07-24 04:00:00+00:00,ETH,2026-07-24 08:00:00+00:00,1896.5,1156.0,2026-07-24 00:00:00+00:00,0.008240297713981937,-0.010177453027139904,0.014985282312014903,1.1466078304957459,0.007160508434936497,-0.011377112845842086,0.013779891663363797,0.04417746912098631,0.24246798034798575,-0.024721107485891135,31,-0.006854732401792796,REGIME_OOS,True,True
2026-07-24 08:00:00+00:00,ETH,2026-07-24 12:00:00+00:00,1883.5,825.0,2026-07-24 00:00:00+00:00,-0.006854732401792796,-0.022573949143746774,0.005874499332443328,-1.0300168574935593,0.007277714920394267,-0.01694959485379499,0.012998376855116955,0.046640179923407785,0.136588133201254,-0.3641898456672477,31,-0.011945845500398233,REGIME_OOS,True,True
2026-07-24 12:00:00+00:00,ETH,2026-07-24 16:00:00+00:00,1861.0,2766.0,2026-07-24 00:00:00+00:00,-0.011945845500398233,-0.01845991561181437,-0.004280363830925671,-1.6717758335738568,0.007602778163671035,-0.026762717847477302,0.011636457903480002,0.052073900219633595,-0.013937264821713697,1.419688601011137,31,0.0010746910263299547,REGIME_OOS,True,True
2026-07-24 16:00:00+00:00,ETH,2026-07-24 20:00:00+00:00,1863.0,1416.0,2026-07-24 00:00:00+00:00,0.0010746910263299547,-0.006664889362836601,0.0008058017727639033,0.15648465963681685,0.007569504488528527,-0.023789561936700898,0.01028068057893683,0.05527590529393135,0.06962148679068737,0.06942520446066948,31,-0.0018786902844873943,REGIME_OOS,True,True
2026-07-24 20:00:00+00:00,ETH,2026-07-25 00:00:00+00:00,1859.5,231.0,2026-07-24 00:00:00+00:00,-0.0018786902844873943,-0.00985090521831733,-0.0074726447824926545,-0.2553994867746359,0.007479157046853278,-0.023717957131794143,0.008885534191429567,0.058360150530211076,0.09359328383644024,-1.1040826089018911,31,,REGIME_OOS,True,False
2026-07-25 12:00:00+00:00,ETH,2026-07-25 16:00:00+00:00,1870.0,3.0,2026-07-25 00:00:00+00:00,,-0.005847953216374324,-0.006112144565506239,,,-0.01678562509036896,0.0076263688524156326,0.05970166467177522,0.21884159038693304,-1.3136318278537669,28,0.0016042780748664054,REGIME_OOS,False,True
2026-07-25 16:00:00+00:00,ETH,2026-07-25 20:00:00+00:00,1873.0,7.0,2026-07-25 00:00:00+00:00,0.0016042780748664054,-0.012391247034010067,0.00428954423592498,0.24430885307242436,0.00743966644953329,-0.013691416535018486,0.006188669647966494,0.05938383893140209,0.26944204380531506,-1.2585085509163831,28,0.00026695141484256446,REGIME_OOS,True,True
2026-07-25 20:00:00+00:00,ETH,2026-07-26 00:00:00+00:00,1873.5,26.0,2026-07-25 00:00:00+00:00,0.00026695141484256446,-0.005309264666843672,-0.011606436296491718,0.07779351120559325,0.007266335232938163,-0.01199736321687539,0.004790139942030702,0.0587344161353998,0.2957353795904258,-1.1884436689262243,28,0.0032025620496396456,REGIME_OOS,True,True
2026-07-26 00:00:00+00:00,ETH,2026-07-26 04:00:00+00:00,1879.5,1.0,2026-07-26 00:00:00+00:00,0.0032025620496396456,0.009940891993551748,-0.013385826771653564,0.44219678409056756,0.0066122984581087904,-0.007891472459025106,0.0037140253465011153,0.058480493566888954,0.36505803939566717,-1.1601201461756334,27,0.0031923383878691425,REGIME_OOS,True,True
2026-07-26 04:00:00+00:00,ETH,2026-07-26 08:00:00+00:00,1885.5,11.0,2026-07-26 00:00:00+00:00,0.0031923383878691425,0.012077294685990392,-0.007370360621216099,0.5506865646020772,0.006568682875028989,-0.003567181926278251,0.0022192091353028243,0.05599172198666033,0.4362909051604432,-1.0839175070333036,27,,REGIME_OOS,True,False
2026-07-26 12:00:00+00:00,ETH,2026-07-26 16:00:00+00:00,1908.5,19.0,2026-07-26 00:00:00+00:00,,0.026351169669265984,0.0013116474291710034,,,0.009547991219021945,0.00042865307677653064,0.05044507993590697,0.6892749745099643,-1.0320449905641127,27,0.001833900969347546,REGIME_OOS,False,True
2026-07-26 16:00:00+00:00,ETH,2026-07-26 20:00:00+00:00,1912.0,6.0,2026-07-26 00:00:00+00:00,0.001833900969347546,0.022459893048128343,-0.009583009583009616,0.35677130546864577,0.006566311007842043,0.011774044185738797,-0.0006980175244701847,0.048536338968980006,0.7425820413291523,-1.0233379443596906,27,0.022751046025104582,REGIME_OOS,True,True
2026-07-26 20:00:00+00:00,ETH,2026-07-27 00:00:00+00:00,1955.5,1723.0,2026-07-26 00:00:00+00:00,0.022751046025104582,0.044046983449012256,0.009550851832730967,3.5184587799958695,0.0077846900949269365,0.03421832028770888,-0.0014417516490364823,0.05380102728605921,1.1360161137030091,0.6350646477966014,27,-0.0028125799028381193,REGIME_OOS,True,True
2026-07-27 00:00:00+00:00,ETH,2026-07-27 04:00:00+00:00,1950.0,899.0,2026-07-27 00:00:00+00:00,-0.0028125799028381193,0.04083266613290637,0.005932421975754387,-0.3988128452570266,0.007430347131334902,0.03053283832525211,-0.0017804389111626406,0.05901894287019405,1.017339634368,-0.1600427963794374,26,0.007435897435897454,REGIME_OOS,True,True
2026-07-27 04:00:00+00:00,ETH,2026-07-27 08:00:00+00:00,1964.5,893.0,2026-07-27 00:00:00+00:00,0.007435897435897454,0.045224793828145815,0.0157704239917269,1.0317239496337582,0.007534675619071539,0.036866967513788707,-0.0017439777445257265,0.06737619239014271,1.047180928543871,-0.15565474343882002,26,-0.0022906592008145044,REGIME_OOS,True,True
2026-07-27 08:00:00+00:00,ETH,2026-07-27 12:00:00+00:00,1960.0,727.0,2026-07-27 00:00:00+00:00,-0.0022906592008145044,0.039512065765048954,0.018181818181818077,-0.29146833394644955,0.007543262596723568,0.033591731266150004,-0.0020576673104552023,0.0726218132709894,0.962557043856807,-0.2738272979435749,26,-0.016071428571428625,REGIME_OOS,True,True
2026-07-27 12:00:00+00:00,ETH,2026-07-27 16:00:00+00:00,1928.5,4425.0,2026-07-27 00:00:00+00:00,-0.016071428571428625,0.010479434110558072,-0.0015531969971525061,-2.104489946733632,0.008075748894322518,0.01610969874995072,-0.002037543379955875,0.07412776792499211,0.7173234025642267,3.446190778270664,26,0.010370754472387889,REGIME_OOS,True,True
2026-07-27 16:00:00+00:00,ETH,2026-07-27 20:00:00+00:00,1948.5,3544.0,2026-07-27 00:00:00+00:00,0.010370754472387889,0.019089958158995834,0.010370754472387889,1.3652972320413048,0.008282448326253824,0.024676912559325803,-0.0010480308052763787,0.07674870994549303,0.8215286950992577,2.0749454918364116,26,-0.02950987939440597,REGIME_OOS,True,True
2026-07-27 20:00:00+00:00,ETH,2026-07-28 00:00:00+00:00,1891.0,1982.0,2026-07-27 00:00:00+00:00,-0.02950987939440597,-0.03298389158782922,-0.01279039415296268,-3.544319969002136,0.009830645066941382,-0.005900984373562457,-0.0009584832331084314,0.07603324894039347,0.4223894223145904,0.6330056310708965,26,-0.00687466948704385,REGIME_OOS,True,True
2026-07-28 00:00:00+00:00,ETH,2026-07-28 04:00:00+00:00,1878.0,1035.0,2026-07-28 00:00:00+00:00,-0.00687466948704385,-0.03692307692307695,-0.02669085255247472,-0.5721110151241768,0.009884160357019521,-0.012657229604510878,-0.0011054627188605837,0.07624696103880292,0.3339969300800135,-0.15162290333971434,30,0.0023961661341853624,REGIME_OOS,True,True
2026-07-28 04:00:00+00:00,ETH,2026-07-28 08:00:00+00:00,1882.5,626.0,2026-07-28 00:00:00+00:00,0.0023961661341853624,-0.04174090099261896,-0.031884803291334585,0.38688139112088427,0.009855529751236922,-0.009927026493984581,-0.0016198817512576014,0.07679592041313323,0.3707349760172033,-0.4874678997221597,30,-0.00345285524568395,REGIME_OOS,True,True
2026-07-28 08:00:00+00:00,ETH,2026-07-28 12:00:00+00:00,1876.0,601.0,2026-07-28 00:00:00+00:00,-0.00345285524568395,-0.042857142857142816,-0.025960539979231534,-0.2363744633107361,0.009733127817848353,-0.013150973172014746,-0.0018534756606616298,0.07729729904862939,0.329865036244783,-0.45788409450786194,30,0.023454157782516027,REGIME_OOS,True,True
2026-07-28 12:00:00+00:00,ETH,2026-07-28 16:00:00+00:00,1920.0,3981.0,2026-07-28 00:00:00+00:00,0.023454157782516027,-0.004407570650764803,-0.007495476867407591,2.5619862051982696,0.010627260324188611,0.008429843220672861,-0.000839652593739304,0.07502076781592784,0.612366794770168,2.36893176747692,30,0.0005208333333333037,REGIME_OOS,True,True
2026-07-28 16:00:00+00:00,ETH,2026-07-28 20:00:00+00:00,1921.0,2202.0,2026-07-28 00:00:00+00:00,0.0005208333333333037,-0.014113420579933256,-0.0002602133749675106,0.13927803966473648,0.010505946545111982,0.0074206151506410745,5.76900888427101e-05,0.0724638880796456,0.6024043195485882,0.7402845366881096,30,0.0007808433107756585,REGIME_OOS,True,True
2026-07-28 20:00:00+00:00,ETH,2026-07-29 00:00:00+00:00,1922.5,598.0,2026-07-28 00:00:00+00:00,0.0007808433107756585,0.016657852987837174,0.003392484342380042,0.13379651696094086,0.010466738777583393,0.00654450261780104,0.0011951439414588094,0.06875246772973868,0.5951893485994866,-0.521555202436229,30,-0.016905071521456483,REGIME_OOS,True,True
2026-07-29 00:00:00+00:00,ETH,2026-07-29 04:00:00+00:00,1890.0,992.0,2026-07-29 00:00:00+00:00,-0.016905071521456483,0.006389776357827559,-0.019200830306175365,-1.5438595062233356,0.010826207374877638,-0.01098901098901095,0.0016300730125951013,0.06663807716469418,0.33509411650861487,-0.21950700069566226,29,0.017989417989418,REGIME_OOS,True,True
2026-07-29 04:00:00+00:00,ETH,2026-07-29 08:00:00+00:00,1924.0,1279.0,2026-07-29 00:00:00+00:00,0.017989417989418,0.02204515272244345,0.014767932489451407,1.761911102987077,0.01136418152247658,0.00546105406182229,0.0023466923685355745,0.0640755420728977,0.5852283708440474,-0.006985781890122018,29,-0.004937629937629917,REGIME_OOS,True,True
2026-07-29 08:00:00+00:00,ETH,2026-07-29 12:00:00+00:00,1914.5,559.0,2026-07-29 00:00:00+00:00,-0.004937629937629917,0.020522388059701413,0.020794454812050223,-0.40014248084227927,0.011332704925293383,-0.00057423261641254,0.003220822750006569,0.06090742608779789,0.4905720426342625,-0.5245719488869864,29,-0.012535910159310548,REGIME_OOS,True,True
2026-07-29 12:00:00+00:00,ETH,2026-07-29 16:00:00+00:00,1890.5,1902.0,2026-07-29 00:00:00+00:00,-0.012535910159310548,-0.015364583333333348,0.006656017039403661,-1.040317692054626,0.011184514636136659,-0.013386217154189417,0.003661296067380526,0.05959694746671098,0.2753875370602401,0.6483170204126555,29,-0.0015868817773075916,REGIME_OOS,True,True
2026-07-29 16:00:00+00:00,ETH,2026-07-29 20:00:00+00:00,1887.5,2906.0,2026-07-29 00:00:00+00:00,-0.0015868817773075916,-0.01743883394065593,0.0034556087187667117,-0.08574004458684423,0.011020466984282735,-0.015003261578604099,0.003839867569096711,0.059364812612539626,0.24727012655582936,1.4455418904860378,29,0.01218543046357623,REGIME_OOS,True,True
2026-07-29 20:00:00+00:00,ETH,2026-07-30 00:00:00+00:00,1910.5,699.0,2026-07-29 00:00:00+00:00,0.01218543046357623,-0.006241872561768558,0.007382019509623028,1.1347830956844083,0.01125228951844152,-0.003052678268583464,0.003844924856339027,0.059309156483992466,0.44852939327492586,-0.44154696327568016,29,0.00026171159382371023,REGIME_OOS,True,True
2026-07-30 00:00:00+00:00,ETH,2026-07-30 04:00:00+00:00,1911.0,588.0,2026-07-30 00:00:00+00:00,0.00026171159382371023,0.011111111111111072,0.014600477833820014,0.01958466768013633,0.011248561887802227,-0.002765746490632992,0.004023849692448067,0.059329356401898875,0.45338317051852517,-0.517385550609819,29,-0.004447933019361638,REGIME_OOS,True,True
2026-07-30 04:00:00+00:00,ETH,2026-07-30 08:00:00+00:00,1902.5,323.0,2026-07-30 00:00:00+00:00,-0.004447933019361638,-0.01117463617463621,0.022299838796346005,-0.39513920891742654,0.011166156674891781,-0.005826561805972963,0.002998013553956458,0.056461196321832996,0.39680413831897765,-0.7227621744159937,29,0.01077529566360047,REGIME_OOS,True,True
2026-07-30 08:00:00+00:00,ETH,2026-07-30 12:00:00+00:00,1923.0,740.0,2026-07-30 00:00:00+00:00,0.01077529566360047,0.004439801514755759,0.03220611916264082,1.0031582206606078,0.011279509755544493,0.005595356377137595,0.002453318795147874,0.05385010995088503,0.6039061272528663,-0.32842236361913435,29,-0.0026001040041602197,REGIME_OOS,True,True
2026-07-30 12:00:00+00:00,ETH,2026-07-30 16:00:00+00:00,1918.0,1303.0,2026-07-30 00:00:00+00:00,-0.0026001040041602197,0.014546416291986164,0.031460069911266375,-0.2448373615689244,0.011060522073590477,0.004201625675728682,0.0014025061605411615,0.04754408319917529,0.588373261045481,0.1520516308472012,29,0.002606882168926017,REGIME_OOS,True,True
2026-07-30 16:00:00+00:00,ETH,2026-07-30 20:00:00+00:00,1923.0,777.0,2026-07-30 00:00:00+00:00,0.002606882168926017,0.018807947019867655,0.028342245989304793,0.192921819965577,0.011066931594207277,0.007795610874549608,0.0004535301951491544,0.041345298721185274,0.6885489067842957,-0.3115083189028299,29,-0.0005200208008320217,REGIME_OOS,True,True
2026-07-30 20:00:00+00:00,ETH,2026-07-31 00:00:00+00:00,1922.0,203.0,2026-07-30 00:00:00+00:00,-0.0005200208008320217,0.006019366657942893,0.026161238654564878,-0.09434954492576807,0.011059537030192737,0.007443128210504302,0.000382786158872106,0.04071878481252036,0.6827934759049006,-0.8197096096309391,29,-0.01144640998959412,REGIME_OOS,True,True
2026-07-31 00:00:00+00:00,ETH,2026-07-31 04:00:00+00:00,1900.0,71.0,2026-07-31 00:00:00+00:00,-0.01144640998959412,-0.005756148613291434,0.014144649052575398,-1.0864684568969945,0.011272058104342607,-0.002820967001246455,-0.000590086546026769,0.03556460488630918,0.4206804908907501,-0.940887092887836,28,-0.0060526315789474205,REGIME_OOS,True,True
2026-07-31 04:00:00+00:00,ETH,2026-07-31 08:00:00+00:00,1888.5,42.0,2026-07-31 00:00:00+00:00,-0.0060526315789474205,-0.007358738501971107,0.004788507581803714,-0.54888261999611,0.011328405161156688,-0.008791497178847973,-0.0003725156876325242,0.03581980642428932,0.2545632415007573,-0.9678504647112347,28,-0.003706645485835325,REGIME_OOS,True,True
2026-07-31 08:00:00+00:00,ETH,2026-07-31 12:00:00+00:00,1881.5,68.0,2026-07-31 00:00:00+00:00,-0.003706645485835325,-0.021580863234529346,-0.0021214531954388827,-0.3204685808675218,0.011329680428446362,-0.012556253854126953,0.00022309711286094824,0.03523178734113794,0.14361008050630855,-0.9481487720295193,28,-0.01062981663566298,REGIME_OOS,True,True
2026-07-31 12:00:00+00:00,ETH,2026-07-31 16:00:00+00:00,1861.5,168.0,2026-07-31 00:00:00+00:00,-0.01062981663566298,-0.02945776850886339,-0.024626670159811348,-0.9111697565226305,0.011462754063685061,-0.022513948145717055,0.0005437809324662091,0.03954113542422085,-0.06938041622158934,-0.8665441322719726,28,,REGIME_OOS,True,False
2026-08-01 16:00:00+00:00,ETH,2026-08-01 20:00:00+00:00,1841.0,27.0,2026-08-01 00:00:00+00:00,,-0.04264170566822678,-0.03713389121338917,,,-0.03238946192760006,0.0005179739593192956,0.04794949107166399,-0.17549125556289275,-0.9942980483345146,25,0.005703422053231932,REGIME_OOS,False,True
2026-08-01 20:00:00+00:00,ETH,2026-08-02 00:00:00+00:00,1851.5,11.0,2026-08-01 00:00:00+00:00,0.005703422053231932,-0.03668054110301766,-0.05318332907184864,0.5644991592999788,0.011514686315872527,-0.025115838247683264,-0.0004105306371645634,0.05284340427832243,0.024711956190408658,-1.0091338530111527,25,0.012962462867945002,REGIME_OOS,True,True
2026-08-02 00:00:00+00:00,ETH,2026-08-02 04:00:00+00:00,1875.5,7.0,2026-08-02 00:00:00+00:00,0.012962462867945002,-0.012894736842105292,-0.038205128205128225,1.1811673750980183,0.010954100502887547,-0.011294595200126545,-0.0011242404136783124,0.05286902939974704,0.28636651120021245,-0.9517790876429252,27,0.0013329778725672536,REGIME_OOS,True,True
2026-08-02 04:00:00+00:00,ETH,2026-08-02 08:00:00+00:00,1878.0,3.0,2026-08-02 00:00:00+00:00,0.0013329778725672536,-0.005559968228752932,-0.04403156019343346,0.20974546655396106,0.010956132207219645,-0.008814060273394264,-0.0018964336511615443,0.052048627955908894,0.3306572023212458,-0.9168595816780523,27,-0.013045793397231109,REGIME_OOS,True,True
2026-08-02 08:00:00+00:00,ETH,2026-08-02 12:00:00+00:00,1853.5,8.0,2026-08-02 00:00:00+00:00,-0.013045793397231109,-0.014881743289928195,-0.054336734693877564,-1.1153008540978848,0.01106116606753017,-0.02080169055008918,-0.0020850577015335547,0.05560923406364026,0.12593100048306186,-0.87626857916362,27,0.005664958187213465,REGIME_OOS,True,True
2026-08-02 12:00:00+00:00,ETH,2026-08-02 16:00:00+00:00,1864.0,8.0,2026-08-02 00:00:00+00:00,0.005664958187213465,0.0013430029546064315,-0.03344568317345087,0.6485836086444369,0.011136890419722831,-0.013691381705139283,-0.003330362463677239,0.05502674721521588,0.2511867882796947,-0.8468979773719677,27,0.010193133047210257,REGIME_OOS,True,True
2026-08-02 16:00:00+00:00,ETH,2026-08-02 20:00:00+00:00,1883.0,11.0,2026-08-02 00:00:00+00:00,0.010193133047210257,0.02281368821292773,-0.033615601744931944,1.0269543998896546,0.010962062783584432,-0.0028067574008366902,-0.004239746037103087,0.05375156468144475,0.447782777720597,-0.8353052807154903,27,0.0034519383961764127,REGIME_OOS,True,True
2026-08-02 20:00:00+00:00,ETH,2026-08-03 00:00:00+00:00,1889.5,561.0,2026-08-02 00:00:00+00:00,0.0034519383961764127,0.020523899540912716,-0.0007932310946588972,0.34851091940674733,0.010799915134336353,0.0006619886137957387,-0.00438686681746514,0.053745408080428526,0.512317119498008,-0.23838564519493224,27,-0.01640645673458585,REGIME_OOS,True,True
2026-08-03 00:00:00+00:00,ETH,2026-08-03 04:00:00+00:00,1858.5,1170.0,2026-08-03 00:00:00+00:00,-0.01640645673458585,-0.009064249533457747,-0.010383386581469645,-1.4636568114006514,0.009809957201690462,-0.014998940004239958,-0.004915300719363747,0.05560834509864791,0.23027537543812554,0.4551884486472313,27,-0.00834005918751679,REGIME_OOS,True,True
2026-08-03 04:00:00+00:00,ETH,2026-08-03 08:00:00+00:00,1843.0,1337.0,2026-08-03 00:00:00+00:00,-0.00834005918751679,-0.01863684771033014,-0.02098273572377163,-0.8336175570439247,0.00984810640215737,-0.02146355708350478,-0.006134402786206139,0.05806361504195366,0.13034411364162665,0.6273525202500881,27,-0.0013564839934888662,REGIME_OOS,True,True
2026-08-03 08:00:00+00:00,ETH,2026-08-03 12:00:00+00:00,1840.5,937.0,2026-08-03 00:00:00+00:00,-0.0013564839934888662,-0.007013757755597538,-0.01892324093816633,-0.11629962076270174,0.009837673977144332,-0.020958561625618377,-0.007544121761808409,0.05985555912019676,0.14984770113781312,0.17513996962581213,27,0.013583265417006274,REGIME_OOS,True,True
2026-08-03 12:00:00+00:00,ETH,2026-08-03 16:00:00+00:00,1865.5,2826.0,2026-08-03 00:00:00+00:00,0.013583265417006274,0.0008047210300428098,-0.02838541666666672,1.414918479776983,0.010138659572736767,-0.0066824631932056455,-0.008567899149017011,0.059168985321219766,0.38706138601283124,2.162544514552406,27,0.004556419190565597,REGIME_OOS,True,True
2026-08-03 16:00:00+00:00,ETH,2026-08-03 20:00:00+00:00,1874.0,1633.0,2026-08-03 00:00:00+00:00,0.004556419190565597,-0.004779607010090281,-0.024466423737636633,0.4265642575390485,0.00918862481059731,-0.0008530603540199966,-0.00997624703087896,0.054787264039195205,0.484429586529276,1.0758798914474872,27,-0.005069370330843093,REGIME_OOS,True,True
2026-08-03 20:00:00+00:00,ETH,2026-08-04 00:00:00+00:00,1864.5,381.0,2026-08-03 00:00:00+00:00,-0.005069370330843093,-0.013231013495633714,-0.030169050715214585,-0.5083541013889474,0.009225949941787423,-0.004498311464687599,-0.011440409585136702,0.05073332938644676,0.4113341955064106,-0.43162530775783037,27,0.002413515687851975,REGIME_OOS,True,True
2026-08-04 00:00:00+00:00,ETH,2026-08-04 04:00:00+00:00,1869.0,431.0,2026-08-04 00:00:00+00:00,0.002413515687851975,0.005649717514124353,-0.011111111111111072,0.32496935829483165,0.009239088515289698,-0.00065500140357444,-0.012855091893717918,0.044115929493041765,0.48515272349236804,-0.35888323306028064,28,-0.0008025682182986049,REGIME_OOS,True,True
2026-08-04 04:00:00+00:00,ETH,2026-08-04 08:00:00+00:00,1867.5,804.0,2026-08-04 00:00:00+00:00,-0.0008025682182986049,0.01329354313619091,-0.02936590436590436,-0.029478588285648914,0.008707422724038535,0.0,-0.014236171594166236,0.03564494937215192,0.5,0.13093489277845888,28,0.00508701472556905,REGIME_OOS,True,True
2026-08-04 08:00:00+00:00,ETH,2026-08-04 12:00:00+00:00,1877.0,759.0,2026-08-04 00:00:00+00:00,0.00508701472556905,0.019831567508829195,-0.019587359623922662,0.5834651317960999,0.008084969637627823,0.005706325180164562,-0.014879601380810126,0.032127812137588106,0.6776132515879721,0.09531862008245999,28,0.0005327650506126158,REGIME_OOS,True,True
2026-08-04 12:00:00+00:00,ETH,2026-08-04 16:00:00+00:00,1878.0,2532.0,2026-08-04 00:00:00+00:00,0.0005327650506126158,0.006700616456714048,-0.006612007405448317,0.11828219820063754,0.00804121993504437,0.006525263623330169,-0.015141118283883426,0.03075054067741152,0.712199963954566,2.3250372925323006,28,0.0005324813631522041,REGIME_OOS,True,True
2026-08-04 16:00:00+00:00,ETH,2026-08-04 20:00:00+00:00,1879.0,1557.0,2026-08-04 00:00:00+00:00,0.0005324813631522041,0.0026680896478121774,-0.0045033112582781865,0.09621398249334982,0.007698905325310967,0.007128691643887075,-0.015139517942545866,0.030466341113631213,0.7339858146174789,1.0157709478083454,28,-0.0026609898882383742,REGIME_OOS,True,True
2026-08-04 20:00:00+00:00,ETH,2026-08-05 00:00:00+00:00,1874.0,389.0,2026-08-04 00:00:00+00:00,-0.0026609898882383742,0.005095199785465354,-0.019104946349123297,-0.3708847410678438,0.007709964485003673,0.004112359851579983,-0.014450622858017903,0.030628059009199668,0.634267726542669,-0.373763021286518,28,-0.0010672358591248265,REGIME_OOS,True,True
2026-08-05 00:00:00+00:00,ETH,2026-08-05 04:00:00+00:00,1872.0,588.0,2026-08-05 00:00:00+00:00,-0.0010672358591248265,0.0016051364365972098,-0.020408163265306145,-0.1589953984427436,0.007369243977434603,0.0022083918891788734,-0.013215242301454433,0.027890822587737597,0.5791798765429678,-0.09126683437064408,25,0.0016025641025640969,REGIME_OOS,True,True
2026-08-05 04:00:00+00:00,ETH,2026-08-05 08:00:00+00:00,1875.0,470.0,2026-08-05 00:00:00+00:00,0.0016025641025640969,0.004016064257028162,-0.014454664914586024,0.25588875009168216,0.007376724909066103,0.0031834354351141236,-0.011753944418594786,0.026792977046290148,0.6188160400993927,-0.2500307624650322,25,-0.0016000000000000458,REGIME_OOS,True,True
2026-08-05 08:00:00+00:00,ETH,2026-08-05 12:00:00+00:00,1872.0,350.0,2026-08-05 00:00:00+00:00,-0.0016000000000000458,-0.002663825253063412,-0.026521060842433664,-0.184574126386231,0.007338913149535535,0.001672128954584906,-0.011030734712020873,0.026644287206971515,0.5627575037604107,-0.41908626610809213,25,0.0029380341880342886,REGIME_OOS,True,True
2026-08-05 12:00:00+00:00,ETH,2026-08-05 16:00:00+00:00,1877.5,3058.0,2026-08-05 00:00:00+00:00,0.0029380341880342886,-0.00026624068157610203,-0.021115745568300315,0.41989194706596955,0.007071452604170251,0.004628514862081046,-0.010132522590281745,0.026604401102465584,0.6739755330050281,3.242076740653596,25,0.0237017310252996,REGIME_OOS,True,True
2026-08-05 16:00:00+00:00,ETH,2026-08-05 20:00:00+00:00,1922.0,4506.0,2026-08-05 00:00:00+00:00,0.0237017310252996,0.022884513038850418,-0.0005200208008320217,3.408986917898741,0.008311607079152938,0.026558598496481567,-0.007919055542014108,0.03564931073387726,1.2449961289502036,4.433133424075793,25,-0.0039021852237253185,REGIME_OOS,True,True
2026-08-05 20:00:00+00:00,ETH,2026-08-06 00:00:00+00:00,1914.5,730.0,2026-08-05 00:00:00+00:00,-0.0039021852237253185,0.02161152614727846,-0.0039021852237253185,-0.5262706265499567,0.008338867586876164,0.021175592063153337,-0.006433696884903695,0.040591404001224594,1.0216767585204638,-0.0911537963867251,25,-0.006529119874640887,REGIME_OOS,True,True
2026-08-06 00:00:00+00:00,ETH,2026-08-06 04:00:00+00:00,1902.0,708.0,2026-08-06 00:00:00+00:00,-0.006529119874640887,0.01602564102564097,0.001052631578947416,-0.8135541585630901,0.008429800700193883,0.013994402239104309,-0.00544005599121955,0.0424576725984498,0.8296083224216891,-0.12774246961582034,27,0.006834910620399537,REGIME_OOS,True,True
2026-08-06 04:00:00+00:00,ETH,2026-08-06 08:00:00+00:00,1915.0,829.0,2026-08-06 00:00:00+00:00,0.006834910620399537,0.021333333333333426,0.01403230076780515,0.804314791728672,0.008228085333116121,0.02023148333133551,-0.0050172542658587505,0.045994178253806785,0.939870524910638,-0.03709495372210471,27,-0.0013054830287205776,REGIME_OOS,True,True
2026-08-06 08:00:00+00:00,ETH,2026-08-06 12:00:00+00:00,1912.5,676.0,2026-08-06 00:00:00+00:00,-0.0013054830287205776,0.02163461538461542,0.016476215785277804,-0.23937009991484942,0.008139630793392106,0.01743606112596252,-0.003950338600451575,0.04788304607932373,0.8641385115115233,-0.2040418408753876,27,0.002614379084967311,REGIME_OOS,True,True
2026-08-06 12:00:00+00:00,ETH,2026-08-06 16:00:00+00:00,1917.5,3034.0,2026-08-06 00:00:00+00:00,0.002614379084967311,0.02130492676431417,0.030083266183185575,0.22016554139522454,0.008100068724003128,0.01807852610900218,-0.0023465474500498074,0.04729077647196332,0.8822843999975356,1.987698857593591,27,-0.0010430247718383745,REGIME_OOS,True,True
2026-08-06 16:00:00+00:00,ETH,2026-08-06 20:00:00+00:00,1915.5,1591.0,2026-08-06 00:00:00+00:00,-0.0010430247718383745,-0.0033818938605618687,0.04046713742531227,-0.25629886932885537,0.007807924927825002,0.014995760915642142,-0.000778325488306586,0.04435926455559152,0.8380525143028317,0.5160572223253074,27,-0.003915426781519238,REGIME_OOS,True,True
2026-08-06 20:00:00+00:00,ETH,2026-08-07 00:00:00+00:00,1908.0,348.0,2026-08-06 00:00:00+00:00,-0.003915426781519238,-0.003395142334813306,0.03051579800162041,-0.674699134868669,0.007820584962972109,0.009884482553292884,0.0004739386686294367,0.04396579115520141,0.7248221240554982,-0.643334941977041,27,-0.0036687631027253476,REGIME_OOS,True,True
2026-08-07 00:00:00+00:00,ETH,2026-08-07 04:00:00+00:00,1901.0,545.0,2026-08-07 00:00:00+00:00,-0.0036687631027253476,-0.000525762355415349,0.013596374300186564,-0.6010686211956972,0.007529767151101404,0.0054610126013197036,0.0014009311292721982,0.043570959049922135,0.6253360660494669,-0.48033608160792396,25,0.0031562335612835835,REGIME_OOS,True,True
2026-08-07 04:00:00+00:00,ETH,2026-08-07 08:00:00+00:00,1907.0,649.0,2026-08-07 00:00:00+00:00,0.0031562335612835835,-0.004177545691905982,0.01544195953141636,0.3557430912059495,0.007544253604290164,0.00750211327134398,0.002691077066514058,0.042125329492307004,0.6780903167229615,-0.407344852725042,25,0.007603565810172963,REGIME_OOS,True,True
2026-08-07 08:00:00+00:00,ETH,2026-08-07 12:00:00+00:00,1921.5,873.0,2026-08-07 00:00:00+00:00,0.007603565810172963,0.004705882352941115,0.03668734826004849,0.9365034730064717,0.007196101418324334,0.013756809158895766,0.0037466571345354804,0.042398437161226446,0.8244650057874409,-0.22475904874159558,25,0.0005204267499350212,REGIME_OOS,True,True
2026-08-07 12:00:00+00:00,ETH,2026-08-07 16:00:00+00:00,1922.5,4551.0,2026-08-07 00:00:00+00:00,0.0005204267499350212,0.0026075619295957697,0.0313841201716738,-0.09814082530304274,0.0071478244607823295,0.012814940666693087,0.005218924758515486,0.04178691467122202,0.8066735308773222,3.233825576580357,25,0.001040312093627982,REGIME_OOS,True,True
2026-08-07 16:00:00+00:00,ETH,2026-08-07 20:00:00+00:00,1924.5,2145.0,2026-08-07 00:00:00+00:00,0.001040312093627982,0.00469851213782313,0.0220392989909719,-0.0020791790991387294,0.006936549599261176,0.012601615321880422,0.00637006756613645,0.042101246904916574,0.7993169145403368,0.708054481394252,25,0.00025980774227063463,REGIME_OOS,True,True
2026-08-07 20:00:00+00:00,ETH,2026-08-08 00:00:00+00:00,1925.0,221.0,2026-08-07 00:00:00+00:00,0.00025980774227063463,0.008909853249475796,0.018788039163800008,-0.07067951000403173,0.00691813349185965,0.011613852540858671,0.0072464151682449796,0.04199072631542551,0.7765813683149423,-0.9653483800433024,25,,REGIME_OOS,True,False
2026-08-08 08:00:00+00:00,ETH,2026-08-08 12:00:00+00:00,1951.0,9.0,2026-08-08 00:00:00+00:00,,0.026301946344029492,0.04977132095776171,,,0.02334120115394711,0.008474038339469248,0.045827934683212626,1.0093225630893903,-1.1255310292535896,29,-0.01101998974884677,REGIME_OOS,False,True
2026-08-08 12:00:00+00:00,ETH,2026-08-08 16:00:00+00:00,1929.5,23.0,2026-08-08 00:00:00+00:00,-0.01101998974884677,0.011798636601992651,0.04693434617471515,-1.685955478671512,0.0065187356107677605,0.01059302614866886,0.00973895476132558,0.04400819342809873,0.7407057714372212,-1.0595322354334278,29,0.0007774034724021828,REGIME_OOS,True,True
2026-08-08 16:00:00+00:00,ETH,2026-08-08 20:00:00+00:00,1931.0,8.0,2026-08-08 00:00:00+00:00,0.0007774034724021828,0.004944054124381925,0.049171420809562605,-0.007029084134299036,0.006285146431431451,0.009818405260887175,0.011085202457620902,0.04098024980436914,0.739588711824798,-1.017096150078059,29,-0.003883997928534444,REGIME_OOS,True,True
2026-08-08 20:00:00+00:00,ETH,2026-08-09 00:00:00+00:00,1923.5,15.0,2026-08-08 00:00:00+00:00,-0.003883997928534444,0.000520156046813991,0.031090860359153094,-0.7972984589397977,0.006336318613014687,0.004622254720183738,0.012142645690603082,0.03686461584835469,0.6253845893633554,-0.970876928870537,29,-0.0031193137509747393,REGIME_OOS,True,True
2026-08-09 00:00:00+00:00,ETH,2026-08-09 04:00:00+00:00,1917.5,9.0,2026-08-09 00:00:00+00:00,-0.0031193137509747393,-0.003637308391790106,0.02321237993596581,-0.6568803079726685,0.005916320982716756,0.00029995957066653034,0.013404209201880013,0.03028286368062944,0.5099052577665717,-0.9140957571192126,30,,REGIME_OOS,True,False
2026-08-09 08:00:00+00:00,ETH,2026-08-09 12:00:00+00:00,1925.0,1.0,2026-08-09 00:00:00+00:00,,0.0,0.032448377581120846,,,0.0029698327515239598,0.014584687927853501,0.023421720993663818,0.6267982294011373,-0.8677189536193329,30,0.002337662337662305,REGIME_OOS,False,True
2026-08-09 12:00:00+00:00,ETH,2026-08-09 16:00:00+00:00,1929.5,4.0,2026-08-09 00:00:00+00:00,0.002337662337662305,-0.01101998974884677,0.03237025147137507,0.31295222335781553,0.005877425004928699,0.005118053837238179,0.01471318927604881,0.023871084046423106,0.714403913424493,-0.8490011206306164,30,-0.0007774034724021828,REGIME_OOS,True,True
2026-08-09 16:00:00+00:00,ETH,2026-08-09 20:00:00+00:00,1928.0,15.0,2026-08-09 00:00:00+00:00,-0.0007774034724021828,-0.0007774034724021828,0.03239625167336002,-0.20239840434608333,0.005790995732226244,0.003983648814018359,0.015005602655447259,0.02402203074582931,0.665833141093201,-0.8226723777990922,30,-0.007002074688796656,REGIME_OOS,True,True
2026-08-09 20:00:00+00:00,ETH,2026-08-10 00:00:00+00:00,1914.5,601.0,2026-08-09 00:00:00+00:00,-0.007002074688796656,-0.008544795442775754,0.019978689397975424,-1.3050118788636316,0.005940039728862821,-0.0033706841577844093,0.015180340864050734,0.02249150992620753,0.3501352657583551,-0.3397989760147035,30,0.0031339775398275815,REGIME_OOS,True,True
2026-08-10 00:00:00+00:00,ETH,2026-08-10 04:00:00+00:00,1920.5,852.0,2026-08-10 00:00:00+00:00,0.0031339775398275815,-0.0015596568754874252,0.022630457933972226,0.48696425482142597,0.005959630718828933,-0.0003903708523096405,0.014982381437907089,0.022299886541668545,0.48249449154908186,-0.14117086706077553,31,0.005206977349648589,REGIME_OOS,True,True
2026-08-10 04:00:00+00:00,ETH,2026-08-10 08:00:00+00:00,1930.5,648.0,2026-08-10 00:00:00+00:00,0.005206977349648589,0.006779661016949046,0.027408195848855677,0.8111859385490198,0.0059629423632691836,0.0043440938532373075,0.014932387122664315,0.022252602232908356,0.6952173416739967,-0.2619549810418011,31,-0.0036260036260036266,REGIME_OOS,True,True
2026-08-10 08:00:00+00:00,ETH,2026-08-10 12:00:00+00:00,1923.5,1103.0,2026-08-10 00:00:00+00:00,-0.0036260036260036266,-0.0007792207792207684,0.026414087513340512,-0.6712476572614315,0.006007362625363755,0.0005461780540456651,0.014426603205091038,0.02213825038500754,0.5246712384468954,0.12303237775974572,31,-0.023394853132310933,REGIME_OOS,True,True
2026-08-10 12:00:00+00:00,ETH,2026-08-10 16:00:00+00:00,1878.5,5661.0,2026-08-10 00:00:00+00:00,-0.023394853132310933,-0.026431718061673992,0.003472222222222321,-3.9339784276884417,0.007395021655968643,-0.021920233260439348,0.013049486776449681,0.030089271323925634,-0.22850661700834937,3.739208047513255,31,0.0010646792653712378,REGIME_OOS,True,True
2026-08-10 16:00:00+00:00,ETH,2026-08-10 20:00:00+00:00,1880.5,3086.0,2026-08-10 00:00:00+00:00,0.0010646792653712378,-0.024636929460580936,0.0029333333333332323,0.21964441948642763,0.007389796647193394,-0.020177415362972018,0.012014616861065974,0.035062017970453566,-0.07547786838667712,1.2835357800379033,31,-0.0037224142515288605,REGIME_OOS,True,True
2026-08-10 20:00:00+00:00,ETH,2026-08-11 00:00:00+00:00,1873.5,470.0,2026-08-10 00:00:00+00:00,-0.0037224142515288605,-0.021415513188822177,0.0008012820512821595,-0.4448034779442382,0.007413487126802789,-0.023124853351409125,0.011310904872389616,0.04031234676021496,-0.07364195364164339,-0.4891672752237729,31,0.004536962903656239,REGIME_OOS,True,True
2026-08-11 00:00:00+00:00,ETH,2026-08-11 04:00:00+00:00,1882.0,407.0,2026-08-11 00:00:00+00:00,0.004536962903656239,-0.02004686279614687,0.00239680426098543,0.6826579401924283,0.007461712585448047,-0.01805280183658553,0.0106091284906773,0.043447525802823475,0.0844918323194276,-0.5331415054132852,30,-0.0015940488841658107,REGIME_OOS,True,True
2026-08-11 04:00:00+00:00,ETH,2026-08-11 08:00:00+00:00,1879.0,568.0,2026-08-11 00:00:00+00:00,-0.0015940488841658107,-0.02667702667702665,-0.02237252861602501,-0.15652562547681964,0.007461680380054382,-0.018529884171900823,0.009217233617467624,0.04680207263694649,0.10407983818064918,-0.3800271253164396,30,0.008781266631186835,REGIME_OOS,True,True
2026-08-11 08:00:00+00:00,ETH,2026-08-11 12:00:00+00:00,1895.5,1186.0,2026-08-11 00:00:00+00:00,0.008781266631186835,-0.014556797504548968,-0.009924262209454193,1.2339268698604082,0.0076269515664412054,-0.009212675596210418,0.008170761269379545,0.04746749740057788,0.30591612996858286,0.12572952516583413,30,-0.016882089158533398,REGIME_OOS,True,True
2026-08-11 12:00:00+00:00,ETH,2026-08-11 16:00:00+00:00,1863.5,2632.0,2026-08-11 00:00:00+00:00,-0.016882089158533398,-0.007985094490284839,-0.020241850683491047,-2.183173990837617,0.006788714329482265,-0.02438385927254172,0.006770396841711435,0.052497356428980436,0.03552214947187498,1.164178277693011,30,0.009927555674805522,REGIME_OOS,True,True
2026-08-11 16:00:00+00:00,ETH,2026-08-11 20:00:00+00:00,1882.0,2062.0,2026-08-11 00:00:00+00:00,0.009927555674805522,0.0007976601967560892,-0.017232375979112313,1.695678443890559,0.0070887890528528305,-0.013588060327318963,0.005716680371939953,0.05358739865424507,0.24643179798684803,0.6894209664163201,30,0.0010626992561104665,REGIME_OOS,True,True
2026-08-11 20:00:00+00:00,ETH,2026-08-12 00:00:00+00:00,1884.0,627.0,2026-08-11 00:00:00+00:00,0.0010626992561104665,0.005604483586869602,-0.014901960784313717,0.3083218800783782,0.0070243563090203335,-0.010802935038000672,0.0036809848281240676,0.050316525056316994,0.2853004549517401,-0.3571621503910664,30,0.0029193205944797462,REGIME_OOS,True,True
2026-08-12 00:00:00+00:00,ETH,2026-08-12 04:00:00+00:00,1889.5,507.0,2026-08-12 00:00:00+00:00,0.0029193205944797462,0.00398512221041436,-0.014602346805736688,0.5394358290262536,0.006911731988600215,-0.006872265219505125,0.002135874259949988,0.04926263618848935,0.3604974124159654,-0.4405170443194406,29,0.002646202699126743,REGIME_OOS,True,True
2026-08-12 04:00:00+00:00,ETH,2026-08-12 08:00:00+00:00,1894.5,872.0,2026-08-12 00:00:00+00:00,0.002646202699126743,0.008249068653539027,-0.01096319498825371,0.5275944216477574,0.0069433002961735235,-0.003288175720110531,0.00060539060854925,0.04735834421988043,0.4305681865724911,-0.12743600431212457,29,0.012932172077065207,REGIME_OOS,True,True
2026-08-12 08:00:00+00:00,ETH,2026-08-12 12:00:00+00:00,1919.0,2308.0,2026-08-12 00:00:00+00:00,0.012932172077065207,0.012397784225797848,0.005765199161425594,1.9876481172878375,0.007364537842545258,0.009720998145249293,-7.62888876028045e-05,0.04690515131190929,0.7072479860603523,0.9367180184400761,29,-0.013027618551328835,REGIME_OOS,True,True
2026-08-12 12:00:00+00:00,ETH,2026-08-12 16:00:00+00:00,1894.0,3248.0,2026-08-12 00:00:00+00:00,-0.013027618551328835,0.016367051247652364,-0.0036822724881641067,-1.6977140408975702,0.007710543161172224,-0.0028167530997446066,-0.0009047536387403188,0.04624982211094176,0.439096996027619,1.5592818863506297,29,-0.007127771911298875,REGIME_OOS,True,True
2026-08-12 16:00:00+00:00,ETH,2026-08-12 20:00:00+00:00,1880.5,1423.0,2026-08-12 00:00:00+00:00,-0.007127771911298875,-0.0007970244420828498,-0.013896171997902496,-0.8045537222206739,0.007775546391589188,-0.008763260196349765,-0.002243095840411491,0.045278008762239745,0.30645659038658984,0.1702091540326553,29,0.00026588673225202974,REGIME_OOS,True,True
2026-08-12 20:00:00+00:00,ETH,2026-08-13 00:00:00+00:00,1881.0,402.0,2026-08-12 00:00:00+00:00,0.00026588673225202974,-0.0015923566878981443,-0.021077283372365363,0.1668295124934829,0.007762698145204393,-0.00723069615242522,-0.003644242044982482,0.04292882496065517,0.3315654770646008,-0.5602498593864156,29,0.003987240829345984,REGIME_OOS,True,True
2026-08-13 00:00:00+00:00,ETH,2026-08-13 04:00:00+00:00,1888.5,793.0,2026-08-13 00:00:00+00:00,0.003987240829345984,-0.000529240539825393,-0.01768530559167747,0.6295993512891267,0.00777913724691417,-0.0022322313067137944,-0.004902605083988321,0.03970852009990942,0.44378457567551327,-0.2751051478904243,27,0.005030447445062203,REGIME_OOS,True,True
2026-08-13 04:00:00+00:00,ETH,2026-08-13 08:00:00+00:00,1898.0,994.0,2026-08-13 00:00:00+00:00,0.005030447445062203,0.001847453153866363,-0.013769810340348188,0.7588111512318447,0.007696203668160991,0.003224271895977626,-0.005555935179004101,0.038339687880143226,0.5840974998559507,-0.05381802399829037,27,-0.009220231822971603,REGIME_OOS,True,True
2026-08-13 08:00:00+00:00,ETH,2026-08-13 12:00:00+00:00,1880.5,1162.0,2026-08-13 00:00:00+00:00,-0.009220231822971603,-0.020062532569046332,-0.02311688311688309,-1.073517921585382,0.00783587407442552,-0.004973808137996749,-0.006633307402813093,0.035944026006866324,0.3616235104813626,0.10725514841897749,27,0.00026588673225202974,REGIME_OOS,True,True
2026-08-13 12:00:00+00:00,ETH,2026-08-13 16:00:00+00:00,1881.0,1709.0,2026-08-13 00:00:00+00:00,0.00026588673225202974,-0.00686378035902846,-0.035879036391594066,0.19765435146966506,0.007829229440557252,-0.0034041087725339425,-0.007955071062147878,0.02992446225183767,0.38624327669163255,0.5150276943364103,27,0.003987240829345984,REGIME_OOS,True,True
2026-08-13 16:00:00+00:00,ETH,2026-08-13 20:00:00+00:00,1888.5,2267.0,2026-08-13 00:00:00+00:00,0.003987240829345984,0.00425418771603292,-0.02124902824565955,0.676434753176435,0.007884362496374184,0.0014981372717992603,-0.009025934782037393,0.02397280207806359,0.5624932065480207,0.9183654835011412,27,-0.001059041567381569,REGIME_OOS,True,True
2026-08-13 20:00:00+00:00,ETH,2026-08-14 00:00:00+00:00,1886.5,260.0,2026-08-13 00:00:00+00:00,-0.001059041567381569,0.0029239766081872176,-0.02304505437597104,0.015909050090730344,0.007662499381926546,0.0002253356838937126,-0.008966760196307155,0.023699540588819366,0.5095080190710567,-0.7388431510488639,27,-0.0013252054068381147,REGIME_OOS,True,True
2026-08-14 00:00:00+00:00,ETH,2026-08-14 04:00:00+00:00,1884.0,169.0,2026-08-14 00:00:00+00:00,-0.0013252054068381147,-0.002382843526608447,-0.02053548219391732,-0.06169824022853346,0.007656691342716829,-0.0011928429423458953,-0.008968539184162405,0.023560174909658928,0.44937036983299744,-0.8227921161365317,29,-0.0058386411889597145,REGIME_OOS,True,True
2026-08-14 04:00:00+00:00,ETH,2026-08-14 08:00:00+00:00,1873.0,911.0,2026-08-14 00:00:00+00:00,-0.0058386411889597145,-0.013171759747102163,-0.02320730117340286,-0.6420673535147314,0.007691000677458692,-0.007011358666118794,-0.008992087593388431,0.02362563361373067,0.20323087284127067,-0.23355549296751899,29,0.002936465563267543,REGIME_OOS,True,True
2026-08-14 08:00:00+00:00,ETH,2026-08-14 12:00:00+00:00,1878.5,452.0,2026-08-14 00:00:00+00:00,0.002936465563267543,-0.00106354692900823,-0.024155844155844153,0.5102261909790987,0.007712564637219527,-0.0040030752100951306,-0.009094443510423655,0.023833391177925867,0.33203921002216685,-0.6364624529605089,29,0.0023955283470853406,REGIME_OOS,True,True
2026-08-14 12:00:00+00:00,ETH,2026-08-14 16:00:00+00:00,1883.0,1649.0,2026-08-14 00:00:00+00:00,0.0023955283470853406,0.0010632642211589882,-0.024099507644467444,0.41248969745651143,0.007713379932662415,-0.0017229953611663795,-0.008583081920339741,0.023625383097795445,0.42707016203571685,0.3319937065082989,29,-0.0007966011683483432,REGIME_OOS,True,True
2026-08-14 16:00:00+00:00,ETH,2026-08-14 20:00:00+00:00,1881.5,1403.0,2026-08-14 00:00:00+00:00,-0.0007966011683483432,-0.003706645485835325,-0.024118257261410814,-0.0016471285875833388,0.007713380171776989,-0.0021479144016334217,-0.008607091780937215,0.023266496936214746,0.4076820886478109,0.08526196032413663,29,-0.00239170874302419,REGIME_OOS,True,True
2026-08-14 20:00:00+00:00,ETH,2026-08-15 00:00:00+00:00,1877.0,121.0,2026-08-14 00:00:00+00:00,-0.00239170874302419,-0.005035780545984636,-0.019587359623922662,-0.208361644866438,0.007630717142447354,-0.004890720884305866,-0.007991395904113907,0.02100021795818811,0.26711094646524913,-1.0522356786616265,29,,REGIME_OOS,True,False
2026-08-15 12:00:00+00:00,ETH,2026-08-15 16:00:00+00:00,1884.0,1.0,2026-08-15 00:00:00+00:00,,0.0,-0.019005467326217107,,,-0.0012325553655918586,-0.007615214646464641,0.020925154490185612,0.4410969526571502,-1.1280759649365406,29,,REGIME_OOS,False,False
2026-08-16 00:00:00+00:00,ETH,2026-08-16 04:00:00+00:00,1879.5,4.0,2026-08-16 00:00:00+00:00,,0.00347036839295245,-0.026418026418026375,,,-0.003499284237315048,-0.007388929236793129,0.021153578323480093,0.3345771961696474,-1.0813547922363091,34,,REGIME_OOS,False,False
2026-08-16 12:00:00+00:00,ETH,2026-08-16 16:00:00+00:00,1885.0,4.0,2026-08-16 00:00:00+00:00,,0.0034602076124568004,-0.020015596568754845,,,-0.00046397560813948857,-0.00716771343887046,0.02109242213351408,0.47800273457441195,-1.048023068527131,34,,REGIME_OOS,False,False
2026-08-16 20:00:00+00:00,ETH,2026-08-17 00:00:00+00:00,1875.0,169.0,2026-08-16 00:00:00+00:00,,-0.004248539564524645,-0.0018631887143998327,,,-0.005252268024828921,-0.007257673752291027,0.021242495629133475,0.2527471293144288,-0.8671065074502657,34,0.014666666666666606,REGIME_OOS,False,True
2026-08-17 00:00:00+00:00,ETH,2026-08-17 04:00:00+00:00,1902.5,1731.0,2026-08-17 00:00:00+00:00,0.014666666666666606,0.011161307467446147,0.011699016219090641,2.0047295266213747,0.008102818382837433,0.009779334686782715,-0.00763469347982948,0.015685673558948652,1.1234564712844939,0.715581567784587,34,0.0,REGIME_OOS,True,True
2026-08-17 04:00:00+00:00,ETH,2026-08-17 08:00:00+00:00,1902.5,1373.0,2026-08-17 00:00:00+00:00,0.0,0.013585508790623368,0.01547904990659199,0.030413408712309836,0.008037480270372066,0.009551605200318392,-0.0074265248077530766,0.017384290427246388,1.0494388879599112,0.41224510614635035,34,0.0018396846254926658,REGIME_OOS,True,True
2026-08-17 08:00:00+00:00,ETH,2026-08-17 12:00:00+00:00,1906.0,1411.0,2026-08-17 00:00:00+00:00,0.0018396846254926658,0.011677282377919429,0.012752391073326264,0.28114344151812976,0.008024238088587132,0.010725033474300982,-0.006744514321229467,0.01999447882036609,1.03639975168428,0.4233537621731559,34,0.004984260230849857,REGIME_OOS,True,True
2026-08-17 12:00:00+00:00,ETH,2026-08-17 16:00:00+00:00,1915.5,2182.0,2026-08-17 00:00:00+00:00,0.004984260230849857,0.019154030327214633,0.019425226184140554,0.650787128157102,0.006775816821372267,0.014834437086092667,-0.0057731003023503424,0.024257849416157693,1.1115314194428043,1.2908667880918785,34,-0.003915426781519238,REGIME_OOS,True,True
2026-08-17 16:00:00+00:00,ETH,2026-08-17 20:00:00+00:00,1908.0,1835.0,2026-08-17 00:00:00+00:00,-0.003915426781519238,0.01220159151193645,0.006594566077552155,-0.6823659373293015,0.006827588169093722,0.010339030169846053,-0.00510755095697446,0.026121682578937187,0.8958026110531948,0.8048256565946441,34,0.004192872117400492,REGIME_OOS,True,True
2026-08-17 20:00:00+00:00,ETH,2026-08-18 00:00:00+00:00,1916.0,536.0,2026-08-17 00:00:00+00:00,0.004192872117400492,0.0218666666666667,0.0281727931312048,0.5347006507882756,0.006810022072874831,0.014091961627522354,-0.004544257112750305,0.028899710503857062,0.9876160135113313,-0.7047115470651579,34,-0.011221294363256806,REGIME_OOS,True,True
2026-08-18 00:00:00+00:00,ETH,2026-08-18 04:00:00+00:00,1894.5,1360.0,2026-08-18 00:00:00+00:00,-0.011221294363256806,-0.004204993429697712,0.006641870350690748,-1.766116672396567,0.007113304423846085,0.002341176937423084,-0.0038552959591861002,0.028633703692062452,0.5817629798296785,0.3256218773868352,31,0.0026392187912378517,REGIME_OOS,True,True
2026-08-18 04:00:00+00:00,ETH,2026-08-18 08:00:00+00:00,1899.5,674.0,2026-08-18 00:00:00+00:00,0.0026392187912378517,-0.0015768725361366975,0.00822717622080682,0.33156107680781843,0.0071168190011045825,0.004494976203067269,-0.0028264675483556934,0.028575898645191732,0.657299557185527,-0.47270586671565146,31,0.002632271650434337,REGIME_OOS,True,True
2026-08-18 08:00:00+00:00,ETH,2026-08-18 12:00:00+00:00,1904.5,424.0,2026-08-18 00:00:00+00:00,0.002632271650434337,-0.0007869884575025798,0.007938608097380229,0.3105936529750412,0.0069544573565083504,0.0067131832117559576,-0.0021415083392233303,0.02922827280856029,0.7296811465982309,-0.7793603936864937,31,0.008401155158834328,REGIME_OOS,True,True
2026-08-18 12:00:00+00:00,ETH,2026-08-18 16:00:00+00:00,1920.5,3656.0,2026-08-18 00:00:00+00:00,0.008401155158834328,0.002610284521012751,0.013723937714436474,1.1768407510924448,0.0063132866446614835,0.014259308159493056,-0.0011341756125867741,0.03203199967390852,0.9451582262941842,3.1497596753408463,31,-0.0026034886748242947,REGIME_OOS,True,True
2026-08-18 16:00:00+00:00,ETH,2026-08-18 20:00:00+00:00,1915.5,1836.0,2026-08-18 00:00:00+00:00,-0.0026034886748242947,0.0039308176100629755,-0.0018238665971860302,-0.5802254881712723,0.006117849621733531,0.010777937548645866,-0.00021894074883010983,0.03324212710895292,0.8242252673338417,0.7183339615373159,31,0.002610284521012751,REGIME_OOS,True,True
2026-08-18 20:00:00+00:00,ETH,2026-08-19 00:00:00+00:00,1920.5,602.0,2026-08-18 00:00:00+00:00,0.002610284521012751,0.0023486430062631403,0.013991552270327334,0.32173802406022756,0.006128036037532108,0.01214788268465572,0.001002347603597853,0.03336325548800845,0.8641096321976715,-0.5752318009785101,31,-0.003905233012236442,REGIME_OOS,True,True
2026-08-19 00:00:00+00:00,ETH,2026-08-19 04:00:00+00:00,1913.0,729.0,2026-08-19 00:00:00+00:00,-0.003905233012236442,0.009765109527579918,0.017282637596383932,-0.7504457923853526,0.0061690939396233735,0.007279476614845848,0.002039244239728566,0.03270787013135405,0.7225603986322476,-0.37914069886893126,41,0.002875065342394123,REGIME_OOS,True,True
2026-08-19 04:00:00+00:00,ETH,2026-08-19 08:00:00+00:00,1918.5,774.0,2026-08-19 00:00:00+00:00,0.002875065342394123,0.010002632271650436,0.019936204146730363,0.3904989352536478,0.006172023723546761,0.009232225992267029,0.00309220142578992,0.03285092047362172,0.7810340124161878,-0.2991453749314879,41,0.0033880635913474677,REGIME_OOS,True,True
2026-08-19 08:00:00+00:00,ETH,2026-08-19 12:00:00+00:00,1925.0,630.0,2026-08-19 00:00:00+00:00,0.0033880635913474677,0.010763980047256538,0.019327508604712662,0.4721942493451182,0.00573845317688449,0.011494252873563315,0.004271700184165894,0.03318499694208578,0.8463689598532405,-0.48775587415693095,41,0.08727272727272717,REGIME_OOS,True,True
2026-08-19 12:00:00+00:00,ETH,2026-08-19 16:00:00+00:00,2093.0,12068.0,2026-08-19 00:00:00+00:00,0.08727272727272717,0.08982035928143706,0.10273972602739723,15.181302705563168,0.016645634202548897,0.09356427237221943,0.00807173706941966,0.09318643119414134,1.5040546802065087,13.101947081168367,41,0.005494505494505475,REGIME_OOS,True,True
2026-08-19 16:00:00+00:00,ETH,2026-08-19 20:00:00+00:00,2104.5,6725.0,2026-08-19 00:00:00+00:00,0.005494505494505475,0.0986687548942835,0.11911725604892309,0.11988897969744551,0.016526867497014625,0.09327515000389619,0.011917278213512184,0.12681654239867754,1.2355124831480098,2.4375548367904725,41,0.0734141126158232,REGIME_OOS,True,True
2026-08-19 20:00:00+00:00,ETH,2026-08-20 00:00:00+00:00,2259.0,3570.0,2026-08-19 00:00:00+00:00,0.0734141126158232,0.17625618328560266,0.200956937799043,4.204940389014316,0.020810112294821628,0.16208187044253264,0.01837493778976884,0.1963984090580133,1.3252707912448305,0.829441972748947,41,-0.00022133687472336572,REGIME_OOS,True,True
2026-08-20 00:00:00+00:00,ETH,2026-08-20 04:00:00+00:00,2258.5,1915.0,2026-08-20 00:00:00+00:00,-0.00022133687472336572,0.1806063774176685,0.19592268996558104,-0.31615548015173567,0.020840807381968356,0.15076938754713143,0.024562136201091045,0.23914938593962806,1.130440203535343,0.10933608224519599,46,-0.000885543502324504,REGIME_OOS,True,True
2026-08-20 04:00:00+00:00,ETH,2026-08-20 08:00:00+00:00,2256.5,1455.0,2026-08-20 00:00:00+00:00,-0.000885543502324504,0.1761793067500652,0.19613040021203276,-0.34082901005355176,0.02088037942250413,0.13868318467962704,0.03045327620364935,0.26723249623296147,1.0189607799746376,-0.07629146178134917,46,0.018834478174163616,REGIME_OOS,True,True
2026-08-20 08:00:00+00:00,ETH,2026-08-20 12:00:00+00:00,2299.0,3787.0,2026-08-20 00:00:00+00:00,0.018834478174163616,0.1942857142857144,0.220276008492569,0.6136895008819029,0.02080235795904336,0.1486385211091681,0.03625199329011952,0.29698921506261056,1.0004845750975588,0.8784105417743161,46,0.01391909525880819,REGIME_OOS,True,True
2026-08-20 12:00:00+00:00,ETH,2026-08-20 16:00:00+00:00,2331.0,7093.0,2026-08-20 00:00:00+00:00,0.01391909525880819,0.11371237458193972,0.24452749599572887,0.33474713416966956,0.020800306758597464,0.1522918546164589,0.04240633196436194,0.32369718530863045,0.9704763017054214,2.194436698857404,46,-0.001716001716001725,REGIME_OOS,True,True
2026-08-20 16:00:00+00:00,ETH,2026-08-20 20:00:00+00:00,2327.0,6146.0,2026-08-20 00:00:00+00:00,-0.001716001716001725,0.10572582561178434,0.23875432525951568,-0.4387759431077322,0.02085865580819066,0.13846793625166653,0.04844500982288036,0.34165461782377404,0.9052863009247792,1.5979177039521253,46,0.0019338203695744571,REGIME_OOS,True,True
2026-08-20 20:00:00+00:00,ETH,2026-08-21 00:00:00+00:00,2331.5,1494.0,2026-08-20 00:00:00+00:00,0.0019338203695744571,0.03209384683488259,0.2381837493361656,-0.2534556441761057,0.0208248205315034,0.12917872407405162,0.05422040457882771,0.35460961518371115,0.8642843243467285,-0.26169184941413515,46,0.006004717992708519,REGIME_OOS,True,True
2026-08-21 00:00:00+00:00,ETH,2026-08-21 04:00:00+00:00,2345.5,1496.0,2026-08-21 00:00:00+00:00,0.006004717992708519,0.03852114235111803,0.24661174594738244,-0.06317502155437756,0.020762795002462572,0.12405051158555569,0.060515963772756365,0.3629908018178442,0.8417456061264238,-0.25889844981373134,62,0.012577275634193086,REGIME_OOS,True,True
2026-08-21 04:00:00+00:00,ETH,2026-08-21 08:00:00+00:00,2375.0,1157.0,2026-08-21 00:00:00+00:00,0.012577275634193086,0.05251495679149132,0.26531699520511465,0.24142310199380115,0.02062463299602694,0.12580583996966244,0.06663430764330247,0.3703245631459489,0.8397177840457779,-0.38659869906224226,62,0.0,REGIME_OOS,True,True
2026-08-21 08:00:00+00:00,ETH,2026-08-21 12:00:00+00:00,2375.0,3573.0,2026-08-21 00:00:00+00:00,0.0,0.03305785123966931,0.2606157112526539,-0.39654141503113083,0.020657311249897566,0.11312906438572856,0.07343019716552535,0.36933000025463025,0.8063088953178268,0.5057330907619553,62,0.009894736842105178,REGIME_OOS,True,True
2026-08-21 12:00:00+00:00,ETH,2026-08-21 16:00:00+00:00,2398.5,4113.0,2026-08-21 00:00:00+00:00,0.009894736842105178,0.02895752895752901,0.2761372705506784,0.0878186833155333,0.020631501356309062,0.11114971682707342,0.08038949728723277,0.3657767946041767,0.803873068129851,0.6698588314322814,62,0.007713154054617366,REGIME_OOS,True,True
2026-08-21 16:00:00+00:00,ETH,2026-08-21 20:00:00+00:00,2417.0,4227.0,2026-08-21 00:00:00+00:00,0.007713154054617366,0.03867640739149114,0.28222811671087533,-0.02992794942644827,0.020560061684748117,0.10658364618624683,0.08747280322228912,0.3588135333144079,0.7970446660741014,0.6660114448464464,62,0.04054613156805953,REGIME_OOS,True,True
2026-08-21 20:00:00+00:00,ETH,2026-08-22 00:00:00+00:00,2515.0,747.0,2026-08-21 00:00:00+00:00,0.04054613156805953,0.07870469654728707,0.34133333333333327,1.553101394657506,0.021250415661913526,0.135991508294093,0.0955035330443561,0.3593474593032088,0.8784401552686268,-0.7242421043226885,62,,REGIME_OOS,True,False
2026-08-22 08:00:00+00:00,ETH,2026-08-22 12:00:00+00:00,2413.0,5.0,2026-08-22 00:00:00+00:00,,0.028778512044340232,0.2683311432325888,,,0.077809540825442,0.10242269056529452,0.3404315995598743,0.7285614523623479,-1.0245007212542407,72,0.0008288437629506706,REGIME_OOS,False,True
2026-08-22 12:00:00+00:00,ETH,2026-08-22 16:00:00+00:00,2415.0,9.0,2026-08-22 00:00:00+00:00,0.0008288437629506706,0.01684210526315799,0.2693823915900131,-0.4337180419724111,0.02129678171579012,0.06691995891364133,0.10890790801579442,0.31593792841103674,0.7118136282345251,-0.9852892905037992,72,0.012215320910972993,REGIME_OOS,True,True
2026-08-22 16:00:00+00:00,ETH,2026-08-22 20:00:00+00:00,2444.5,13.0,2026-08-22 00:00:00+00:00,0.012215320910972993,0.02926315789473688,0.2825288562434418,0.1235421048403658,0.021223868140498727,0.06742063665342135,0.11576126674786846,0.28421116898272614,0.7372202221845793,-0.9541755467359051,72,-0.00715892820617714,REGIME_OOS,True,True
2026-08-22 20:00:00+00:00,ETH,2026-08-23 00:00:00+00:00,2427.0,33.0,2026-08-22 00:00:00+00:00,-0.00715892820617714,0.011882426516572897,0.2670321064996084,-0.8080702880276988,0.021405856268690827,0.048142429902505945,0.12217822837812942,0.24132317658196994,0.6994936026633704,-0.9177263986295836,72,-0.005150391429748713,REGIME_OOS,True,True
2026-08-23 00:00:00+00:00,ETH,2026-08-23 04:00:00+00:00,2414.5,83.0,2026-08-23 00:00:00+00:00,-0.005150391429748713,-0.0010343400910218792,0.26546121593291394,-0.6933563655465179,0.02156210727097146,0.03183760683760695,0.12828722142395632,0.18230253475690006,0.6746416026527673,-0.8604809641413357,71,-0.005177055290950472,REGIME_OOS,True,True
2026-08-23 04:00:00+00:00,ETH,2026-08-23 08:00:00+00:00,2402.0,11.0,2026-08-23 00:00:00+00:00,-0.005177055290950472,-0.044930417495029795,0.25365344467640916,-0.6739011479928397,0.021590091620403373,0.01976267804453502,0.13024347175171047,0.15296556420392246,0.629196908777383,-0.8555125170438261,71,0.01582014987510405,REGIME_OOS,True,True
2026-08-23 08:00:00+00:00,ETH,2026-08-23 12:00:00+00:00,2440.0,12.0,2026-08-23 00:00:00+00:00,0.01582014987510405,0.011189390799834165,0.28793877012404323,0.3014591471441011,0.021599395405388373,0.028570224156646118,0.13221347740799239,0.11778118901926808,0.7425703492598666,-0.844590414556901,71,0.00020491803278699372,REGIME_OOS,True,True
2026-08-23 12:00:00+00:00,ETH,2026-08-23 16:00:00+00:00,2440.5,99.0,2026-08-23 00:00:00+00:00,0.00020491803278699372,0.010559006211180222,0.28481179257699396,-0.4395621721224434,0.021316664232191935,0.02486037038592359,0.13050702620584897,0.11095365909115566,0.7240608429641708,-0.7890414211793125,71,0.004097520999795101,REGIME_OOS,True,True
2026-08-23 16:00:00+00:00,ETH,2026-08-23 20:00:00+00:00,2450.5,41.0,2026-08-23 00:00:00+00:00,0.004097520999795101,0.002454489670689286,0.2866894197952219,-0.28065122550534977,0.021300767985502796,0.024927851436697512,0.12903987457735977,0.10210037848637607,0.7441504312349216,-0.7990862519579471,71,0.0063252397469903965,REGIME_OOS,True,True
2026-08-23 20:00:00+00:00,ETH,2026-08-24 00:00:00+00:00,2466.0,798.0,2026-08-23 00:00:00+00:00,0.0063252397469903965,0.01606922126081578,0.2840406144233272,-0.17855878574249556,0.021266595315307987,0.02691166519181709,0.12781381062637664,0.09054873236205116,0.7972064267472376,-0.5229055188877824,71,-0.012976480129764822,REGIME_OOS,True,True
2026-08-24 00:00:00+00:00,ETH,2026-08-24 04:00:00+00:00,2434.0,1136.0,2026-08-24 00:00:00+00:00,-0.012976480129764822,0.008076206253882834,0.27068650482902634,-1.0922415053180172,0.021684785655283704,0.010744874124059223,0.125171126467716,0.0815688429473851,0.6317276761053239,-0.3690120850188751,66,0.009038619556285932,REGIME_OOS,True,True
2026-08-24 04:00:00+00:00,ETH,2026-08-24 08:00:00+00:00,2456.0,1284.0,2026-08-24 00:00:00+00:00,0.009038619556285932,0.02248126561198993,0.2788336370736788,-0.023083951999085642,0.021563823396896543,0.017240486668392396,0.12197881861991089,0.07731764689508265,0.7229825578084028,-0.3075100123593945,66,0.017508143322475522,REGIME_OOS,True,True
2026-08-24 08:00:00+00:00,ETH,2026-08-24 12:00:00+00:00,2499.0,1692.0,2026-08-24 00:00:00+00:00,0.017508143322475522,0.02418032786885238,0.306325143753267,0.35155560315585116,0.02156105152986662,0.03137671663966812,0.11951901307582125,0.07520395715640849,0.9172216173998825,-0.1715399115134947,66,-0.003401360544217691,REGIME_OOS,True,True
2026-08-24 12:00:00+00:00,ETH,2026-08-24 16:00:00+00:00,2490.5,5686.0,2026-08-24 00:00:00+00:00,-0.003401360544217691,0.020487604998975728,0.29814959603857183,-0.6412125215823651,0.021549697739394844,0.024507132058784187,0.11692205196535665,0.0699708189775091,0.8502478950069388,1.2433072055353733,66,-0.006424412768520349,REGIME_OOS,True,True
2026-08-24 16:00:00+00:00,ETH,2026-08-24 20:00:00+00:00,2474.5,3683.0,2026-08-24 00:00:00+00:00,-0.006424412768520349,0.009793919608243273,0.2854545454545454,-0.7826125636017067,0.021728421184645883,0.015231550335914612,0.11381614122313577,0.06314141965670546,0.741229139584243,0.4598763087145931,66,0.0050515255607193055,REGIME_OOS,True,True
2026-08-24 20:00:00+00:00,ETH,2026-08-25 00:00:00+00:00,2487.0,701.0,2026-08-24 00:00:00+00:00,0.0050515255607193055,0.008515815085158085,0.1882465360726231,-0.23375574398944424,0.021712738246177504,0.01802106038743756,0.11018582055977921,0.06065139952137723,0.7971252193625932,-0.6222811771179604,66,0.006031363088057962,REGIME_OOS,True,True
2026-08-25 00:00:00+00:00,ETH,2026-08-25 04:00:00+00:00,2502.0,1533.0,2026-08-25 00:00:00+00:00,0.006031363088057962,0.0279375513557929,0.18888096935138998,-0.19135101329000162,0.016110350432115682,0.021505925101813927,0.10685444693994683,0.058196139356756084,0.8695421266688748,-0.253384132958062,73,-0.008193445243804942,REGIME_OOS,True,True
2026-08-25 04:00:00+00:00,ETH,2026-08-25 08:00:00+00:00,2481.5,985.0,2026-08-25 00:00:00+00:00,-0.008193445243804942,0.010382736156351768,0.09849490925188142,-0.9727607968419083,0.016360354652140557,0.011422574104076988,0.10272999806733751,0.05577279895879985,0.7048054664158943,-0.4604600901730642,73,0.00020149103364897059,REGIME_OOS,True,True
2026-08-25 08:00:00+00:00,ETH,2026-08-25 12:00:00+00:00,2482.0,836.0,2026-08-25 00:00:00+00:00,0.00020149103364897059,-0.006802721088435382,0.0989594863847687,-0.41688069523545546,0.010540699120204194,0.010288086782199946,0.09829671189395794,0.05477961315673798,0.6878086789836059,-0.4957296014479164,73,0.0026188557614825747,REGIME_OOS,True,True
2026-08-25 12:00:00+00:00,ETH,2026-08-25 16:00:00+00:00,2488.5,3432.0,2026-08-25 00:00:00+00:00,0.0026188557614825747,-0.0008030515960650852,0.10281409262131613,-0.18618599696881818,0.01050878169149911,0.013480491976867182,0.09171587109625112,0.051631664210665236,0.7610896275174236,0.8089324235163354,73,-0.008438818565400852,REGIME_OOS,True,True
2026-08-25 16:00:00+00:00,ETH,2026-08-25 20:00:00+00:00,2467.5,1850.0,2026-08-25 00:00:00+00:00,-0.008438818565400852,-0.0028288543140028155,0.0732927359721618,-1.2479922387016151,0.010734679784139653,0.0038138825324181003,0.08746383415471448,0.04908238936119418,0.5777036852128751,-0.006614347364396606,73,-0.008510638297872353,REGIME_OOS,True,True
2026-08-25 20:00:00+00:00,ETH,2026-08-26 00:00:00+00:00,2446.5,887.0,2026-08-25 00:00:00+00:00,-0.008510638297872353,-0.01628468033775632,0.04954954954954949,-1.2049657881129643,0.010629335575215839,-0.005366508110745127,0.0829480914013998,0.04646551426150582,0.38450556943063896,-0.4540486284991245,73,0.010014306151645114,REGIME_OOS,True,True
2026-08-26 00:00:00+00:00,ETH,2026-08-26 04:00:00+00:00,2471.0,705.0,2026-08-26 00:00:00+00:00,0.010014306151645114,-0.012390087929656235,0.06188225182638596,0.6116587814615593,0.010520867056755966,0.004053189219938913,0.07816744063786918,0.04623276138502291,0.5876692003357566,-0.507781433951594,74,-0.0022258195062727637,REGIME_OOS,True,True
2026-08-26 04:00:00+00:00,ETH,2026-08-26 08:00:00+00:00,2465.5,445.0,2026-08-26 00:00:00+00:00,-0.0022258195062727637,-0.006447713076768058,0.05747372935878192,-0.5330776964554897,0.010529794594239078,0.0010353437950425537,0.07383589117544465,0.04433854702023702,0.5233508733285747,-0.6326766845427593,74,0.0004055972419387821,REGIME_OOS,True,True
2026-08-26 08:00:00+00:00,ETH,2026-08-26 12:00:00+00:00,2466.5,768.0,2026-08-26 00:00:00+00:00,0.0004055972419387821,-0.006244963738920251,0.051588147516520966,-0.281109842579024,0.010540651203736793,0.0003853095658168382,0.06975967233172953,0.04024422468093876,0.509574282244761,-0.39556171093273856,74,-0.0052706263936752595,REGIME_OOS,True,True
2026-08-26 12:00:00+00:00,ETH,2026-08-26 16:00:00+00:00,2453.5,2038.0,2026-08-26 00:00:00+00:00,-0.0052706263936752595,-0.01406469760900142,0.033052631578947445,-0.8144953854867389,0.010641959939192492,-0.005925550772347465,0.06590528261470419,0.032552512417911024,0.3179694797048268,0.44575451630159074,74,0.007336458121051548,REGIME_OOS,True,True
2026-08-26 16:00:00+00:00,ETH,2026-08-26 20:00:00+00:00,2471.5,2168.0,2026-08-26 00:00:00+00:00,0.007336458121051548,0.001621073961499464,0.04063157894736835,0.4132338015990594,0.01052060719969214,0.000728833461554057,0.06129622785832756,0.030721779593122805,0.5237236732769628,0.5095864238251002,74,0.014970665587699772,REGIME_OOS,True,True
2026-08-26 20:00:00+00:00,ETH,2026-08-27 00:00:00+00:00,2508.5,985.0,2026-08-26 00:00:00+00:00,0.014970665587699772,0.02534232577151041,0.04586199708150929,1.1602485212305564,0.010737783762062967,0.014314018842747966,0.057223713684786626,0.03161142047879916,0.952811630288743,-0.23320952762634223,74,-0.005381702212477579,REGIME_OOS,True,True
2026-08-27 00:00:00+00:00,ETH,2026-08-27 04:00:00+00:00,2495.0,571.0,2026-08-27 00:00:00+00:00,-0.005381702212477579,0.009712666936462888,0.03227141083988405,-0.805088948716433,0.010774614351282566,0.007948451213477092,0.052859360711171366,0.03129851733723225,0.7539561579813794,-0.4697830559252175,65,0.0016032064128257417,REGIME_OOS,True,True
2026-08-27 04:00:00+00:00,ETH,2026-08-27 08:00:00+00:00,2499.0,551.0,2026-08-27 00:00:00+00:00,0.0016032064128257417,0.013587507604948312,-0.006361829025844923,-0.10680176037582259,0.010735316023046892,0.00889189434693538,0.04840177430141113,0.032184086706238985,0.7762823263588707,-0.43273327333417944,65,0.0016006402561024036,REGIME_OOS,True,True
2026-08-27 08:00:00+00:00,ETH,2026-08-27 12:00:00+00:00,2503.0,1706.0,2026-08-27 00:00:00+00:00,0.0016006402561024036,0.014798297182242015,0.037297969332780845,-0.0884602757272473,0.007984516737268587,0.009101262888416173,0.044666585241558865,0.028987500635693983,0.8139719771910695,0.46900670662287014,65,0.00819017179384729,REGIME_OOS,True,True
2026-08-27 12:00:00+00:00,ETH,2026-08-27 16:00:00+00:00,2523.5,1925.0,2026-08-27 00:00:00+00:00,0.00819017179384729,0.02853067047075597,0.04492753623188417,0.8689399489482892,0.008083559338891716,0.015983573556646924,0.0408015319954913,0.03128471499873955,1.0109067976898933,0.6007347011509409,65,-0.010501287893798339,REGIME_OOS,True,True
2026-08-27 16:00:00+00:00,ETH,2026-08-27 20:00:00+00:00,2497.0,2560.0,2026-08-27 00:00:00+00:00,-0.010501287893798339,0.01031762087800936,0.02147678461853131,-1.4843426292286812,0.008108894711708552,0.005354914039537917,0.03569060635250243,0.031161371462820296,0.6718446200587478,1.0576833233475658,65,0.005806968362034537,REGIME_OOS,True,True
2026-08-27 20:00:00+00:00,ETH,2026-08-28 00:00:00+00:00,2511.5,423.0,2026-08-27 00:00:00+00:00,0.005806968362034537,0.0011959338249949436,0.03481664606510093,0.6248329774701322,0.008018387235210292,0.010765670590602738,0.03102943190164198,0.03265437536346722,0.8296853934816649,-0.6977403818020432,65,-0.008361536930121427,REGIME_OOS,True,True
2026-08-28 00:00:00+00:00,ETH,2026-08-28 04:00:00+00:00,2490.5,294.0,2026-08-28 00:00:00+00:00,-0.008361536930121427,-0.0018036072144288484,0.03147649616897907,-1.189016785801438,0.00812640738877629,0.0019915109331938297,0.026543811537699025,0.032466336673607536,0.5613407959516641,-0.8173154263526465,71,0.0006022886970487029,REGIME_OOS,True,True
2026-08-28 04:00:00+00:00,ETH,2026-08-28 08:00:00+00:00,2492.0,82.0,2026-08-28 00:00:00+00:00,0.0006022886970487029,-0.0028011204481792618,0.03746877601998344,-0.05699113827898751,0.008041377958501976,0.0024941668678091222,0.02327457744333672,0.032543259570681944,0.576641581105049,-0.9970722420173218,71,0.005417335473515195,REGIME_OOS,True,True
2026-08-28 08:00:00+00:00,ETH,2026-08-28 12:00:00+00:00,2505.5,100.0,2026-08-28 00:00:00+00:00,0.005417335473515195,0.0009988014382740218,0.026844262295081966,0.5172333387543211,0.007604188932172426,0.00785406128380206,0.019979239151841188,0.03280171381135719,0.7394405770677382,-0.986538209491164,71,-0.0037916583516264257,REGIME_OOS,True,True
2026-08-28 12:00:00+00:00,ETH,2026-08-28 16:00:00+00:00,2496.0,187.0,2026-08-28 00:00:00+00:00,-0.0037916583516264257,-0.01089756290865862,0.022741241548863034,-0.6184702428328137,0.007651850037579312,0.00373989624803972,0.018296328449398436,0.03293710310496679,0.6135466053623787,-0.9213659808651937,71,,REGIME_OOS,True,False
2026-08-29 08:00:00+00:00,ETH,2026-08-29 12:00:00+00:00,2443.0,13.0,2026-08-29 00:00:00+00:00,,-0.02162595114136967,-0.003060599877576009,,,-0.016802495220847202,0.015962644794354164,0.03651909075543169,0.03989831418932465,-1.0662219171721712,73,0.003683995088006542,REGIME_OOS,False,True
2026-08-29 12:00:00+00:00,ETH,2026-08-29 16:00:00+00:00,2452.0,45.0,2026-08-29 00:00:00+00:00,0.003683995088006542,-0.02369102130201073,-0.005677210056772131,0.3797654244069278,0.007646034402751779,-0.01245506811522712,0.013595986316245146,0.03835483618861832,0.17526733645852266,-1.038809132811991,73,0.007340946166394691,REGIME_OOS,True,True
2026-08-29 16:00:00+00:00,ETH,2026-08-29 20:00:00+00:00,2470.0,37.0,2026-08-29 00:00:00+00:00,0.007340946166394691,-0.00823127885966668,0.014790468364831444,0.8601378186449609,0.007673706226155702,-0.005255633193048892,0.012233799693441627,0.03822593849314759,0.36251133653681067,-1.0098192143043463,73,-0.001417004048583026,REGIME_OOS,True,True
2026-08-29 20:00:00+00:00,ETH,2026-08-30 00:00:00+00:00,2466.5,21.0,2026-08-29 00:00:00+00:00,-0.001417004048583026,-0.010232744783306602,0.004275244299674297,-0.28866934410479983,0.007235924383094299,-0.007065075179646163,0.011523974345923005,0.036226822777432464,0.30497668197257943,-0.977140734974227,73,0.0012162983985404274,REGIME_OOS,True,True
2026-08-30 00:00:00+00:00,ETH,2026-08-30 04:00:00+00:00,2469.5,2.0,2026-08-30 00:00:00+00:00,0.0012162983985404274,-0.014368389543005344,-0.011804721888755476,0.0045360941955290964,0.007082415366404418,-0.005827353334876495,0.010320914341495069,0.03630560420483665,0.3394916304932284,-0.9442063457118787,68,-0.0018222312208948654,REGIME_OOS,True,True
2026-08-30 04:00:00+00:00,ETH,2026-08-30 08:00:00+00:00,2465.0,25.0,2026-08-30 00:00:00+00:00,-0.0018222312208948654,-0.012419871794871806,-0.010238907849829393,-0.38757438024196117,0.006364397485486795,-0.0076289780390104145,0.009214754984215423,0.03634112518492108,0.290073147152421,-0.8726149406920664,68,0.0,REGIME_OOS,True,True
2026-08-30 08:00:00+00:00,ETH,2026-08-30 12:00:00+00:00,2465.0,1.0,2026-08-30 00:00:00+00:00,0.0,0.009005321326238214,-0.0038391594261466544,-0.04374109377642523,0.006326769698142383,-0.007599013637964891,0.008205271831340344,0.03644439928003753,0.2914902210467427,-0.9649890393371323,68,0.010344827586206806,REGIME_OOS,True,True
2026-08-30 12:00:00+00:00,ETH,2026-08-30 16:00:00+00:00,2490.5,33.0,2026-08-30 00:00:00+00:00,0.010344827586206806,0.015701468189233347,0.0014073180538802799,1.5731666662497243,0.0064434999182908514,0.0019209687314567514,0.008011046363094465,0.03459949697687011,0.5555201346638313,-0.9232899990909885,68,0.009435856253764197,REGIME_OOS,True,True
2026-08-30 16:00:00+00:00,ETH,2026-08-30 20:00:00+00:00,2514.0,39.0,2026-08-30 00:00:00+00:00,0.009435856253764197,0.017813765182186136,0.004796163069544335,1.3168491178430253,0.006587820693760093,0.010511083867596582,0.007736708860759389,0.03555328313502825,0.7956431288687569,-0.8797509552750918,68,-0.033611774065234634,REGIME_OOS,True,True
2026-08-30 20:00:00+00:00,ETH,2026-08-31 00:00:00+00:00,2429.5,1221.0,2026-08-30 00:00:00+00:00,-0.033611774065234634,-0.01500101358199879,-0.02095506749949627,-5.268609925143589,0.00907162673047506,-0.021901042715085195,0.005884091893883836,0.040397693125811276,-0.042135974123036296,0.47184443335525766,68,0.00020580366330524846,REGIME_OOS,True,True
2026-08-31 00:00:00+00:00,ETH,2026-08-31 04:00:00+00:00,2430.0,964.0,2026-08-31 00:00:00+00:00,0.00020580366330524846,-0.01599514071674424,-0.020950846091861375,0.04744001866756159,0.008945945610785684,-0.020418035595509254,0.004462206889290998,0.04458757852175349,0.04206897363695855,0.1810177250875907,69,0.008436213991769526,REGIME_OOS,True,True
2026-08-31 04:00:00+00:00,ETH,2026-08-31 08:00:00+00:00,2450.5,786.0,2026-08-31 00:00:00+00:00,0.008436213991769526,-0.00588235294117645,-0.015270243118344351,0.936825895322739,0.009075971214387078,-0.011187442625266053,0.004004715719876373,0.04532426767315037,0.25316881662727103,-0.018128688429038795,69,0.0022444399102223844,REGIME_OOS,True,True
2026-08-31 08:00:00+00:00,ETH,2026-08-31 12:00:00+00:00,2456.0,657.0,2026-08-31 00:00:00+00:00,0.0022444399102223844,-0.0036511156186612714,-0.004660587639311098,0.21094476990849417,0.009072972046905908,-0.00802746503761298,0.002703304714077426,0.04501725483979984,0.32168026313066367,-0.07460089573163713,69,0.008550488599348594,REGIME_OOS,True,True
2026-08-31 12:00:00+00:00,ETH,2026-08-31 16:00:00+00:00,2477.0,2491.0,2026-08-31 00:00:00+00:00,0.008550488599348594,-0.005420598273439103,0.012466789290823677,0.9074267874355691,0.00903772925587713,0.00139475652402421,0.0012588850569130727,0.041273311529865665,0.5337931818970921,2.458079760647926,69,0.0058538554703269075,REGIME_OOS,True,True
2026-08-31 16:00:00+00:00,ETH,2026-08-31 20:00:00+00:00,2491.5,2186.0,2026-08-31 00:00:00+00:00,0.0058538554703269075,-0.008949880668257748,0.00829623634156218,0.549929563992844,0.00890235473209352,0.007368772174545901,0.0007667780754072595,0.04089389547035835,0.6801924734680036,1.8010010847542632,69,-0.006020469596628497,REGIME_OOS,True,True
2026-08-31 20:00:00+00:00,ETH,2026-09-01 00:00:00+00:00,2476.5,492.0,2026-08-31 00:00:00+00:00,-0.006020469596628497,0.01934554435068936,0.004461569661326381,-0.829334174935677,0.008846178870278871,0.0020129272412781063,-0.00034177732297346886,0.03829146549576089,0.5525685610413883,-0.3350248748425796,69,0.001817080557237949,REGIME_OOS,True,True
2026-09-01 00:00:00+00:00,ETH,2026-09-01 04:00:00+00:00,2481.0,661.0,2026-09-01 00:00:00+00:00,0.001817080557237949,0.020987654320987703,0.005878775592945473,0.11180145423085046,0.00882882943170329,0.0040266283563665795,-0.0010712697578524333,0.037800839645082664,0.6065221935325571,-0.13862029480793617,62,0.0,REGIME_OOS,True,True
2026-09-01 04:00:00+00:00,ETH,2026-09-01 08:00:00+00:00,2481.0,736.0,2026-09-01 00:00:00+00:00,0.0,0.012446439502142415,0.011208477684939933,-0.10905502683600424,0.00883002263651313,0.004250151791135304,-0.0019310946640380688,0.03717267455008546,0.6143353778703455,-0.04633551063512427,62,-0.005642885933091479,REGIME_OOS,True,True
2026-09-01 08:00:00+00:00,ETH,2026-09-01 12:00:00+00:00,2467.0,1422.0,2026-09-01 00:00:00+00:00,-0.005642885933091479,0.004478827361563464,-0.0018207566255310503,-0.7465659519798171,0.00883932145755519,-0.0006380199102720141,-0.002926303204594971,0.034729429887875106,0.481628840083701,0.843749151304436,62,-0.003648155654641272,REGIME_OOS,True,True
2026-09-01 12:00:00+00:00,ETH,2026-09-01 16:00:00+00:00,2458.0,1936.0,2026-09-01 00:00:00+00:00,-0.003648155654641272,-0.007670569236980174,-0.0201315527207494,-0.5187112322913333,0.008792474911605282,-0.003516880010540624,-0.0038345509395557587,0.0333073662659649,0.39441134485213564,1.5690699069514558,62,-0.013018714401952791,REGIME_OOS,True,True
2026-09-01 16:00:00+00:00,ETH,2026-09-01 20:00:00+00:00,2426.0,3136.0,2026-09-01 00:00:00+00:00,-0.013018714401952791,-0.026289383905277908,-0.02765531062124249,-1.5455785108603755,0.008696259733228797,-0.016150781178712936,-0.0039807244878175,0.03549159965082755,0.044940737030534174,2.9468926314444124,62,-0.00020610057708159157,REGIME_OOS,True,True
2026-09-01 20:00:00+00:00,ETH,2026-09-02 00:00:00+00:00,2425.5,560.0,2026-09-01 00:00:00+00:00,-0.00020610057708159157,-0.02059357964869779,-0.02941176470588236,0.017954026442761856,0.008644431101263218,-0.01582471089470483,-0.00419011907696154,0.03814570007904442,0.08515085941761989,-0.2865663834221159,62,-0.0012368583797155441,REGIME_OOS,True,True
2026-09-02 00:00:00+00:00,ETH,2026-09-02 04:00:00+00:00,2422.5,705.0,2026-09-02 00:00:00+00:00,-0.0012368583797155441,-0.023579201934703753,-0.032161406312425145,-0.12113521036573674,0.008639669071775186,-0.016093821394120966,-0.0050573012640221515,0.04102528484442492,0.10770969768640175,-0.12974796188103307,69,0.0012383900928791824,REGIME_OOS,True,True
2026-09-02 04:00:00+00:00,ETH,2026-09-02 08:00:00+00:00,2425.5,799.0,2026-09-02 00:00:00+00:00,0.0012383900928791824,-0.022370012091898483,-0.03883495145631066,0.17625354703038984,0.008637196464107528,-0.014054449559464555,-0.00564059449562071,0.04310650029660823,0.1739598561061931,0.0084475191990355,69,-0.01546072974644408,REGIME_OOS,True,True
2026-09-02 08:00:00+00:00,ETH,2026-09-02 12:00:00+00:00,2388.0,1269.0,2026-09-02 00:00:00+00:00,-0.01546072974644408,-0.03202269963518445,-0.043652382859431293,-1.755693827022408,0.008910900925709772,-0.027687296416938123,-0.006396122679332095,0.050307156980096114,-0.05036495956017771,0.5841358550610661,69,0.0041876046901172526,REGIME_OOS,True,True
2026-09-02 12:00:00+00:00,ETH,2026-09-02 16:00:00+00:00,2398.0,2523.0,2026-09-02 00:00:00+00:00,0.0041876046901172526,-0.024410089503661525,-0.04519211626518016,0.5916826312379178,0.008778219514908469,-0.02228202148696312,-0.0070082106592819216,0.05446001221490511,0.09085537111090161,2.2096425250739813,69,0.0012510425354461674,REGIME_OOS,True,True
2026-09-02 16:00:00+00:00,ETH,2026-09-02 20:00:00+00:00,2401.0,1873.0,2026-09-02 00:00:00+00:00,0.0012510425354461674,-0.0103050288540808,-0.0359365589239109,0.21031980298744385,0.00870272658565494,-0.01977995060115534,-0.00771321739200892,0.05742755923822985,0.1555669287788978,1.2383265423286427,69,-0.0008329862557268086,REGIME_OOS,True,True
2026-09-02 20:00:00+00:00,ETH,2026-09-03 00:00:00+00:00,2399.0,512.0,2026-09-02 00:00:00+00:00,-0.0008329862557268086,-0.010925582354153751,-0.0373194221508828,-0.009874054659941144,0.008583311390158941,-0.01876374047752949,-0.008859907651019738,0.05807302262733866,0.17689402706074675,-0.35753807380899594,69,0.004793664026677691,REGIME_OOS,True,True
2026-09-03 00:00:00+00:00,ETH,2026-09-03 04:00:00+00:00,2410.5,673.0,2026-09-03 00:00:00+00:00,0.004793664026677691,-0.004953560371517063,-0.03791658351626426,0.6162851555549563,0.008635758426822944,-0.011968684674345087,-0.010223538480263028,0.052935539637553104,0.27390077146102415,-0.19634854831686685,63,-0.0018668326073428831,REGIME_OOS,True,True
2026-09-03 04:00:00+00:00,ETH,2026-09-03 08:00:00+00:00,2406.0,788.0,2026-09-03 00:00:00+00:00,-0.0018668326073428831,-0.008039579468150926,-0.03605769230769229,-0.17490551206897983,0.008569976192576828,-0.013337980951599882,-0.01009381380942509,0.05428683180072887,0.2543054087120111,-0.08964453504211194,63,0.004156275976724855,REGIME_OOS,True,True
2026-09-03 08:00:00+00:00,ETH,2026-09-03 12:00:00+00:00,2416.0,1083.0,2026-09-03 00:00:00+00:00,0.004156275976724855,0.011725293132328396,-0.011051985264019626,0.5548991420926752,0.008590707321314275,-0.008952652466850508,-0.009847404826020534,0.054853987488168894,0.3367912183452217,0.22539519237855288,63,0.04656456953642385,REGIME_OOS,True,True
2026-09-03 12:00:00+00:00,ETH,2026-09-03 16:00:00+00:00,2528.5,5017.0,2026-09-03 00:00:00+00:00,0.04656456953642385,0.054420350291909836,0.03119902120717777,5.459251851832521,0.012123317735377582,0.03553840010648224,-0.008585512024589237,0.06399223930544697,1.055354844465603,4.789314803409383,63,0.0007909827961241067,REGIME_OOS,True,True
2026-09-03 16:00:00+00:00,ETH,2026-09-03 20:00:00+00:00,2530.5,4895.0,2026-09-03 00:00:00+00:00,0.0007909827961241067,0.05393586005830908,0.02449392712550602,-0.025084253016819106,0.01206579921748909,0.034778875053671277,-0.007580768871772281,0.0715858303410962,0.9858346252038265,3.399402868996602,63,-0.005334914048606976,REGIME_OOS,True,True
2026-09-03 20:00:00+00:00,ETH,2026-09-04 00:00:00+00:00,2517.0,737.0,2026-09-03 00:00:00+00:00,-0.005334914048606976,0.049187161317215455,0.020474356375430824,-0.5148162164726365,0.012112594822756227,0.028417332325481715,-0.007337135069802159,0.07539684760599577,0.8769034545579845,-0.39494832858751006,63,-0.0005959475566150729,REGIME_OOS,True,True
2026-09-04 00:00:00+00:00,ETH,2026-09-04 04:00:00+00:00,2515.5,1178.0,2026-09-04 00:00:00+00:00,-0.0005959475566150729,0.043559427504667125,0.018627252480259093,-0.11080248530662347,0.0121146881324909,0.02730075756028838,-0.007208799763220419,0.07780056817775353,0.8509069175165063,-0.07490457961564151,65,-0.0009938382031404736,REGIME_OOS,True,True
2026-09-04 04:00:00+00:00,ETH,2026-09-04 08:00:00+00:00,2513.0,1229.0,2026-09-04 00:00:00+00:00,-0.0009938382031404736,0.04447215295095597,0.01947261663286004,-0.13864063519631087,0.012109717614445363,0.025515461288117658,-0.006851397028426964,0.08066298625398628,0.8163218035069548,-0.06687431994339277,65,0.007361719060883454,REGIME_OOS,True,True
2026-09-04 08:00:00+00:00,ETH,2026-09-04 12:00:00+00:00,2531.5,1509.0,2026-09-04 00:00:00+00:00,0.007361719060883454,0.04780629139072845,0.026977687626774882,0.5490100031405949,0.012169206212784509,0.0320016306563391,-0.006351572500283509,0.08522709573063858,0.8754865794967457,0.1258305427979018,65,-0.028244124037132168,REGIME_OOS,True,True
2026-09-04 12:00:00+00:00,ETH,2026-09-04 16:00:00+00:00,2460.0,6104.0,2026-09-04 00:00:00+00:00,-0.028244124037132168,-0.027091160767253264,-0.012246536839991995,-2.3997356209775287,0.013143335253617112,0.0032831012051632857,-0.006829201113086936,0.08463947487064011,0.5387892435554579,3.8843185630291237,65,0.001626016260162677,REGIME_OOS,True,True
2026-09-04 16:00:00+00:00,ETH,2026-09-04 20:00:00+00:00,2464.0,2856.0,2026-09-04 00:00:00+00:00,0.001626016260162677,-0.026279391424619658,-0.019888623707239428,0.1486351081520051,0.013020050673647589,0.004975936046985874,-0.006829616067015931,0.08457697808734743,0.558833221043283,0.8586880587556358,65,-0.0020292207792207417,REGIME_OOS,True,True
2026-09-04 20:00:00+00:00,ETH,2026-09-05 00:00:00+00:00,2459.0,249.0,2026-09-04 00:00:00+00:00,-0.0020292207792207417,-0.023043305522447377,0.012142416135007217,-0.11070217918694664,0.011438562585604627,0.0029161653445357594,-0.006410905834248526,0.08458630831418032,0.5344756190766032,-1.0062697622323902,65,,REGIME_OOS,True,False
2026-09-05 08:00:00+00:00,ETH,2026-09-05 12:00:00+00:00,2461.5,6.0,2026-09-05 00:00:00+00:00,,-0.02146690518783545,0.012962962962963065,,,0.003209536909674515,-0.005421564653425248,0.08399546041928915,0.538210837748291,-1.1350973432729254,74,0.002234409912654778,REGIME_OOS,False,True
2026-09-05 12:00:00+00:00,ETH,2026-09-05 16:00:00+00:00,2467.0,22.0,2026-09-05 00:00:00+00:00,0.002234409912654778,-0.018304814962196603,0.006733319730667153,0.15469871495958257,0.011442973527898026,0.004601539275970179,-0.004322158971115431,0.08334156361299827,0.5552130182886632,-1.0830439699793688,74,0.0068909606809890445,REGIME_OOS,True,True
2026-09-05 16:00:00+00:00,ETH,2026-09-05 20:00:00+00:00,2484.0,44.0,2026-09-05 00:00:00+00:00,0.0068909606809890445,-0.01876357890578706,0.01140065146579805,0.5556651404897907,0.011409598776393906,0.01025917377555885,-0.0029217593005620435,0.08282593785150014,0.6238642633175221,-1.036300124327017,74,0.002616747181964474,REGIME_OOS,True,True
2026-09-05 20:00:00+00:00,ETH,2026-09-06 00:00:00+00:00,2490.5,5.0,2026-09-05 00:00:00+00:00,0.002616747181964474,0.012398373983739885,0.005450141299959688,0.18718944281260222,0.011411785295197876,0.011565682720524828,-0.0013365404896727995,0.08245417977627284,0.64026799795846,-1.0366667491947605,74,0.009435856253764197,REGIME_OOS,True,True
2026-09-06 00:00:00+00:00,ETH,2026-09-06 04:00:00+00:00,2514.0,19.0,2026-09-06 00:00:00+00:00,0.009435856253764197,0.02029220779220786,0.009030704394942912,0.7836158003112681,0.011434462702116328,0.018504451399228294,0.001080846507628852,0.07918526200243257,0.7336855486903591,-0.9627520807275547,73,0.0031821797931583795,REGIME_OOS,True,True
2026-09-06 04:00:00+00:00,ETH,2026-09-06 08:00:00+00:00,2522.0,19.0,2026-09-06 00:00:00+00:00,0.0031821797931583795,0.025620170801138764,0.018372703412073532,0.23256593865417513,0.011401869185054746,0.019185500247522302,0.003509917392238826,0.0764804545044344,0.7508549455130372,-0.9056368075948321,73,,REGIME_OOS,True,False
2026-09-06 12:00:00+00:00,ETH,2026-09-06 16:00:00+00:00,2486.5,21.0,2026-09-06 00:00:00+00:00,,0.010156408693885899,0.002216848045142994,,,0.003106341778279731,0.005276199514151703,0.07111801084144562,0.5436786932244939,-0.8873595267169591,73,0.0050271465915945335,REGIME_OOS,False,True
2026-09-06 16:00:00+00:00,ETH,2026-09-06 20:00:00+00:00,2499.0,12.0,2026-09-06 00:00:00+00:00,0.0050271465915945335,0.01297122010539109,0.007255139056831839,0.40285405235892086,0.011364566299294833,0.006119655366776611,0.007246758829326128,0.06446423767595037,0.594931012719626,-0.8712997394332951,73,0.009803921568627416,REGIME_OOS,True,True
2026-09-06 20:00:00+00:00,ETH,2026-09-07 00:00:00+00:00,2523.5,773.0,2026-09-06 00:00:00+00:00,0.009803921568627416,0.015901771336553905,0.02290231049858127,0.7920944867307681,0.011482105647873844,0.013677719978308467,0.009390623162726097,0.0594485399327738,0.7300766342415762,-0.3738379776596845,73,-0.007132950267485616,REGIME_OOS,True,True
2026-09-07 00:00:00+00:00,ETH,2026-09-07 04:00:00+00:00,2505.5,629.0,2026-09-07 00:00:00+00:00,-0.007132950267485616,0.006022886970487917,0.019324654190398638,-0.7142670352965209,0.01157843951843434,0.004439900979183564,0.011329911452758745,0.050452171473357475,0.5880021780931294,-0.44900211893251285,73,-0.00399121931750146,REGIME_OOS,True,True
2026-09-07 04:00:00+00:00,ETH,2026-09-07 08:00:00+00:00,2495.5,425.0,2026-09-07 00:00:00+00:00,-0.00399121931750146,-0.007358790771678558,0.02864798021434467,-0.4164458944135814,0.01155048985632843,-0.0011607428754403237,0.012510486194696746,0.040805553096023156,0.47155429133116095,-0.5482199194254684,73,0.00040072129833701453,REGIME_OOS,True,True
2026-09-07 08:00:00+00:00,ETH,2026-09-07 12:00:00+00:00,2496.5,277.0,2026-09-07 00:00:00+00:00,0.00040072129833701453,-0.0101110229976209,0.029272314986600767,-0.041981642788664376,0.011519300356352964,-0.00012015379686003413,0.011497233047860655,0.039222611987251195,0.49693661919050397,-0.5951961549079724,73,-0.008011215701982821,REGIME_OOS,True,True
2026-09-07 12:00:00+00:00,ETH,2026-09-07 16:00:00+00:00,2476.5,973.0,2026-09-07 00:00:00+00:00,-0.008011215701982821,-0.004021717273275716,0.022291021671826616,-0.784058738395556,0.011343796310983572,-0.007056653702738447,0.010350205586275196,0.03773659830606826,0.3130023897357045,-0.14844449355759026,73,0.009489198465576498,REGIME_OOS,True,True
2026-09-07 16:00:00+00:00,ETH,2026-09-07 20:00:00+00:00,2500.0,226.0,2026-09-07 00:00:00+00:00,0.009489198465576498,0.0004001600640255454,0.030715316429602124,0.7318263843989631,0.011440418869405783,0.002707309736287966,0.009731818145001236,0.036833947132544766,0.5735003969720075,-0.6260685317036895,73,-0.0016000000000000458,REGIME_OOS,True,True
2026-09-07 20:00:00+00:00,ETH,2026-09-08 00:00:00+00:00,2496.0,390.0,2026-09-07 00:00:00+00:00,-0.0016000000000000458,-0.01089756290865862,0.045226130653266416,-0.2719031266438219,0.01144361786386963,0.001494618370765588,0.009120356311367539,0.03590448145820229,0.5416276272505305,-0.5076552673157402,73,-0.0024038461538461453,REGIME_OOS,True,True
2026-09-08 00:00:00+00:00,ETH,2026-09-08 04:00:00+00:00,2490.0,889.0,2026-09-08 00:00:00+00:00,-0.0024038461538461453,-0.0061863899421272794,0.038365304420350244,-0.3410134050523742,0.011465772672577496,-0.00045160319132919735,0.008450561684040014,0.035059226528847666,0.48711884898665325,-0.17507408618771964,71,-0.002610441767068261,REGIME_OOS,True,True
2026-09-08 04:00:00+00:00,ETH,2026-09-08 08:00:00+00:00,2483.5,985.0,2026-09-08 00:00:00+00:00,-0.002610441767068261,-0.004808655580044063,0.034360683048729745,-0.3477842223180253,0.011047446447524617,-0.0020994686034012666,0.007328120067027655,0.031656416604725825,0.43367952445104335,-0.08198533335796143,71,-0.0022146164686933645,REGIME_OOS,True,True
2026-09-08 08:00:00+00:00,ETH,2026-09-08 12:00:00+00:00,2478.0,975.0,2026-09-08 00:00:00+00:00,-0.0022146164686933645,-0.007410374524334018,0.03293038766152567,-0.363896986111155,0.01106167187375257,-0.004669377918361195,0.00779437897966706,0.030045425912270454,0.34458939167661323,-0.06985358469472397,71,0.011097659402744098,REGIME_OOS,True,True
2026-09-08 12:00:00+00:00,ETH,2026-09-08 16:00:00+00:00,2505.5,4183.0,2026-09-08 00:00:00+00:00,0.011097659402744098,0.011710074702200757,0.03941091059946067,0.8593231552523489,0.011196465362821057,0.005538387446321957,0.008703748684317114,0.028890535958568126,0.6917024818876484,1.9650412129951025,71,-0.006385950908002425,REGIME_OOS,True,True
2026-09-08 16:00:00+00:00,ETH,2026-09-08 20:00:00+00:00,2489.5,2847.0,2026-09-08 00:00:00+00:00,-0.006385950908002425,-0.0041999999999999815,0.03470490440565244,-0.7418662789466013,0.011289070023534546,-0.001494048872444309,0.0088310269482883,0.026136949490960015,0.44283767227843346,0.979505717601916,71,0.0008033741715203213,REGIME_OOS,True,True
2026-09-08 20:00:00+00:00,ETH,2026-09-09 00:00:00+00:00,2491.5,422.0,2026-09-08 00:00:00+00:00,0.0008033741715203213,-0.0018028846153845812,0.03125,-0.08254499200223227,0.011275291188686502,-0.00129272765535271,0.008935829460938294,0.023247564107740062,0.4443929845999497,-0.5118470923640268,71,0.0020068231988761287,REGIME_OOS,True,True
2026-09-09 00:00:00+00:00,ETH,2026-09-09 04:00:00+00:00,2496.5,509.0,2026-09-09 00:00:00+00:00,0.0020068231988761287,0.002610441767068261,-0.012655724737986929,0.035883995155270194,0.011256358737750638,0.00012018267767022195,0.00915687978815849,0.020747805377505913,0.5057925489218454,-0.4453888435198515,69,0.008612056879631513,REGIME_OOS,True,True
2026-09-09 04:00:00+00:00,ETH,2026-09-09 08:00:00+00:00,2518.0,954.0,2026-09-09 00:00:00+00:00,0.008612056879631513,0.013891685121803832,-0.004939735230191644,0.611273545490444,0.011318682872285381,0.008046759277793303,0.00933816606661586,0.021590203478783602,0.8727041889948258,-0.10338648727057065,69,-0.0045671167593328565,REGIME_OOS,True,True
2026-09-09 08:00:00+00:00,ETH,2026-09-09 12:00:00+00:00,2506.5,1597.0,2026-09-09 00:00:00+00:00,-0.0045671167593328565,0.011501210653753091,-0.004171632896305177,-0.5695879482505866,0.007595274591305323,0.003121623244086935,0.009420775800079051,0.021603279022339522,0.6444976589368211,0.44919749292633504,69,-0.003989626969878368,REGIME_OOS,True,True
2026-09-09 12:00:00+00:00,ETH,2026-09-09 16:00:00+00:00,2496.5,3535.0,2026-09-09 00:00:00+00:00,-0.003989626969878368,-0.0035920973857513916,-0.007553170343868043,-0.5483812298564829,0.007631977063543841,-0.000530461501506263,0.009026532228093131,0.020833139653368204,0.47453761121308113,1.8393518457862965,69,-0.010614860805127191,REGIME_OOS,True,True
2026-09-09 16:00:00+00:00,ETH,2026-09-09 20:00:00+00:00,2470.0,1858.0,2026-09-09 00:00:00+00:00,-0.010614860805127191,-0.007832898172323799,-0.017111022682053334,-1.3929531115392764,0.007818237137557119,-0.010109308779769344,0.00802916759246175,0.02103115503833296,0.01931747156333832,0.5309090590269512,69,0.0010121457489877805,REGIME_OOS,True,True
2026-09-09 20:00:00+00:00,ETH,2026-09-10 00:00:00+00:00,2472.5,614.0,2026-09-09 00:00:00+00:00,0.0010121457489877805,-0.007625928155729489,-0.023306340114556567,0.14990829273294953,0.007820656542288777,-0.008829336246379604,0.007815593209382854,0.02237893786619145,0.10546222974601682,-0.34137648420407396,69,0.0032355915065722662,REGIME_OOS,True,True
2026-09-10 00:00:00+00:00,ETH,2026-09-10 04:00:00+00:00,2480.5,679.0,2026-09-10 00:00:00+00:00,0.0032355915065722662,-0.006408972561586235,0.008333333333333304,0.42731210746818343,0.007842196611912235,-0.00525344882900225,0.0074459532072543855,0.0228647748885652,0.2702383314681358,-0.27602656366594464,66,-0.0012094335819391455,REGIME_OOS,True,True
2026-09-10 04:00:00+00:00,ETH,2026-09-10 08:00:00+00:00,2477.5,475.0,2026-09-10 00:00:00+00:00,-0.0012094335819391455,-0.016084193804606794,0.005478896103896069,-0.15864749527894642,0.007721254620642399,-0.005539276682856364,0.006431335794908177,0.02057375573295578,0.23076006370662788,-0.3848173451007115,66,-0.0046417759838547346,REGIME_OOS,True,True
2026-09-10 08:00:00+00:00,ETH,2026-09-10 12:00:00+00:00,2466.0,676.0,2026-09-10 00:00:00+00:00,-0.0046417759838547346,-0.016157989228007152,0.002846685644571023,-0.5686617498726018,0.005711482733568513,-0.009370009942454183,0.005568482028163402,0.02174702189545128,0.06913594939571535,-0.13855504280349765,66,-0.008515815085158196,REGIME_OOS,True,True
2026-09-10 12:00:00+00:00,ETH,2026-09-10 16:00:00+00:00,2445.0,4938.0,2026-09-10 00:00:00+00:00,-0.008515815085158196,-0.02062888043260569,-0.006703229737964667,-1.5848014644252881,0.005940288016784857,-0.01680875020106165,0.004394326149471661,0.0268118258462327,-0.1269155371014562,3.9569009408653555,66,0.008997955010225045,REGIME_OOS,True,True
2026-09-10 16:00:00+00:00,ETH,2026-09-10 20:00:00+00:00,2467.0,3302.0,2026-09-10 00:00:00+00:00,0.008997955010225045,-0.0012145748987854033,0.0,1.4814542519086862,0.006135695093604437,-0.007373281160411582,0.0034621984455434074,0.027466628613241756,0.2315549256432273,1.8181727251445063,66,-0.010539116335630316,REGIME_OOS,True,True
2026-09-10 20:00:00+00:00,ETH,2026-09-11 00:00:00+00:00,2441.0,429.0,2026-09-10 00:00:00+00:00,-0.010539116335630316,-0.012740141557128437,-0.01731078904991945,-1.8097996661725853,0.006450977704871852,-0.01713273338567778,0.0025957563622271973,0.03169377297318358,-0.04057096326694874,-0.5147347214365591,66,0.0028676771814830637,REGIME_OOS,True,True
2026-09-11 00:00:00+00:00,ETH,2026-09-11 04:00:00+00:00,2448.0,520.0,2026-09-11 00:00:00+00:00,0.0028676771814830637,-0.01310219713767391,-0.017064846416382284,0.4229124511137443,0.006346759374789095,-0.013281202765069722,0.00136423996092927,0.033525931820284884,0.10385283737187702,-0.45859023500233054,69,0.01041666666666674,REGIME_OOS,True,True
2026-09-11 04:00:00+00:00,ETH,2026-09-11 08:00:00+00:00,2473.5,1111.0,2026-09-11 00:00:00+00:00,0.01041666666666674,-0.0016145307769929174,-0.01610978520286399,1.6404116043489756,0.006611659367616714,-0.0025505832064761647,0.00021982188377256406,0.0331379766013851,0.42303141386219756,-0.02106468524178631,69,-0.0046492823933697025,REGIME_OOS,True,True
2026-09-11 08:00:00+00:00,ETH,2026-09-11 12:00:00+00:00,2462.0,1099.0,2026-09-11 00:00:00+00:00,-0.0046492823933697025,-0.0016220600162205612,-0.023790642347343405,-0.7433305883618251,0.006435756781105871,-0.0066271926727660135,-0.0008606927467990078,0.03351652876059922,0.30227091176110327,-0.05910441089088263,69,0.04244516653127528,REGIME_OOS,True,True
2026-09-11 12:00:00+00:00,ETH,2026-09-11 16:00:00+00:00,2566.5,12525.0,2026-09-11 00:00:00+00:00,0.04244516653127528,0.049693251533742266,0.0321737381862055,6.626929256190611,0.010098241536470447,0.0338056252076977,-0.0005213638394924169,0.04614029780362747,1.2326702864288837,8.95562425481466,69,-0.007403078121955953,REGIME_OOS,True,True
2026-09-11 16:00:00+00:00,ETH,2026-09-11 20:00:00+00:00,2547.5,5455.0,2026-09-11 00:00:00+00:00,-0.007403078121955953,0.032630725577624586,0.01940776310524206,-0.8424938093104026,0.010186374503096101,0.024717926027231885,-0.00031767222660084027,0.05159033734459598,0.9791192944161093,1.5917583689571724,69,-0.010402355250245354,REGIME_OOS,True,True
2026-09-11 20:00:00+00:00,ETH,2026-09-12 00:00:00+00:00,2521.0,706.0,2026-09-11 00:00:00+00:00,-0.010402355250245354,0.03277345350266292,-0.000990687537150814,-1.0889686296660652,0.010230925280861732,0.013742422566927814,-0.0008939153492297791,0.05266009515315656,0.7609646360675828,-0.44430810188752784,69,,REGIME_OOS,True,False
2026-09-12 08:00:00+00:00,ETH,2026-09-12 12:00:00+00:00,2542.5,4.0,2026-09-12 00:00:00+00:00,,0.03860294117647056,0.014767511474755635,,,0.021299671617509786,-0.0009250415365723574,0.056287760469567336,0.8784068053129539,-0.7258959387879597,56,-0.0005899705014749124,REGIME_OOS,False,True
2026-09-12 12:00:00+00:00,ETH,2026-09-12 16:00:00+00:00,2541.0,13.0,2026-09-12 00:00:00+00:00,-0.0005899705014749124,0.0272892662219526,0.018232819074333717,-0.05930206289721527,0.01014261423091651,0.019683380485162383,-0.0009341373061566571,0.059201936913790554,0.8324786571396321,-0.7102202901249836,56,-0.0051160960251869225,REGIME_OOS,True,True
2026-09-12 16:00:00+00:00,ETH,2026-09-12 20:00:00+00:00,2528.0,4.0,2026-09-12 00:00:00+00:00,-0.0051160960251869225,0.026807473598700282,0.012617664730622868,-0.5275700822217458,0.010160839038395637,0.01382580884490836,-0.00029868458506898676,0.060555220711148126,0.7283173718556518,-0.7058182466972798,56,0.0017800632911393333,REGIME_OOS,True,True
2026-09-12 20:00:00+00:00,ETH,2026-09-13 00:00:00+00:00,2532.5,12.0,2026-09-12 00:00:00+00:00,0.0017800632911393333,-0.013247613481394915,0.022612558045628894,0.1557662095476193,0.010164911005480596,0.015335271123584349,-2.405474860778245e-05,0.06154603024736479,0.7491675102675018,-0.6972925697190198,56,-0.0025666337611056633,REGIME_OOS,True,True
2026-09-13 00:00:00+00:00,ETH,2026-09-13 04:00:00+00:00,2526.0,11.0,2026-09-13 00:00:00+00:00,-0.0025666337611056633,-0.008439646712463222,0.010399999999999965,-0.2764372196000865,0.010060519209890883,0.012333557094049707,0.00029464940729373446,0.06243740689543789,0.6975347425094754,-0.680463922523603,63,-0.00019794140934281668,REGIME_OOS,True,True
2026-09-13 04:00:00+00:00,ETH,2026-09-13 08:00:00+00:00,2525.5,1.0,2026-09-13 00:00:00+00:00,-0.00019794140934281668,0.0017850059500197357,0.011818910256410353,-0.06190072657067052,0.009913947079830045,0.011545355322579054,0.0007956900456569382,0.0633389939592865,0.6822787922713166,-0.6803159273115905,63,-0.016234409027915286,REGIME_OOS,True,True
2026-09-13 08:00:00+00:00,ETH,2026-09-13 12:00:00+00:00,2484.5,31.0,2026-09-13 00:00:00+00:00,-0.016234409027915286,-0.022812192723697167,-0.0022088353413655115,-1.6478115399750195,0.010350985185586685,-0.005165371986866396,0.0013150930989689336,0.06270582977491024,0.4176253307641718,-0.6612483710362129,63,0.0028174683034816184,REGIME_OOS,True,True
2026-09-13 12:00:00+00:00,ETH,2026-09-13 16:00:00+00:00,2491.5,138.0,2026-09-13 00:00:00+00:00,0.0028174683034816184,-0.01948051948051943,0.0032212603180994392,0.3094753304521891,0.010359777531756327,-0.002741809594332234,0.002017390467328628,0.06202937973857894,0.4557982103659991,-0.6044572967247422,63,0.0066225165562914245,REGIME_OOS,True,True
2026-09-13 16:00:00+00:00,ETH,2026-09-13 20:00:00+00:00,2508.0,7.0,2026-09-13 00:00:00+00:00,0.0066225165562914245,-0.007911392405063333,0.012106537530266248,0.6597032588229764,0.01042301613349245,0.0033103641400553663,0.0021829946918547893,0.061708399264586766,0.553645276485971,-0.6415116493481301,63,-0.011164274322169043,REGIME_OOS,True,True
2026-09-13 20:00:00+00:00,ETH,2026-09-14 00:00:00+00:00,2480.0,1226.0,2026-09-13 00:00:00+00:00,-0.011164274322169043,-0.02073050345508387,-0.01017760925962885,-1.080318500260455,0.01061768515785213,-0.007940476428585641,0.002104545818969017,0.06159035152820529,0.37107596836901735,-0.15328133243440056,63,0.014919354838709653,REGIME_OOS,True,True
2026-09-14 00:00:00+00:00,ETH,2026-09-14 04:00:00+00:00,2517.0,1444.0,2026-09-14 00:00:00+00:00,0.014919354838709653,-0.0035629453681710332,0.011046394858405195,1.4242062847964316,0.010779628508823899,0.005834398976982014,0.002660512228739975,0.06044518176121681,0.5965238056530349,-0.03124044606780506,61,0.004171632896305066,REGIME_OOS,True,True
2026-09-14 04:00:00+00:00,ETH,2026-09-14 08:00:00+00:00,2527.5,809.0,2026-09-14 00:00:00+00:00,0.004171632896305066,0.0007919223916055262,0.014449127031908482,0.3939525502253155,0.010738750843648748,0.00836815910473665,0.0037824178640653017,0.05691060530581896,0.64704041645259,-0.26435968523528,61,-0.005934718100890191,REGIME_OOS,True,True
2026-09-14 08:00:00+00:00,ETH,2026-09-14 12:00:00+00:00,2512.5,1112.0,2026-09-14 00:00:00+00:00,-0.005934718100890191,0.011269873213926251,0.006408972561586124,-0.5784293169889401,0.010797662290163925,0.0014748086734692745,0.004327479293352088,0.054907719183182845,0.5268597693622834,-0.14973931355631462,61,-0.00019900497512437276,REGIME_OOS,True,True
2026-09-14 12:00:00+00:00,ETH,2026-09-14 16:00:00+00:00,2512.0,3273.0,2026-09-14 00:00:00+00:00,-0.00019900497512437276,0.008227975115392416,-0.002382843526608447,-0.02327282587104322,0.010791402331763905,-0.00013931179970938512,0.005523203458005499,0.04858799143830286,0.4971327936062906,0.7012792993518695,61,0.013734076433121079,REGIME_OOS,True,True
2026-09-14 16:00:00+00:00,ETH,2026-09-14 20:00:00+00:00,2546.5,2722.0,2026-09-14 00:00:00+00:00,0.013734076433121079,0.015350877192982448,0.01595850787951325,1.2746551816777443,0.010971714387503198,0.011609776444766684,0.007042929666716047,0.043494554492695243,0.7669248272612252,0.44823432529246976,61,-0.010799136069114423,REGIME_OOS,True,True
2026-09-14 20:00:00+00:00,ETH,2026-09-15 00:00:00+00:00,2519.0,2068.0,2026-09-14 00:00:00+00:00,-0.010799136069114423,0.01572580645161281,0.009012617664730715,-0.9978959714873891,0.011122063280123577,-0.0002182929491377772,0.007912727970973421,0.040259489863674836,0.4945778510886007,0.1746111493430875,61,-0.007145692735212372,REGIME_OOS,True,True
2026-09-15 00:00:00+00:00,ETH,2026-09-15 04:00:00+00:00,2501.0,1989.0,2026-09-15 00:00:00+00:00,-0.007145692735212372,-0.0063567739372268894,0.0125506072874495,-0.6372425779460364,0.01117533091609207,-0.008130081300813052,0.008862304199091842,0.034859039851858745,0.26677265537537465,0.16432003126431,57,-0.010595761695321837,REGIME_OOS,True,True
2026-09-15 04:00:00+00:00,ETH,2026-09-15 08:00:00+00:00,2474.5,1878.0,2026-09-15 00:00:00+00:00,-0.010595761695321837,-0.020969337289812096,0.0008088978766431776,-0.9335132107465742,0.011174715515150204,-0.016846120227263728,0.007118534198174542,0.034464485478305766,0.011203489810756138,0.11845654817327422,57,0.001212366134572651,REGIME_OOS,True,True
2026-09-15 08:00:00+00:00,ETH,2026-09-15 12:00:00+00:00,2477.5,2062.0,2026-09-15 00:00:00+00:00,0.001212366134572651,-0.013930348258706426,-0.0012094335819391455,0.12306104315586508,0.011175501206087965,-0.014283440757539623,0.005891110506347497,0.03522168302148699,0.09447023730166418,0.1752332459714582,57,-0.021392532795156405,REGIME_OOS,True,True
2026-09-15 12:00:00+00:00,ETH,2026-09-15 16:00:00+00:00,2424.5,6443.0,2026-09-15 00:00:00+00:00,-0.021392532795156405,-0.03483280254777066,-0.021392532795156405,-1.9002638362876048,0.01180462470614711,-0.03351504340113409,0.004756278287339377,0.047253503087751066,-0.20926050368997356,1.9052042798328603,57,-0.00226850897092179,REGIME_OOS,True,True
2026-09-15 16:00:00+00:00,ETH,2026-09-15 20:00:00+00:00,2419.0,8776.0,2026-09-15 00:00:00+00:00,-0.00226850897092179,-0.050068721774985225,-0.01905920519059201,-0.1094011478980832,0.011806926961573105,-0.0333280051150896,0.0029779917193393235,0.05536797514822991,-0.10193649895746697,2.6155482666548617,57,-0.008474576271186418,REGIME_OOS,True,True
2026-09-15 20:00:00+00:00,ETH,2026-09-16 00:00:00+00:00,2398.5,1380.0,2026-09-15 00:00:00+00:00,-0.008474576271186418,-0.04783644303294954,-0.01901840490797546,-0.6320191786519593,0.011868132416744122,-0.03878330043782752,0.0009005106236186222,0.06484087334522068,-0.09813044514901169,-0.2596346054007018,57,0.001250781738586726,REGIME_OOS,True,True
2026-09-16 00:00:00+00:00,ETH,2026-09-16 04:00:00+00:00,2401.5,908.0,2026-09-16 00:00:00+00:00,0.001250781738586726,-0.03978408636545383,-0.02655046615322254,0.20145661126265713,0.011792546835559869,-0.03513529801723614,-0.0008751048720863075,0.07188031220899709,0.011197197988264842,-0.38694171045716186,69,-0.002498438475952547,REGIME_OOS,True,True
2026-09-16 04:00:00+00:00,ETH,2026-09-16 08:00:00+00:00,2395.5,724.0,2026-09-16 00:00:00+00:00,-0.002498438475952547,-0.03192564154374622,-0.01863990167963947,-0.1427901645661544,0.011648597163851105,-0.03488981104709721,-0.00297648934930983,0.0774693316775954,0.049630669433185164,-0.4237926181096613,69,0.011271133375078346,REGIME_OOS,True,True
2026-09-16 08:00:00+00:00,ETH,2026-09-16 12:00:00+00:00,2422.5,1275.0,2026-09-16 00:00:00+00:00,0.011271133375078346,-0.02219979818365292,-0.01041666666666663,1.070422909174655,0.011725836757762152,-0.021972809027322238,-0.004435360697117252,0.0785883104144417,0.22040614041138049,-0.23535969030349624,69,-0.012590299277605799,REGIME_OOS,True,True
2026-09-16 12:00:00+00:00,ETH,2026-09-16 16:00:00+00:00,2392.0,2860.0,2026-09-16 00:00:00+00:00,-0.012590299277605799,-0.013404825737265424,-0.03294926217909844,-1.0335736342584287,0.011912228656669325,-0.031676955773707105,-0.006287511867025031,0.08219643995399693,0.11461888384173541,0.3108972175968245,69,0.006688963210702337,REGIME_OOS,True,True
2026-09-16 16:00:00+00:00,ETH,2026-09-16 20:00:00+00:00,2408.0,5665.0,2026-09-16 00:00:00+00:00,0.006688963210702337,-0.004547333608929338,-0.021933387489845635,0.6442969555944043,0.011808172575462551,-0.023688131607488616,-0.007171207290760817,0.08511777450033732,0.22170170394440036,1.2743687500285354,69,0.004775747508305672,REGIME_OOS,True,True
2026-09-16 20:00:00+00:00,ETH,2026-09-17 00:00:00+00:00,2419.5,619.0,2026-09-16 00:00:00+00:00,0.004775747508305672,0.008755472170106415,-0.05727644652250141,0.4984728754334548,0.011836115806658281,-0.01759158689716067,-0.008109272803428214,0.08630562551306338,0.2961710283358295,-0.535884290336291,69,0.007232899359371769,REGIME_OOS,True,True
2026-09-17 00:00:00+00:00,ETH,2026-09-17 04:00:00+00:00,2437.0,654.0,2026-09-17 00:00:00+00:00,0.007232899359371769,0.014782427649385754,-0.04337585868498528,0.67835074074432,0.008741577902376412,-0.00905754744792675,-0.009211809164672347,0.08511049799408985,0.3935789630962361,-0.5192100155282114,51,0.003487894952810766,REGIME_OOS,True,True
2026-09-17 04:00:00+00:00,ETH,2026-09-17 08:00:00+00:00,2445.5,734.0,2026-09-17 00:00:00+00:00,0.003487894952810766,0.020872469213107925,-0.02994843316144391,0.6243467504877973,0.008734304640665892,-0.004903257309108788,-0.009427878142961865,0.08492490430447586,0.4422636110188667,-0.42985244562142627,51,-0.0016356573297894306,REGIME_OOS,True,True
2026-09-17 08:00:00+00:00,ETH,2026-09-17 12:00:00+00:00,2441.5,638.0,2026-09-17 00:00:00+00:00,-0.0016356573297894306,0.007843137254901933,-0.03972468043264499,-0.003298369146294221,0.008575088829734635,-0.005002496153885372,-0.010566617472721473,0.08207498236488339,0.4390496834754637,-0.47660184057525756,51,0.012287528158918759,REGIME_OOS,True,True
2026-09-17 12:00:00+00:00,ETH,2026-09-17 16:00:00+00:00,2471.5,4526.0,2026-09-17 00:00:00+00:00,0.012287528158918759,0.03323578595317733,-0.0273514364423455,1.5862405082715416,0.00892767508077499,0.008374218423280677,-0.011536227909565322,0.07753598037924106,0.6080042888775109,1.3941820980941715,51,-0.008699170544203882,REGIME_OOS,True,True
2026-09-17 16:00:00+00:00,ETH,2026-09-17 20:00:00+00:00,2450.0,2507.0,2026-09-17 00:00:00+00:00,-0.008699170544203882,0.01744186046511631,-0.03085443037974689,-0.875232949678419,0.009009815605288341,0.0008783217925936171,-0.012426119056744622,0.07394515954356363,0.5118780160596731,0.33617855205113334,51,-0.0008163265306122547,REGIME_OOS,True,True
2026-09-17 20:00:00+00:00,ETH,2026-09-18 00:00:00+00:00,2448.0,386.0,2026-09-17 00:00:00+00:00,-0.0008163265306122547,0.011779293242405453,-0.03336623889437318,0.020919899411076692,0.008994599593825809,0.0013703393123760677,-0.013159753759208748,0.06981039936491881,0.5196294438198643,-0.7197540366676582,51,0.01368464052287588,REGIME_OOS,True,True
2026-09-18 00:00:00+00:00,ETH,2026-09-18 04:00:00+00:00,2481.5,904.0,2026-09-18 00:00:00+00:00,0.01368464052287588,0.018260155929421318,-0.01761678543151224,1.6427632673273826,0.009383646891815823,0.016425002048005233,-0.01427273644897542,0.059857305456165216,0.7744026301022452,-0.47912594902665073,50,0.004029820672980078,REGIME_OOS,True,True
2026-09-18 04:00:00+00:00,ETH,2026-09-18 08:00:00+00:00,2491.5,952.0,2026-09-18 00:00:00+00:00,0.004029820672980078,0.018810059292578174,-0.013462680657295611,0.4880265505678548,0.009420784209844098,0.02109609532689216,-0.014788121050612668,0.055541692818870295,0.8798244932089053,-0.47530688548746974,50,0.007625928155729378,REGIME_OOS,True,True
2026-09-18 08:00:00+00:00,ETH,2026-09-18 12:00:00+00:00,2510.5,1093.0,2026-09-18 00:00:00+00:00,0.007625928155729378,0.02826131476551308,0.01046488227007436,0.8528643396766452,0.00903806158265852,0.02868264699856593,-0.014918505243273317,0.0570929170179336,1.0023853832789151,-0.42684830355765846,50,0.031268671579366636,REGIME_OOS,True,True
2026-09-18 12:00:00+00:00,ETH,2026-09-18 16:00:00+00:00,2589.0,6529.0,2026-09-18 00:00:00+00:00,0.031268671579366636,0.047541978555533104,0.03913305237808551,3.4168886185139367,0.010650756448557997,0.058365440627906384,-0.013535420338012472,0.07805610096684268,1.2477370750647572,2.2700975604490954,50,0.02047122441096949,REGIME_OOS,True,True
2026-09-18 16:00:00+00:00,ETH,2026-09-18 20:00:00+00:00,2642.0,5928.0,2026-09-18 00:00:00+00:00,0.02047122441096949,0.07836734693877556,0.053429027113237604,1.796701411464362,0.011175040336323026,0.07641223084601445,-0.011506149769232699,0.10527943622816005,1.2258039516892454,1.7475065139280412,50,-0.009651778955336865,REGIME_OOS,True,True
2026-09-18 20:00:00+00:00,ETH,2026-09-19 00:00:00+00:00,2616.5,716.0,2026-09-18 00:00:00+00:00,-0.009651778955336865,0.06883169934640532,0.05504032258064506,-1.0244614312454376,0.011117815889988667,0.061869686085915365,-0.008749698286266039,0.1194140623384646,1.0181105547733005,-0.7692177398855184,50,,REGIME_OOS,True,False
2026-09-19 12:00:00+00:00,ETH,2026-09-19 16:00:00+00:00,2650.0,8.0,2026-09-19 00:00:00+00:00,,0.06790247833971397,0.05284068335319825,,,0.07044756826627885,-0.00557546154216948,0.13502828744218542,1.0217245186231234,-1.0787283799117042,56,-0.0020754716981131738,REGIME_OOS,False,True
2026-09-19 16:00:00+00:00,ETH,2026-09-19 20:00:00+00:00,2644.5,38.0,2026-09-19 00:00:00+00:00,-0.0020754716981131738,0.06140878988561105,0.04629080118694362,-0.3528127386702955,0.010858719886015042,0.06294465211624267,-0.0022338347764359057,0.14392200807700384,0.9373525144435503,-1.0264309205468327,56,-0.005104934770277958,REGIME_OOS,True,True
2026-09-19 20:00:00+00:00,ETH,2026-09-20 00:00:00+00:00,2631.0,8.0,2026-09-19 00:00:00+00:00,-0.005104934770277958,0.04799840669189415,0.04716417910447768,-0.5880505246915506,0.010905534075092116,0.05266316579144781,0.0010513667768099477,0.14806395521532417,0.8556785020017984,-1.0181489772268324,56,-0.017863930064614175,REGIME_OOS,True,True
2026-09-20 00:00:00+00:00,ETH,2026-09-20 04:00:00+00:00,2584.0,94.0,2026-09-20 00:00:00+00:00,-0.017863930064614175,-0.0019312475859405431,0.02866242038216571,-1.7271279122024483,0.011373470840556272,0.029974489795918213,0.0036765735454731274,0.14503565310153116,0.7066698025962959,-0.9517020876476955,71,-0.0005804953560371029,REGIME_OOS,True,True
2026-09-20 04:00:00+00:00,ETH,2026-09-20 08:00:00+00:00,2582.5,9.0,2026-09-20 00:00:00+00:00,-0.0005804953560371029,-0.022520817562452722,0.014137050854113431,-0.10147976878641045,0.011374577762207615,0.02610457724094073,0.00579466890460778,0.14305118671140385,0.6824841711631867,-0.9321313520552182,71,-0.002323330106485999,REGIME_OOS,True,True
2026-09-20 08:00:00+00:00,ETH,2026-09-20 12:00:00+00:00,2576.5,4.0,2026-09-20 00:00:00+00:00,-0.002323330106485999,-0.01528759793617429,0.02282651845970629,-0.25357386057883086,0.01110800145142513,0.01998198751002067,0.008650912808062738,0.13603192046355458,0.6468919018560366,-0.8836711897276077,71,0.01261401125557926,REGIME_OOS,True,True
2026-09-20 12:00:00+00:00,ETH,2026-09-20 16:00:00+00:00,2609.0,15.0,2026-09-20 00:00:00+00:00,0.01261401125557926,-0.015471698113207588,0.04318272690923641,1.1332635043441301,0.011143667304298973,0.028755064420413534,0.011476488653132666,0.13103972997224506,0.719437756980299,-0.8388370511009385,71,0.012265235722499046,REGIME_OOS,True,True
2026-09-20 16:00:00+00:00,ETH,2026-09-20 20:00:00+00:00,2641.0,36.0,2026-09-20 00:00:00+00:00,0.012265235722499046,-0.0013235016071091454,0.06728632046878147,1.0283041085984685,0.011229237413937264,0.036845101387825485,0.015290239517855353,0.1279417032396286,0.7879835147951445,-0.793091869484168,71,0.0030291556228700944,REGIME_OOS,True,True
2026-09-20 20:00:00+00:00,ETH,2026-09-21 00:00:00+00:00,2649.0,164.0,2026-09-20 00:00:00+00:00,0.0030291556228700944,0.0068415051311288,0.0692230070635722,0.14034504459667907,0.010998269392141073,0.03567588701006752,0.01869110489800141,0.1253711475571955,0.7845621796178563,-0.7070011642152252,71,0.007738769346923302,REGIME_OOS,True,True
2026-09-21 00:00:00+00:00,ETH,2026-09-21 04:00:00+00:00,2669.5,1618.0,2026-09-21 00:00:00+00:00,0.007738769346923302,0.03308823529411775,0.10105176325015464,0.5302122935140534,0.011048480294643403,0.03914050487553289,0.021942962618197948,0.12347774388634197,0.8169842891813822,-0.08231212525259854,71,-0.0013111069488668248,REGIME_OOS,True,True
2026-09-21 04:00:00+00:00,ETH,2026-09-21 08:00:00+00:00,2666.0,541.0,2026-09-21 00:00:00+00:00,-0.0013111069488668248,0.032333010648596394,0.10210830921868541,-0.3109934885894201,0.010145991267390207,0.03326324764793087,0.025400793240762054,0.1180352607928664,0.7818077193585621,-0.48808411631109433,71,0.02363090772693166,REGIME_OOS,True,True
2026-09-21 08:00:00+00:00,ETH,2026-09-21 12:00:00+00:00,2729.0,2192.0,2026-09-21 00:00:00+00:00,0.02363090772693166,0.05918882204541043,0.13779445486762554,2.053680890775354,0.01078227625487504,0.052428607238580005,0.028979928730724414,0.121135938653171,0.9328080322115665,0.43385748001296215,71,0.011359472334188325,REGIME_OOS,True,True
2026-09-21 12:00:00+00:00,ETH,2026-09-21 16:00:00+00:00,2760.0,4399.0,2026-09-21 00:00:00+00:00,0.011359472334188325,0.05787658106554239,0.14928169893816357,0.7143091977131278,0.01061957103144177,0.05805907496501872,0.03322823667345309,0.1217469133611126,0.9768833423547275,1.599996234786049,71,0.0018115942028984477,REGIME_OOS,True,True
2026-09-21 16:00:00+00:00,ETH,2026-09-21 20:00:00+00:00,2765.0,2730.0,2026-09-21 00:00:00+00:00,0.0018115942028984477,0.04695191215448702,0.15424754748486746,-0.23608618241154017,0.010614476645990967,0.0535741502819691,0.03759523348264948,0.11777344336213785,0.9548916016426191,0.6190136283407821,71,0.005605786618444908,REGIME_OOS,True,True
2026-09-21 20:00:00+00:00,ETH,2026-09-22 00:00:00+00:00,2780.5,949.0,2026-09-21 00:00:00+00:00,0.005605786618444908,0.049641374103435165,0.147781217750258,0.11949385027417765,0.01053735031609727,0.053479076287722416,0.04141019570707072,0.116835963426397,0.9577278666547954,-0.331501036334263,71,-0.012947311634598058,REGIME_OOS,True,True
2026-09-22 00:00:00+00:00,ETH,2026-09-22 04:00:00+00:00,2744.5,1351.0,2026-09-22 00:00:00+00:00,-0.012947311634598058,0.028095148904289102,0.14736622073578598,-1.665966669024049,0.010929643554240172,0.03487933634992468,0.044596223382884714,0.10883022568159853,0.820493099517868,-0.11937839905298447,70,-0.006194206595008245,REGIME_OOS,True,True
2026-09-22 04:00:00+00:00,ETH,2026-09-22 08:00:00+00:00,2727.5,1166.0,2026-09-22 00:00:00+00:00,-0.006194206595008245,0.02306826706676679,0.13268272425249172,-0.914438592341682,0.010657895128796219,0.024278498601122855,0.04686590869777163,0.09882908433042542,0.7456614747127485,-0.1898569103426741,70,0.006049495875343647,REGIME_OOS,True,True
2026-09-22 08:00:00+00:00,ETH,2026-09-22 12:00:00+00:00,2744.0,1282.0,2026-09-22 00:00:00+00:00,0.006049495875343647,0.005496518871381362,0.13411861954949367,0.19103317210311246,0.010652998046384083,0.027484460420879264,0.04783241586854414,0.09850048955695569,0.779028668227958,-0.05732718592981582,70,0.0007288629737609575,REGIME_OOS,True,True
2026-09-22 12:00:00+00:00,ETH,2026-09-22 16:00:00+00:00,2746.0,2327.0,2026-09-22 00:00:00+00:00,0.0007288629737609575,-0.005072463768115987,0.12679524004924092,-0.30632745778535103,0.010668344915668539,0.02623514462964338,0.04791556521568863,0.10086386059017695,0.7601045059760326,0.5215266829518967,70,0.0029133284777858037,REGIME_OOS,True,True
2026-09-22 16:00:00+00:00,ETH,2026-09-22 20:00:00+00:00,2754.0,2507.0,2026-09-22 00:00:00+00:00,0.0029133284777858037,-0.003978300180831784,0.12615007156000813,-0.08848084324480783,0.010650349083308731,0.026587268304956835,0.048358102800780234,0.10156236004170317,0.7617826948294582,0.5912305562967235,70,0.000726216412490821,REGIME_OOS,True,True
2026-09-22 20:00:00+00:00,ETH,2026-09-23 00:00:00+00:00,2756.0,630.0,2026-09-22 00:00:00+00:00,0.000726216412490821,-0.008811364862434834,0.1288142535326644,-0.28046691240273774,0.01066429054515688,0.025307155014462568,0.04847077087502094,0.10349398297404856,0.7445277907683623,-0.5023296576245772,70,0.007982583454281489,REGIME_OOS,True,True
2026-09-23 00:00:00+00:00,ETH,2026-09-23 04:00:00+00:00,2778.0,478.0,2026-09-23 00:00:00+00:00,0.007982583454281489,0.012206230643104332,0.12401375682783744,0.4089678962946503,0.010645362479919072,0.030931660883602552,0.049024416830172335,0.10618555651381201,0.7912981943978346,-0.587870051511021,78,-0.011159107271418334,REGIME_OOS,True,True
2026-09-23 04:00:00+00:00,ETH,2026-09-23 08:00:00+00:00,2747.0,512.0,2026-09-23 00:00:00+00:00,-0.011159107271418334,0.00714940421631538,0.12122448979591827,-1.4185469316421608,0.010869844009645335,0.017237867762780246,0.049366404886900916,0.1048710194198426,0.6643720816116981,-0.5172770377760088,78,-0.006370586093920605,REGIME_OOS,True,True
2026-09-23 08:00:00+00:00,ETH,2026-09-23 12:00:00+00:00,2729.5,917.0,2026-09-23 00:00:00+00:00,-0.006370586093920605,-0.00528425655976672,0.1149918300653594,-0.8768176049084314,0.010790260346253796,0.00804180631341822,0.05041780460554879,0.09673021087445578,0.5831364497267087,-0.23892650290220857,78,-0.026195273859681234,REGIME_OOS,True,True
2026-09-23 12:00:00+00:00,ETH,2026-09-23 16:00:00+00:00,2658.0,3744.0,2026-09-23 00:00:00+00:00,-0.026195273859681234,-0.03204661325564462,0.07112633487809794,-2.7277541869433155,0.0120414045829081,-0.01973077632306841,0.05097306578707683,0.08823356246852945,0.27638014638583985,1.4376254664388552,78,0.007900677200902928,REGIME_OOS,True,True
2026-09-23 16:00:00+00:00,ETH,2026-09-23 20:00:00+00:00,2679.0,3510.0,2026-09-23 00:00:00+00:00,0.007900677200902928,-0.027233115468409563,0.07525586995785671,0.4574830200182926,0.011899830850940851,-0.013849905673399943,0.0516551240907559,0.07574182168261924,0.3171432193506631,1.2025072402263162,78,0.002239641657334923,REGIME_OOS,True,True
2026-09-23 20:00:00+00:00,ETH,2026-09-24 00:00:00+00:00,2685.0,462.0,2026-09-23 00:00:00+00:00,0.002239641657334923,-0.02576197387518142,0.06950806612228644,0.0034035246542010915,0.01189482164807668,-0.013021862392824768,0.051628029239969564,0.066960718012643,0.3055298273479381,-0.5968065356451732,78,-0.003538175046554959,REGIME_OOS,True,True
2026-09-24 00:00:00+00:00,ETH,2026-09-24 04:00:00+00:00,2675.5,313.0,2026-09-24 00:00:00+00:00,-0.003538175046554959,-0.03689704823614115,0.03341058323677104,-0.47732054084821723,0.011891893042134765,-0.017137189354003324,0.05066212768585321,0.06311701239459139,0.228485416152685,-0.6658585949020162,71,0.007288357316389549,REGIME_OOS,True,True
2026-09-24 04:00:00+00:00,ETH,2026-09-24 08:00:00+00:00,2695.0,529.0,2026-09-24 00:00:00+00:00,0.007288357316389549,-0.01892974153622129,0.020060560181680565,0.46426808704376293,0.010573357209757862,-0.010809521187762572,0.0497873029084015,0.05866506682423917,0.3157417732063959,-0.5024199171504494,71,-0.017254174397031585,REGIME_OOS,True,True
2026-09-24 08:00:00+00:00,ETH,2026-09-24 12:00:00+00:00,2648.5,950.0,2026-09-24 00:00:00+00:00,-0.017254174397031585,-0.029675764792086445,0.012230078348939522,-1.7234035613435585,0.010416020997825839,-0.02750238672247929,0.04757435416121747,0.061268646854819746,0.05111809817429012,-0.1280682703484178,71,0.013026241268642602,REGIME_OOS,True,True
2026-09-24 12:00:00+00:00,ETH,2026-09-24 16:00:00+00:00,2683.0,1615.0,2026-09-24 00:00:00+00:00,0.013026241268642602,0.009405568096312988,0.012452830188679265,1.2783929190810355,0.010535369181964361,-0.015141782141873894,0.04577735124760074,0.059675906863096595,0.24626640904492825,0.40421782500374376,71,0.004472605292582976,REGIME_OOS,True,True
2026-09-24 16:00:00+00:00,ETH,2026-09-24 20:00:00+00:00,2695.0,1502.0,2026-09-24 00:00:00+00:00,0.004472605292582976,0.005972377752892832,0.019096237474002686,0.38026171042516377,0.010548713491744095,-0.010119189730216194,0.04275105039200611,0.06044611386736106,0.33259155828576337,0.2725682365181008,71,-0.001113172541743923,REGIME_OOS,True,True
2026-09-24 20:00:00+00:00,ETH,2026-09-25 00:00:00+00:00,2692.0,177.0,2026-09-24 00:00:00+00:00,-0.001113172541743923,0.0026070763500931626,0.023185100722158847,-0.17043306405684996,0.01049822128300356,-0.009984737877645644,0.03913648279920823,0.0598590374949505,0.3331958164464656,-0.8667475772322778,71,-0.004271916790490327,REGIME_OOS,True,True
2026-09-25 00:00:00+00:00,ETH,2026-09-25 04:00:00+00:00,2680.5,40.0,2026-09-25 00:00:00+00:00,-0.004271916790490327,0.001868809568305041,0.037345201238390136,-0.48481094223012583,0.00994278231371758,-0.01267990828475929,0.035266774454325134,0.05902514895545699,0.28517786893976094,-0.9899731253636372,71,-0.003357582540570836,REGIME_OOS,True,True
2026-09-25 04:00:00+00:00,ETH,2026-09-25 08:00:00+00:00,2671.5,91.0,2026-09-25 00:00:00+00:00,-0.003357582540570836,-0.008719851576994397,0.03446272991287502,-0.4655020360634594,0.009973492897325943,-0.014015630334289875,0.031230256297051895,0.0561507666255678,0.2503928944060415,-0.944409258821529,71,0.016657308628111656,REGIME_OOS,True,True
2026-09-25 08:00:00+00:00,ETH,2026-09-25 12:00:00+00:00,2716.0,183.0,2026-09-25 00:00:00+00:00,0.016657308628111656,0.0254861242212574,0.054143217543178634,1.552021492337874,0.010339042612027173,0.0029356917339045108,0.02815216978624857,0.05491435196807977,0.5534594623935623,-0.8719082723679394,71,-0.010677466863033835,REGIME_OOS,True,True
2026-09-25 12:00:00+00:00,ETH,2026-09-25 16:00:00+00:00,2687.0,276.0,2026-09-25 00:00:00+00:00,-0.010677466863033835,0.001490868430860992,0.029896512073591452,-1.2078863186141586,0.010374285596822191,-0.0070306076255762795,0.025211405276796883,0.05493743339956196,0.37202518955622793,-0.8030310269882003,71,,REGIME_OOS,True,False
2026-09-26 16:00:00+00:00,ETH,2026-09-26 20:00:00+00:00,2699.5,2.0,2026-09-26 00:00:00+00:00,,0.0016697588126159957,0.022150700492237885,,,-0.0015903543161477351,0.02219970662513049,0.0533898251924962,0.4702124082554361,-1.0480389053406518,71,-0.005000926097425418,REGIME_OOS,False,True
2026-09-26 20:00:00+00:00,ETH,2026-09-27 00:00:00+00:00,2686.0,7.0,2026-09-26 00:00:00+00:00,-0.005000926097425418,-0.0022288261515601704,0.013967534918837288,-0.5817716017884633,0.010207348909299115,-0.005479857819905232,0.019146736300310163,0.051643151353191474,0.3938899413316567,-1.0417774401956548,71,0.008935219657483229,REGIME_OOS,True,True
2026-09-27 00:00:00+00:00,ETH,2026-09-27 04:00:00+00:00,2710.0,13.0,2026-09-27 00:00:00+00:00,0.008935219657483229,0.011005409438537672,0.015171380408316226,0.8304036443236709,0.010315015940671643,0.004224412658415444,0.016287871655337405,0.0484012850841447,0.5872789359016284,-1.0277052986282205,74,0.008856088560885711,REGIME_OOS,True,True
2026-09-27 04:00:00+00:00,ETH,2026-09-27 08:00:00+00:00,2734.0,11.0,2026-09-27 00:00:00+00:00,0.008856088560885711,0.023395096387797132,0.02550637659414856,0.7949788815236674,0.010343449655602,0.013531047265987084,0.01364046294904564,0.04588596452719227,0.7948842288793658,-0.9695635960489281,74,-0.001463057790782707,REGIME_OOS,True,True
2026-09-27 08:00:00+00:00,ETH,2026-09-27 12:00:00+00:00,2730.0,1.0,2026-09-27 00:00:00+00:00,-0.001463057790782707,0.005154639175257714,0.0003664345914253797,-0.20845758057955474,0.01034450208416602,0.012949426737412395,0.010774948713044408,0.038302521930519945,0.8380828750885488,-0.9525427135068026,74,-0.011172161172161132,REGIME_OOS,True,True
2026-09-27 12:00:00+00:00,ETH,2026-09-27 16:00:00+00:00,2699.5,50.0,2026-09-27 00:00:00+00:00,-0.011172161172161132,0.004652028284331866,-0.02192028985507244,-1.1465229304290832,0.009608127995612349,0.0025160385854479106,0.007997798873981665,0.03385236221974296,0.5743238704913918,-0.8511742593480276,74,0.003333950731617019,REGIME_OOS,True,True
2026-09-27 16:00:00+00:00,ETH,2026-09-27 20:00:00+00:00,2708.5,16.0,2026-09-27 00:00:00+00:00,0.003333950731617019,0.003333950731617019,-0.020433996383363517,0.39612350697085275,0.009376274651438943,0.006250754641626388,0.005643416761003772,0.031875497115648646,0.6960990480853628,-0.8738661269257613,74,-0.002953664389883648,REGIME_OOS,True,True
2026-09-27 20:00:00+00:00,ETH,2026-09-28 00:00:00+00:00,2700.5,369.0,2026-09-27 00:00:00+00:00,-0.002953664389883648,0.005398361876396196,-0.02877180363244025,-0.23613774766737533,0.009371928180614766,0.00248719281312626,0.0047930770808857215,0.02968844489188765,0.5837764599049778,-0.47542335084696447,74,-0.013516015552675453,REGIME_OOS,True,True
2026-09-28 00:00:00+00:00,ETH,2026-09-28 04:00:00+00:00,2664.0,972.0,2026-09-28 00:00:00+00:00,-0.013516015552675453,-0.01697416974169741,-0.029331390052832917,-1.3463186384098917,0.009562623415172037,-0.010787025862869282,0.0032223215616153933,0.030955896154491413,0.1515356619290052,0.1345210807963751,70,-0.0041291291291291055,REGIME_OOS,True,True
2026-09-28 04:00:00+00:00,ETH,2026-09-28 08:00:00+00:00,2653.0,478.0,2026-09-28 00:00:00+00:00,-0.0041291291291291055,-0.029626920263350454,-0.02731439046746109,-0.27119354653615735,0.009332516583376402,-0.014285979676382565,0.0015629360870776932,0.03365096568430898,0.07546598185608913,-0.3373680117008873,70,0.009988692046739578,REGIME_OOS,True,True
2026-09-28 08:00:00+00:00,ETH,2026-09-28 12:00:00+00:00,2679.5,819.0,2026-09-28 00:00:00+00:00,0.009988692046739578,-0.018498168498168543,-0.023505830903790104,1.2033795922606783,0.009502541197741445,-0.004513959838760684,0.0009631618483783022,0.03345376861005995,0.36506871942065017,0.019831250862993,70,0.0041052435155812805,REGIME_OOS,True,True
2026-09-28 12:00:00+00:00,ETH,2026-09-28 16:00:00+00:00,2690.5,3695.0,2026-09-28 00:00:00+00:00,0.0041052435155812805,-0.003333950731617019,-0.020211216314639513,0.5059364032148551,0.0094614454932328,-0.0003436841078611197,0.0005185815771571178,0.03343760096202238,0.4897216278090198,2.869961257609081,70,-0.001672551570340075,REGIME_OOS,True,True
2026-09-28 16:00:00+00:00,ETH,2026-09-28 20:00:00+00:00,2686.0,2610.0,2026-09-28 00:00:00+00:00,-0.001672551570340075,-0.008307181096547933,-0.024691358024691357,-0.09568359925452184,0.009458509362702764,-0.0027104295845246096,0.0006985160249979305,0.029964439536453065,0.4095451266082494,1.6011815422534845,70,0.005956813104988745,REGIME_OOS,True,True
2026-09-28 20:00:00+00:00,ETH,2026-09-29 00:00:00+00:00,2702.0,394.0,2026-09-28 00:00:00+00:00,0.005956813104988745,0.000555452693945524,-0.019593613933236553,0.7193635283257356,0.009516380453296792,0.0028764962419969287,0.0006648195330662965,0.029859905310092586,0.5963330664355655,-0.39218919498790933,70,-0.00980754996299038,REGIME_OOS,True,True
2026-09-29 00:00:00+00:00,ETH,2026-09-29 04:00:00+00:00,2675.5,898.0,2026-09-29 00:00:00+00:00,-0.00980754996299038,0.0043168168168168375,-0.03689704823614115,-0.9522219011911629,0.009653536582734792,-0.006599771653470254,7.240780073369812e-05,0.03050903054436211,0.2836780934787897,0.06558766113775026,74,0.01887497663988036,REGIME_OOS,True,True
2026-09-29 04:00:00+00:00,ETH,2026-09-29 08:00:00+00:00,2726.0,1437.0,2026-09-29 00:00:00+00:00,0.01887497663988036,0.027516019600452246,-0.007644703312704726,2.068873525247002,0.010196378386520329,0.011512166161096182,-1.8553013381161776e-06,0.032355937537596205,0.8557976383073279,0.5351709174523082,74,0.007703595011005149,REGIME_OOS,True,True
2026-09-29 08:00:00+00:00,ETH,2026-09-29 12:00:00+00:00,2747.0,1252.0,2026-09-29 00:00:00+00:00,0.007703595011005149,0.025191267027430575,0.006411430664956974,0.8274982096044335,0.010112579695805793,0.018048400844976387,2.2236717267754003e-05,0.03616030478796889,0.9991219225281914,0.3411175493084126,74,-0.022206042955951966,REGIME_OOS,True,True
2026-09-29 12:00:00+00:00,ETH,2026-09-29 16:00:00+00:00,2686.0,3682.0,2026-09-29 00:00:00+00:00,-0.022206042955951966,-0.001672551570340075,0.010534236267870645,-2.185486840669946,0.010838149999516765,-0.004825816730115506,-0.00047587128885195895,0.035215215679452655,0.36296217027200256,2.4927159689010114,74,0.005584512285927046,REGIME_OOS,True,True
2026-09-29 16:00:00+00:00,ETH,2026-09-29 20:00:00+00:00,2701.0,2316.0,2026-09-29 00:00:00+00:00,0.005584512285927046,0.005584512285927046,0.008212019410227756,0.5736674574363975,0.009752206922024493,0.0010099044760076836,-0.0016741897291697727,0.0347364725390372,0.5290733169544732,1.285281482616789,74,-0.004627915586819742,REGIME_OOS,True,True
2026-09-29 20:00:00+00:00,ETH,2026-09-30 00:00:00+00:00,2688.5,349.0,2026-09-29 00:00:00+00:00,-0.004627915586819742,-0.004996299037749785,0.0013035381750465813,-0.5182683432043187,0.00968914850601385,-0.0036503789352752003,-0.0022334056848309913,0.03468271307685625,0.3947493257754647,-0.4707949655313104,74,-0.0027896596615213376,REGIME_OOS,True,True
2026-09-30 00:00:00+00:00,ETH,2026-09-30 04:00:00+00:00,2681.0,666.0,2026-09-30 00:00:00+00:00,-0.0027896596615213376,0.002055690525135434,0.002055690525135434,-0.28881634309116677,0.00969272603315987,-0.006089140569246698,-0.0028704083631833077,0.03516278147164637,0.32682995160218875,-0.16213892776895208,73,0.0013054830287206887,REGIME_OOS,True,True
2026-09-30 04:00:00+00:00,ETH,2026-09-30 08:00:00+00:00,2684.5,916.0,2026-09-30 00:00:00+00:00,0.0013054830287206887,-0.015223771093176852,-0.003896103896103842,0.15108253584731438,0.00967482025947229,-0.004763934973214368,-0.003159762001552213,0.03522363443206479,0.36475174836365803,0.06682174871004298,73,0.009871484447755652,REGIME_OOS,True,True
2026-09-30 08:00:00+00:00,ETH,2026-09-30 12:00:00+00:00,2711.0,1931.0,2026-09-30 00:00:00+00:00,0.009871484447755652,-0.013105205678922482,0.02359826316783087,1.0200652325876367,0.00975307695762326,0.005041892192481523,-0.003446963679421322,0.03526608210642887,0.6429671767129045,1.0342968454498087,73,-0.007008483954260458,REGIME_OOS,True,True
2026-09-30 12:00:00+00:00,ETH,2026-09-30 16:00:00+00:00,2692.0,5596.0,2026-09-30 00:00:00+00:00,-0.007008483954260458,0.0022338049143708627,0.003354453969437232,-0.7276805968355283,0.00929339697670371,-0.00122435350424821,-0.004414073321636236,0.032916742278922335,0.4628045359448527,4.4619814857751585,73,-0.005200594353640398,REGIME_OOS,True,True
2026-09-30 16:00:00+00:00,ETH,2026-09-30 20:00:00+00:00,2678.0,2444.0,2026-09-30 00:00:00+00:00,-0.005200594353640398,-0.008515364679748227,-0.00630797773654912,-0.6058880611427719,0.009033691630882528,-0.005459204515913307,-0.004999575054596361,0.031061509239207866,0.3242453554374504,1.0466935071218677,73,,REGIME_OOS,True,False
