TIME,BAR_END_TIME,ASSET,DATASET_ROLE,HMM_STATE,REGIME,STATE_CONFIDENCE,RANGE_PROBABILITY,ADX_14
2025-12-31 20:00:00.000 Z,2026-01-01 00:00:00.000 Z,BTC,REGIME_OOS,2,RANGE_CANDIDATE,0.9995241926,0.9995241926,11.732101857
2026-01-02 00:00:00.000 Z,2026-01-02 04:00:00.000 Z,BTC,REGIME_OOS,2,RANGE_CANDIDATE,0.9992564494,0.9992564494,12.806966502
2026-01-02 04:00:00.000 Z,2026-01-02 08:00:00.000 Z,BTC,REGIME_OOS,2,RANGE_CANDIDATE,0.9999298959,0.9999298959,13.400332188
2026-01-02 08:00:00.000 Z,2026-01-02 12:00:00.000 Z,BTC,REGIME_OOS,2,RANGE_CANDIDATE,0.9998799009,0.9998799009,14.702414075
2026-01-02 12:00:00.000 Z,2026-01-02 16:00:00.000 Z,BTC,REGIME_OOS,2,RANGE_CANDIDATE,0.9998549096,0.9998549096,15.305881228
2026-01-02 16:00:00.000 Z,2026-01-02 20:00:00.000 Z,BTC,REGIME_OOS,2,RANGE_CANDIDATE,0.9999309556,0.9999309556,16.478110339
2026-01-02 20:00:00.000 Z,2026-01-03 00:00:00.000 Z,BTC,REGIME_OOS,2,RANGE_CANDIDATE,0.9999412289,0.9999412289,17.5666088
2026-01-05 00:00:00.000 Z,2026-01-05 04:00:00.000 Z,BTC,REGIME_OOS,2,RANGE_CANDIDATE,0.9641726431,0.9641726431,22.053424271
2026-01-05 04:00:00.000 Z,2026-01-05 08:00:00.000 Z,BTC,REGIME_OOS,2,RANGE_CANDIDATE,0.9969085709,0.9969085709,24.435356774
2026-01-05 08:00:00.000 Z,2026-01-05 12:00:00.000 Z,BTC,REGIME_OOS,2,RANGE_CANDIDATE,0.9878199484,0.9878199484,26.722404221
2026-01-05 12:00:00.000 Z,2026-01-05 16:00:00.000 Z,BTC,REGIME_OOS,2,RANGE_CANDIDATE,0.9329808126,0.9329808126,29.146676183
2026-01-05 16:00:00.000 Z,2026-01-05 20:00:00.000 Z,BTC,REGIME_OOS,2,RANGE_CANDIDATE,0.8796012471,0.8796012471,31.563876083
2026-01-05 20:00:00.000 Z,2026-01-06 00:00:00.000 Z,BTC,REGIME_OOS,2,RANGE_CANDIDATE,0.7805460355,0.7805460355,33.88757272
2026-01-06 00:00:00.000 Z,2026-01-06 04:00:00.000 Z,BTC,REGIME_OOS,1,OTHER,0.804593133,0.1941853079,35.497397394
2026-01-06 04:00:00.000 Z,2026-01-06 08:00:00.000 Z,BTC,REGIME_OOS,1,OTHER,0.9690982611,0.03038736859,36.366708839
2026-01-06 08:00:00.000 Z,2026-01-06 12:00:00.000 Z,BTC,REGIME_OOS,1,OTHER,0.9972940121,0.002483589797,37.17392661
2026-01-06 12:00:00.000 Z,2026-01-06 16:00:00.000 Z,BTC,REGIME_OOS,1,OTHER,0.9981384794,0.00162829626,38.214922591
2026-01-06 16:00:00.000 Z,2026-01-06 20:00:00.000 Z,BTC,REGIME_OOS,1,OTHER,0.9811281998,0.01821837485,36.506852906
2026-01-06 20:00:00.000 Z,2026-01-07 00:00:00.000 Z,BTC,REGIME_OOS,1,OTHER,0.983571091,0.01625299249,34.943041664
2026-01-07 00:00:00.000 Z,2026-01-07 04:00:00.000 Z,BTC,REGIME_OOS,1,OTHER,0.9029070618,0.09673545903,33.490931224
2026-01-07 04:00:00.000 Z,2026-01-07 08:00:00.000 Z,BTC,REGIME_OOS,1,OTHER,0.5675107878,0.4320979659,32.142542958
2026-01-07 08:00:00.000 Z,2026-01-07 12:00:00.000 Z,BTC,REGIME_OOS,2,RANGE_CANDIDATE,0.8731012475,0.8731012475,29.883682087
2026-01-07 12:00:00.000 Z,2026-01-07 16:00:00.000 Z,BTC,REGIME_OOS,2,RANGE_CANDIDATE,0.9914471097,0.9914471097,28.325023097
2026-01-07 16:00:00.000 Z,2026-01-07 20:00:00.000 Z,BTC,REGIME_OOS,2,RANGE_CANDIDATE,0.9983433956,0.9983433956,27.135326513
2026-01-07 20:00:00.000 Z,2026-01-08 00:00:00.000 Z,BTC,REGIME_OOS,2,RANGE_CANDIDATE,0.9986467785,0.9986467785,26.030608257
2026-01-08 00:00:00.000 Z,2026-01-08 04:00:00.000 Z,BTC,REGIME_OOS,2,RANGE_CANDIDATE,0.9993662467,0.9993662467,25.279373151
2026-01-08 04:00:00.000 Z,2026-01-08 08:00:00.000 Z,BTC,REGIME_OOS,2,RANGE_CANDIDATE,0.9990912098,0.9990912098,25.399607176
2026-01-08 08:00:00.000 Z,2026-01-08 12:00:00.000 Z,BTC,REGIME_OOS,2,RANGE_CANDIDATE,0.999282671,0.999282671,25.511253055
2026-01-08 12:00:00.000 Z,2026-01-08 16:00:00.000 Z,BTC,REGIME_OOS,2,RANGE_CANDIDATE,0.9992568051,0.9992568051,26.002276436
2026-01-08 16:00:00.000 Z,2026-01-08 20:00:00.000 Z,BTC,REGIME_OOS,2,RANGE_CANDIDATE,0.9996444877,0.9996444877,25.528534737
2026-01-08 20:00:00.000 Z,2026-01-09 00:00:00.000 Z,BTC,REGIME_OOS,2,RANGE_CANDIDATE,0.9997480942,0.9997480942,25.088631731
2026-01-09 00:00:00.000 Z,2026-01-09 04:00:00.000 Z,BTC,REGIME_OOS,2,RANGE_CANDIDATE,0.9997952126,0.9997952126,24.38804546
2026-01-09 04:00:00.000 Z,2026-01-09 08:00:00.000 Z,BTC,REGIME_OOS,2,RANGE_CANDIDATE,0.9998997564,0.9998997564,23.923001312
2026-01-09 08:00:00.000 Z,2026-01-09 12:00:00.000 Z,BTC,REGIME_OOS,2,RANGE_CANDIDATE,0.9999036388,0.9999036388,24.438372231
2026-01-09 12:00:00.000 Z,2026-01-09 16:00:00.000 Z,BTC,REGIME_OOS,2,RANGE_CANDIDATE,0.9999275102,0.9999275102,23.252239703
2026-01-09 16:00:00.000 Z,2026-01-09 20:00:00.000 Z,BTC,REGIME_OOS,2,RANGE_CANDIDATE,0.9999573031,0.9999573031,22.150830926
2026-01-09 20:00:00.000 Z,2026-01-10 00:00:00.000 Z,BTC,REGIME_OOS,2,RANGE_CANDIDATE,0.9999624131,0.9999624131,21.215304638
2026-01-12 00:00:00.000 Z,2026-01-12 04:00:00.000 Z,BTC,REGIME_OOS,2,RANGE_CANDIDATE,0.999528419,0.999528419,19.93596372
2026-01-12 04:00:00.000 Z,2026-01-12 08:00:00.000 Z,BTC,REGIME_OOS,2,RANGE_CANDIDATE,0.9999434721,0.9999434721,19.988311716
2026-01-12 08:00:00.000 Z,2026-01-12 12:00:00.000 Z,BTC,REGIME_OOS,2,RANGE_CANDIDATE,0.9998865005,0.9998865005,18.79881782
2026-01-12 12:00:00.000 Z,2026-01-12 16:00:00.000 Z,BTC,REGIME_OOS,2,RANGE_CANDIDATE,0.999906156,0.999906156,17.472778226
2026-01-12 16:00:00.000 Z,2026-01-12 20:00:00.000 Z,BTC,REGIME_OOS,2,RANGE_CANDIDATE,0.9999274176,0.9999274176,16.918810601
2026-01-12 20:00:00.000 Z,2026-01-13 00:00:00.000 Z,BTC,REGIME_OOS,2,RANGE_CANDIDATE,0.999926629,0.999926629,16.282906885
2026-01-13 00:00:00.000 Z,2026-01-13 04:00:00.000 Z,BTC,REGIME_OOS,2,RANGE_CANDIDATE,0.9999388389,0.9999388389,15.686573713
2026-01-13 04:00:00.000 Z,2026-01-13 08:00:00.000 Z,BTC,REGIME_OOS,2,RANGE_CANDIDATE,0.9999418488,0.9999418488,15.955185036
2026-01-13 08:00:00.000 Z,2026-01-13 12:00:00.000 Z,BTC,REGIME_OOS,2,RANGE_CANDIDATE,0.9999389743,0.9999389743,16.581167859
2026-01-13 12:00:00.000 Z,2026-01-13 16:00:00.000 Z,BTC,REGIME_OOS,2,RANGE_CANDIDATE,0.999943736,0.999943736,17.76846577
2026-01-13 16:00:00.000 Z,2026-01-13 20:00:00.000 Z,BTC,REGIME_OOS,2,RANGE_CANDIDATE,0.9999508891,0.9999508891,19.356254816
2026-01-13 20:00:00.000 Z,2026-01-14 00:00:00.000 Z,BTC,REGIME_OOS,2,RANGE_CANDIDATE,0.9997228186,0.9997228186,21.806867052
2026-01-14 00:00:00.000 Z,2026-01-14 04:00:00.000 Z,BTC,REGIME_OOS,2,RANGE_CANDIDATE,0.9994083134,0.9994083134,24.082435557
2026-01-14 04:00:00.000 Z,2026-01-14 08:00:00.000 Z,BTC,REGIME_OOS,2,RANGE_CANDIDATE,0.9994409614,0.9994409614,25.374995178
2026-01-14 08:00:00.000 Z,2026-01-14 12:00:00.000 Z,BTC,REGIME_OOS,2,RANGE_CANDIDATE,0.9992547305,0.9992547305,26.575229112
2026-01-14 12:00:00.000 Z,2026-01-14 16:00:00.000 Z,BTC,REGIME_OOS,2,RANGE_CANDIDATE,0.9919938859,0.9919938859,28.524191048
2026-01-14 16:00:00.000 Z,2026-01-14 20:00:00.000 Z,BTC,REGIME_OOS,2,RANGE_CANDIDATE,0.9693476225,0.9693476225,30.595829235
2026-01-14 20:00:00.000 Z,2026-01-15 00:00:00.000 Z,BTC,REGIME_OOS,2,RANGE_CANDIDATE,0.911124277,0.911124277,32.519493265
2026-01-15 00:00:00.000 Z,2026-01-15 04:00:00.000 Z,BTC,REGIME_OOS,2,RANGE_CANDIDATE,0.9229937661,0.9229937661,32.863041293
2026-01-15 04:00:00.000 Z,2026-01-15 08:00:00.000 Z,BTC,REGIME_OOS,2,RANGE_CANDIDATE,0.7911148484,0.7911148484,33.182050176
2026-01-15 08:00:00.000 Z,2026-01-15 12:00:00.000 Z,BTC,REGIME_OOS,2,RANGE_CANDIDATE,0.6283741852,0.6283741852,33.646016396
2026-01-15 12:00:00.000 Z,2026-01-15 16:00:00.000 Z,BTC,REGIME_OOS,2,RANGE_CANDIDATE,0.6154457083,0.6154457083,32.968028159
2026-01-15 16:00:00.000 Z,2026-01-15 20:00:00.000 Z,BTC,REGIME_OOS,2,RANGE_CANDIDATE,0.8681373098,0.8681373098,32.087450253
2026-01-15 20:00:00.000 Z,2026-01-16 00:00:00.000 Z,BTC,REGIME_OOS,2,RANGE_CANDIDATE,0.9674583414,0.9674583414,31.179364208
2026-01-16 00:00:00.000 Z,2026-01-16 04:00:00.000 Z,BTC,REGIME_OOS,2,RANGE_CANDIDATE,0.9869958697,0.9869958697,30.478914868
2026-01-16 04:00:00.000 Z,2026-01-16 08:00:00.000 Z,BTC,REGIME_OOS,2,RANGE_CANDIDATE,0.9902961395,0.9902961395,29.500620968
2026-01-16 08:00:00.000 Z,2026-01-16 12:00:00.000 Z,BTC,REGIME_OOS,2,RANGE_CANDIDATE,0.9960616177,0.9960616177,28.655474162
2026-01-16 12:00:00.000 Z,2026-01-16 16:00:00.000 Z,BTC,REGIME_OOS,2,RANGE_CANDIDATE,0.9973667353,0.9973667353,26.713521384
2026-01-16 16:00:00.000 Z,2026-01-16 20:00:00.000 Z,BTC,REGIME_OOS,2,RANGE_CANDIDATE,0.9975374624,0.9975374624,24.910279518
2026-01-16 20:00:00.000 Z,2026-01-17 00:00:00.000 Z,BTC,REGIME_OOS,2,RANGE_CANDIDATE,0.9975821571,0.9975821571,23.622533012
2026-01-19 00:00:00.000 Z,2026-01-19 04:00:00.000 Z,BTC,REGIME_OOS,2,RANGE_CANDIDATE,0.9964957222,0.9964957222,22.994143971
2026-01-19 04:00:00.000 Z,2026-01-19 08:00:00.000 Z,BTC,REGIME_OOS,2,RANGE_CANDIDATE,0.9995865422,0.9995865422,23.314503399
2026-01-19 08:00:00.000 Z,2026-01-19 12:00:00.000 Z,BTC,REGIME_OOS,2,RANGE_CANDIDATE,0.9997936139,0.9997936139,22.994520089
2026-01-19 12:00:00.000 Z,2026-01-19 16:00:00.000 Z,BTC,REGIME_OOS,2,RANGE_CANDIDATE,0.9998301716,0.9998301716,22.697392729
2026-01-19 16:00:00.000 Z,2026-01-19 20:00:00.000 Z,BTC,REGIME_OOS,2,RANGE_CANDIDATE,0.9998285587,0.9998285587,22.163831828
2026-01-19 20:00:00.000 Z,2026-01-20 00:00:00.000 Z,BTC,REGIME_OOS,2,RANGE_CANDIDATE,0.9999022667,0.9999022667,22.295876505
2026-01-20 00:00:00.000 Z,2026-01-20 04:00:00.000 Z,BTC,REGIME_OOS,2,RANGE_CANDIDATE,0.9999337951,0.9999337951,22.41848942
2026-01-20 04:00:00.000 Z,2026-01-20 08:00:00.000 Z,BTC,REGIME_OOS,2,RANGE_CANDIDATE,0.999924795,0.999924795,23.636181469
2026-01-20 08:00:00.000 Z,2026-01-20 12:00:00.000 Z,BTC,REGIME_OOS,2,RANGE_CANDIDATE,0.9998798184,0.9998798184,24.851304882
2026-01-20 12:00:00.000 Z,2026-01-20 16:00:00.000 Z,BTC,REGIME_OOS,2,RANGE_CANDIDATE,0.9996698,0.9996698,26.426686729
2026-01-20 16:00:00.000 Z,2026-01-20 20:00:00.000 Z,BTC,REGIME_OOS,2,RANGE_CANDIDATE,0.9971298037,0.9971298037,28.192427805
2026-01-20 20:00:00.000 Z,2026-01-21 00:00:00.000 Z,BTC,REGIME_OOS,2,RANGE_CANDIDATE,0.955537687,0.955537687,30.408346045
2026-01-21 00:00:00.000 Z,2026-01-21 04:00:00.000 Z,BTC,REGIME_OOS,2,RANGE_CANDIDATE,0.9555474676,0.9555474676,32.465984411
2026-01-21 04:00:00.000 Z,2026-01-21 08:00:00.000 Z,BTC,REGIME_OOS,2,RANGE_CANDIDATE,0.9484649404,0.9484649404,33.597387733
2026-01-21 08:00:00.000 Z,2026-01-21 12:00:00.000 Z,BTC,REGIME_OOS,2,RANGE_CANDIDATE,0.5715223904,0.5715223904,34.821887245
2026-01-21 12:00:00.000 Z,2026-01-21 16:00:00.000 Z,BTC,REGIME_OOS,0,OTHER,0.5628526125,0.4364419948,34.51378891
2026-01-21 16:00:00.000 Z,2026-01-21 20:00:00.000 Z,BTC,REGIME_OOS,0,OTHER,0.6643405813,0.3349829735,34.798301221
2026-01-21 20:00:00.000 Z,2026-01-22 00:00:00.000 Z,BTC,REGIME_OOS,0,OTHER,0.7579162771,0.2415093639,35.062491224
2026-01-22 00:00:00.000 Z,2026-01-22 04:00:00.000 Z,BTC,REGIME_OOS,0,OTHER,0.8298708146,0.169765035,35.294301785
2026-01-22 04:00:00.000 Z,2026-01-22 08:00:00.000 Z,BTC,REGIME_OOS,0,OTHER,0.8969253118,0.1027833312,35.509554448
2026-01-22 08:00:00.000 Z,2026-01-22 12:00:00.000 Z,BTC,REGIME_OOS,0,OTHER,0.9382802831,0.06144072846,35.730268976
2026-01-22 12:00:00.000 Z,2026-01-22 16:00:00.000 Z,BTC,REGIME_OOS,0,OTHER,0.971823509,0.02799914036,36.718039943
2026-01-22 16:00:00.000 Z,2026-01-22 20:00:00.000 Z,BTC,REGIME_OOS,0,OTHER,0.9763649944,0.02339082343,37.635255842
2026-01-22 20:00:00.000 Z,2026-01-23 00:00:00.000 Z,BTC,REGIME_OOS,0,OTHER,0.9866399976,0.01312893673,38.435376148
2026-01-23 00:00:00.000 Z,2026-01-23 04:00:00.000 Z,BTC,REGIME_OOS,0,OTHER,0.9924355788,0.007352697289,39.096067231
2026-01-23 04:00:00.000 Z,2026-01-23 08:00:00.000 Z,BTC,REGIME_OOS,0,OTHER,0.996666574,0.003168637202,39.804011347
2026-01-23 08:00:00.000 Z,2026-01-23 12:00:00.000 Z,BTC,REGIME_OOS,0,OTHER,0.9982957543,0.001534212366,40.789960245
2026-01-23 12:00:00.000 Z,2026-01-23 16:00:00.000 Z,BTC,REGIME_OOS,0,OTHER,0.9984821302,0.001287037079,41.103031756
2026-01-23 16:00:00.000 Z,2026-01-23 20:00:00.000 Z,BTC,REGIME_OOS,0,OTHER,0.9971932528,0.002627092923,39.230094372
2026-01-23 20:00:00.000 Z,2026-01-24 00:00:00.000 Z,BTC,REGIME_OOS,0,OTHER,0.989726422,0.009986632562,37.778068643
2026-01-26 00:00:00.000 Z,2026-01-26 04:00:00.000 Z,BTC,REGIME_OOS,0,OTHER,0.8904593701,0.1068917757,37.807513989
2026-01-26 04:00:00.000 Z,2026-01-26 08:00:00.000 Z,BTC,REGIME_OOS,0,OTHER,0.9565363493,0.0432259159,37.031133623
2026-01-26 08:00:00.000 Z,2026-01-26 12:00:00.000 Z,BTC,REGIME_OOS,0,OTHER,0.959713322,0.04010571573,36.03399393
2026-01-26 12:00:00.000 Z,2026-01-26 16:00:00.000 Z,BTC,REGIME_OOS,0,OTHER,0.9341787074,0.06565920233,34.614096005
2026-01-26 16:00:00.000 Z,2026-01-26 20:00:00.000 Z,BTC,REGIME_OOS,0,OTHER,0.7555566619,0.2441844084,33.502697578
2026-01-26 20:00:00.000 Z,2026-01-27 00:00:00.000 Z,BTC,REGIME_OOS,2,RANGE_CANDIDATE,0.6443955523,0.6443955523,32.427231016
2026-01-27 00:00:00.000 Z,2026-01-27 04:00:00.000 Z,BTC,REGIME_OOS,2,RANGE_CANDIDATE,0.9669866003,0.9669866003,31.196522506
2026-01-27 04:00:00.000 Z,2026-01-27 08:00:00.000 Z,BTC,REGIME_OOS,2,RANGE_CANDIDATE,0.9968737869,0.9968737869,29.885321808
2026-01-27 08:00:00.000 Z,2026-01-27 12:00:00.000 Z,BTC,REGIME_OOS,2,RANGE_CANDIDATE,0.9986503722,0.9986503722,29.135981538
2026-01-27 12:00:00.000 Z,2026-01-27 16:00:00.000 Z,BTC,REGIME_OOS,2,RANGE_CANDIDATE,0.9992781479,0.9992781479,28.601137243
2026-01-27 16:00:00.000 Z,2026-01-27 20:00:00.000 Z,BTC,REGIME_OOS,2,RANGE_CANDIDATE,0.9996615825,0.9996615825,27.598738508
2026-01-27 20:00:00.000 Z,2026-01-28 00:00:00.000 Z,BTC,REGIME_OOS,2,RANGE_CANDIDATE,0.9997784077,0.9997784077,25.808609386
2026-01-28 00:00:00.000 Z,2026-01-28 04:00:00.000 Z,BTC,REGIME_OOS,2,RANGE_CANDIDATE,0.9998586908,0.9998586908,24.146346631
2026-01-28 04:00:00.000 Z,2026-01-28 08:00:00.000 Z,BTC,REGIME_OOS,2,RANGE_CANDIDATE,0.9998931781,0.9998931781,22.794811249
2026-01-28 08:00:00.000 Z,2026-01-28 12:00:00.000 Z,BTC,REGIME_OOS,2,RANGE_CANDIDATE,0.9998881245,0.9998881245,21.669276701
2026-01-28 12:00:00.000 Z,2026-01-28 16:00:00.000 Z,BTC,REGIME_OOS,2,RANGE_CANDIDATE,0.9999097691,0.9999097691,20.974387695
2026-01-28 16:00:00.000 Z,2026-01-28 20:00:00.000 Z,BTC,REGIME_OOS,2,RANGE_CANDIDATE,0.9999347655,0.9999347655,20.371508505
2026-01-28 20:00:00.000 Z,2026-01-29 00:00:00.000 Z,BTC,REGIME_OOS,2,RANGE_CANDIDATE,0.9999365928,0.9999365928,19.584998844
2026-01-29 00:00:00.000 Z,2026-01-29 04:00:00.000 Z,BTC,REGIME_OOS,2,RANGE_CANDIDATE,0.9999186042,0.9999186042,18.951914211
2026-01-29 04:00:00.000 Z,2026-01-29 08:00:00.000 Z,BTC,REGIME_OOS,2,RANGE_CANDIDATE,0.9999294505,0.9999294505,18.364049909
2026-01-29 08:00:00.000 Z,2026-01-29 12:00:00.000 Z,BTC,REGIME_OOS,2,RANGE_CANDIDATE,0.99990771,0.99990771,18.023380119
2026-01-29 12:00:00.000 Z,2026-01-29 16:00:00.000 Z,BTC,REGIME_OOS,2,RANGE_CANDIDATE,0.9988181969,0.9988181969,20.114853521
2026-01-29 16:00:00.000 Z,2026-01-29 20:00:00.000 Z,BTC,REGIME_OOS,2,RANGE_CANDIDATE,0.994069058,0.994069058,22.450822957
2026-01-29 20:00:00.000 Z,2026-01-30 00:00:00.000 Z,BTC,REGIME_OOS,2,RANGE_CANDIDATE,0.9954685484,0.9954685484,24.619937434
2026-01-30 00:00:00.000 Z,2026-01-30 04:00:00.000 Z,BTC,REGIME_OOS,2,RANGE_CANDIDATE,0.9091354477,0.9091354477,27.42871527
2026-01-30 04:00:00.000 Z,2026-01-30 08:00:00.000 Z,BTC,REGIME_OOS,0,OTHER,0.5655215317,0.4336262062,30.036866119
2026-01-30 08:00:00.000 Z,2026-01-30 12:00:00.000 Z,BTC,REGIME_OOS,0,OTHER,0.9577395779,0.04193133485,32.224820104
2026-01-30 12:00:00.000 Z,2026-01-30 16:00:00.000 Z,BTC,REGIME_OOS,0,OTHER,0.9923147768,0.007395841807,33.646187723
2026-02-02 00:00:00.000 Z,2026-02-02 04:00:00.000 Z,BTC,REGIME_OOS,0,OTHER,0.9999365277,6.377936304e-11,39.233341934
2026-02-02 04:00:00.000 Z,2026-02-02 08:00:00.000 Z,BTC,REGIME_OOS,0,OTHER,0.9999955777,2.427733206e-13,41.805729596
2026-02-02 08:00:00.000 Z,2026-02-02 12:00:00.000 Z,BTC,REGIME_OOS,0,OTHER,0.9999951387,3.206294292e-14,43.180560517
2026-02-02 12:00:00.000 Z,2026-02-02 16:00:00.000 Z,BTC,REGIME_OOS,0,OTHER,0.9999918574,6.362480032e-14,43.348168621
2026-02-02 16:00:00.000 Z,2026-02-02 20:00:00.000 Z,BTC,REGIME_OOS,0,OTHER,0.9999959497,1.146184834e-14,43.503804717
2026-02-02 20:00:00.000 Z,2026-02-03 00:00:00.000 Z,BTC,REGIME_OOS,0,OTHER,0.9999886067,9.778062158e-14,43.771324932
2026-02-03 00:00:00.000 Z,2026-02-03 04:00:00.000 Z,BTC,REGIME_OOS,0,OTHER,0.9999915988,1.077410995e-13,44.099774895
2026-02-03 04:00:00.000 Z,2026-02-03 08:00:00.000 Z,BTC,REGIME_OOS,0,OTHER,0.9999948528,3.724583196e-13,44.404764146
2026-02-03 08:00:00.000 Z,2026-02-03 12:00:00.000 Z,BTC,REGIME_OOS,0,OTHER,0.9999975378,1.597598465e-12,44.626890661
2026-02-03 12:00:00.000 Z,2026-02-03 16:00:00.000 Z,BTC,REGIME_OOS,0,OTHER,0.9999979827,6.383742765e-12,45.157308879
2026-02-03 16:00:00.000 Z,2026-02-03 20:00:00.000 Z,BTC,REGIME_OOS,0,OTHER,0.9999998628,1.729501055e-14,46.662455203
2026-02-03 20:00:00.000 Z,2026-02-04 00:00:00.000 Z,BTC,REGIME_OOS,0,OTHER,0.9999998529,5.483704429e-14,48.060091076
2026-02-04 00:00:00.000 Z,2026-02-04 04:00:00.000 Z,BTC,REGIME_OOS,0,OTHER,0.9999998055,8.378119678e-14,49.357895814
2026-02-04 04:00:00.000 Z,2026-02-04 08:00:00.000 Z,BTC,REGIME_OOS,0,OTHER,0.9999998393,3.995829238e-14,50.563000215
2026-02-04 08:00:00.000 Z,2026-02-04 12:00:00.000 Z,BTC,REGIME_OOS,0,OTHER,0.9999998772,2.127852363e-14,51.800342535
2026-02-04 12:00:00.000 Z,2026-02-04 16:00:00.000 Z,BTC,REGIME_OOS,0,OTHER,0.9999999852,1.894899587e-17,53.30681743
2026-02-04 16:00:00.000 Z,2026-02-04 20:00:00.000 Z,BTC,REGIME_OOS,0,OTHER,0.999999962,3.939418391e-17,54.968550037
2026-02-04 20:00:00.000 Z,2026-02-05 00:00:00.000 Z,BTC,REGIME_OOS,0,OTHER,0.9999999845,1.840503383e-18,56.511587457
2026-02-05 00:00:00.000 Z,2026-02-05 04:00:00.000 Z,BTC,REGIME_OOS,0,OTHER,0.9999999983,6.31352355e-22,58.142805788
2026-02-05 04:00:00.000 Z,2026-02-05 08:00:00.000 Z,BTC,REGIME_OOS,0,OTHER,0.999999998,4.145608947e-23,59.724833536
2026-02-05 08:00:00.000 Z,2026-02-05 12:00:00.000 Z,BTC,REGIME_OOS,0,OTHER,0.9999999984,7.760548594e-25,60.836695638
2026-02-05 12:00:00.000 Z,2026-02-05 16:00:00.000 Z,BTC,REGIME_OOS,0,OTHER,0.9999999998,2.19548616e-30,62.273125256
2026-02-05 16:00:00.000 Z,2026-02-05 20:00:00.000 Z,BTC,REGIME_OOS,0,OTHER,1,5.239905175e-36,63.752156233
2026-02-05 20:00:00.000 Z,2026-02-06 00:00:00.000 Z,BTC,REGIME_OOS,0,OTHER,1,1.015901685e-44,65.331311081
2026-02-06 00:00:00.000 Z,2026-02-06 04:00:00.000 Z,BTC,REGIME_OOS,0,OTHER,1,4.680564477e-45,66.938899219
2026-02-06 04:00:00.000 Z,2026-02-06 08:00:00.000 Z,BTC,REGIME_OOS,0,OTHER,0.9999999999,4.119551897e-45,67.872299611
2026-02-06 08:00:00.000 Z,2026-02-06 12:00:00.000 Z,BTC,REGIME_OOS,0,OTHER,0.9999999998,1.661317169e-43,68.714852807
2026-02-06 12:00:00.000 Z,2026-02-06 16:00:00.000 Z,BTC,REGIME_OOS,0,OTHER,0.9999999984,3.919238838e-40,67.663401367
2026-02-06 16:00:00.000 Z,2026-02-06 20:00:00.000 Z,BTC,REGIME_OOS,0,OTHER,0.9999999953,4.472942774e-38,65.31366491
2026-02-06 20:00:00.000 Z,2026-02-07 00:00:00.000 Z,BTC,REGIME_OOS,0,OTHER,0.9999999616,6.346467761e-35,63.13176677
2026-02-09 00:00:00.000 Z,2026-02-09 04:00:00.000 Z,BTC,REGIME_OOS,0,OTHER,0.9999975789,1.27227596e-27,57.533210857
2026-02-09 04:00:00.000 Z,2026-02-09 08:00:00.000 Z,BTC,REGIME_OOS,0,OTHER,0.9999999585,2.73067979e-25,55.03015279
2026-02-09 08:00:00.000 Z,2026-02-09 12:00:00.000 Z,BTC,REGIME_OOS,0,OTHER,0.9999999929,1.280828929e-23,53.370356743
2026-02-09 12:00:00.000 Z,2026-02-09 16:00:00.000 Z,BTC,REGIME_OOS,0,OTHER,0.9999999885,6.586533707e-21,51.857126466
2026-02-09 16:00:00.000 Z,2026-02-09 20:00:00.000 Z,BTC,REGIME_OOS,0,OTHER,0.9999999628,1.341451242e-18,49.664064701
2026-02-09 20:00:00.000 Z,2026-02-10 00:00:00.000 Z,BTC,REGIME_OOS,0,OTHER,0.9999999728,2.890865433e-17,47.596652886
2026-02-10 00:00:00.000 Z,2026-02-10 04:00:00.000 Z,BTC,REGIME_OOS,0,OTHER,0.9999999842,1.897625098e-16,45.992500946
2026-02-10 04:00:00.000 Z,2026-02-10 08:00:00.000 Z,BTC,REGIME_OOS,0,OTHER,0.9999999746,2.317502989e-15,44.702824715
2026-02-10 08:00:00.000 Z,2026-02-10 12:00:00.000 Z,BTC,REGIME_OOS,0,OTHER,0.9999999646,1.132602399e-14,43.62387393
2026-02-10 12:00:00.000 Z,2026-02-10 16:00:00.000 Z,BTC,REGIME_OOS,0,OTHER,0.9999995983,2.950638445e-12,42.846053848
2026-02-10 16:00:00.000 Z,2026-02-10 20:00:00.000 Z,BTC,REGIME_OOS,0,OTHER,0.9999996635,1.420968149e-11,41.766336118
2026-02-10 20:00:00.000 Z,2026-02-11 00:00:00.000 Z,BTC,REGIME_OOS,0,OTHER,0.9999995708,1.131935776e-10,40.910185712
2026-02-11 00:00:00.000 Z,2026-02-11 04:00:00.000 Z,BTC,REGIME_OOS,0,OTHER,0.9999992319,5.673450004e-09,40.272882825
2026-02-11 04:00:00.000 Z,2026-02-11 08:00:00.000 Z,BTC,REGIME_OOS,0,OTHER,0.9999990773,1.939117346e-08,40.286669869
2026-02-11 08:00:00.000 Z,2026-02-11 12:00:00.000 Z,BTC,REGIME_OOS,0,OTHER,0.9999942334,8.432580991e-07,40.385519249
2026-02-11 12:00:00.000 Z,2026-02-11 16:00:00.000 Z,BTC,REGIME_OOS,0,OTHER,0.9999944465,1.406352428e-06,39.044690911
2026-02-11 16:00:00.000 Z,2026-02-11 20:00:00.000 Z,BTC,REGIME_OOS,0,OTHER,0.9999369536,4.142177001e-05,37.799636026
2026-02-11 20:00:00.000 Z,2026-02-12 00:00:00.000 Z,BTC,REGIME_OOS,0,OTHER,0.9996922397,0.0002599643216,36.321803924
2026-02-12 00:00:00.000 Z,2026-02-12 04:00:00.000 Z,BTC,REGIME_OOS,0,OTHER,0.9977975427,0.002077970521,34.949531258
2026-02-12 04:00:00.000 Z,2026-02-12 08:00:00.000 Z,BTC,REGIME_OOS,0,OTHER,0.9963842599,0.003472714628,33.951888617
2026-02-12 08:00:00.000 Z,2026-02-12 12:00:00.000 Z,BTC,REGIME_OOS,0,OTHER,0.9659264471,0.03239958962,32.489395026
2026-02-12 12:00:00.000 Z,2026-02-12 16:00:00.000 Z,BTC,REGIME_OOS,0,OTHER,0.8189221374,0.177316089,30.976993941
2026-02-12 16:00:00.000 Z,2026-02-12 20:00:00.000 Z,BTC,REGIME_OOS,0,OTHER,0.7103742126,0.2836007013,30.746324306
2026-02-12 20:00:00.000 Z,2026-02-13 00:00:00.000 Z,BTC,REGIME_OOS,2,RANGE_CANDIDATE,0.6964252492,0.6964252492,30.532131074
2026-02-13 00:00:00.000 Z,2026-02-13 04:00:00.000 Z,BTC,REGIME_OOS,2,RANGE_CANDIDATE,0.9488276991,0.9488276991,29.983131521
2026-02-13 04:00:00.000 Z,2026-02-13 08:00:00.000 Z,BTC,REGIME_OOS,2,RANGE_CANDIDATE,0.9884731227,0.9884731227,29.473346221
2026-02-13 08:00:00.000 Z,2026-02-13 12:00:00.000 Z,BTC,REGIME_OOS,2,RANGE_CANDIDATE,0.9952088984,0.9952088984,28.349264668
2026-02-13 12:00:00.000 Z,2026-02-13 16:00:00.000 Z,BTC,REGIME_OOS,2,RANGE_CANDIDATE,0.9974251087,0.9974251087,27.035044273
2026-02-13 16:00:00.000 Z,2026-02-13 20:00:00.000 Z,BTC,REGIME_OOS,2,RANGE_CANDIDATE,0.9977594493,0.9977594493,25.920680095
2026-02-13 20:00:00.000 Z,2026-02-14 00:00:00.000 Z,BTC,REGIME_OOS,2,RANGE_CANDIDATE,0.998993254,0.998993254,24.885913358
2026-02-16 00:00:00.000 Z,2026-02-16 04:00:00.000 Z,BTC,REGIME_OOS,2,RANGE_CANDIDATE,0.996092711,0.996092711,22.146292238
2026-02-16 04:00:00.000 Z,2026-02-16 08:00:00.000 Z,BTC,REGIME_OOS,2,RANGE_CANDIDATE,0.9999012944,0.9999012944,20.837799876
2026-02-16 08:00:00.000 Z,2026-02-16 12:00:00.000 Z,BTC,REGIME_OOS,2,RANGE_CANDIDATE,0.9999475332,0.9999475332,19.805062399
2026-02-16 12:00:00.000 Z,2026-02-16 16:00:00.000 Z,BTC,REGIME_OOS,2,RANGE_CANDIDATE,0.9997676864,0.9997676864,19.042759765
2026-02-16 16:00:00.000 Z,2026-02-16 20:00:00.000 Z,BTC,REGIME_OOS,2,RANGE_CANDIDATE,0.9999351186,0.9999351186,18.334907319
2026-02-16 20:00:00.000 Z,2026-02-17 00:00:00.000 Z,BTC,REGIME_OOS,2,RANGE_CANDIDATE,0.9999682231,0.9999682231,17.198521793
2026-02-17 00:00:00.000 Z,2026-02-17 04:00:00.000 Z,BTC,REGIME_OOS,2,RANGE_CANDIDATE,0.9999711718,0.9999711718,16.309246029
2026-02-17 04:00:00.000 Z,2026-02-17 08:00:00.000 Z,BTC,REGIME_OOS,2,RANGE_CANDIDATE,0.999972814,0.999972814,15.280653875
2026-02-17 08:00:00.000 Z,2026-02-17 12:00:00.000 Z,BTC,REGIME_OOS,2,RANGE_CANDIDATE,0.9999615651,0.9999615651,14.577253855
2026-02-17 12:00:00.000 Z,2026-02-17 16:00:00.000 Z,BTC,REGIME_OOS,2,RANGE_CANDIDATE,0.9999646336,0.9999646336,14.892678865
2026-02-17 16:00:00.000 Z,2026-02-17 20:00:00.000 Z,BTC,REGIME_OOS,2,RANGE_CANDIDATE,0.9999702219,0.9999702219,15.185573516
2026-02-17 20:00:00.000 Z,2026-02-18 00:00:00.000 Z,BTC,REGIME_OOS,2,RANGE_CANDIDATE,0.9999660659,0.9999660659,15.457547121
2026-02-18 00:00:00.000 Z,2026-02-18 04:00:00.000 Z,BTC,REGIME_OOS,2,RANGE_CANDIDATE,0.999970658,0.999970658,16.173263081
2026-02-18 04:00:00.000 Z,2026-02-18 08:00:00.000 Z,BTC,REGIME_OOS,2,RANGE_CANDIDATE,0.9999672272,0.9999672272,16.113853224
2026-02-18 08:00:00.000 Z,2026-02-18 12:00:00.000 Z,BTC,REGIME_OOS,2,RANGE_CANDIDATE,0.9999632976,0.9999632976,16.486964985
2026-02-18 12:00:00.000 Z,2026-02-18 16:00:00.000 Z,BTC,REGIME_OOS,2,RANGE_CANDIDATE,0.999962946,0.999962946,17.186998646
2026-02-18 16:00:00.000 Z,2026-02-18 20:00:00.000 Z,BTC,REGIME_OOS,2,RANGE_CANDIDATE,0.9999536434,0.9999536434,18.479097963
2026-02-18 20:00:00.000 Z,2026-02-19 00:00:00.000 Z,BTC,REGIME_OOS,2,RANGE_CANDIDATE,0.9999584765,0.9999584765,19.678904472
2026-02-19 00:00:00.000 Z,2026-02-19 04:00:00.000 Z,BTC,REGIME_OOS,2,RANGE_CANDIDATE,0.9999640148,0.9999640148,20.097770406
2026-02-19 04:00:00.000 Z,2026-02-19 08:00:00.000 Z,BTC,REGIME_OOS,2,RANGE_CANDIDATE,0.9999582513,0.9999582513,20.009576148
2026-02-19 08:00:00.000 Z,2026-02-19 12:00:00.000 Z,BTC,REGIME_OOS,2,RANGE_CANDIDATE,0.9999619855,0.9999619855,20.187224459
2026-02-19 12:00:00.000 Z,2026-02-19 16:00:00.000 Z,BTC,REGIME_OOS,2,RANGE_CANDIDATE,0.9999568867,0.9999568867,21.059449222
2026-02-19 16:00:00.000 Z,2026-02-19 20:00:00.000 Z,BTC,REGIME_OOS,2,RANGE_CANDIDATE,0.9999526413,0.9999526413,21.212316506
2026-02-19 20:00:00.000 Z,2026-02-20 00:00:00.000 Z,BTC,REGIME_OOS,2,RANGE_CANDIDATE,0.9999590934,0.9999590934,21.354264699
2026-02-20 00:00:00.000 Z,2026-02-20 04:00:00.000 Z,BTC,REGIME_OOS,2,RANGE_CANDIDATE,0.999954659,0.999954659,20.919544964
2026-02-20 04:00:00.000 Z,2026-02-20 08:00:00.000 Z,BTC,REGIME_OOS,2,RANGE_CANDIDATE,0.999958654,0.999958654,19.840210839
2026-02-20 08:00:00.000 Z,2026-02-20 12:00:00.000 Z,BTC,REGIME_OOS,2,RANGE_CANDIDATE,0.9999548247,0.9999548247,18.456166842
2026-02-20 12:00:00.000 Z,2026-02-20 16:00:00.000 Z,BTC,REGIME_OOS,2,RANGE_CANDIDATE,0.9999482439,0.9999482439,18.09997018
2026-02-20 16:00:00.000 Z,2026-02-20 20:00:00.000 Z,BTC,REGIME_OOS,2,RANGE_CANDIDATE,0.9999570138,0.9999570138,17.769216138
2026-02-20 20:00:00.000 Z,2026-02-21 00:00:00.000 Z,BTC,REGIME_OOS,2,RANGE_CANDIDATE,0.999959671,0.999959671,17.462087384
2026-02-23 00:00:00.000 Z,2026-02-23 04:00:00.000 Z,BTC,REGIME_OOS,2,RANGE_CANDIDATE,0.9947890355,0.9947890355,19.733743092
2026-02-23 04:00:00.000 Z,2026-02-23 08:00:00.000 Z,BTC,REGIME_OOS,2,RANGE_CANDIDATE,0.9998368749,0.9998368749,21.876357308
2026-02-23 08:00:00.000 Z,2026-02-23 12:00:00.000 Z,BTC,REGIME_OOS,2,RANGE_CANDIDATE,0.9999059355,0.9999059355,23.07452204
2026-02-23 12:00:00.000 Z,2026-02-23 16:00:00.000 Z,BTC,REGIME_OOS,2,RANGE_CANDIDATE,0.9997555685,0.9997555685,24.237315413
2026-02-23 16:00:00.000 Z,2026-02-23 20:00:00.000 Z,BTC,REGIME_OOS,2,RANGE_CANDIDATE,0.9932005959,0.9932005959,26.141984787
2026-02-23 20:00:00.000 Z,2026-02-24 00:00:00.000 Z,BTC,REGIME_OOS,2,RANGE_CANDIDATE,0.9964326156,0.9964326156,27.961727612
2026-02-24 00:00:00.000 Z,2026-02-24 04:00:00.000 Z,BTC,REGIME_OOS,2,RANGE_CANDIDATE,0.9910907245,0.9910907245,29.898756871
2026-02-24 04:00:00.000 Z,2026-02-24 08:00:00.000 Z,BTC,REGIME_OOS,2,RANGE_CANDIDATE,0.9268095888,0.9268095888,31.985022486
2026-02-24 08:00:00.000 Z,2026-02-24 12:00:00.000 Z,BTC,REGIME_OOS,2,RANGE_CANDIDATE,0.6908483167,0.6908483167,33.922269128
2026-02-24 12:00:00.000 Z,2026-02-24 16:00:00.000 Z,BTC,REGIME_OOS,2,RANGE_CANDIDATE,0.49952852,0.49952852,34.72170609
2026-02-24 16:00:00.000 Z,2026-02-24 20:00:00.000 Z,BTC,REGIME_OOS,2,RANGE_CANDIDATE,0.5552679978,0.5552679978,34.522718706
2026-02-24 20:00:00.000 Z,2026-02-25 00:00:00.000 Z,BTC,REGIME_OOS,0,OTHER,0.5678815069,0.4309586408,34.337944706
2026-02-25 00:00:00.000 Z,2026-02-25 04:00:00.000 Z,BTC,REGIME_OOS,2,RANGE_CANDIDATE,0.5729882331,0.5729882331,32.176895266
2026-02-25 04:00:00.000 Z,2026-02-25 08:00:00.000 Z,BTC,REGIME_OOS,2,RANGE_CANDIDATE,0.85677854,0.85677854,30.170206501
2026-02-25 08:00:00.000 Z,2026-02-25 12:00:00.000 Z,BTC,REGIME_OOS,2,RANGE_CANDIDATE,0.9755543557,0.9755543557,28.264639437
2026-02-25 12:00:00.000 Z,2026-02-25 16:00:00.000 Z,BTC,REGIME_OOS,2,RANGE_CANDIDATE,0.9889100879,0.9889100879,27.687146725
2026-02-25 16:00:00.000 Z,2026-02-25 20:00:00.000 Z,BTC,REGIME_OOS,2,RANGE_CANDIDATE,0.9158163429,0.9158163429,28.291689509
2026-02-25 20:00:00.000 Z,2026-02-26 00:00:00.000 Z,BTC,REGIME_OOS,2,RANGE_CANDIDATE,0.9442470732,0.9442470732,29.055641905
2026-02-26 00:00:00.000 Z,2026-02-26 04:00:00.000 Z,BTC,REGIME_OOS,2,RANGE_CANDIDATE,0.9771727951,0.9771727951,29.765026273
2026-02-26 04:00:00.000 Z,2026-02-26 08:00:00.000 Z,BTC,REGIME_OOS,2,RANGE_CANDIDATE,0.9746050676,0.9746050676,30.475936018
2026-02-26 08:00:00.000 Z,2026-02-26 12:00:00.000 Z,BTC,REGIME_OOS,2,RANGE_CANDIDATE,0.9654963859,0.9654963859,31.0721185
2026-02-26 12:00:00.000 Z,2026-02-26 16:00:00.000 Z,BTC,REGIME_OOS,2,RANGE_CANDIDATE,0.9895328552,0.9895328552,30.375873503
2026-02-26 16:00:00.000 Z,2026-02-26 20:00:00.000 Z,BTC,REGIME_OOS,2,RANGE_CANDIDATE,0.9906452103,0.9906452103,29.472662331
2026-02-26 20:00:00.000 Z,2026-02-27 00:00:00.000 Z,BTC,REGIME_OOS,2,RANGE_CANDIDATE,0.9936087615,0.9936087615,28.633966243
2026-02-27 00:00:00.000 Z,2026-02-27 04:00:00.000 Z,BTC,REGIME_OOS,2,RANGE_CANDIDATE,0.9961572421,0.9961572421,27.507519917
2026-02-27 04:00:00.000 Z,2026-02-27 08:00:00.000 Z,BTC,REGIME_OOS,2,RANGE_CANDIDATE,0.9973030668,0.9973030668,26.926534745
2026-02-27 08:00:00.000 Z,2026-02-27 12:00:00.000 Z,BTC,REGIME_OOS,2,RANGE_CANDIDATE,0.9972786079,0.9972786079,25.256439893
2026-02-27 12:00:00.000 Z,2026-02-27 16:00:00.000 Z,BTC,REGIME_OOS,2,RANGE_CANDIDATE,0.9992225305,0.9992225305,23.940759314
2026-03-02 00:00:00.000 Z,2026-03-02 04:00:00.000 Z,BTC,REGIME_OOS,2,RANGE_CANDIDATE,0.9984248853,0.9984248853,21.753524707
2026-03-02 04:00:00.000 Z,2026-03-02 08:00:00.000 Z,BTC,REGIME_OOS,2,RANGE_CANDIDATE,0.9998165359,0.9998165359,20.481021863
2026-03-02 08:00:00.000 Z,2026-03-02 12:00:00.000 Z,BTC,REGIME_OOS,2,RANGE_CANDIDATE,0.9999344241,0.9999344241,19.299412079
2026-03-02 12:00:00.000 Z,2026-03-02 16:00:00.000 Z,BTC,REGIME_OOS,2,RANGE_CANDIDATE,0.996276905,0.996276905,19.82261638
2026-03-02 16:00:00.000 Z,2026-03-02 20:00:00.000 Z,BTC,REGIME_OOS,2,RANGE_CANDIDATE,0.9945416948,0.9945416948,20.55707718
2026-03-02 20:00:00.000 Z,2026-03-03 00:00:00.000 Z,BTC,REGIME_OOS,2,RANGE_CANDIDATE,0.9783463219,0.9783463219,21.223620837
2026-03-03 00:00:00.000 Z,2026-03-03 04:00:00.000 Z,BTC,REGIME_OOS,2,RANGE_CANDIDATE,0.996545959,0.996545959,21.439864745
2026-03-03 04:00:00.000 Z,2026-03-03 08:00:00.000 Z,BTC,REGIME_OOS,2,RANGE_CANDIDATE,0.9903874354,0.9903874354,21.150734595
2026-03-03 08:00:00.000 Z,2026-03-03 12:00:00.000 Z,BTC,REGIME_OOS,2,RANGE_CANDIDATE,0.9981876281,0.9981876281,19.700651708
2026-03-03 12:00:00.000 Z,2026-03-03 16:00:00.000 Z,BTC,REGIME_OOS,2,RANGE_CANDIDATE,0.997441677,0.997441677,18.469151065
2026-03-03 16:00:00.000 Z,2026-03-03 20:00:00.000 Z,BTC,REGIME_OOS,2,RANGE_CANDIDATE,0.9978790629,0.9978790629,17.858840414
2026-03-03 20:00:00.000 Z,2026-03-04 00:00:00.000 Z,BTC,REGIME_OOS,2,RANGE_CANDIDATE,0.9989725353,0.9989725353,17.29212338
2026-03-04 00:00:00.000 Z,2026-03-04 04:00:00.000 Z,BTC,REGIME_OOS,2,RANGE_CANDIDATE,0.9991267598,0.9991267598,16.446342082
2026-03-04 04:00:00.000 Z,2026-03-04 08:00:00.000 Z,BTC,REGIME_OOS,2,RANGE_CANDIDATE,0.9970114384,0.9970114384,16.205243949
2026-03-04 08:00:00.000 Z,2026-03-04 12:00:00.000 Z,BTC,REGIME_OOS,2,RANGE_CANDIDATE,0.6254939178,0.6254939178,17.414235924
2026-03-04 12:00:00.000 Z,2026-03-04 16:00:00.000 Z,BTC,REGIME_OOS,1,OTHER,0.9997499679,0.0001526005271,19.228511568
2026-03-04 16:00:00.000 Z,2026-03-04 20:00:00.000 Z,BTC,REGIME_OOS,1,OTHER,0.9998623013,4.410103855e-05,21.102001757
2026-03-04 20:00:00.000 Z,2026-03-05 00:00:00.000 Z,BTC,REGIME_OOS,1,OTHER,0.9987989658,0.0008449487342,22.39100573
2026-03-05 00:00:00.000 Z,2026-03-05 04:00:00.000 Z,BTC,REGIME_OOS,1,OTHER,0.9997403344,0.0001108649901,23.58793799
2026-03-05 04:00:00.000 Z,2026-03-05 08:00:00.000 Z,BTC,REGIME_OOS,1,OTHER,0.9979619663,0.001858860838,24.111357855
2026-03-05 08:00:00.000 Z,2026-03-05 12:00:00.000 Z,BTC,REGIME_OOS,1,OTHER,0.9994739286,0.0004463076499,24.849051956
2026-03-05 12:00:00.000 Z,2026-03-05 16:00:00.000 Z,BTC,REGIME_OOS,1,OTHER,0.9951467339,0.004508344901,24.8851217
2026-03-05 16:00:00.000 Z,2026-03-05 20:00:00.000 Z,BTC,REGIME_OOS,1,OTHER,0.9928797941,0.006716735349,24.405136624
2026-03-05 20:00:00.000 Z,2026-03-06 00:00:00.000 Z,BTC,REGIME_OOS,1,OTHER,0.9854581789,0.01417707554,23.959436197
2026-03-06 00:00:00.000 Z,2026-03-06 04:00:00.000 Z,BTC,REGIME_OOS,1,OTHER,0.9855415102,0.01420801666,23.122008109
2026-03-06 04:00:00.000 Z,2026-03-06 08:00:00.000 Z,BTC,REGIME_OOS,1,OTHER,0.9712082548,0.02850850517,22.068771662
2026-03-06 08:00:00.000 Z,2026-03-06 12:00:00.000 Z,BTC,REGIME_OOS,1,OTHER,0.9352086568,0.06398265669,21.09076639
2026-03-06 12:00:00.000 Z,2026-03-06 16:00:00.000 Z,BTC,REGIME_OOS,1,OTHER,0.9231863474,0.07561986312,20.738488819
2026-03-06 16:00:00.000 Z,2026-03-06 20:00:00.000 Z,BTC,REGIME_OOS,1,OTHER,0.7979598338,0.2008419762,20.718092945
2026-03-06 20:00:00.000 Z,2026-03-07 00:00:00.000 Z,BTC,REGIME_OOS,1,OTHER,0.62784488,0.3711136157,20.699153919
2026-03-09 00:00:00.000 Z,2026-03-09 04:00:00.000 Z,BTC,REGIME_OOS,2,RANGE_CANDIDATE,0.5082082844,0.5082082844,22.41773075
2026-03-09 04:00:00.000 Z,2026-03-09 08:00:00.000 Z,BTC,REGIME_OOS,2,RANGE_CANDIDATE,0.6274964631,0.6274964631,22.443077223
2026-03-09 08:00:00.000 Z,2026-03-09 12:00:00.000 Z,BTC,REGIME_OOS,2,RANGE_CANDIDATE,0.8591196313,0.8591196313,22.080943447
2026-03-09 12:00:00.000 Z,2026-03-09 16:00:00.000 Z,BTC,REGIME_OOS,2,RANGE_CANDIDATE,0.9570070926,0.9570070926,20.841639829
2026-03-09 16:00:00.000 Z,2026-03-09 20:00:00.000 Z,BTC,REGIME_OOS,2,RANGE_CANDIDATE,0.9925813975,0.9925813975,19.625011939
2026-03-09 20:00:00.000 Z,2026-03-10 00:00:00.000 Z,BTC,REGIME_OOS,2,RANGE_CANDIDATE,0.9962068036,0.9962068036,18.495286042
2026-03-10 00:00:00.000 Z,2026-03-10 04:00:00.000 Z,BTC,REGIME_OOS,2,RANGE_CANDIDATE,0.9974837975,0.9974837975,18.046364507
2026-03-10 04:00:00.000 Z,2026-03-10 08:00:00.000 Z,BTC,REGIME_OOS,2,RANGE_CANDIDATE,0.9919851352,0.9919851352,17.629508795
2026-03-10 08:00:00.000 Z,2026-03-10 12:00:00.000 Z,BTC,REGIME_OOS,2,RANGE_CANDIDATE,0.9966421769,0.9966421769,17.800126007
2026-03-10 12:00:00.000 Z,2026-03-10 16:00:00.000 Z,BTC,REGIME_OOS,2,RANGE_CANDIDATE,0.9986938083,0.9986938083,16.861582106
2026-03-10 16:00:00.000 Z,2026-03-10 20:00:00.000 Z,BTC,REGIME_OOS,2,RANGE_CANDIDATE,0.9997678192,0.9997678192,15.990077056
2026-03-10 20:00:00.000 Z,2026-03-11 00:00:00.000 Z,BTC,REGIME_OOS,2,RANGE_CANDIDATE,0.9996854745,0.9996854745,14.951348066
2026-03-11 00:00:00.000 Z,2026-03-11 04:00:00.000 Z,BTC,REGIME_OOS,2,RANGE_CANDIDATE,0.9999112702,0.9999112702,13.986814004
2026-03-11 04:00:00.000 Z,2026-03-11 08:00:00.000 Z,BTC,REGIME_OOS,2,RANGE_CANDIDATE,0.999915681,0.999915681,13.003732319
2026-03-11 08:00:00.000 Z,2026-03-11 12:00:00.000 Z,BTC,REGIME_OOS,2,RANGE_CANDIDATE,0.9996287114,0.9996287114,12.364485223
2026-03-11 12:00:00.000 Z,2026-03-11 16:00:00.000 Z,BTC,REGIME_OOS,2,RANGE_CANDIDATE,0.9998483422,0.9998483422,12.492212765
2026-03-11 16:00:00.000 Z,2026-03-11 20:00:00.000 Z,BTC,REGIME_OOS,2,RANGE_CANDIDATE,0.9999299248,0.9999299248,12.812525584
2026-03-11 20:00:00.000 Z,2026-03-12 00:00:00.000 Z,BTC,REGIME_OOS,2,RANGE_CANDIDATE,0.9999295455,0.9999295455,13.027894872
2026-03-12 00:00:00.000 Z,2026-03-12 04:00:00.000 Z,BTC,REGIME_OOS,2,RANGE_CANDIDATE,0.9999127698,0.9999127698,12.203709657
2026-03-12 04:00:00.000 Z,2026-03-12 08:00:00.000 Z,BTC,REGIME_OOS,2,RANGE_CANDIDATE,0.9999185147,0.9999185147,11.438394814
2026-03-12 08:00:00.000 Z,2026-03-12 12:00:00.000 Z,BTC,REGIME_OOS,2,RANGE_CANDIDATE,0.9999530101,0.9999530101,11.692655853
2026-03-12 12:00:00.000 Z,2026-03-12 16:00:00.000 Z,BTC,REGIME_OOS,2,RANGE_CANDIDATE,0.9999668563,0.9999668563,11.684269225
2026-03-12 16:00:00.000 Z,2026-03-12 20:00:00.000 Z,BTC,REGIME_OOS,2,RANGE_CANDIDATE,0.9999639838,0.9999639838,11.676481643
2026-03-12 20:00:00.000 Z,2026-03-13 00:00:00.000 Z,BTC,REGIME_OOS,2,RANGE_CANDIDATE,0.9999615569,0.9999615569,11.822614782
2026-03-13 00:00:00.000 Z,2026-03-13 04:00:00.000 Z,BTC,REGIME_OOS,2,RANGE_CANDIDATE,0.999924678,0.999924678,13.077259044
2026-03-13 04:00:00.000 Z,2026-03-13 08:00:00.000 Z,BTC,REGIME_OOS,2,RANGE_CANDIDATE,0.9998980765,0.9998980765,14.24228586
2026-03-13 08:00:00.000 Z,2026-03-13 12:00:00.000 Z,BTC,REGIME_OOS,2,RANGE_CANDIDATE,0.9995766808,0.9995766808,15.983980826
2026-03-13 12:00:00.000 Z,2026-03-13 16:00:00.000 Z,BTC,REGIME_OOS,2,RANGE_CANDIDATE,0.9997048513,0.9997048513,18.341326683
2026-03-13 16:00:00.000 Z,2026-03-13 20:00:00.000 Z,BTC,REGIME_OOS,2,RANGE_CANDIDATE,0.9998758735,0.9998758735,19.338451024
2026-03-13 20:00:00.000 Z,2026-03-14 00:00:00.000 Z,BTC,REGIME_OOS,2,RANGE_CANDIDATE,0.9985266141,0.9985266141,20.264352197
2026-03-16 04:00:00.000 Z,2026-03-16 08:00:00.000 Z,BTC,REGIME_OOS,2,RANGE_CANDIDATE,0.9250667006,0.9250667006,24.636075322
2026-03-16 08:00:00.000 Z,2026-03-16 12:00:00.000 Z,BTC,REGIME_OOS,2,RANGE_CANDIDATE,0.9794496434,0.9794496434,26.045778056
2026-03-16 12:00:00.000 Z,2026-03-16 16:00:00.000 Z,BTC,REGIME_OOS,2,RANGE_CANDIDATE,0.9952825901,0.9952825901,27.669461127
2026-03-16 16:00:00.000 Z,2026-03-16 20:00:00.000 Z,BTC,REGIME_OOS,2,RANGE_CANDIDATE,0.9720972089,0.9720972089,29.177166837
2026-03-16 20:00:00.000 Z,2026-03-17 00:00:00.000 Z,BTC,REGIME_OOS,1,OTHER,0.5448124686,0.4540396633,30.808991209
2026-03-17 00:00:00.000 Z,2026-03-17 04:00:00.000 Z,BTC,REGIME_OOS,1,OTHER,0.6338958774,0.3656488505,32.737415553
2026-03-17 04:00:00.000 Z,2026-03-17 08:00:00.000 Z,BTC,REGIME_OOS,1,OTHER,0.6227213699,0.3766460942,33.963149416
2026-03-17 08:00:00.000 Z,2026-03-17 12:00:00.000 Z,BTC,REGIME_OOS,1,OTHER,0.5722218457,0.4271418737,34.307735233
2026-03-17 12:00:00.000 Z,2026-03-17 16:00:00.000 Z,BTC,REGIME_OOS,2,RANGE_CANDIDATE,0.5256303863,0.5256303863,34.865239318
2026-03-17 16:00:00.000 Z,2026-03-17 20:00:00.000 Z,BTC,REGIME_OOS,1,OTHER,0.8239454467,0.1756312796,35.382921682
2026-03-17 20:00:00.000 Z,2026-03-18 00:00:00.000 Z,BTC,REGIME_OOS,1,OTHER,0.9172809029,0.08230177074,35.816718884
2026-03-18 00:00:00.000 Z,2026-03-18 04:00:00.000 Z,BTC,REGIME_OOS,1,OTHER,0.9816668464,0.01819163199,35.695127448
2026-03-18 04:00:00.000 Z,2026-03-18 08:00:00.000 Z,BTC,REGIME_OOS,1,OTHER,0.9734194202,0.02638178142,35.582221114
2026-03-18 08:00:00.000 Z,2026-03-18 12:00:00.000 Z,BTC,REGIME_OOS,1,OTHER,0.9253641346,0.07435281658,34.071652388
2026-03-18 12:00:00.000 Z,2026-03-18 16:00:00.000 Z,BTC,REGIME_OOS,2,RANGE_CANDIDATE,0.51049716,0.51049716,32.260318856
2026-03-18 16:00:00.000 Z,2026-03-18 20:00:00.000 Z,BTC,REGIME_OOS,2,RANGE_CANDIDATE,0.9260195147,0.9260195147,30.578366292
2026-03-18 20:00:00.000 Z,2026-03-19 00:00:00.000 Z,BTC,REGIME_OOS,2,RANGE_CANDIDATE,0.9935636466,0.9935636466,29.36518994
2026-03-19 00:00:00.000 Z,2026-03-19 04:00:00.000 Z,BTC,REGIME_OOS,2,RANGE_CANDIDATE,0.9965786431,0.9965786431,27.871334026
2026-03-19 04:00:00.000 Z,2026-03-19 08:00:00.000 Z,BTC,REGIME_OOS,2,RANGE_CANDIDATE,0.9980734474,0.9980734474,27.583049773
2026-03-19 08:00:00.000 Z,2026-03-19 12:00:00.000 Z,BTC,REGIME_OOS,2,RANGE_CANDIDATE,0.998939667,0.998939667,27.315357252
2026-03-19 12:00:00.000 Z,2026-03-19 16:00:00.000 Z,BTC,REGIME_OOS,2,RANGE_CANDIDATE,0.99897876,0.99897876,27.80605697
2026-03-19 16:00:00.000 Z,2026-03-19 20:00:00.000 Z,BTC,REGIME_OOS,2,RANGE_CANDIDATE,0.9991213318,0.9991213318,27.734895476
2026-03-19 20:00:00.000 Z,2026-03-20 00:00:00.000 Z,BTC,REGIME_OOS,2,RANGE_CANDIDATE,0.9989201134,0.9989201134,27.668816946
2026-03-20 00:00:00.000 Z,2026-03-20 04:00:00.000 Z,BTC,REGIME_OOS,2,RANGE_CANDIDATE,0.9991803447,0.9991803447,27.33059476
2026-03-20 04:00:00.000 Z,2026-03-20 08:00:00.000 Z,BTC,REGIME_OOS,2,RANGE_CANDIDATE,0.9994487259,0.9994487259,26.819956429
2026-03-20 08:00:00.000 Z,2026-03-20 12:00:00.000 Z,BTC,REGIME_OOS,2,RANGE_CANDIDATE,0.9995964832,0.9995964832,25.846321508
2026-03-20 12:00:00.000 Z,2026-03-20 16:00:00.000 Z,BTC,REGIME_OOS,2,RANGE_CANDIDATE,0.999637975,0.999637975,25.556902918
2026-03-20 16:00:00.000 Z,2026-03-20 20:00:00.000 Z,BTC,REGIME_OOS,2,RANGE_CANDIDATE,0.9997736451,0.9997736451,25.361717392
2026-03-20 20:00:00.000 Z,2026-03-21 00:00:00.000 Z,BTC,REGIME_OOS,2,RANGE_CANDIDATE,0.9998062461,0.9998062461,25.111894189
2026-03-23 00:00:00.000 Z,2026-03-23 04:00:00.000 Z,BTC,REGIME_OOS,2,RANGE_CANDIDATE,0.8696979412,0.8696979412,27.354248947
2026-03-23 04:00:00.000 Z,2026-03-23 08:00:00.000 Z,BTC,REGIME_OOS,2,RANGE_CANDIDATE,0.9661817684,0.9661817684,27.872839338
2026-03-23 08:00:00.000 Z,2026-03-23 12:00:00.000 Z,BTC,REGIME_OOS,2,RANGE_CANDIDATE,0.9991162253,0.9991162253,26.063189062
2026-03-23 12:00:00.000 Z,2026-03-23 16:00:00.000 Z,BTC,REGIME_OOS,2,RANGE_CANDIDATE,0.99934444,0.99934444,24.572675776
2026-03-23 16:00:00.000 Z,2026-03-23 20:00:00.000 Z,BTC,REGIME_OOS,2,RANGE_CANDIDATE,0.9993417641,0.9993417641,23.188627725
2026-03-23 20:00:00.000 Z,2026-03-24 00:00:00.000 Z,BTC,REGIME_OOS,2,RANGE_CANDIDATE,0.998939769,0.998939769,21.903440249
2026-03-24 00:00:00.000 Z,2026-03-24 04:00:00.000 Z,BTC,REGIME_OOS,2,RANGE_CANDIDATE,0.9993433346,0.9993433346,20.549727089
2026-03-24 04:00:00.000 Z,2026-03-24 08:00:00.000 Z,BTC,REGIME_OOS,2,RANGE_CANDIDATE,0.9994650802,0.9994650802,19.624468077
2026-03-24 08:00:00.000 Z,2026-03-24 12:00:00.000 Z,BTC,REGIME_OOS,2,RANGE_CANDIDATE,0.9998003108,0.9998003108,18.765298995
2026-03-24 12:00:00.000 Z,2026-03-24 16:00:00.000 Z,BTC,REGIME_OOS,2,RANGE_CANDIDATE,0.999371215,0.999371215,18.270483011
2026-03-24 16:00:00.000 Z,2026-03-24 20:00:00.000 Z,BTC,REGIME_OOS,2,RANGE_CANDIDATE,0.9992799499,0.9992799499,18.279982556
2026-03-24 20:00:00.000 Z,2026-03-25 00:00:00.000 Z,BTC,REGIME_OOS,2,RANGE_CANDIDATE,0.9996278297,0.9996278297,17.331603478
2026-03-25 00:00:00.000 Z,2026-03-25 04:00:00.000 Z,BTC,REGIME_OOS,2,RANGE_CANDIDATE,0.9998226829,0.9998226829,16.280108883
2026-03-25 04:00:00.000 Z,2026-03-25 08:00:00.000 Z,BTC,REGIME_OOS,2,RANGE_CANDIDATE,0.9999031359,0.9999031359,15.231297036
2026-03-25 08:00:00.000 Z,2026-03-25 12:00:00.000 Z,BTC,REGIME_OOS,2,RANGE_CANDIDATE,0.9999493564,0.9999493564,14.912570109
2026-03-25 12:00:00.000 Z,2026-03-25 16:00:00.000 Z,BTC,REGIME_OOS,2,RANGE_CANDIDATE,0.9999460777,0.9999460777,14.299823822
2026-03-25 16:00:00.000 Z,2026-03-25 20:00:00.000 Z,BTC,REGIME_OOS,2,RANGE_CANDIDATE,0.9999383466,0.9999383466,13.730845126
2026-03-25 20:00:00.000 Z,2026-03-26 00:00:00.000 Z,BTC,REGIME_OOS,2,RANGE_CANDIDATE,0.9999528947,0.9999528947,13.154985098
2026-03-26 00:00:00.000 Z,2026-03-26 04:00:00.000 Z,BTC,REGIME_OOS,2,RANGE_CANDIDATE,0.999957279,0.999957279,12.620257928
2026-03-26 04:00:00.000 Z,2026-03-26 08:00:00.000 Z,BTC,REGIME_OOS,2,RANGE_CANDIDATE,0.9999581531,0.9999581531,12.322271563
2026-03-26 08:00:00.000 Z,2026-03-26 12:00:00.000 Z,BTC,REGIME_OOS,2,RANGE_CANDIDATE,0.9999234918,0.9999234918,12.625583705
2026-03-26 12:00:00.000 Z,2026-03-26 16:00:00.000 Z,BTC,REGIME_OOS,2,RANGE_CANDIDATE,0.999935376,0.999935376,13.410280848
2026-03-26 16:00:00.000 Z,2026-03-26 20:00:00.000 Z,BTC,REGIME_OOS,2,RANGE_CANDIDATE,0.9999179632,0.9999179632,14.597362539
2026-03-26 20:00:00.000 Z,2026-03-27 00:00:00.000 Z,BTC,REGIME_OOS,2,RANGE_CANDIDATE,0.9998937107,0.9998937107,15.451358051
2026-03-27 00:00:00.000 Z,2026-03-27 04:00:00.000 Z,BTC,REGIME_OOS,2,RANGE_CANDIDATE,0.9999093276,0.9999093276,16.244353884
2026-03-27 04:00:00.000 Z,2026-03-27 08:00:00.000 Z,BTC,REGIME_OOS,2,RANGE_CANDIDATE,0.9999385894,0.9999385894,17.26999787
2026-03-27 08:00:00.000 Z,2026-03-27 12:00:00.000 Z,BTC,REGIME_OOS,2,RANGE_CANDIDATE,0.9996035413,0.9996035413,19.494330923
2026-03-27 12:00:00.000 Z,2026-03-27 16:00:00.000 Z,BTC,REGIME_OOS,2,RANGE_CANDIDATE,0.9983129067,0.9983129067,21.962132623
2026-03-30 00:00:00.000 Z,2026-03-30 04:00:00.000 Z,BTC,REGIME_OOS,2,RANGE_CANDIDATE,0.9938775255,0.9938775255,25.825628338
2026-03-30 04:00:00.000 Z,2026-03-30 08:00:00.000 Z,BTC,REGIME_OOS,2,RANGE_CANDIDATE,0.9993253706,0.9993253706,26.609267641
2026-03-30 08:00:00.000 Z,2026-03-30 12:00:00.000 Z,BTC,REGIME_OOS,2,RANGE_CANDIDATE,0.9993324254,0.9993324254,27.026041378
2026-03-30 12:00:00.000 Z,2026-03-30 16:00:00.000 Z,BTC,REGIME_OOS,2,RANGE_CANDIDATE,0.9984315214,0.9984315214,27.617138697
2026-03-30 16:00:00.000 Z,2026-03-30 20:00:00.000 Z,BTC,REGIME_OOS,2,RANGE_CANDIDATE,0.996395603,0.996395603,28.727197295
2026-03-30 20:00:00.000 Z,2026-03-31 00:00:00.000 Z,BTC,REGIME_OOS,2,RANGE_CANDIDATE,0.994339562,0.994339562,29.757965992
2026-03-31 00:00:00.000 Z,2026-03-31 04:00:00.000 Z,BTC,REGIME_OOS,2,RANGE_CANDIDATE,0.9978792078,0.9978792078,28.677464664
2026-03-31 04:00:00.000 Z,2026-03-31 08:00:00.000 Z,BTC,REGIME_OOS,2,RANGE_CANDIDATE,0.9987232735,0.9987232735,27.674142001
2026-03-31 08:00:00.000 Z,2026-03-31 12:00:00.000 Z,BTC,REGIME_OOS,2,RANGE_CANDIDATE,0.9963480429,0.9963480429,27.632557018
2026-03-31 12:00:00.000 Z,2026-03-31 16:00:00.000 Z,BTC,REGIME_OOS,2,RANGE_CANDIDATE,0.9972283046,0.9972283046,27.219200955
2026-03-31 16:00:00.000 Z,2026-03-31 20:00:00.000 Z,BTC,REGIME_OOS,2,RANGE_CANDIDATE,0.9994808943,0.9994808943,25.937585027
2026-03-31 20:00:00.000 Z,2026-04-01 00:00:00.000 Z,BTC,REGIME_OOS,2,RANGE_CANDIDATE,0.9997130105,0.9997130105,24.747513093
2026-04-01 00:00:00.000 Z,2026-04-01 04:00:00.000 Z,BTC,REGIME_OOS,2,RANGE_CANDIDATE,0.9996789978,0.9996789978,23.885088362
2026-04-01 04:00:00.000 Z,2026-04-01 08:00:00.000 Z,BTC,REGIME_OOS,2,RANGE_CANDIDATE,0.9997744679,0.9997744679,22.359644565
2026-04-01 08:00:00.000 Z,2026-04-01 12:00:00.000 Z,BTC,REGIME_OOS,2,RANGE_CANDIDATE,0.9997364213,0.9997364213,20.943161039
2026-04-01 12:00:00.000 Z,2026-04-01 16:00:00.000 Z,BTC,REGIME_OOS,2,RANGE_CANDIDATE,0.9996928908,0.9996928908,19.776294748
2026-04-01 16:00:00.000 Z,2026-04-01 20:00:00.000 Z,BTC,REGIME_OOS,2,RANGE_CANDIDATE,0.9998627087,0.9998627087,18.503400298
2026-04-01 20:00:00.000 Z,2026-04-02 00:00:00.000 Z,BTC,REGIME_OOS,2,RANGE_CANDIDATE,0.9998825177,0.9998825177,17.321426881
2026-04-02 00:00:00.000 Z,2026-04-02 04:00:00.000 Z,BTC,REGIME_OOS,2,RANGE_CANDIDATE,0.9993310946,0.9993310946,17.673776959
2026-04-02 04:00:00.000 Z,2026-04-02 08:00:00.000 Z,BTC,REGIME_OOS,2,RANGE_CANDIDATE,0.9995918283,0.9995918283,18.232754271
2026-04-02 08:00:00.000 Z,2026-04-02 12:00:00.000 Z,BTC,REGIME_OOS,2,RANGE_CANDIDATE,0.9993707134,0.9993707134,18.811932569
2026-04-02 12:00:00.000 Z,2026-04-02 16:00:00.000 Z,BTC,REGIME_OOS,2,RANGE_CANDIDATE,0.9998137504,0.9998137504,19.707733119
2026-04-02 16:00:00.000 Z,2026-04-02 20:00:00.000 Z,BTC,REGIME_OOS,2,RANGE_CANDIDATE,0.9998909007,0.9998909007,20.033655785
2026-04-02 20:00:00.000 Z,2026-04-03 00:00:00.000 Z,BTC,REGIME_OOS,2,RANGE_CANDIDATE,0.9999164544,0.9999164544,20.33629826
2026-04-03 00:00:00.000 Z,2026-04-03 04:00:00.000 Z,BTC,REGIME_OOS,2,RANGE_CANDIDATE,0.9999086705,0.9999086705,21.052766029
2026-04-03 04:00:00.000 Z,2026-04-03 08:00:00.000 Z,BTC,REGIME_OOS,2,RANGE_CANDIDATE,0.9999310254,0.9999310254,21.271062053
2026-04-03 08:00:00.000 Z,2026-04-03 12:00:00.000 Z,BTC,REGIME_OOS,2,RANGE_CANDIDATE,0.9999283773,0.9999283773,21.417841484
2026-04-03 12:00:00.000 Z,2026-04-03 16:00:00.000 Z,BTC,REGIME_OOS,2,RANGE_CANDIDATE,0.9999508021,0.9999508021,21.753874363
2026-04-06 00:00:00.000 Z,2026-04-06 04:00:00.000 Z,BTC,REGIME_OOS,2,RANGE_CANDIDATE,0.9977088165,0.9977088165,20.318071477
2026-04-06 04:00:00.000 Z,2026-04-06 08:00:00.000 Z,BTC,REGIME_OOS,2,RANGE_CANDIDATE,0.9998600493,0.9998600493,19.827456922
2026-04-06 08:00:00.000 Z,2026-04-06 12:00:00.000 Z,BTC,REGIME_OOS,2,RANGE_CANDIDATE,0.9998624645,0.9998624645,20.235029194
2026-04-06 12:00:00.000 Z,2026-04-06 16:00:00.000 Z,BTC,REGIME_OOS,2,RANGE_CANDIDATE,0.9997065005,0.9997065005,20.613489161
2026-04-06 16:00:00.000 Z,2026-04-06 20:00:00.000 Z,BTC,REGIME_OOS,2,RANGE_CANDIDATE,0.9997510006,0.9997510006,21.259206412
2026-04-06 20:00:00.000 Z,2026-04-07 00:00:00.000 Z,BTC,REGIME_OOS,2,RANGE_CANDIDATE,0.9999235969,0.9999235969,20.543018377
2026-04-07 00:00:00.000 Z,2026-04-07 04:00:00.000 Z,BTC,REGIME_OOS,2,RANGE_CANDIDATE,0.9999417277,0.9999417277,19.807857736
2026-04-07 04:00:00.000 Z,2026-04-07 08:00:00.000 Z,BTC,REGIME_OOS,2,RANGE_CANDIDATE,0.9999631721,0.9999631721,19.125208569
2026-04-07 08:00:00.000 Z,2026-04-07 12:00:00.000 Z,BTC,REGIME_OOS,2,RANGE_CANDIDATE,0.9999610587,0.9999610587,17.926658087
2026-04-07 12:00:00.000 Z,2026-04-07 16:00:00.000 Z,BTC,REGIME_OOS,2,RANGE_CANDIDATE,0.9999484603,0.9999484603,16.949514686
2026-04-07 16:00:00.000 Z,2026-04-07 20:00:00.000 Z,BTC,REGIME_OOS,2,RANGE_CANDIDATE,0.9999325389,0.9999325389,16.056118022
2026-04-07 20:00:00.000 Z,2026-04-08 00:00:00.000 Z,BTC,REGIME_OOS,2,RANGE_CANDIDATE,0.997258883,0.997258883,17.996270807
2026-04-08 00:00:00.000 Z,2026-04-08 04:00:00.000 Z,BTC,REGIME_OOS,2,RANGE_CANDIDATE,0.998870806,0.998870806,19.797841251
2026-04-08 04:00:00.000 Z,2026-04-08 08:00:00.000 Z,BTC,REGIME_OOS,2,RANGE_CANDIDATE,0.9961146597,0.9961146597,21.470728092
2026-04-08 08:00:00.000 Z,2026-04-08 12:00:00.000 Z,BTC,REGIME_OOS,2,RANGE_CANDIDATE,0.994126744,0.994126744,23.024123015
2026-04-08 12:00:00.000 Z,2026-04-08 16:00:00.000 Z,BTC,REGIME_OOS,2,RANGE_CANDIDATE,0.9938814207,0.9938814207,24.973170146
2026-04-08 16:00:00.000 Z,2026-04-08 20:00:00.000 Z,BTC,REGIME_OOS,2,RANGE_CANDIDATE,0.9957052283,0.9957052283,26.782999624
2026-04-08 20:00:00.000 Z,2026-04-09 00:00:00.000 Z,BTC,REGIME_OOS,2,RANGE_CANDIDATE,0.9962605196,0.9962605196,28.344020518
2026-04-09 00:00:00.000 Z,2026-04-09 04:00:00.000 Z,BTC,REGIME_OOS,2,RANGE_CANDIDATE,0.9957117689,0.9957117689,29.08101761
2026-04-09 04:00:00.000 Z,2026-04-09 08:00:00.000 Z,BTC,REGIME_OOS,2,RANGE_CANDIDATE,0.9797231009,0.9797231009,29.765372053
2026-04-09 08:00:00.000 Z,2026-04-09 12:00:00.000 Z,BTC,REGIME_OOS,2,RANGE_CANDIDATE,0.9737906426,0.9737906426,30.752793729
2026-04-09 12:00:00.000 Z,2026-04-09 16:00:00.000 Z,BTC,REGIME_OOS,2,RANGE_CANDIDATE,0.6307259924,0.6307259924,32.131140577
2026-04-09 16:00:00.000 Z,2026-04-09 20:00:00.000 Z,BTC,REGIME_OOS,1,OTHER,0.736765119,0.2629158283,33.534809114
2026-04-09 20:00:00.000 Z,2026-04-10 00:00:00.000 Z,BTC,REGIME_OOS,1,OTHER,0.9284726219,0.07128347002,35.175839765
2026-04-10 00:00:00.000 Z,2026-04-10 04:00:00.000 Z,BTC,REGIME_OOS,1,OTHER,0.9867280732,0.01309809832,36.653741938
2026-04-10 04:00:00.000 Z,2026-04-10 08:00:00.000 Z,BTC,REGIME_OOS,1,OTHER,0.9940158269,0.005824654732,37.682488513
2026-04-10 08:00:00.000 Z,2026-04-10 12:00:00.000 Z,BTC,REGIME_OOS,1,OTHER,0.9974167121,0.002460316664,38.647409013
2026-04-10 12:00:00.000 Z,2026-04-10 16:00:00.000 Z,BTC,REGIME_OOS,1,OTHER,0.9990663332,0.0008350140314,40.14893243
2026-04-10 16:00:00.000 Z,2026-04-10 20:00:00.000 Z,BTC,REGIME_OOS,1,OTHER,0.9998826828,7.802993642e-05,41.543204173
2026-04-10 20:00:00.000 Z,2026-04-11 00:00:00.000 Z,BTC,REGIME_OOS,1,OTHER,0.9996803805,0.0002093673158,42.990808857
2026-04-13 00:00:00.000 Z,2026-04-13 04:00:00.000 Z,BTC,REGIME_OOS,2,RANGE_CANDIDATE,0.4945086304,0.4945086304,37.742770545
2026-04-13 04:00:00.000 Z,2026-04-13 08:00:00.000 Z,BTC,REGIME_OOS,2,RANGE_CANDIDATE,0.74408424,0.74408424,35.396425373
2026-04-13 08:00:00.000 Z,2026-04-13 12:00:00.000 Z,BTC,REGIME_OOS,2,RANGE_CANDIDATE,0.9630065434,0.9630065434,33.084882511
2026-04-13 12:00:00.000 Z,2026-04-13 16:00:00.000 Z,BTC,REGIME_OOS,2,RANGE_CANDIDATE,0.98790346,0.98790346,32.359300216
2026-04-13 16:00:00.000 Z,2026-04-13 20:00:00.000 Z,BTC,REGIME_OOS,2,RANGE_CANDIDATE,0.9478060172,0.9478060172,32.37937472
2026-04-13 20:00:00.000 Z,2026-04-14 00:00:00.000 Z,BTC,REGIME_OOS,1,OTHER,0.7897942815,0.2094282813,33.158994185
2026-04-14 00:00:00.000 Z,2026-04-14 04:00:00.000 Z,BTC,REGIME_OOS,1,OTHER,0.9927099985,0.007207677375,33.882926547
2026-04-14 04:00:00.000 Z,2026-04-14 08:00:00.000 Z,BTC,REGIME_OOS,1,OTHER,0.9993429362,0.0006138925105,34.72244694
2026-04-14 08:00:00.000 Z,2026-04-14 12:00:00.000 Z,BTC,REGIME_OOS,1,OTHER,0.9995058323,0.0004539471069,35.512441627
2026-04-14 12:00:00.000 Z,2026-04-14 16:00:00.000 Z,BTC,REGIME_OOS,1,OTHER,0.9997411054,0.0002189122404,36.80695002
2026-04-14 16:00:00.000 Z,2026-04-14 20:00:00.000 Z,BTC,REGIME_OOS,1,OTHER,0.9651518239,0.03419021632,37.342496657
2026-04-14 20:00:00.000 Z,2026-04-15 00:00:00.000 Z,BTC,REGIME_OOS,1,OTHER,0.9598246012,0.03945623074,37.839789963
2026-04-15 00:00:00.000 Z,2026-04-15 04:00:00.000 Z,BTC,REGIME_OOS,1,OTHER,0.9669965935,0.03222237124,38.462343314
2026-04-15 04:00:00.000 Z,2026-04-15 08:00:00.000 Z,BTC,REGIME_OOS,1,OTHER,0.9265646644,0.07210387063,37.794702494
2026-04-15 08:00:00.000 Z,2026-04-15 12:00:00.000 Z,BTC,REGIME_OOS,1,OTHER,0.9207416534,0.07849296351,37.174750304
2026-04-15 12:00:00.000 Z,2026-04-15 16:00:00.000 Z,BTC,REGIME_OOS,1,OTHER,0.8686033673,0.1301227591,36.793210771
2026-04-15 16:00:00.000 Z,2026-04-15 20:00:00.000 Z,BTC,REGIME_OOS,1,OTHER,0.9468247858,0.05274420639,36.975588924
2026-04-15 20:00:00.000 Z,2026-04-16 00:00:00.000 Z,BTC,REGIME_OOS,1,OTHER,0.9627669688,0.03677528231,37.232152467
2026-04-16 00:00:00.000 Z,2026-04-16 04:00:00.000 Z,BTC,REGIME_OOS,1,OTHER,0.9726880985,0.02689223592,37.288332362
2026-04-16 04:00:00.000 Z,2026-04-16 08:00:00.000 Z,BTC,REGIME_OOS,1,OTHER,0.9631876511,0.03635654209,37.340499408
2026-04-16 08:00:00.000 Z,2026-04-16 12:00:00.000 Z,BTC,REGIME_OOS,1,OTHER,0.8569963767,0.1421683905,36.654802123
2026-04-16 12:00:00.000 Z,2026-04-16 16:00:00.000 Z,BTC,REGIME_OOS,1,OTHER,0.6065135512,0.3929634357,34.386190883
2026-04-16 16:00:00.000 Z,2026-04-16 20:00:00.000 Z,BTC,REGIME_OOS,2,RANGE_CANDIDATE,0.6040102037,0.6040102037,32.734257975
2026-04-16 20:00:00.000 Z,2026-04-17 00:00:00.000 Z,BTC,REGIME_OOS,2,RANGE_CANDIDATE,0.8058859432,0.8058859432,31.261323868
2026-04-17 00:00:00.000 Z,2026-04-17 04:00:00.000 Z,BTC,REGIME_OOS,2,RANGE_CANDIDATE,0.9461282798,0.9461282798,29.505307409
2026-04-17 04:00:00.000 Z,2026-04-17 08:00:00.000 Z,BTC,REGIME_OOS,2,RANGE_CANDIDATE,0.990578682,0.990578682,27.874720696
2026-04-17 08:00:00.000 Z,2026-04-17 12:00:00.000 Z,BTC,REGIME_OOS,2,RANGE_CANDIDATE,0.9941063439,0.9941063439,27.688510762
2026-04-17 12:00:00.000 Z,2026-04-17 16:00:00.000 Z,BTC,REGIME_OOS,2,RANGE_CANDIDATE,0.9647680954,0.9647680954,28.718743536
2026-04-17 16:00:00.000 Z,2026-04-17 20:00:00.000 Z,BTC,REGIME_OOS,2,RANGE_CANDIDATE,0.9771864007,0.9771864007,29.801818802
2026-04-17 20:00:00.000 Z,2026-04-18 00:00:00.000 Z,BTC,REGIME_OOS,2,RANGE_CANDIDATE,0.6489015063,0.6489015063,30.807531549
2026-04-20 00:00:00.000 Z,2026-04-20 04:00:00.000 Z,BTC,REGIME_OOS,2,RANGE_CANDIDATE,0.9751143099,0.9751143099,27.319302339
2026-04-20 04:00:00.000 Z,2026-04-20 08:00:00.000 Z,BTC,REGIME_OOS,2,RANGE_CANDIDATE,0.9977837986,0.9977837986,25.703948847
2026-04-20 08:00:00.000 Z,2026-04-20 12:00:00.000 Z,BTC,REGIME_OOS,2,RANGE_CANDIDATE,0.9989758155,0.9989758155,24.203977748
2026-04-20 12:00:00.000 Z,2026-04-20 16:00:00.000 Z,BTC,REGIME_OOS,2,RANGE_CANDIDATE,0.9996519687,0.9996519687,23.120065381
2026-04-20 16:00:00.000 Z,2026-04-20 20:00:00.000 Z,BTC,REGIME_OOS,2,RANGE_CANDIDATE,0.9997832698,0.9997832698,22.634922017
2026-04-20 20:00:00.000 Z,2026-04-21 00:00:00.000 Z,BTC,REGIME_OOS,2,RANGE_CANDIDATE,0.9996858556,0.9996858556,22.249636367
2026-04-21 00:00:00.000 Z,2026-04-21 04:00:00.000 Z,BTC,REGIME_OOS,2,RANGE_CANDIDATE,0.9998368558,0.9998368558,21.683979419
2026-04-21 04:00:00.000 Z,2026-04-21 08:00:00.000 Z,BTC,REGIME_OOS,2,RANGE_CANDIDATE,0.9997946542,0.9997946542,21.241486605
2026-04-21 08:00:00.000 Z,2026-04-21 12:00:00.000 Z,BTC,REGIME_OOS,2,RANGE_CANDIDATE,0.9998487366,0.9998487366,21.319445626
2026-04-21 12:00:00.000 Z,2026-04-21 16:00:00.000 Z,BTC,REGIME_OOS,2,RANGE_CANDIDATE,0.9998822672,0.9998822672,20.580555223
2026-04-21 16:00:00.000 Z,2026-04-21 20:00:00.000 Z,BTC,REGIME_OOS,2,RANGE_CANDIDATE,0.9999236488,0.9999236488,19.257915662
2026-04-21 20:00:00.000 Z,2026-04-22 00:00:00.000 Z,BTC,REGIME_OOS,2,RANGE_CANDIDATE,0.999875542,0.999875542,18.256340001
2026-04-22 00:00:00.000 Z,2026-04-22 04:00:00.000 Z,BTC,REGIME_OOS,2,RANGE_CANDIDATE,0.9992757469,0.9992757469,18.419358993
2026-04-22 04:00:00.000 Z,2026-04-22 08:00:00.000 Z,BTC,REGIME_OOS,2,RANGE_CANDIDATE,0.999231766,0.999231766,19.038926024
2026-04-22 08:00:00.000 Z,2026-04-22 12:00:00.000 Z,BTC,REGIME_OOS,2,RANGE_CANDIDATE,0.9985598831,0.9985598831,19.614238268
2026-04-22 12:00:00.000 Z,2026-04-22 16:00:00.000 Z,BTC,REGIME_OOS,2,RANGE_CANDIDATE,0.9954700982,0.9954700982,20.778215112
2026-04-22 16:00:00.000 Z,2026-04-22 20:00:00.000 Z,BTC,REGIME_OOS,2,RANGE_CANDIDATE,0.9942247767,0.9942247767,21.901030794
2026-04-22 20:00:00.000 Z,2026-04-23 00:00:00.000 Z,BTC,REGIME_OOS,2,RANGE_CANDIDATE,0.9990557422,0.9990557422,22.386005035
2026-04-23 00:00:00.000 Z,2026-04-23 04:00:00.000 Z,BTC,REGIME_OOS,2,RANGE_CANDIDATE,0.9996205466,0.9996205466,21.960737852
2026-04-23 04:00:00.000 Z,2026-04-23 08:00:00.000 Z,BTC,REGIME_OOS,2,RANGE_CANDIDATE,0.9995916198,0.9995916198,21.565846897
2026-04-23 08:00:00.000 Z,2026-04-23 12:00:00.000 Z,BTC,REGIME_OOS,2,RANGE_CANDIDATE,0.9997603796,0.9997603796,20.596276326
2026-04-23 12:00:00.000 Z,2026-04-23 16:00:00.000 Z,BTC,REGIME_OOS,2,RANGE_CANDIDATE,0.9997550369,0.9997550369,20.234885108
2026-04-23 16:00:00.000 Z,2026-04-23 20:00:00.000 Z,BTC,REGIME_OOS,2,RANGE_CANDIDATE,0.9998384087,0.9998384087,19.420480355
2026-04-23 20:00:00.000 Z,2026-04-24 00:00:00.000 Z,BTC,REGIME_OOS,2,RANGE_CANDIDATE,0.9996861658,0.9996861658,18.66424737
2026-04-24 00:00:00.000 Z,2026-04-24 04:00:00.000 Z,BTC,REGIME_OOS,2,RANGE_CANDIDATE,0.9998355749,0.9998355749,18.259297693
2026-04-24 04:00:00.000 Z,2026-04-24 08:00:00.000 Z,BTC,REGIME_OOS,2,RANGE_CANDIDATE,0.9998834582,0.9998834582,17.635561026
2026-04-24 08:00:00.000 Z,2026-04-24 12:00:00.000 Z,BTC,REGIME_OOS,2,RANGE_CANDIDATE,0.9999283963,0.9999283963,17.520695902
2026-04-24 12:00:00.000 Z,2026-04-24 16:00:00.000 Z,BTC,REGIME_OOS,2,RANGE_CANDIDATE,0.9999361062,0.9999361062,17.470853756
2026-04-27 00:00:00.000 Z,2026-04-27 04:00:00.000 Z,BTC,REGIME_OOS,2,RANGE_CANDIDATE,0.965516176,0.965516176,19.332759441
2026-04-27 04:00:00.000 Z,2026-04-27 08:00:00.000 Z,BTC,REGIME_OOS,2,RANGE_CANDIDATE,0.9991521741,0.9991521741,19.034293387
2026-04-27 08:00:00.000 Z,2026-04-27 12:00:00.000 Z,BTC,REGIME_OOS,2,RANGE_CANDIDATE,0.9992394125,0.9992394125,18.757146338
2026-04-27 12:00:00.000 Z,2026-04-27 16:00:00.000 Z,BTC,REGIME_OOS,2,RANGE_CANDIDATE,0.9998033793,0.9998033793,17.573776516
2026-04-27 16:00:00.000 Z,2026-04-27 20:00:00.000 Z,BTC,REGIME_OOS,2,RANGE_CANDIDATE,0.9998698042,0.9998698042,16.560219734
2026-04-27 20:00:00.000 Z,2026-04-28 00:00:00.000 Z,BTC,REGIME_OOS,2,RANGE_CANDIDATE,0.9998864617,0.9998864617,15.773164953
2026-04-28 00:00:00.000 Z,2026-04-28 04:00:00.000 Z,BTC,REGIME_OOS,2,RANGE_CANDIDATE,0.9998812564,0.9998812564,15.058653077
2026-04-28 04:00:00.000 Z,2026-04-28 08:00:00.000 Z,BTC,REGIME_OOS,2,RANGE_CANDIDATE,0.9999032781,0.9999032781,14.056709578
2026-04-28 08:00:00.000 Z,2026-04-28 12:00:00.000 Z,BTC,REGIME_OOS,2,RANGE_CANDIDATE,0.9999375735,0.9999375735,13.351964445
2026-04-28 12:00:00.000 Z,2026-04-28 16:00:00.000 Z,BTC,REGIME_OOS,2,RANGE_CANDIDATE,0.9999574951,0.9999574951,13.259283587
2026-04-28 16:00:00.000 Z,2026-04-28 20:00:00.000 Z,BTC,REGIME_OOS,2,RANGE_CANDIDATE,0.9999527228,0.9999527228,13.173222791
2026-04-28 20:00:00.000 Z,2026-04-29 00:00:00.000 Z,BTC,REGIME_OOS,2,RANGE_CANDIDATE,0.9999413119,0.9999413119,12.978362694
2026-04-29 00:00:00.000 Z,2026-04-29 04:00:00.000 Z,BTC,REGIME_OOS,2,RANGE_CANDIDATE,0.9999513948,0.9999513948,12.300373986
2026-04-29 04:00:00.000 Z,2026-04-29 08:00:00.000 Z,BTC,REGIME_OOS,2,RANGE_CANDIDATE,0.9999640912,0.9999640912,12.126823732
2026-04-29 08:00:00.000 Z,2026-04-29 12:00:00.000 Z,BTC,REGIME_OOS,2,RANGE_CANDIDATE,0.999951058,0.999951058,12.469455189
2026-04-29 12:00:00.000 Z,2026-04-29 16:00:00.000 Z,BTC,REGIME_OOS,2,RANGE_CANDIDATE,0.9999621333,0.9999621333,12.126717064
2026-04-29 16:00:00.000 Z,2026-04-29 20:00:00.000 Z,BTC,REGIME_OOS,2,RANGE_CANDIDATE,0.9999382871,0.9999382871,12.584914848
2026-04-29 20:00:00.000 Z,2026-04-30 00:00:00.000 Z,BTC,REGIME_OOS,2,RANGE_CANDIDATE,0.9999582558,0.9999582558,13.010384219
2026-04-30 00:00:00.000 Z,2026-04-30 04:00:00.000 Z,BTC,REGIME_OOS,2,RANGE_CANDIDATE,0.9999648286,0.9999648286,12.808440491
2026-04-30 04:00:00.000 Z,2026-04-30 08:00:00.000 Z,BTC,REGIME_OOS,2,RANGE_CANDIDATE,0.9999690108,0.9999690108,12.711637392
2026-04-30 08:00:00.000 Z,2026-04-30 12:00:00.000 Z,BTC,REGIME_OOS,2,RANGE_CANDIDATE,0.9999487234,0.9999487234,12.346372713
2026-04-30 12:00:00.000 Z,2026-04-30 16:00:00.000 Z,BTC,REGIME_OOS,2,RANGE_CANDIDATE,0.9999566436,0.9999566436,11.511690478
2026-04-30 16:00:00.000 Z,2026-04-30 20:00:00.000 Z,BTC,REGIME_OOS,2,RANGE_CANDIDATE,0.9999317089,0.9999317089,10.736628402
2026-04-30 20:00:00.000 Z,2026-05-01 00:00:00.000 Z,BTC,REGIME_OOS,2,RANGE_CANDIDATE,0.9999366103,0.9999366103,9.980180009
2026-05-01 00:00:00.000 Z,2026-05-01 04:00:00.000 Z,BTC,REGIME_OOS,2,RANGE_CANDIDATE,0.999935887,0.999935887,10.502208343
2026-05-01 04:00:00.000 Z,2026-05-01 08:00:00.000 Z,BTC,REGIME_OOS,2,RANGE_CANDIDATE,0.9999421353,0.9999421353,10.986948939
2026-05-01 08:00:00.000 Z,2026-05-01 12:00:00.000 Z,BTC,REGIME_OOS,2,RANGE_CANDIDATE,0.9999437067,0.9999437067,11.889636498
2026-05-01 12:00:00.000 Z,2026-05-01 16:00:00.000 Z,BTC,REGIME_OOS,2,RANGE_CANDIDATE,0.9999481473,0.9999481473,13.970332539
2026-05-01 16:00:00.000 Z,2026-05-01 20:00:00.000 Z,BTC,REGIME_OOS,2,RANGE_CANDIDATE,0.9999543672,0.9999543672,15.902407434
2026-05-01 20:00:00.000 Z,2026-05-02 00:00:00.000 Z,BTC,REGIME_OOS,2,RANGE_CANDIDATE,0.9999650236,0.9999650236,16.97129015
2026-05-04 00:00:00.000 Z,2026-05-04 04:00:00.000 Z,BTC,REGIME_OOS,2,RANGE_CANDIDATE,0.9973467484,0.9973467484,20.985001513
2026-05-04 04:00:00.000 Z,2026-05-04 08:00:00.000 Z,BTC,REGIME_OOS,2,RANGE_CANDIDATE,0.9998670141,0.9998670141,23.173294598
2026-05-04 08:00:00.000 Z,2026-05-04 12:00:00.000 Z,BTC,REGIME_OOS,2,RANGE_CANDIDATE,0.9999158396,0.9999158396,23.285938402
2026-05-04 12:00:00.000 Z,2026-05-04 16:00:00.000 Z,BTC,REGIME_OOS,2,RANGE_CANDIDATE,0.9997100016,0.9997100016,23.898475681
2026-05-04 16:00:00.000 Z,2026-05-04 20:00:00.000 Z,BTC,REGIME_OOS,2,RANGE_CANDIDATE,0.9996324478,0.9996324478,24.583173165
2026-05-04 20:00:00.000 Z,2026-05-05 00:00:00.000 Z,BTC,REGIME_OOS,2,RANGE_CANDIDATE,0.9996160336,0.9996160336,25.218963685
2026-05-05 00:00:00.000 Z,2026-05-05 04:00:00.000 Z,BTC,REGIME_OOS,2,RANGE_CANDIDATE,0.9989443101,0.9989443101,26.371345371
2026-05-05 04:00:00.000 Z,2026-05-05 08:00:00.000 Z,BTC,REGIME_OOS,2,RANGE_CANDIDATE,0.9962415761,0.9962415761,27.524488417
2026-05-05 08:00:00.000 Z,2026-05-05 12:00:00.000 Z,BTC,REGIME_OOS,2,RANGE_CANDIDATE,0.9892813699,0.9892813699,28.237880016
2026-05-05 12:00:00.000 Z,2026-05-05 16:00:00.000 Z,BTC,REGIME_OOS,2,RANGE_CANDIDATE,0.9825914906,0.9825914906,29.294934124
2026-05-05 16:00:00.000 Z,2026-05-05 20:00:00.000 Z,BTC,REGIME_OOS,2,RANGE_CANDIDATE,0.9682565984,0.9682565984,30.276484367
2026-05-05 20:00:00.000 Z,2026-05-06 00:00:00.000 Z,BTC,REGIME_OOS,2,RANGE_CANDIDATE,0.9873063956,0.9873063956,30.594214159
2026-05-06 00:00:00.000 Z,2026-05-06 04:00:00.000 Z,BTC,REGIME_OOS,2,RANGE_CANDIDATE,0.9838007304,0.9838007304,30.889248966
2026-05-06 04:00:00.000 Z,2026-05-06 08:00:00.000 Z,BTC,REGIME_OOS,2,RANGE_CANDIDATE,0.9897430134,0.9897430134,31.163209859
2026-05-06 08:00:00.000 Z,2026-05-06 12:00:00.000 Z,BTC,REGIME_OOS,2,RANGE_CANDIDATE,0.7221425218,0.7221425218,32.381675853
2026-05-06 12:00:00.000 Z,2026-05-06 16:00:00.000 Z,BTC,REGIME_OOS,1,OTHER,0.5878088815,0.4118915512,32.977670974
2026-05-06 16:00:00.000 Z,2026-05-06 20:00:00.000 Z,BTC,REGIME_OOS,1,OTHER,0.7712718669,0.2284932261,33.531095014
2026-05-06 20:00:00.000 Z,2026-05-07 00:00:00.000 Z,BTC,REGIME_OOS,1,OTHER,0.8686293482,0.1311905719,33.628094585
2026-05-07 00:00:00.000 Z,2026-05-07 04:00:00.000 Z,BTC,REGIME_OOS,1,OTHER,0.8312236257,0.1685172567,33.439566358
2026-05-07 04:00:00.000 Z,2026-05-07 08:00:00.000 Z,BTC,REGIME_OOS,1,OTHER,0.9205145748,0.07933521727,33.50771501
2026-05-07 08:00:00.000 Z,2026-05-07 12:00:00.000 Z,BTC,REGIME_OOS,1,OTHER,0.853175292,0.1464752079,33.284002628
2026-05-07 12:00:00.000 Z,2026-05-07 16:00:00.000 Z,BTC,REGIME_OOS,1,OTHER,0.5064824287,0.4931103423,31.503733392
2026-05-07 16:00:00.000 Z,2026-05-07 20:00:00.000 Z,BTC,REGIME_OOS,2,RANGE_CANDIDATE,0.8347586951,0.8347586951,29.526380345
2026-05-07 20:00:00.000 Z,2026-05-08 00:00:00.000 Z,BTC,REGIME_OOS,2,RANGE_CANDIDATE,0.9863305209,0.9863305209,27.835072314
2026-05-08 00:00:00.000 Z,2026-05-08 04:00:00.000 Z,BTC,REGIME_OOS,2,RANGE_CANDIDATE,0.9984191588,0.9984191588,26.051601012
2026-05-08 04:00:00.000 Z,2026-05-08 08:00:00.000 Z,BTC,REGIME_OOS,2,RANGE_CANDIDATE,0.999249491,0.999249491,24.395520517
2026-05-08 08:00:00.000 Z,2026-05-08 12:00:00.000 Z,BTC,REGIME_OOS,2,RANGE_CANDIDATE,0.9996182538,0.9996182538,23.346044771
2026-05-08 12:00:00.000 Z,2026-05-08 16:00:00.000 Z,BTC,REGIME_OOS,2,RANGE_CANDIDATE,0.9996966998,0.9996966998,22.575311805
2026-05-08 16:00:00.000 Z,2026-05-08 20:00:00.000 Z,BTC,REGIME_OOS,2,RANGE_CANDIDATE,0.9997053326,0.9997053326,21.859631193
2026-05-08 20:00:00.000 Z,2026-05-09 00:00:00.000 Z,BTC,REGIME_OOS,2,RANGE_CANDIDATE,0.9998361257,0.9998361257,21.195070626
2026-05-11 00:00:00.000 Z,2026-05-11 04:00:00.000 Z,BTC,REGIME_OOS,2,RANGE_CANDIDATE,0.9982103663,0.9982103663,23.970004211
2026-05-11 04:00:00.000 Z,2026-05-11 08:00:00.000 Z,BTC,REGIME_OOS,2,RANGE_CANDIDATE,0.9997488663,0.9997488663,25.008917096
2026-05-11 08:00:00.000 Z,2026-05-11 12:00:00.000 Z,BTC,REGIME_OOS,2,RANGE_CANDIDATE,0.9997600929,0.9997600929,26.110132209
2026-05-11 12:00:00.000 Z,2026-05-11 16:00:00.000 Z,BTC,REGIME_OOS,2,RANGE_CANDIDATE,0.9996265837,0.9996265837,27.368167587
2026-05-11 16:00:00.000 Z,2026-05-11 20:00:00.000 Z,BTC,REGIME_OOS,2,RANGE_CANDIDATE,0.9990856525,0.9990856525,29.089689427
2026-05-11 20:00:00.000 Z,2026-05-12 00:00:00.000 Z,BTC,REGIME_OOS,2,RANGE_CANDIDATE,0.9994836901,0.9994836901,30.68824542
2026-05-12 00:00:00.000 Z,2026-05-12 04:00:00.000 Z,BTC,REGIME_OOS,2,RANGE_CANDIDATE,0.9996057361,0.9996057361,30.313106658
2026-05-12 04:00:00.000 Z,2026-05-12 08:00:00.000 Z,BTC,REGIME_OOS,2,RANGE_CANDIDATE,0.9996843836,0.9996843836,29.964763521
2026-05-12 08:00:00.000 Z,2026-05-12 12:00:00.000 Z,BTC,REGIME_OOS,2,RANGE_CANDIDATE,0.9997702166,0.9997702166,29.091139942
2026-05-12 12:00:00.000 Z,2026-05-12 16:00:00.000 Z,BTC,REGIME_OOS,2,RANGE_CANDIDATE,0.9998267552,0.9998267552,27.735441631
2026-05-12 16:00:00.000 Z,2026-05-12 20:00:00.000 Z,BTC,REGIME_OOS,2,RANGE_CANDIDATE,0.9998967297,0.9998967297,25.956782279
2026-05-12 20:00:00.000 Z,2026-05-13 00:00:00.000 Z,BTC,REGIME_OOS,2,RANGE_CANDIDATE,0.9999194059,0.9999194059,24.348483486
2026-05-13 00:00:00.000 Z,2026-05-13 04:00:00.000 Z,BTC,REGIME_OOS,2,RANGE_CANDIDATE,0.9999382115,0.9999382115,23.493067977
2026-05-13 04:00:00.000 Z,2026-05-13 08:00:00.000 Z,BTC,REGIME_OOS,2,RANGE_CANDIDATE,0.9999366594,0.9999366594,22.698753576
2026-05-13 08:00:00.000 Z,2026-05-13 12:00:00.000 Z,BTC,REGIME_OOS,2,RANGE_CANDIDATE,0.999945556,0.999945556,21.222291677
2026-05-13 12:00:00.000 Z,2026-05-13 16:00:00.000 Z,BTC,REGIME_OOS,2,RANGE_CANDIDATE,0.9999187956,0.9999187956,21.677808945
2026-05-13 16:00:00.000 Z,2026-05-13 20:00:00.000 Z,BTC,REGIME_OOS,2,RANGE_CANDIDATE,0.9999438086,0.9999438086,22.136979288
2026-05-13 20:00:00.000 Z,2026-05-14 00:00:00.000 Z,BTC,REGIME_OOS,2,RANGE_CANDIDATE,0.9999461654,0.9999461654,22.563351751
2026-05-14 00:00:00.000 Z,2026-05-14 04:00:00.000 Z,BTC,REGIME_OOS,2,RANGE_CANDIDATE,0.9998822033,0.9998822033,23.286107618
2026-05-14 04:00:00.000 Z,2026-05-14 08:00:00.000 Z,BTC,REGIME_OOS,2,RANGE_CANDIDATE,0.9999426537,0.9999426537,23.383413741
2026-05-14 08:00:00.000 Z,2026-05-14 12:00:00.000 Z,BTC,REGIME_OOS,2,RANGE_CANDIDATE,0.9999470757,0.9999470757,23.473769427
2026-05-14 12:00:00.000 Z,2026-05-14 16:00:00.000 Z,BTC,REGIME_OOS,2,RANGE_CANDIDATE,0.9999020773,0.9999020773,22.25642773
2026-05-14 16:00:00.000 Z,2026-05-14 20:00:00.000 Z,BTC,REGIME_OOS,2,RANGE_CANDIDATE,0.9999315065,0.9999315065,21.921818253
2026-05-14 20:00:00.000 Z,2026-05-15 00:00:00.000 Z,BTC,REGIME_OOS,2,RANGE_CANDIDATE,0.9999333044,0.9999333044,21.497796975
2026-05-15 00:00:00.000 Z,2026-05-15 04:00:00.000 Z,BTC,REGIME_OOS,2,RANGE_CANDIDATE,0.9999332102,0.9999332102,20.595590629
2026-05-15 04:00:00.000 Z,2026-05-15 08:00:00.000 Z,BTC,REGIME_OOS,2,RANGE_CANDIDATE,0.9999635993,0.9999635993,19.164385997
2026-05-15 08:00:00.000 Z,2026-05-15 12:00:00.000 Z,BTC,REGIME_OOS,2,RANGE_CANDIDATE,0.999963767,0.999963767,17.835410268
2026-05-15 12:00:00.000 Z,2026-05-15 16:00:00.000 Z,BTC,REGIME_OOS,2,RANGE_CANDIDATE,0.9999492286,0.9999492286,18.403425767
2026-05-15 16:00:00.000 Z,2026-05-15 20:00:00.000 Z,BTC,REGIME_OOS,2,RANGE_CANDIDATE,0.9999463171,0.9999463171,18.930868731
2026-05-15 20:00:00.000 Z,2026-05-16 00:00:00.000 Z,BTC,REGIME_OOS,2,RANGE_CANDIDATE,0.9998995042,0.9998995042,19.420637198
2026-05-18 00:00:00.000 Z,2026-05-18 04:00:00.000 Z,BTC,REGIME_OOS,2,RANGE_CANDIDATE,0.9887568224,0.9887568224,23.396765655
2026-05-18 04:00:00.000 Z,2026-05-18 08:00:00.000 Z,BTC,REGIME_OOS,2,RANGE_CANDIDATE,0.9980547942,0.9980547942,25.254247955
2026-05-18 08:00:00.000 Z,2026-05-18 12:00:00.000 Z,BTC,REGIME_OOS,2,RANGE_CANDIDATE,0.9990616013,0.9990616013,26.454287192
2026-05-18 12:00:00.000 Z,2026-05-18 16:00:00.000 Z,BTC,REGIME_OOS,2,RANGE_CANDIDATE,0.9919285248,0.9919285248,27.940768811
2026-05-18 16:00:00.000 Z,2026-05-18 20:00:00.000 Z,BTC,REGIME_OOS,2,RANGE_CANDIDATE,0.9930511715,0.9930511715,29.321073172
2026-05-18 20:00:00.000 Z,2026-05-19 00:00:00.000 Z,BTC,REGIME_OOS,2,RANGE_CANDIDATE,0.9962506895,0.9962506895,30.271325227
2026-05-19 00:00:00.000 Z,2026-05-19 04:00:00.000 Z,BTC,REGIME_OOS,2,RANGE_CANDIDATE,0.9934450871,0.9934450871,31.420413114
2026-05-19 04:00:00.000 Z,2026-05-19 08:00:00.000 Z,BTC,REGIME_OOS,2,RANGE_CANDIDATE,0.9918846714,0.9918846714,32.487423294
2026-05-19 08:00:00.000 Z,2026-05-19 12:00:00.000 Z,BTC,REGIME_OOS,2,RANGE_CANDIDATE,0.9831119748,0.9831119748,33.380509478
2026-05-19 12:00:00.000 Z,2026-05-19 16:00:00.000 Z,BTC,REGIME_OOS,2,RANGE_CANDIDATE,0.9438591428,0.9438591428,34.565860876
2026-05-19 16:00:00.000 Z,2026-05-19 20:00:00.000 Z,BTC,REGIME_OOS,2,RANGE_CANDIDATE,0.9182256356,0.9182256356,35.551633345
2026-05-19 20:00:00.000 Z,2026-05-20 00:00:00.000 Z,BTC,REGIME_OOS,2,RANGE_CANDIDATE,0.8087509887,0.8087509887,36.466993495
2026-05-20 00:00:00.000 Z,2026-05-20 04:00:00.000 Z,BTC,REGIME_OOS,2,RANGE_CANDIDATE,0.602323038,0.602323038,37.461255075
2026-05-20 04:00:00.000 Z,2026-05-20 08:00:00.000 Z,BTC,REGIME_OOS,2,RANGE_CANDIDATE,0.6301062683,0.6301062683,37.100531639
2026-05-20 08:00:00.000 Z,2026-05-20 12:00:00.000 Z,BTC,REGIME_OOS,2,RANGE_CANDIDATE,0.8540863311,0.8540863311,36.421707259
2026-05-20 12:00:00.000 Z,2026-05-20 16:00:00.000 Z,BTC,REGIME_OOS,2,RANGE_CANDIDATE,0.9099785813,0.9099785813,36.202531356
2026-05-20 16:00:00.000 Z,2026-05-20 20:00:00.000 Z,BTC,REGIME_OOS,2,RANGE_CANDIDATE,0.9477578412,0.9477578412,35.999010874
2026-05-20 20:00:00.000 Z,2026-05-21 00:00:00.000 Z,BTC,REGIME_OOS,2,RANGE_CANDIDATE,0.9594158563,0.9594158563,35.798331677
2026-05-21 00:00:00.000 Z,2026-05-21 04:00:00.000 Z,BTC,REGIME_OOS,2,RANGE_CANDIDATE,0.9678067831,0.9678067831,34.491097107
2026-05-21 04:00:00.000 Z,2026-05-21 08:00:00.000 Z,BTC,REGIME_OOS,2,RANGE_CANDIDATE,0.987860164,0.987860164,33.393355284
2026-05-21 08:00:00.000 Z,2026-05-21 12:00:00.000 Z,BTC,REGIME_OOS,2,RANGE_CANDIDATE,0.9720995482,0.9720995482,32.940658982
2026-05-21 12:00:00.000 Z,2026-05-21 16:00:00.000 Z,BTC,REGIME_OOS,2,RANGE_CANDIDATE,0.9590435085,0.9590435085,33.056208519
2026-05-21 16:00:00.000 Z,2026-05-21 20:00:00.000 Z,BTC,REGIME_OOS,2,RANGE_CANDIDATE,0.9851047326,0.9851047326,31.694169618
2026-05-21 20:00:00.000 Z,2026-05-22 00:00:00.000 Z,BTC,REGIME_OOS,2,RANGE_CANDIDATE,0.9938526092,0.9938526092,30.429419211
2026-05-22 00:00:00.000 Z,2026-05-22 04:00:00.000 Z,BTC,REGIME_OOS,2,RANGE_CANDIDATE,0.9969908139,0.9969908139,29.726629633
2026-05-22 04:00:00.000 Z,2026-05-22 08:00:00.000 Z,BTC,REGIME_OOS,2,RANGE_CANDIDATE,0.9977913673,0.9977913673,28.879567234
2026-05-22 08:00:00.000 Z,2026-05-22 12:00:00.000 Z,BTC,REGIME_OOS,2,RANGE_CANDIDATE,0.9991920393,0.9991920393,28.239410293
2026-05-22 12:00:00.000 Z,2026-05-22 16:00:00.000 Z,BTC,REGIME_OOS,2,RANGE_CANDIDATE,0.9987821348,0.9987821348,28.512271449
2026-05-22 16:00:00.000 Z,2026-05-22 20:00:00.000 Z,BTC,REGIME_OOS,2,RANGE_CANDIDATE,0.9970625509,0.9970625509,29.643960617
2026-05-22 20:00:00.000 Z,2026-05-23 00:00:00.000 Z,BTC,REGIME_OOS,2,RANGE_CANDIDATE,0.9985196742,0.9985196742,30.694814844
2026-05-25 00:00:00.000 Z,2026-05-25 04:00:00.000 Z,BTC,REGIME_OOS,2,RANGE_CANDIDATE,0.9969301369,0.9969301369,27.894394128
2026-05-25 04:00:00.000 Z,2026-05-25 08:00:00.000 Z,BTC,REGIME_OOS,2,RANGE_CANDIDATE,0.9998260968,0.9998260968,26.181113495
2026-05-25 08:00:00.000 Z,2026-05-25 12:00:00.000 Z,BTC,REGIME_OOS,2,RANGE_CANDIDATE,0.99987732,0.99987732,24.490415825
2026-05-25 12:00:00.000 Z,2026-05-25 16:00:00.000 Z,BTC,REGIME_OOS,2,RANGE_CANDIDATE,0.9998673861,0.9998673861,22.896389741
2026-05-25 16:00:00.000 Z,2026-05-25 20:00:00.000 Z,BTC,REGIME_OOS,2,RANGE_CANDIDATE,0.9999057645,0.9999057645,21.416222662
2026-05-25 20:00:00.000 Z,2026-05-26 00:00:00.000 Z,BTC,REGIME_OOS,2,RANGE_CANDIDATE,0.9999345595,0.9999345595,20.194607554
2026-05-26 00:00:00.000 Z,2026-05-26 04:00:00.000 Z,BTC,REGIME_OOS,2,RANGE_CANDIDATE,0.9999371493,0.9999371493,19.934672839
2026-05-26 04:00:00.000 Z,2026-05-26 08:00:00.000 Z,BTC,REGIME_OOS,2,RANGE_CANDIDATE,0.9999355631,0.9999355631,19.693304889
2026-05-26 08:00:00.000 Z,2026-05-26 12:00:00.000 Z,BTC,REGIME_OOS,2,RANGE_CANDIDATE,0.9999410058,0.9999410058,18.369747518
2026-05-26 12:00:00.000 Z,2026-05-26 16:00:00.000 Z,BTC,REGIME_OOS,2,RANGE_CANDIDATE,0.9999395757,0.9999395757,17.700304996
2026-05-26 16:00:00.000 Z,2026-05-26 20:00:00.000 Z,BTC,REGIME_OOS,2,RANGE_CANDIDATE,0.9999390268,0.9999390268,16.624712893
2026-05-26 20:00:00.000 Z,2026-05-27 00:00:00.000 Z,BTC,REGIME_OOS,2,RANGE_CANDIDATE,0.9999405834,0.9999405834,15.78957061
2026-05-27 00:00:00.000 Z,2026-05-27 04:00:00.000 Z,BTC,REGIME_OOS,2,RANGE_CANDIDATE,0.9999383314,0.9999383314,15.14448519
2026-05-27 04:00:00.000 Z,2026-05-27 08:00:00.000 Z,BTC,REGIME_OOS,2,RANGE_CANDIDATE,0.999943984,0.999943984,14.991496114
2026-05-27 08:00:00.000 Z,2026-05-27 12:00:00.000 Z,BTC,REGIME_OOS,2,RANGE_CANDIDATE,0.9999291481,0.9999291481,14.704101599
2026-05-27 12:00:00.000 Z,2026-05-27 16:00:00.000 Z,BTC,REGIME_OOS,2,RANGE_CANDIDATE,0.9999209453,0.9999209453,15.712309591
2026-05-27 16:00:00.000 Z,2026-05-27 20:00:00.000 Z,BTC,REGIME_OOS,2,RANGE_CANDIDATE,0.9999253802,0.9999253802,16.704469355
2026-05-27 20:00:00.000 Z,2026-05-28 00:00:00.000 Z,BTC,REGIME_OOS,2,RANGE_CANDIDATE,0.9998481882,0.9998481882,18.149121702
2026-05-28 00:00:00.000 Z,2026-05-28 04:00:00.000 Z,BTC,REGIME_OOS,2,RANGE_CANDIDATE,0.9994854947,0.9994854947,20.396269519
2026-05-28 04:00:00.000 Z,2026-05-28 08:00:00.000 Z,BTC,REGIME_OOS,2,RANGE_CANDIDATE,0.9994675069,0.9994675069,22.711773197
2026-05-28 08:00:00.000 Z,2026-05-28 12:00:00.000 Z,BTC,REGIME_OOS,2,RANGE_CANDIDATE,0.9992055927,0.9992055927,24.587323925
2026-05-28 12:00:00.000 Z,2026-05-28 16:00:00.000 Z,BTC,REGIME_OOS,2,RANGE_CANDIDATE,0.9963809727,0.9963809727,26.730979183
2026-05-28 16:00:00.000 Z,2026-05-28 20:00:00.000 Z,BTC,REGIME_OOS,2,RANGE_CANDIDATE,0.9969410286,0.9969410286,28.287325664
2026-05-28 20:00:00.000 Z,2026-05-29 00:00:00.000 Z,BTC,REGIME_OOS,2,RANGE_CANDIDATE,0.9961172505,0.9961172505,29.517814837
2026-05-29 00:00:00.000 Z,2026-05-29 04:00:00.000 Z,BTC,REGIME_OOS,2,RANGE_CANDIDATE,0.9951872037,0.9951872037,30.702364446
2026-05-29 04:00:00.000 Z,2026-05-29 08:00:00.000 Z,BTC,REGIME_OOS,2,RANGE_CANDIDATE,0.992987061,0.992987061,31.80230337
2026-05-29 08:00:00.000 Z,2026-05-29 12:00:00.000 Z,BTC,REGIME_OOS,2,RANGE_CANDIDATE,0.9917102875,0.9917102875,32.745978214
2026-05-29 12:00:00.000 Z,2026-05-29 16:00:00.000 Z,BTC,REGIME_OOS,2,RANGE_CANDIDATE,0.9857248323,0.9857248323,34.237508554
2026-05-30 20:00:00.000 Z,2026-05-31 00:00:00.000 Z,BTC,REGIME_OOS,2,RANGE_CANDIDATE,0.9060688043,0.9060688043,33.610794425
2026-05-31 00:00:00.000 Z,2026-05-31 04:00:00.000 Z,BTC,REGIME_OOS,2,RANGE_CANDIDATE,0.9770269085,0.9770269085,33.103360672
2026-05-31 12:00:00.000 Z,2026-05-31 16:00:00.000 Z,BTC,REGIME_OOS,2,RANGE_CANDIDATE,0.8830437578,0.8830437578,32.950246178
2026-05-31 16:00:00.000 Z,2026-05-31 20:00:00.000 Z,BTC,REGIME_OOS,2,RANGE_CANDIDATE,0.9327264141,0.9327264141,33.111364109
2026-05-31 20:00:00.000 Z,2026-06-01 00:00:00.000 Z,BTC,REGIME_OOS,2,RANGE_CANDIDATE,0.9703261009,0.9703261009,31.988208394
2026-06-01 00:00:00.000 Z,2026-06-01 04:00:00.000 Z,BTC,REGIME_OOS,2,RANGE_CANDIDATE,0.9834086636,0.9834086636,31.332989978
2026-06-01 04:00:00.000 Z,2026-06-01 08:00:00.000 Z,BTC,REGIME_OOS,2,RANGE_CANDIDATE,0.9771797554,0.9771797554,31.424328567
2026-06-01 08:00:00.000 Z,2026-06-01 12:00:00.000 Z,BTC,REGIME_OOS,2,RANGE_CANDIDATE,0.9613127459,0.9613127459,31.933840303
2026-06-01 12:00:00.000 Z,2026-06-01 16:00:00.000 Z,BTC,REGIME_OOS,2,RANGE_CANDIDATE,0.7165674801,0.7165674801,33.451575758
2026-06-01 16:00:00.000 Z,2026-06-01 20:00:00.000 Z,BTC,REGIME_OOS,2,RANGE_CANDIDATE,0.5525372254,0.5525372254,35.080185492
2026-06-01 20:00:00.000 Z,2026-06-02 00:00:00.000 Z,BTC,REGIME_OOS,0,OTHER,0.7294064104,0.2701552128,36.59246596
2026-06-02 00:00:00.000 Z,2026-06-02 04:00:00.000 Z,BTC,REGIME_OOS,0,OTHER,0.9689401598,0.03080627636,38.40926292
2026-06-02 04:00:00.000 Z,2026-06-02 08:00:00.000 Z,BTC,REGIME_OOS,0,OTHER,0.9974483904,0.002397957467,40.278633476
2026-06-02 08:00:00.000 Z,2026-06-02 12:00:00.000 Z,BTC,REGIME_OOS,0,OTHER,0.9997667785,0.0001563456439,42.215435882
2026-06-02 12:00:00.000 Z,2026-06-02 16:00:00.000 Z,BTC,REGIME_OOS,0,OTHER,0.9999831048,4.911993696e-07,44.733773778
2026-06-02 16:00:00.000 Z,2026-06-02 20:00:00.000 Z,BTC,REGIME_OOS,0,OTHER,0.9999837599,2.42141907e-08,47.207052111
2026-06-02 20:00:00.000 Z,2026-06-03 00:00:00.000 Z,BTC,REGIME_OOS,0,OTHER,0.9999902389,3.075134184e-10,49.546046529
2026-06-03 00:00:00.000 Z,2026-06-03 04:00:00.000 Z,BTC,REGIME_OOS,0,OTHER,0.999994767,1.341498464e-12,51.864515054
2026-06-03 04:00:00.000 Z,2026-06-03 08:00:00.000 Z,BTC,REGIME_OOS,0,OTHER,0.9999574123,1.639628803e-11,53.471937055
2026-06-03 08:00:00.000 Z,2026-06-03 12:00:00.000 Z,BTC,REGIME_OOS,0,OTHER,0.9999654943,2.057482357e-12,54.936468933
2026-06-03 12:00:00.000 Z,2026-06-03 16:00:00.000 Z,BTC,REGIME_OOS,0,OTHER,0.9999771391,1.284142337e-13,56.452120235
2026-06-03 16:00:00.000 Z,2026-06-03 20:00:00.000 Z,BTC,REGIME_OOS,0,OTHER,0.9999856344,6.647661851e-15,58.054570524
2026-06-03 20:00:00.000 Z,2026-06-04 00:00:00.000 Z,BTC,REGIME_OOS,0,OTHER,0.999997153,1.150920974e-17,59.764791521
2026-06-04 00:00:00.000 Z,2026-06-04 04:00:00.000 Z,BTC,REGIME_OOS,0,OTHER,0.9999962482,1.552593153e-18,61.702875576
2026-06-04 04:00:00.000 Z,2026-06-04 08:00:00.000 Z,BTC,REGIME_OOS,0,OTHER,0.9999989957,1.540296693e-20,63.125782142
2026-06-04 08:00:00.000 Z,2026-06-04 12:00:00.000 Z,BTC,REGIME_OOS,0,OTHER,0.9999997711,5.523094286e-23,64.616217157
2026-06-04 12:00:00.000 Z,2026-06-04 16:00:00.000 Z,BTC,REGIME_OOS,0,OTHER,0.9999988084,3.70959925e-21,65.159737421
2026-06-04 16:00:00.000 Z,2026-06-04 20:00:00.000 Z,BTC,REGIME_OOS,0,OTHER,0.999998853,4.979613523e-21,65.664434809
2026-06-04 20:00:00.000 Z,2026-06-05 00:00:00.000 Z,BTC,REGIME_OOS,0,OTHER,0.9999991058,1.726980459e-21,66.133082383
2026-06-05 00:00:00.000 Z,2026-06-05 04:00:00.000 Z,BTC,REGIME_OOS,0,OTHER,0.9999997632,1.121023081e-22,66.762927453
2026-06-05 04:00:00.000 Z,2026-06-05 08:00:00.000 Z,BTC,REGIME_OOS,0,OTHER,0.9999996436,3.684503536e-22,67.571543634
2026-06-05 08:00:00.000 Z,2026-06-05 12:00:00.000 Z,BTC,REGIME_OOS,0,OTHER,0.9999998448,4.558439817e-23,68.322401516
2026-06-05 12:00:00.000 Z,2026-06-05 16:00:00.000 Z,BTC,REGIME_OOS,0,OTHER,0.9999999789,1.304993444e-25,69.317420941
2026-06-05 16:00:00.000 Z,2026-06-05 20:00:00.000 Z,BTC,REGIME_OOS,0,OTHER,0.9999999818,3.015636944e-26,70.352630128
2026-06-05 20:00:00.000 Z,2026-06-06 00:00:00.000 Z,BTC,REGIME_OOS,0,OTHER,0.9999999688,1.245977289e-25,70.321388024
2026-06-06 12:00:00.000 Z,2026-06-06 16:00:00.000 Z,BTC,REGIME_OOS,0,OTHER,0.9999990858,4.766161579e-24,70.265439153
2026-06-06 16:00:00.000 Z,2026-06-06 20:00:00.000 Z,BTC,REGIME_OOS,0,OTHER,0.9999999299,9.846396359e-25,70.271585972
2026-06-06 20:00:00.000 Z,2026-06-07 00:00:00.000 Z,BTC,REGIME_OOS,0,OTHER,0.9999997837,2.918558075e-23,70.044318614
2026-06-07 00:00:00.000 Z,2026-06-07 04:00:00.000 Z,BTC,REGIME_OOS,0,OTHER,0.9999997821,3.798094202e-22,68.664159455
2026-06-07 04:00:00.000 Z,2026-06-07 08:00:00.000 Z,BTC,REGIME_OOS,0,OTHER,0.9999996113,4.802684975e-20,66.534944857
2026-06-07 08:00:00.000 Z,2026-06-07 12:00:00.000 Z,BTC,REGIME_OOS,0,OTHER,0.9999994279,4.198467222e-18,63.833105944
2026-06-07 12:00:00.000 Z,2026-06-07 16:00:00.000 Z,BTC,REGIME_OOS,0,OTHER,0.9999995071,4.936450486e-17,61.950341928
2026-06-07 16:00:00.000 Z,2026-06-07 20:00:00.000 Z,BTC,REGIME_OOS,0,OTHER,0.9999995098,5.804786474e-16,60.297600816
2026-06-07 20:00:00.000 Z,2026-06-08 00:00:00.000 Z,BTC,REGIME_OOS,0,OTHER,0.9999915228,8.153236753e-13,56.754123195
2026-06-08 00:00:00.000 Z,2026-06-08 04:00:00.000 Z,BTC,REGIME_OOS,0,OTHER,0.9999919651,5.643454059e-11,53.463751118
2026-06-08 04:00:00.000 Z,2026-06-08 08:00:00.000 Z,BTC,REGIME_OOS,0,OTHER,0.9999876541,2.447514689e-09,50.629574005
2026-06-08 08:00:00.000 Z,2026-06-08 12:00:00.000 Z,BTC,REGIME_OOS,0,OTHER,0.999969492,1.020480578e-07,47.523234133
2026-06-08 12:00:00.000 Z,2026-06-08 16:00:00.000 Z,BTC,REGIME_OOS,0,OTHER,0.9999778014,5.450107051e-07,44.291845197
2026-06-08 16:00:00.000 Z,2026-06-08 20:00:00.000 Z,BTC,REGIME_OOS,0,OTHER,0.9999661639,6.686346144e-06,41.291269757
2026-06-08 20:00:00.000 Z,2026-06-09 00:00:00.000 Z,BTC,REGIME_OOS,0,OTHER,0.9998289299,0.0001371408228,38.808591811
2026-06-09 00:00:00.000 Z,2026-06-09 04:00:00.000 Z,BTC,REGIME_OOS,0,OTHER,0.9990426837,0.000898556918,37.000662933
2026-06-09 04:00:00.000 Z,2026-06-09 08:00:00.000 Z,BTC,REGIME_OOS,0,OTHER,0.9837015166,0.01600701009,34.933394416
2026-06-09 08:00:00.000 Z,2026-06-09 12:00:00.000 Z,BTC,REGIME_OOS,0,OTHER,0.9398890447,0.05987776749,33.264178454
2026-06-09 12:00:00.000 Z,2026-06-09 16:00:00.000 Z,BTC,REGIME_OOS,0,OTHER,0.9706376826,0.02925591817,32.902232526
2026-06-09 16:00:00.000 Z,2026-06-09 20:00:00.000 Z,BTC,REGIME_OOS,0,OTHER,0.7373133055,0.2619020068,32.743893105
2026-06-09 20:00:00.000 Z,2026-06-10 00:00:00.000 Z,BTC,REGIME_OOS,2,RANGE_CANDIDATE,0.505695087,0.505695087,32.42902032
2026-06-10 00:00:00.000 Z,2026-06-10 04:00:00.000 Z,BTC,REGIME_OOS,2,RANGE_CANDIDATE,0.8525459224,0.8525459224,32.393720295
2026-06-10 04:00:00.000 Z,2026-06-10 08:00:00.000 Z,BTC,REGIME_OOS,2,RANGE_CANDIDATE,0.9673489386,0.9673489386,32.455364207
2026-06-10 08:00:00.000 Z,2026-06-10 12:00:00.000 Z,BTC,REGIME_OOS,2,RANGE_CANDIDATE,0.9914207013,0.9914207013,32.77018106
2026-06-10 12:00:00.000 Z,2026-06-10 16:00:00.000 Z,BTC,REGIME_OOS,2,RANGE_CANDIDATE,0.998179085,0.998179085,31.478221617
2026-06-10 16:00:00.000 Z,2026-06-10 20:00:00.000 Z,BTC,REGIME_OOS,2,RANGE_CANDIDATE,0.9993894079,0.9993894079,30.278544992
2026-06-10 20:00:00.000 Z,2026-06-11 00:00:00.000 Z,BTC,REGIME_OOS,2,RANGE_CANDIDATE,0.9995784075,0.9995784075,29.768003549
2026-06-11 00:00:00.000 Z,2026-06-11 04:00:00.000 Z,BTC,REGIME_OOS,2,RANGE_CANDIDATE,0.9994191325,0.9994191325,28.240982544
2026-06-11 04:00:00.000 Z,2026-06-11 08:00:00.000 Z,BTC,REGIME_OOS,2,RANGE_CANDIDATE,0.9997732529,0.9997732529,26.629493646
2026-06-11 08:00:00.000 Z,2026-06-11 12:00:00.000 Z,BTC,REGIME_OOS,2,RANGE_CANDIDATE,0.9996326846,0.9996326846,24.864335266
2026-06-11 12:00:00.000 Z,2026-06-11 16:00:00.000 Z,BTC,REGIME_OOS,2,RANGE_CANDIDATE,0.9998805253,0.9998805253,23.478786042
2026-06-11 16:00:00.000 Z,2026-06-11 20:00:00.000 Z,BTC,REGIME_OOS,2,RANGE_CANDIDATE,0.9996938883,0.9996938883,22.128973797
2026-06-11 20:00:00.000 Z,2026-06-12 00:00:00.000 Z,BTC,REGIME_OOS,2,RANGE_CANDIDATE,0.9996998273,0.9996998273,20.875576712
2026-06-12 00:00:00.000 Z,2026-06-12 04:00:00.000 Z,BTC,REGIME_OOS,2,RANGE_CANDIDATE,0.9999131648,0.9999131648,19.805281692
2026-06-12 04:00:00.000 Z,2026-06-12 08:00:00.000 Z,BTC,REGIME_OOS,2,RANGE_CANDIDATE,0.9999600746,0.9999600746,18.580216669
2026-06-12 08:00:00.000 Z,2026-06-12 12:00:00.000 Z,BTC,REGIME_OOS,2,RANGE_CANDIDATE,0.9999510134,0.9999510134,17.253147563
2026-06-12 12:00:00.000 Z,2026-06-12 16:00:00.000 Z,BTC,REGIME_OOS,2,RANGE_CANDIDATE,0.9999318184,0.9999318184,16.600230888
2026-06-12 16:00:00.000 Z,2026-06-12 20:00:00.000 Z,BTC,REGIME_OOS,2,RANGE_CANDIDATE,0.9999218916,0.9999218916,15.993951119
2026-06-12 20:00:00.000 Z,2026-06-13 00:00:00.000 Z,BTC,REGIME_OOS,2,RANGE_CANDIDATE,0.9999739875,0.9999739875,15.223453192
2026-06-13 12:00:00.000 Z,2026-06-13 16:00:00.000 Z,BTC,REGIME_OOS,2,RANGE_CANDIDATE,0.9994216949,0.9994216949,14.860106827
2026-06-13 16:00:00.000 Z,2026-06-13 20:00:00.000 Z,BTC,REGIME_OOS,2,RANGE_CANDIDATE,0.9999567485,0.9999567485,14.756128218
2026-06-13 20:00:00.000 Z,2026-06-14 00:00:00.000 Z,BTC,REGIME_OOS,2,RANGE_CANDIDATE,0.9999432532,0.9999432532,15.227478794
2026-06-14 00:00:00.000 Z,2026-06-14 04:00:00.000 Z,BTC,REGIME_OOS,2,RANGE_CANDIDATE,0.9999254274,0.9999254274,15.665161472
2026-06-14 04:00:00.000 Z,2026-06-14 08:00:00.000 Z,BTC,REGIME_OOS,2,RANGE_CANDIDATE,0.9999016335,0.9999016335,15.628627394
2026-06-14 08:00:00.000 Z,2026-06-14 12:00:00.000 Z,BTC,REGIME_OOS,2,RANGE_CANDIDATE,0.9998811998,0.9998811998,15.778455701
2026-06-14 12:00:00.000 Z,2026-06-14 16:00:00.000 Z,BTC,REGIME_OOS,2,RANGE_CANDIDATE,0.9999261388,0.9999261388,14.689020407
2026-06-14 16:00:00.000 Z,2026-06-14 20:00:00.000 Z,BTC,REGIME_OOS,2,RANGE_CANDIDATE,0.9999122486,0.9999122486,14.016653314
2026-06-14 20:00:00.000 Z,2026-06-15 00:00:00.000 Z,BTC,REGIME_OOS,2,RANGE_CANDIDATE,0.9967951688,0.9967951688,14.786199025
2026-06-15 00:00:00.000 Z,2026-06-15 04:00:00.000 Z,BTC,REGIME_OOS,2,RANGE_CANDIDATE,0.9988247527,0.9988247527,15.671483553
2026-06-15 04:00:00.000 Z,2026-06-15 08:00:00.000 Z,BTC,REGIME_OOS,2,RANGE_CANDIDATE,0.9988340622,0.9988340622,16.493533472
2026-06-15 08:00:00.000 Z,2026-06-15 12:00:00.000 Z,BTC,REGIME_OOS,2,RANGE_CANDIDATE,0.9965915586,0.9965915586,17.642261387
2026-06-15 12:00:00.000 Z,2026-06-15 16:00:00.000 Z,BTC,REGIME_OOS,2,RANGE_CANDIDATE,0.940604789,0.940604789,19.492234605
2026-06-15 16:00:00.000 Z,2026-06-15 20:00:00.000 Z,BTC,REGIME_OOS,2,RANGE_CANDIDATE,0.898443494,0.898443494,21.210066877
2026-06-15 20:00:00.000 Z,2026-06-16 00:00:00.000 Z,BTC,REGIME_OOS,2,RANGE_CANDIDATE,0.9948109552,0.9948109552,22.232714345
2026-06-16 00:00:00.000 Z,2026-06-16 04:00:00.000 Z,BTC,REGIME_OOS,2,RANGE_CANDIDATE,0.9968417052,0.9968417052,22.406815308
2026-06-16 04:00:00.000 Z,2026-06-16 08:00:00.000 Z,BTC,REGIME_OOS,2,RANGE_CANDIDATE,0.99309466,0.99309466,22.770589094
2026-06-16 08:00:00.000 Z,2026-06-16 12:00:00.000 Z,BTC,REGIME_OOS,2,RANGE_CANDIDATE,0.9976849165,0.9976849165,23.486525771
2026-06-16 12:00:00.000 Z,2026-06-16 16:00:00.000 Z,BTC,REGIME_OOS,2,RANGE_CANDIDATE,0.99892034,0.99892034,22.461402286
2026-06-16 16:00:00.000 Z,2026-06-16 20:00:00.000 Z,BTC,REGIME_OOS,2,RANGE_CANDIDATE,0.9994580196,0.9994580196,21.509501907
2026-06-16 20:00:00.000 Z,2026-06-17 00:00:00.000 Z,BTC,REGIME_OOS,2,RANGE_CANDIDATE,0.9993744182,0.9993744182,20.625594412
2026-06-17 00:00:00.000 Z,2026-06-17 04:00:00.000 Z,BTC,REGIME_OOS,2,RANGE_CANDIDATE,0.9996193609,0.9996193609,20.19100938
2026-06-17 04:00:00.000 Z,2026-06-17 08:00:00.000 Z,BTC,REGIME_OOS,2,RANGE_CANDIDATE,0.9997137192,0.9997137192,19.391783022
2026-06-17 08:00:00.000 Z,2026-06-17 12:00:00.000 Z,BTC,REGIME_OOS,2,RANGE_CANDIDATE,0.9997942438,0.9997942438,18.428968233
2026-06-17 12:00:00.000 Z,2026-06-17 16:00:00.000 Z,BTC,REGIME_OOS,2,RANGE_CANDIDATE,0.9994916241,0.9994916241,17.202506058
2026-06-17 16:00:00.000 Z,2026-06-17 20:00:00.000 Z,BTC,REGIME_OOS,2,RANGE_CANDIDATE,0.9998683143,0.9998683143,16.874923544
2026-06-17 20:00:00.000 Z,2026-06-18 00:00:00.000 Z,BTC,REGIME_OOS,2,RANGE_CANDIDATE,0.9998521683,0.9998521683,16.365483116
2026-06-18 00:00:00.000 Z,2026-06-18 04:00:00.000 Z,BTC,REGIME_OOS,2,RANGE_CANDIDATE,0.9998515134,0.9998515134,16.25874946
2026-06-18 04:00:00.000 Z,2026-06-18 08:00:00.000 Z,BTC,REGIME_OOS,2,RANGE_CANDIDATE,0.9998667135,0.9998667135,15.264972637
2026-06-18 08:00:00.000 Z,2026-06-18 12:00:00.000 Z,BTC,REGIME_OOS,2,RANGE_CANDIDATE,0.9999288045,0.9999288045,14.517292961
2026-06-18 12:00:00.000 Z,2026-06-18 16:00:00.000 Z,BTC,REGIME_OOS,2,RANGE_CANDIDATE,0.9997233626,0.9997233626,15.066593414
2026-06-18 16:00:00.000 Z,2026-06-18 20:00:00.000 Z,BTC,REGIME_OOS,2,RANGE_CANDIDATE,0.9999283032,0.9999283032,15.595806976
2026-06-18 20:00:00.000 Z,2026-06-19 00:00:00.000 Z,BTC,REGIME_OOS,2,RANGE_CANDIDATE,0.9999272681,0.9999272681,15.699376893
2026-06-19 00:00:00.000 Z,2026-06-19 04:00:00.000 Z,BTC,REGIME_OOS,2,RANGE_CANDIDATE,0.9999197453,0.9999197453,16.176715726
2026-06-19 04:00:00.000 Z,2026-06-19 08:00:00.000 Z,BTC,REGIME_OOS,2,RANGE_CANDIDATE,0.9998977167,0.9998977167,16.619958927
2026-06-19 08:00:00.000 Z,2026-06-19 12:00:00.000 Z,BTC,REGIME_OOS,2,RANGE_CANDIDATE,0.9999031147,0.9999031147,17.133055001
2026-06-19 12:00:00.000 Z,2026-06-19 16:00:00.000 Z,BTC,REGIME_OOS,2,RANGE_CANDIDATE,0.9999428184,0.9999428184,16.492318812
2026-06-19 16:00:00.000 Z,2026-06-19 20:00:00.000 Z,BTC,REGIME_OOS,2,RANGE_CANDIDATE,0.9999562784,0.9999562784,15.897349493
2026-06-19 20:00:00.000 Z,2026-06-20 00:00:00.000 Z,BTC,REGIME_OOS,2,RANGE_CANDIDATE,0.999932474,0.999932474,15.344877984
2026-06-20 16:00:00.000 Z,2026-06-20 20:00:00.000 Z,BTC,REGIME_OOS,2,RANGE_CANDIDATE,0.9993377583,0.9993377583,14.659854136
2026-06-20 20:00:00.000 Z,2026-06-21 00:00:00.000 Z,BTC,REGIME_OOS,2,RANGE_CANDIDATE,0.9999213296,0.9999213296,14.648256251
2026-06-21 00:00:00.000 Z,2026-06-21 04:00:00.000 Z,BTC,REGIME_OOS,2,RANGE_CANDIDATE,0.9998939163,0.9998939163,14.82608904
2026-06-21 04:00:00.000 Z,2026-06-21 08:00:00.000 Z,BTC,REGIME_OOS,2,RANGE_CANDIDATE,0.9999181226,0.9999181226,15.133519748
2026-06-21 08:00:00.000 Z,2026-06-21 12:00:00.000 Z,BTC,REGIME_OOS,2,RANGE_CANDIDATE,0.9999302239,0.9999302239,15.41899112
2026-06-21 12:00:00.000 Z,2026-06-21 16:00:00.000 Z,BTC,REGIME_OOS,2,RANGE_CANDIDATE,0.9999371304,0.9999371304,14.754175168
2026-06-21 16:00:00.000 Z,2026-06-21 20:00:00.000 Z,BTC,REGIME_OOS,2,RANGE_CANDIDATE,0.9999249468,0.9999249468,14.136846069
2026-06-21 20:00:00.000 Z,2026-06-22 00:00:00.000 Z,BTC,REGIME_OOS,2,RANGE_CANDIDATE,0.9998048202,0.9998048202,14.209308115
2026-06-22 00:00:00.000 Z,2026-06-22 04:00:00.000 Z,BTC,REGIME_OOS,2,RANGE_CANDIDATE,0.9999144055,0.9999144055,13.660563469
2026-06-22 04:00:00.000 Z,2026-06-22 08:00:00.000 Z,BTC,REGIME_OOS,2,RANGE_CANDIDATE,0.9999320077,0.9999320077,13.15101487
2026-06-22 08:00:00.000 Z,2026-06-22 12:00:00.000 Z,BTC,REGIME_OOS,2,RANGE_CANDIDATE,0.9999501133,0.9999501133,13.208848127
2026-06-22 12:00:00.000 Z,2026-06-22 16:00:00.000 Z,BTC,REGIME_OOS,2,RANGE_CANDIDATE,0.9999550227,0.9999550227,14.312367204
2026-06-22 16:00:00.000 Z,2026-06-22 20:00:00.000 Z,BTC,REGIME_OOS,2,RANGE_CANDIDATE,0.9999590998,0.9999590998,14.817350042
2026-06-22 20:00:00.000 Z,2026-06-23 00:00:00.000 Z,BTC,REGIME_OOS,2,RANGE_CANDIDATE,0.9999589378,0.9999589378,14.469827131
2026-06-23 00:00:00.000 Z,2026-06-23 04:00:00.000 Z,BTC,REGIME_OOS,2,RANGE_CANDIDATE,0.9999457984,0.9999457984,14.147127285
2026-06-23 04:00:00.000 Z,2026-06-23 08:00:00.000 Z,BTC,REGIME_OOS,2,RANGE_CANDIDATE,0.9999339685,0.9999339685,14.128802394
2026-06-23 08:00:00.000 Z,2026-06-23 12:00:00.000 Z,BTC,REGIME_OOS,2,RANGE_CANDIDATE,0.9998807445,0.9998807445,14.757162366
2026-06-23 12:00:00.000 Z,2026-06-23 16:00:00.000 Z,BTC,REGIME_OOS,2,RANGE_CANDIDATE,0.9998809085,0.9998809085,15.340639482
2026-06-23 16:00:00.000 Z,2026-06-23 20:00:00.000 Z,BTC,REGIME_OOS,2,RANGE_CANDIDATE,0.9998967413,0.9998967413,15.882439661
2026-06-23 20:00:00.000 Z,2026-06-24 00:00:00.000 Z,BTC,REGIME_OOS,2,RANGE_CANDIDATE,0.9999555224,0.9999555224,16.385539828
2026-06-24 00:00:00.000 Z,2026-06-24 04:00:00.000 Z,BTC,REGIME_OOS,2,RANGE_CANDIDATE,0.9999677382,0.9999677382,16.317073248
2026-06-24 04:00:00.000 Z,2026-06-24 08:00:00.000 Z,BTC,REGIME_OOS,2,RANGE_CANDIDATE,0.9999709364,0.9999709364,16.253497137
2026-06-24 08:00:00.000 Z,2026-06-24 12:00:00.000 Z,BTC,REGIME_OOS,2,RANGE_CANDIDATE,0.999970318,0.999970318,16.567785603
2026-06-24 12:00:00.000 Z,2026-06-24 16:00:00.000 Z,BTC,REGIME_OOS,2,RANGE_CANDIDATE,0.9997697166,0.9997697166,18.780555685
2026-06-24 16:00:00.000 Z,2026-06-24 20:00:00.000 Z,BTC,REGIME_OOS,2,RANGE_CANDIDATE,0.9992439049,0.9992439049,21.457561885
2026-06-24 20:00:00.000 Z,2026-06-25 00:00:00.000 Z,BTC,REGIME_OOS,2,RANGE_CANDIDATE,0.9996494882,0.9996494882,23.00860424
2026-06-25 00:00:00.000 Z,2026-06-25 04:00:00.000 Z,BTC,REGIME_OOS,2,RANGE_CANDIDATE,0.9990264713,0.9990264713,24.448857855
2026-06-25 04:00:00.000 Z,2026-06-25 08:00:00.000 Z,BTC,REGIME_OOS,2,RANGE_CANDIDATE,0.9996618404,0.9996618404,24.453262773
2026-06-25 08:00:00.000 Z,2026-06-25 12:00:00.000 Z,BTC,REGIME_OOS,2,RANGE_CANDIDATE,0.9990352573,0.9990352573,24.457353055
2026-06-25 12:00:00.000 Z,2026-06-25 16:00:00.000 Z,BTC,REGIME_OOS,2,RANGE_CANDIDATE,0.9859568682,0.9859568682,26.284527297
2026-06-25 16:00:00.000 Z,2026-06-25 20:00:00.000 Z,BTC,REGIME_OOS,2,RANGE_CANDIDATE,0.9652831574,0.9652831574,27.981189093
2026-06-25 20:00:00.000 Z,2026-06-26 00:00:00.000 Z,BTC,REGIME_OOS,2,RANGE_CANDIDATE,0.910552557,0.910552557,29.305638175
2026-06-26 00:00:00.000 Z,2026-06-26 04:00:00.000 Z,BTC,REGIME_OOS,2,RANGE_CANDIDATE,0.8513464724,0.8513464724,30.965339238
2026-06-26 04:00:00.000 Z,2026-06-26 08:00:00.000 Z,BTC,REGIME_OOS,2,RANGE_CANDIDATE,0.8407155854,0.8407155854,31.698059364
2026-06-26 08:00:00.000 Z,2026-06-26 12:00:00.000 Z,BTC,REGIME_OOS,0,OTHER,0.6257646278,0.3738841392,32.627311905
2026-06-26 12:00:00.000 Z,2026-06-26 16:00:00.000 Z,BTC,REGIME_OOS,0,OTHER,0.8320357859,0.1676286102,33.8146451
2026-06-27 12:00:00.000 Z,2026-06-27 16:00:00.000 Z,BTC,REGIME_OOS,2,RANGE_CANDIDATE,0.6600276098,0.6600276098,34.669982794
2026-06-27 16:00:00.000 Z,2026-06-27 20:00:00.000 Z,BTC,REGIME_OOS,0,OTHER,0.5591817743,0.4401158697,34.986697862
2026-06-27 20:00:00.000 Z,2026-06-28 00:00:00.000 Z,BTC,REGIME_OOS,0,OTHER,0.8104345783,0.1892166856,35.399282312
2026-06-28 00:00:00.000 Z,2026-06-28 04:00:00.000 Z,BTC,REGIME_OOS,0,OTHER,0.9481357642,0.05159264988,35.782396445
2026-06-28 04:00:00.000 Z,2026-06-28 08:00:00.000 Z,BTC,REGIME_OOS,0,OTHER,0.9815639375,0.0182623023,36.235265982
2026-06-28 08:00:00.000 Z,2026-06-28 12:00:00.000 Z,BTC,REGIME_OOS,0,OTHER,0.9807496109,0.01905964929,36.107356076
2026-06-28 12:00:00.000 Z,2026-06-28 16:00:00.000 Z,BTC,REGIME_OOS,0,OTHER,0.9842017095,0.01564513522,36.209419794
2026-06-28 16:00:00.000 Z,2026-06-28 20:00:00.000 Z,BTC,REGIME_OOS,0,OTHER,0.9933819267,0.00651451738,36.786433833
2026-06-28 20:00:00.000 Z,2026-06-29 00:00:00.000 Z,BTC,REGIME_OOS,0,OTHER,0.9809953913,0.01867918367,37.51043299
2026-06-29 00:00:00.000 Z,2026-06-29 04:00:00.000 Z,BTC,REGIME_OOS,0,OTHER,0.9559079522,0.04344179581,37.493877664
2026-06-29 04:00:00.000 Z,2026-06-29 08:00:00.000 Z,BTC,REGIME_OOS,0,OTHER,0.949605133,0.04971803133,37.200687242
2026-06-29 08:00:00.000 Z,2026-06-29 12:00:00.000 Z,BTC,REGIME_OOS,0,OTHER,0.9505284583,0.04886131694,36.928438993
2026-06-29 12:00:00.000 Z,2026-06-29 16:00:00.000 Z,BTC,REGIME_OOS,0,OTHER,0.9628031034,0.03660811362,37.322420007
2026-06-29 16:00:00.000 Z,2026-06-29 20:00:00.000 Z,BTC,REGIME_OOS,0,OTHER,0.9592120293,0.03943988565,37.68825952
2026-06-29 20:00:00.000 Z,2026-06-30 00:00:00.000 Z,BTC,REGIME_OOS,0,OTHER,0.9533773893,0.0452345197,38.027967639
2026-06-30 00:00:00.000 Z,2026-06-30 04:00:00.000 Z,BTC,REGIME_OOS,0,OTHER,0.9806481973,0.0186838132,38.826800136
2026-06-30 04:00:00.000 Z,2026-06-30 08:00:00.000 Z,BTC,REGIME_OOS,0,OTHER,0.9541060465,0.04243342727,39.738082672
2026-06-30 08:00:00.000 Z,2026-06-30 12:00:00.000 Z,BTC,REGIME_OOS,0,OTHER,0.9470145762,0.04859016188,40.740066782
2026-06-30 12:00:00.000 Z,2026-06-30 16:00:00.000 Z,BTC,REGIME_OOS,0,OTHER,0.991110649,0.007763696182,42.234398539
2026-06-30 16:00:00.000 Z,2026-06-30 20:00:00.000 Z,BTC,REGIME_OOS,0,OTHER,0.9943111046,0.004049125319,43.621992313
2026-06-30 20:00:00.000 Z,2026-07-01 00:00:00.000 Z,BTC,REGIME_OOS,0,OTHER,0.9985948069,0.0007006551465,44.862779082
2026-07-01 00:00:00.000 Z,2026-07-01 04:00:00.000 Z,BTC,REGIME_OOS,0,OTHER,0.995753494,0.00120701626,46.401808073
2026-07-01 04:00:00.000 Z,2026-07-01 08:00:00.000 Z,BTC,REGIME_OOS,0,OTHER,0.9924078653,0.001011778098,47.428255571
2026-07-01 08:00:00.000 Z,2026-07-01 12:00:00.000 Z,BTC,REGIME_OOS,0,OTHER,0.9912137325,0.00059417239,48.396337373
2026-07-01 12:00:00.000 Z,2026-07-01 16:00:00.000 Z,BTC,REGIME_OOS,0,OTHER,0.9611772253,0.002698734134,46.245970327
2026-07-01 16:00:00.000 Z,2026-07-01 20:00:00.000 Z,BTC,REGIME_OOS,0,OTHER,0.9468818181,0.01444579271,44.249200927
2026-07-01 20:00:00.000 Z,2026-07-02 00:00:00.000 Z,BTC,REGIME_OOS,0,OTHER,0.8857701721,0.08462414515,41.183403363
2026-07-02 00:00:00.000 Z,2026-07-02 04:00:00.000 Z,BTC,REGIME_OOS,2,RANGE_CANDIDATE,0.459213002,0.459213002,38.498296291
2026-07-02 04:00:00.000 Z,2026-07-02 08:00:00.000 Z,BTC,REGIME_OOS,2,RANGE_CANDIDATE,0.948716175,0.948716175,36.004982582
2026-07-02 08:00:00.000 Z,2026-07-02 12:00:00.000 Z,BTC,REGIME_OOS,2,RANGE_CANDIDATE,0.9917113034,0.9917113034,33.641210146
2026-07-02 12:00:00.000 Z,2026-07-02 16:00:00.000 Z,BTC,REGIME_OOS,2,RANGE_CANDIDATE,0.9987892192,0.9987892192,32.396353163
2026-07-02 16:00:00.000 Z,2026-07-02 20:00:00.000 Z,BTC,REGIME_OOS,2,RANGE_CANDIDATE,0.9990219454,0.9990219454,31.240414535
2026-07-02 20:00:00.000 Z,2026-07-03 00:00:00.000 Z,BTC,REGIME_OOS,2,RANGE_CANDIDATE,0.9990553017,0.9990553017,30.167042953
2026-07-03 00:00:00.000 Z,2026-07-03 04:00:00.000 Z,BTC,REGIME_OOS,2,RANGE_CANDIDATE,0.9996447572,0.9996447572,28.973465618
2026-07-03 04:00:00.000 Z,2026-07-03 08:00:00.000 Z,BTC,REGIME_OOS,2,RANGE_CANDIDATE,0.9992725236,0.9992725236,28.025620634
2026-07-03 08:00:00.000 Z,2026-07-03 12:00:00.000 Z,BTC,REGIME_OOS,2,RANGE_CANDIDATE,0.999530517,0.999530517,27.400710875
2026-07-03 12:00:00.000 Z,2026-07-03 16:00:00.000 Z,BTC,REGIME_OOS,2,RANGE_CANDIDATE,0.9993695918,0.9993695918,27.238061645
2026-07-03 16:00:00.000 Z,2026-07-03 20:00:00.000 Z,BTC,REGIME_OOS,2,RANGE_CANDIDATE,0.9982071757,0.9982071757,27.087030218
2026-07-03 20:00:00.000 Z,2026-07-04 00:00:00.000 Z,BTC,REGIME_OOS,2,RANGE_CANDIDATE,0.9967821672,0.9967821672,27.675180037
2026-07-04 16:00:00.000 Z,2026-07-04 20:00:00.000 Z,BTC,REGIME_OOS,2,RANGE_CANDIDATE,0.9086047289,0.9086047289,29.370880497
2026-07-04 20:00:00.000 Z,2026-07-05 00:00:00.000 Z,BTC,REGIME_OOS,2,RANGE_CANDIDATE,0.9674331118,0.9674331118,30.352411887
2026-07-05 00:00:00.000 Z,2026-07-05 04:00:00.000 Z,BTC,REGIME_OOS,2,RANGE_CANDIDATE,0.9846235041,0.9846235041,30.478662205
2026-07-05 04:00:00.000 Z,2026-07-05 08:00:00.000 Z,BTC,REGIME_OOS,2,RANGE_CANDIDATE,0.9915543539,0.9915543539,30.64629413
2026-07-05 08:00:00.000 Z,2026-07-05 12:00:00.000 Z,BTC,REGIME_OOS,2,RANGE_CANDIDATE,0.9939146641,0.9939146641,30.801952347
2026-07-05 12:00:00.000 Z,2026-07-05 16:00:00.000 Z,BTC,REGIME_OOS,2,RANGE_CANDIDATE,0.9893188178,0.9893188178,30.628676593
2026-07-05 16:00:00.000 Z,2026-07-05 20:00:00.000 Z,BTC,REGIME_OOS,2,RANGE_CANDIDATE,0.9880168611,0.9880168611,30.216000854
2026-07-05 20:00:00.000 Z,2026-07-06 00:00:00.000 Z,BTC,REGIME_OOS,2,RANGE_CANDIDATE,0.9094214845,0.9094214845,31.355197549
2026-07-06 00:00:00.000 Z,2026-07-06 04:00:00.000 Z,BTC,REGIME_OOS,2,RANGE_CANDIDATE,0.5542925884,0.5542925884,32.41302305
2026-07-06 04:00:00.000 Z,2026-07-06 08:00:00.000 Z,BTC,REGIME_OOS,1,OTHER,0.6220560001,0.3777008715,32.70341779
2026-07-06 08:00:00.000 Z,2026-07-06 12:00:00.000 Z,BTC,REGIME_OOS,1,OTHER,0.6042444298,0.3955305662,31.965390951
2026-07-06 12:00:00.000 Z,2026-07-06 16:00:00.000 Z,BTC,REGIME_OOS,1,OTHER,0.6202921517,0.3795648111,30.200086801
2026-07-06 16:00:00.000 Z,2026-07-06 20:00:00.000 Z,BTC,REGIME_OOS,1,OTHER,0.7372571549,0.2626520112,28.170056863
2026-07-06 20:00:00.000 Z,2026-07-07 00:00:00.000 Z,BTC,REGIME_OOS,1,OTHER,0.8473046419,0.1526300016,27.063544491
2026-07-07 00:00:00.000 Z,2026-07-07 04:00:00.000 Z,BTC,REGIME_OOS,2,RANGE_CANDIDATE,0.788724766,0.788724766,25.358494689
2026-07-07 04:00:00.000 Z,2026-07-07 08:00:00.000 Z,BTC,REGIME_OOS,2,RANGE_CANDIDATE,0.9811565204,0.9811565204,23.817571711
2026-07-07 08:00:00.000 Z,2026-07-07 12:00:00.000 Z,BTC,REGIME_OOS,2,RANGE_CANDIDATE,0.9932298246,0.9932298246,22.349411313
2026-07-07 12:00:00.000 Z,2026-07-07 16:00:00.000 Z,BTC,REGIME_OOS,2,RANGE_CANDIDATE,0.9973893826,0.9973893826,21.455300035
2026-07-07 16:00:00.000 Z,2026-07-07 20:00:00.000 Z,BTC,REGIME_OOS,2,RANGE_CANDIDATE,0.9954060037,0.9954060037,20.828468667
2026-07-07 20:00:00.000 Z,2026-07-08 00:00:00.000 Z,BTC,REGIME_OOS,2,RANGE_CANDIDATE,0.9992016218,0.9992016218,20.054346002
2026-07-08 00:00:00.000 Z,2026-07-08 04:00:00.000 Z,BTC,REGIME_OOS,2,RANGE_CANDIDATE,0.9996571373,0.9996571373,19.118695696
2026-07-08 04:00:00.000 Z,2026-07-08 08:00:00.000 Z,BTC,REGIME_OOS,2,RANGE_CANDIDATE,0.999667895,0.999667895,18.283531584
2026-07-08 08:00:00.000 Z,2026-07-08 12:00:00.000 Z,BTC,REGIME_OOS,2,RANGE_CANDIDATE,0.9998222691,0.9998222691,18.421681043
2026-07-08 12:00:00.000 Z,2026-07-08 16:00:00.000 Z,BTC,REGIME_OOS,2,RANGE_CANDIDATE,0.9998464716,0.9998464716,18.777050978
2026-07-08 16:00:00.000 Z,2026-07-08 20:00:00.000 Z,BTC,REGIME_OOS,2,RANGE_CANDIDATE,0.9998874167,0.9998874167,19.070288964
2026-07-08 20:00:00.000 Z,2026-07-09 00:00:00.000 Z,BTC,REGIME_OOS,2,RANGE_CANDIDATE,0.9999152231,0.9999152231,19.342581379
2026-07-09 00:00:00.000 Z,2026-07-09 04:00:00.000 Z,BTC,REGIME_OOS,2,RANGE_CANDIDATE,0.9999317846,0.9999317846,20.075613347
2026-07-09 04:00:00.000 Z,2026-07-09 08:00:00.000 Z,BTC,REGIME_OOS,2,RANGE_CANDIDATE,0.9999218727,0.9999218727,19.501035462
2026-07-09 08:00:00.000 Z,2026-07-09 12:00:00.000 Z,BTC,REGIME_OOS,2,RANGE_CANDIDATE,0.9999465364,0.9999465364,18.967498856
2026-07-09 12:00:00.000 Z,2026-07-09 16:00:00.000 Z,BTC,REGIME_OOS,2,RANGE_CANDIDATE,0.9999408248,0.9999408248,18.116780029
2026-07-09 16:00:00.000 Z,2026-07-09 20:00:00.000 Z,BTC,REGIME_OOS,2,RANGE_CANDIDATE,0.9999510695,0.9999510695,16.926999937
2026-07-09 20:00:00.000 Z,2026-07-10 00:00:00.000 Z,BTC,REGIME_OOS,2,RANGE_CANDIDATE,0.9999512444,0.9999512444,15.822204137
2026-07-10 00:00:00.000 Z,2026-07-10 04:00:00.000 Z,BTC,REGIME_OOS,2,RANGE_CANDIDATE,0.9998905698,0.9998905698,15.660994233
2026-07-10 04:00:00.000 Z,2026-07-10 08:00:00.000 Z,BTC,REGIME_OOS,2,RANGE_CANDIDATE,0.9999481724,0.9999481724,15.760343394
2026-07-10 08:00:00.000 Z,2026-07-10 12:00:00.000 Z,BTC,REGIME_OOS,2,RANGE_CANDIDATE,0.9999004352,0.9999004352,16.267922099
2026-07-10 12:00:00.000 Z,2026-07-10 16:00:00.000 Z,BTC,REGIME_OOS,2,RANGE_CANDIDATE,0.9999435675,0.9999435675,16.25141483
2026-07-10 16:00:00.000 Z,2026-07-10 20:00:00.000 Z,BTC,REGIME_OOS,2,RANGE_CANDIDATE,0.9999568955,0.9999568955,16.150688153
2026-07-10 20:00:00.000 Z,2026-07-11 00:00:00.000 Z,BTC,REGIME_OOS,2,RANGE_CANDIDATE,0.9999636443,0.9999636443,16.156740514
2026-07-11 12:00:00.000 Z,2026-07-11 16:00:00.000 Z,BTC,REGIME_OOS,2,RANGE_CANDIDATE,0.9995880508,0.9995880508,16.571327857
2026-07-11 16:00:00.000 Z,2026-07-11 20:00:00.000 Z,BTC,REGIME_OOS,2,RANGE_CANDIDATE,0.9999511016,0.9999511016,16.776918954
2026-07-11 20:00:00.000 Z,2026-07-12 00:00:00.000 Z,BTC,REGIME_OOS,2,RANGE_CANDIDATE,0.9999732418,0.9999732418,15.788072238
2026-07-12 00:00:00.000 Z,2026-07-12 04:00:00.000 Z,BTC,REGIME_OOS,2,RANGE_CANDIDATE,0.9999696406,0.9999696406,14.663481175
2026-07-12 04:00:00.000 Z,2026-07-12 08:00:00.000 Z,BTC,REGIME_OOS,2,RANGE_CANDIDATE,0.9999718795,0.9999718795,13.878619184
2026-07-12 08:00:00.000 Z,2026-07-12 12:00:00.000 Z,BTC,REGIME_OOS,2,RANGE_CANDIDATE,0.9999615501,0.9999615501,13.029665348
2026-07-12 12:00:00.000 Z,2026-07-12 16:00:00.000 Z,BTC,REGIME_OOS,2,RANGE_CANDIDATE,0.9999487478,0.9999487478,12.241351072
2026-07-12 16:00:00.000 Z,2026-07-12 20:00:00.000 Z,BTC,REGIME_OOS,2,RANGE_CANDIDATE,0.9999310956,0.9999310956,11.891971781
2026-07-12 20:00:00.000 Z,2026-07-13 00:00:00.000 Z,BTC,REGIME_OOS,2,RANGE_CANDIDATE,0.999943606,0.999943606,11.604634416
2026-07-13 00:00:00.000 Z,2026-07-13 04:00:00.000 Z,BTC,REGIME_OOS,2,RANGE_CANDIDATE,0.9999422585,0.9999422585,13.034809457
2026-07-13 04:00:00.000 Z,2026-07-13 08:00:00.000 Z,BTC,REGIME_OOS,2,RANGE_CANDIDATE,0.9999546214,0.9999546214,14.640617068
2026-07-13 08:00:00.000 Z,2026-07-13 12:00:00.000 Z,BTC,REGIME_OOS,2,RANGE_CANDIDATE,0.9999554585,0.9999554585,15.560788982
2026-07-13 12:00:00.000 Z,2026-07-13 16:00:00.000 Z,BTC,REGIME_OOS,2,RANGE_CANDIDATE,0.9999567827,0.9999567827,17.366809933
2026-07-13 16:00:00.000 Z,2026-07-13 20:00:00.000 Z,BTC,REGIME_OOS,2,RANGE_CANDIDATE,0.9999487785,0.9999487785,19.338130528
2026-07-13 20:00:00.000 Z,2026-07-14 00:00:00.000 Z,BTC,REGIME_OOS,2,RANGE_CANDIDATE,0.9999490685,0.9999490685,21.168642509
2026-07-14 00:00:00.000 Z,2026-07-14 04:00:00.000 Z,BTC,REGIME_OOS,2,RANGE_CANDIDATE,0.9999572114,0.9999572114,22.082359315
2026-07-14 04:00:00.000 Z,2026-07-14 08:00:00.000 Z,BTC,REGIME_OOS,2,RANGE_CANDIDATE,0.9999565349,0.9999565349,22.343427048
2026-07-14 08:00:00.000 Z,2026-07-14 12:00:00.000 Z,BTC,REGIME_OOS,2,RANGE_CANDIDATE,0.9999482417,0.9999482417,22.643655316
2026-07-14 12:00:00.000 Z,2026-07-14 16:00:00.000 Z,BTC,REGIME_OOS,2,RANGE_CANDIDATE,0.9998040139,0.9998040139,22.914816138
2026-07-14 16:00:00.000 Z,2026-07-14 20:00:00.000 Z,BTC,REGIME_OOS,2,RANGE_CANDIDATE,0.9997680672,0.9997680672,23.166608331
2026-07-14 20:00:00.000 Z,2026-07-15 00:00:00.000 Z,BTC,REGIME_OOS,2,RANGE_CANDIDATE,0.9995885821,0.9995885821,23.571350882
2026-07-15 00:00:00.000 Z,2026-07-15 04:00:00.000 Z,BTC,REGIME_OOS,2,RANGE_CANDIDATE,0.9997952665,0.9997952665,23.947183252
2026-07-15 04:00:00.000 Z,2026-07-15 08:00:00.000 Z,BTC,REGIME_OOS,2,RANGE_CANDIDATE,0.999826506,0.999826506,24.553246911
2026-07-15 08:00:00.000 Z,2026-07-15 12:00:00.000 Z,BTC,REGIME_OOS,2,RANGE_CANDIDATE,0.9998541146,0.9998541146,25.116020308
2026-07-15 12:00:00.000 Z,2026-07-15 16:00:00.000 Z,BTC,REGIME_OOS,2,RANGE_CANDIDATE,0.999858304,0.999858304,26.317647013
2026-07-15 16:00:00.000 Z,2026-07-15 20:00:00.000 Z,BTC,REGIME_OOS,2,RANGE_CANDIDATE,0.9998628831,0.9998628831,27.433443238
2026-07-15 20:00:00.000 Z,2026-07-16 00:00:00.000 Z,BTC,REGIME_OOS,2,RANGE_CANDIDATE,0.9998236965,0.9998236965,28.359629931
2026-07-16 00:00:00.000 Z,2026-07-16 04:00:00.000 Z,BTC,REGIME_OOS,2,RANGE_CANDIDATE,0.999818005,0.999818005,28.450905241
2026-07-16 04:00:00.000 Z,2026-07-16 08:00:00.000 Z,BTC,REGIME_OOS,2,RANGE_CANDIDATE,0.9998623248,0.9998623248,27.860212912
2026-07-16 08:00:00.000 Z,2026-07-16 12:00:00.000 Z,BTC,REGIME_OOS,2,RANGE_CANDIDATE,0.9998944972,0.9998944972,26.871233554
2026-07-16 12:00:00.000 Z,2026-07-16 16:00:00.000 Z,BTC,REGIME_OOS,2,RANGE_CANDIDATE,0.9998896828,0.9998896828,26.78432588
2026-07-16 16:00:00.000 Z,2026-07-16 20:00:00.000 Z,BTC,REGIME_OOS,2,RANGE_CANDIDATE,0.9998975988,0.9998975988,26.703625898
2026-07-16 20:00:00.000 Z,2026-07-17 00:00:00.000 Z,BTC,REGIME_OOS,2,RANGE_CANDIDATE,0.9999131196,0.9999131196,26.03178307
2026-07-17 00:00:00.000 Z,2026-07-17 04:00:00.000 Z,BTC,REGIME_OOS,2,RANGE_CANDIDATE,0.9999350448,0.9999350448,24.686848711
2026-07-17 04:00:00.000 Z,2026-07-17 08:00:00.000 Z,BTC,REGIME_OOS,2,RANGE_CANDIDATE,0.9999367388,0.9999367388,23.620679483
2026-07-17 08:00:00.000 Z,2026-07-17 12:00:00.000 Z,BTC,REGIME_OOS,2,RANGE_CANDIDATE,0.9999546255,0.9999546255,22.728322696
2026-07-17 12:00:00.000 Z,2026-07-17 16:00:00.000 Z,BTC,REGIME_OOS,2,RANGE_CANDIDATE,0.9999559496,0.9999559496,21.547448107
2026-07-17 16:00:00.000 Z,2026-07-17 20:00:00.000 Z,BTC,REGIME_OOS,2,RANGE_CANDIDATE,0.9999590445,0.9999590445,21.009560541
2026-07-17 20:00:00.000 Z,2026-07-18 00:00:00.000 Z,BTC,REGIME_OOS,2,RANGE_CANDIDATE,0.9999592915,0.9999592915,20.510093515
2026-07-18 16:00:00.000 Z,2026-07-18 20:00:00.000 Z,BTC,REGIME_OOS,2,RANGE_CANDIDATE,0.9987773231,0.9987773231,20.027285964
2026-07-18 20:00:00.000 Z,2026-07-19 00:00:00.000 Z,BTC,REGIME_OOS,2,RANGE_CANDIDATE,0.9998939922,0.9998939922,20.485419987
2026-07-19 00:00:00.000 Z,2026-07-19 04:00:00.000 Z,BTC,REGIME_OOS,2,RANGE_CANDIDATE,0.9998657483,0.9998657483,20.951371012
2026-07-19 04:00:00.000 Z,2026-07-19 08:00:00.000 Z,BTC,REGIME_OOS,2,RANGE_CANDIDATE,0.9998808893,0.9998808893,21.321652229
2026-07-19 08:00:00.000 Z,2026-07-19 12:00:00.000 Z,BTC,REGIME_OOS,2,RANGE_CANDIDATE,0.9998796411,0.9998796411,21.356201199
2026-07-19 12:00:00.000 Z,2026-07-19 16:00:00.000 Z,BTC,REGIME_OOS,2,RANGE_CANDIDATE,0.99989633,0.99989633,20.955300698
2026-07-19 16:00:00.000 Z,2026-07-19 20:00:00.000 Z,BTC,REGIME_OOS,2,RANGE_CANDIDATE,0.9999211566,0.9999211566,20.583035947
2026-07-19 20:00:00.000 Z,2026-07-20 00:00:00.000 Z,BTC,REGIME_OOS,2,RANGE_CANDIDATE,0.9999178173,0.9999178173,20.851956899
2026-07-20 00:00:00.000 Z,2026-07-20 04:00:00.000 Z,BTC,REGIME_OOS,2,RANGE_CANDIDATE,0.9999555732,0.9999555732,21.434604172
2026-07-20 04:00:00.000 Z,2026-07-20 08:00:00.000 Z,BTC,REGIME_OOS,2,RANGE_CANDIDATE,0.9999569559,0.9999569559,20.310094601
2026-07-20 08:00:00.000 Z,2026-07-20 12:00:00.000 Z,BTC,REGIME_OOS,2,RANGE_CANDIDATE,0.9999590016,0.9999590016,19.716658226
2026-07-20 12:00:00.000 Z,2026-07-20 16:00:00.000 Z,BTC,REGIME_OOS,2,RANGE_CANDIDATE,0.9999461266,0.9999461266,20.121790764
2026-07-20 16:00:00.000 Z,2026-07-20 20:00:00.000 Z,BTC,REGIME_OOS,2,RANGE_CANDIDATE,0.999952269,0.999952269,20.664377583
2026-07-20 20:00:00.000 Z,2026-07-21 00:00:00.000 Z,BTC,REGIME_OOS,2,RANGE_CANDIDATE,0.9999500937,0.9999500937,21.1682082
2026-07-21 00:00:00.000 Z,2026-07-21 04:00:00.000 Z,BTC,REGIME_OOS,2,RANGE_CANDIDATE,0.9999367237,0.9999367237,21.99821127
2026-07-21 04:00:00.000 Z,2026-07-21 08:00:00.000 Z,BTC,REGIME_OOS,2,RANGE_CANDIDATE,0.9997815926,0.9997815926,23.531556102
2026-07-21 08:00:00.000 Z,2026-07-21 12:00:00.000 Z,BTC,REGIME_OOS,2,RANGE_CANDIDATE,0.9997363173,0.9997363173,25.114635942
2026-07-21 12:00:00.000 Z,2026-07-21 16:00:00.000 Z,BTC,REGIME_OOS,2,RANGE_CANDIDATE,0.9995136837,0.9995136837,27.119601244
2026-07-21 16:00:00.000 Z,2026-07-21 20:00:00.000 Z,BTC,REGIME_OOS,2,RANGE_CANDIDATE,0.999129577,0.999129577,28.181545333
2026-07-21 20:00:00.000 Z,2026-07-22 00:00:00.000 Z,BTC,REGIME_OOS,2,RANGE_CANDIDATE,0.9987754151,0.9987754151,29.167636273
2026-07-22 00:00:00.000 Z,2026-07-22 04:00:00.000 Z,BTC,REGIME_OOS,2,RANGE_CANDIDATE,0.999187463,0.999187463,30.273233169
2026-07-22 04:00:00.000 Z,2026-07-22 08:00:00.000 Z,BTC,REGIME_OOS,2,RANGE_CANDIDATE,0.9992963271,0.9992963271,30.1767871
2026-07-22 08:00:00.000 Z,2026-07-22 12:00:00.000 Z,BTC,REGIME_OOS,2,RANGE_CANDIDATE,0.9989701422,0.9989701422,30.087230036
2026-07-22 12:00:00.000 Z,2026-07-22 16:00:00.000 Z,BTC,REGIME_OOS,2,RANGE_CANDIDATE,0.9990420107,0.9990420107,29.174128853
2026-07-22 16:00:00.000 Z,2026-07-22 20:00:00.000 Z,BTC,REGIME_OOS,2,RANGE_CANDIDATE,0.9985634653,0.9985634653,28.62323915
2026-07-22 20:00:00.000 Z,2026-07-23 00:00:00.000 Z,BTC,REGIME_OOS,2,RANGE_CANDIDATE,0.9990580973,0.9990580973,28.111698712
2026-07-23 00:00:00.000 Z,2026-07-23 04:00:00.000 Z,BTC,REGIME_OOS,2,RANGE_CANDIDATE,0.9993473852,0.9993473852,28.009911569
2026-07-23 04:00:00.000 Z,2026-07-23 08:00:00.000 Z,BTC,REGIME_OOS,2,RANGE_CANDIDATE,0.9996913577,0.9996913577,27.196499115
2026-07-23 08:00:00.000 Z,2026-07-23 12:00:00.000 Z,BTC,REGIME_OOS,2,RANGE_CANDIDATE,0.9996660603,0.9996660603,26.44118755
2026-07-23 12:00:00.000 Z,2026-07-23 16:00:00.000 Z,BTC,REGIME_OOS,2,RANGE_CANDIDATE,0.9998005657,0.9998005657,24.910406684
2026-07-23 16:00:00.000 Z,2026-07-23 20:00:00.000 Z,BTC,REGIME_OOS,2,RANGE_CANDIDATE,0.9998684659,0.9998684659,23.776303901
2026-07-23 20:00:00.000 Z,2026-07-24 00:00:00.000 Z,BTC,REGIME_OOS,2,RANGE_CANDIDATE,0.9999042707,0.9999042707,22.144948792
2026-07-24 00:00:00.000 Z,2026-07-24 04:00:00.000 Z,BTC,REGIME_OOS,2,RANGE_CANDIDATE,0.9999087787,0.9999087787,21.068577156
2026-07-24 04:00:00.000 Z,2026-07-24 08:00:00.000 Z,BTC,REGIME_OOS,2,RANGE_CANDIDATE,0.999902281,0.999902281,20.77036601
2026-07-24 08:00:00.000 Z,2026-07-24 12:00:00.000 Z,BTC,REGIME_OOS,2,RANGE_CANDIDATE,0.9999333507,0.9999333507,19.550874744
2026-07-24 12:00:00.000 Z,2026-07-24 16:00:00.000 Z,BTC,REGIME_OOS,2,RANGE_CANDIDATE,0.9999560487,0.9999560487,19.777225014
2026-07-24 16:00:00.000 Z,2026-07-24 20:00:00.000 Z,BTC,REGIME_OOS,2,RANGE_CANDIDATE,0.9999606006,0.9999606006,19.987407408
2026-07-24 20:00:00.000 Z,2026-07-25 00:00:00.000 Z,BTC,REGIME_OOS,2,RANGE_CANDIDATE,0.9999610078,0.9999610078,20.182576773
2026-07-25 12:00:00.000 Z,2026-07-25 16:00:00.000 Z,BTC,REGIME_OOS,2,RANGE_CANDIDATE,0.999550893,0.999550893,20.849621143
2026-07-25 16:00:00.000 Z,2026-07-25 20:00:00.000 Z,BTC,REGIME_OOS,2,RANGE_CANDIDATE,0.9999627633,0.9999627633,20.547728933
2026-07-25 20:00:00.000 Z,2026-07-26 00:00:00.000 Z,BTC,REGIME_OOS,2,RANGE_CANDIDATE,0.9999582322,0.9999582322,20.231648926
2026-07-26 00:00:00.000 Z,2026-07-26 04:00:00.000 Z,BTC,REGIME_OOS,2,RANGE_CANDIDATE,0.9999616515,0.9999616515,19.775283516
2026-07-26 04:00:00.000 Z,2026-07-26 08:00:00.000 Z,BTC,REGIME_OOS,2,RANGE_CANDIDATE,0.9999572184,0.9999572184,19.573445421
2026-07-26 08:00:00.000 Z,2026-07-26 12:00:00.000 Z,BTC,REGIME_OOS,2,RANGE_CANDIDATE,0.9999527273,0.9999527273,18.869910404
2026-07-26 12:00:00.000 Z,2026-07-26 16:00:00.000 Z,BTC,REGIME_OOS,2,RANGE_CANDIDATE,0.9999409543,0.9999409543,17.692589636
2026-07-26 16:00:00.000 Z,2026-07-26 20:00:00.000 Z,BTC,REGIME_OOS,2,RANGE_CANDIDATE,0.999928599,0.999928599,16.439917191
2026-07-26 20:00:00.000 Z,2026-07-27 00:00:00.000 Z,BTC,REGIME_OOS,2,RANGE_CANDIDATE,0.9999319409,0.9999319409,16.771500121
2026-07-27 00:00:00.000 Z,2026-07-27 04:00:00.000 Z,BTC,REGIME_OOS,2,RANGE_CANDIDATE,0.9999319007,0.9999319007,17.079398556
2026-07-27 04:00:00.000 Z,2026-07-27 08:00:00.000 Z,BTC,REGIME_OOS,2,RANGE_CANDIDATE,0.9999243162,0.9999243162,18.342123139
2026-07-27 08:00:00.000 Z,2026-07-27 12:00:00.000 Z,BTC,REGIME_OOS,2,RANGE_CANDIDATE,0.9999308451,0.9999308451,19.108248344
2026-07-27 12:00:00.000 Z,2026-07-27 16:00:00.000 Z,BTC,REGIME_OOS,2,RANGE_CANDIDATE,0.9999321481,0.9999321481,18.282711911
2026-07-27 16:00:00.000 Z,2026-07-27 20:00:00.000 Z,BTC,REGIME_OOS,2,RANGE_CANDIDATE,0.9999350961,0.9999350961,17.516142366
2026-07-27 20:00:00.000 Z,2026-07-28 00:00:00.000 Z,BTC,REGIME_OOS,2,RANGE_CANDIDATE,0.9998357519,0.9998357519,17.356552755
2026-07-28 00:00:00.000 Z,2026-07-28 04:00:00.000 Z,BTC,REGIME_OOS,2,RANGE_CANDIDATE,0.9997768005,0.9997768005,17.941808492
2026-07-28 04:00:00.000 Z,2026-07-28 08:00:00.000 Z,BTC,REGIME_OOS,2,RANGE_CANDIDATE,0.9998221846,0.9998221846,18.485260248
2026-07-28 08:00:00.000 Z,2026-07-28 12:00:00.000 Z,BTC,REGIME_OOS,2,RANGE_CANDIDATE,0.9998669078,0.9998669078,18.989894021
2026-07-28 12:00:00.000 Z,2026-07-28 16:00:00.000 Z,BTC,REGIME_OOS,2,RANGE_CANDIDATE,0.9999307627,0.9999307627,20.222394077
2026-07-28 16:00:00.000 Z,2026-07-28 20:00:00.000 Z,BTC,REGIME_OOS,2,RANGE_CANDIDATE,0.9999078905,0.9999078905,21.093254745
2026-07-28 20:00:00.000 Z,2026-07-29 00:00:00.000 Z,BTC,REGIME_OOS,2,RANGE_CANDIDATE,0.9999346302,0.9999346302,21.901911079
2026-07-29 00:00:00.000 Z,2026-07-29 04:00:00.000 Z,BTC,REGIME_OOS,2,RANGE_CANDIDATE,0.9999272039,0.9999272039,22.291703412
2026-07-29 04:00:00.000 Z,2026-07-29 08:00:00.000 Z,BTC,REGIME_OOS,2,RANGE_CANDIDATE,0.9999385662,0.9999385662,21.654764742
2026-07-29 08:00:00.000 Z,2026-07-29 12:00:00.000 Z,BTC,REGIME_OOS,2,RANGE_CANDIDATE,0.9999407354,0.9999407354,20.714243751
2026-07-29 12:00:00.000 Z,2026-07-29 16:00:00.000 Z,BTC,REGIME_OOS,2,RANGE_CANDIDATE,0.9999398129,0.9999398129,20.558436735
2026-07-29 16:00:00.000 Z,2026-07-29 20:00:00.000 Z,BTC,REGIME_OOS,2,RANGE_CANDIDATE,0.9999388264,0.9999388264,20.956757137
2026-07-29 20:00:00.000 Z,2026-07-30 00:00:00.000 Z,BTC,REGIME_OOS,2,RANGE_CANDIDATE,0.9999551216,0.9999551216,21.579043552
2026-07-30 00:00:00.000 Z,2026-07-30 04:00:00.000 Z,BTC,REGIME_OOS,2,RANGE_CANDIDATE,0.9999517104,0.9999517104,21.409883087
2026-07-30 04:00:00.000 Z,2026-07-30 08:00:00.000 Z,BTC,REGIME_OOS,2,RANGE_CANDIDATE,0.9999477933,0.9999477933,21.252805512
2026-07-30 08:00:00.000 Z,2026-07-30 12:00:00.000 Z,BTC,REGIME_OOS,2,RANGE_CANDIDATE,0.9999550537,0.9999550537,19.845182736
2026-07-30 12:00:00.000 Z,2026-07-30 16:00:00.000 Z,BTC,REGIME_OOS,2,RANGE_CANDIDATE,0.9999510054,0.9999510054,19.109720506
2026-07-30 16:00:00.000 Z,2026-07-30 20:00:00.000 Z,BTC,REGIME_OOS,2,RANGE_CANDIDATE,0.9999439355,0.9999439355,18.426791293
2026-07-30 20:00:00.000 Z,2026-07-31 00:00:00.000 Z,BTC,REGIME_OOS,2,RANGE_CANDIDATE,0.9999535211,0.9999535211,17.908694625
2026-07-31 00:00:00.000 Z,2026-07-31 04:00:00.000 Z,BTC,REGIME_OOS,2,RANGE_CANDIDATE,0.9999585712,0.9999585712,16.948361414
2026-07-31 04:00:00.000 Z,2026-07-31 08:00:00.000 Z,BTC,REGIME_OOS,2,RANGE_CANDIDATE,0.9999588727,0.9999588727,16.528946748
2026-07-31 08:00:00.000 Z,2026-07-31 12:00:00.000 Z,BTC,REGIME_OOS,2,RANGE_CANDIDATE,0.9999509841,0.9999509841,16.640226098
2026-07-31 12:00:00.000 Z,2026-07-31 16:00:00.000 Z,BTC,REGIME_OOS,2,RANGE_CANDIDATE,0.9998823817,0.9998823817,18.249022972
2026-08-01 16:00:00.000 Z,2026-08-01 20:00:00.000 Z,BTC,REGIME_OOS,2,RANGE_CANDIDATE,0.9975634231,0.9975634231,21.809046529
2026-08-01 20:00:00.000 Z,2026-08-02 00:00:00.000 Z,BTC,REGIME_OOS,2,RANGE_CANDIDATE,0.9998578061,0.9998578061,23.727605791
2026-08-02 00:00:00.000 Z,2026-08-02 04:00:00.000 Z,BTC,REGIME_OOS,2,RANGE_CANDIDATE,0.9999212656,0.9999212656,24.114389048
2026-08-02 04:00:00.000 Z,2026-08-02 08:00:00.000 Z,BTC,REGIME_OOS,2,RANGE_CANDIDATE,0.9999264115,0.9999264115,24.25001832
2026-08-02 08:00:00.000 Z,2026-08-02 12:00:00.000 Z,BTC,REGIME_OOS,2,RANGE_CANDIDATE,0.9999154341,0.9999154341,24.815732561
2026-08-02 12:00:00.000 Z,2026-08-02 16:00:00.000 Z,BTC,REGIME_OOS,2,RANGE_CANDIDATE,0.9998978785,0.9998978785,25.341038642
2026-08-02 16:00:00.000 Z,2026-08-02 20:00:00.000 Z,BTC,REGIME_OOS,2,RANGE_CANDIDATE,0.9999191704,0.9999191704,24.997893932
2026-08-02 20:00:00.000 Z,2026-08-03 00:00:00.000 Z,BTC,REGIME_OOS,2,RANGE_CANDIDATE,0.9999302141,0.9999302141,24.234263131
2026-08-03 00:00:00.000 Z,2026-08-03 04:00:00.000 Z,BTC,REGIME_OOS,2,RANGE_CANDIDATE,0.9999371267,0.9999371267,24.278573376
2026-08-03 04:00:00.000 Z,2026-08-03 08:00:00.000 Z,BTC,REGIME_OOS,2,RANGE_CANDIDATE,0.9999227562,0.9999227562,24.653348835
2026-08-03 08:00:00.000 Z,2026-08-03 12:00:00.000 Z,BTC,REGIME_OOS,2,RANGE_CANDIDATE,0.9999088045,0.9999088045,25.301814924
2026-08-03 12:00:00.000 Z,2026-08-03 16:00:00.000 Z,BTC,REGIME_OOS,2,RANGE_CANDIDATE,0.9999434876,0.9999434876,23.791181059
2026-08-03 16:00:00.000 Z,2026-08-03 20:00:00.000 Z,BTC,REGIME_OOS,2,RANGE_CANDIDATE,0.9999545601,0.9999545601,22.21050078
2026-08-03 20:00:00.000 Z,2026-08-04 00:00:00.000 Z,BTC,REGIME_OOS,2,RANGE_CANDIDATE,0.9999590579,0.9999590579,21.053983612
2026-08-04 00:00:00.000 Z,2026-08-04 04:00:00.000 Z,BTC,REGIME_OOS,2,RANGE_CANDIDATE,0.999946248,0.999946248,20.078280235
2026-08-04 04:00:00.000 Z,2026-08-04 08:00:00.000 Z,BTC,REGIME_OOS,2,RANGE_CANDIDATE,0.999943132,0.999943132,18.748198361
2026-08-04 08:00:00.000 Z,2026-08-04 12:00:00.000 Z,BTC,REGIME_OOS,2,RANGE_CANDIDATE,0.9999454703,0.9999454703,17.647504756
2026-08-04 12:00:00.000 Z,2026-08-04 16:00:00.000 Z,BTC,REGIME_OOS,2,RANGE_CANDIDATE,0.9999615408,0.9999615408,16.655649601
2026-08-04 16:00:00.000 Z,2026-08-04 20:00:00.000 Z,BTC,REGIME_OOS,2,RANGE_CANDIDATE,0.9999649994,0.9999649994,16.022257544
2026-08-04 20:00:00.000 Z,2026-08-05 00:00:00.000 Z,BTC,REGIME_OOS,2,RANGE_CANDIDATE,0.9999661066,0.9999661066,15.7029599
2026-08-05 00:00:00.000 Z,2026-08-05 04:00:00.000 Z,BTC,REGIME_OOS,2,RANGE_CANDIDATE,0.9999655026,0.9999655026,15.225255253
2026-08-05 04:00:00.000 Z,2026-08-05 08:00:00.000 Z,BTC,REGIME_OOS,2,RANGE_CANDIDATE,0.9999659451,0.9999659451,14.834300207
2026-08-05 08:00:00.000 Z,2026-08-05 12:00:00.000 Z,BTC,REGIME_OOS,2,RANGE_CANDIDATE,0.9999666898,0.9999666898,14.471270521
2026-08-05 12:00:00.000 Z,2026-08-05 16:00:00.000 Z,BTC,REGIME_OOS,2,RANGE_CANDIDATE,0.9999685144,0.9999685144,15.081063635
2026-08-05 16:00:00.000 Z,2026-08-05 20:00:00.000 Z,BTC,REGIME_OOS,2,RANGE_CANDIDATE,0.9999673412,0.9999673412,15.896458629
2026-08-05 20:00:00.000 Z,2026-08-06 00:00:00.000 Z,BTC,REGIME_OOS,2,RANGE_CANDIDATE,0.9999655064,0.9999655064,16.804405211
2026-08-06 00:00:00.000 Z,2026-08-06 04:00:00.000 Z,BTC,REGIME_OOS,2,RANGE_CANDIDATE,0.9999638843,0.9999638843,17.292398269
2026-08-06 04:00:00.000 Z,2026-08-06 08:00:00.000 Z,BTC,REGIME_OOS,2,RANGE_CANDIDATE,0.9999535676,0.9999535676,18.252519255
2026-08-06 08:00:00.000 Z,2026-08-06 12:00:00.000 Z,BTC,REGIME_OOS,2,RANGE_CANDIDATE,0.9999145176,0.9999145176,19.000259293
2026-08-06 12:00:00.000 Z,2026-08-06 16:00:00.000 Z,BTC,REGIME_OOS,2,RANGE_CANDIDATE,0.9999210416,0.9999210416,18.71385334
2026-08-06 16:00:00.000 Z,2026-08-06 20:00:00.000 Z,BTC,REGIME_OOS,2,RANGE_CANDIDATE,0.9998683311,0.9998683311,18.447904956
2026-08-06 20:00:00.000 Z,2026-08-07 00:00:00.000 Z,BTC,REGIME_OOS,2,RANGE_CANDIDATE,0.9998966187,0.9998966187,17.648124259
2026-08-07 00:00:00.000 Z,2026-08-07 04:00:00.000 Z,BTC,REGIME_OOS,2,RANGE_CANDIDATE,0.9999171943,0.9999171943,16.905470755
2026-08-07 04:00:00.000 Z,2026-08-07 08:00:00.000 Z,BTC,REGIME_OOS,2,RANGE_CANDIDATE,0.9999075831,0.9999075831,15.994634303
2026-08-07 08:00:00.000 Z,2026-08-07 12:00:00.000 Z,BTC,REGIME_OOS,2,RANGE_CANDIDATE,0.999815005,0.999815005,16.73391008
2026-08-07 12:00:00.000 Z,2026-08-07 16:00:00.000 Z,BTC,REGIME_OOS,2,RANGE_CANDIDATE,0.9998323236,0.9998323236,18.265673604
2026-08-07 16:00:00.000 Z,2026-08-07 20:00:00.000 Z,BTC,REGIME_OOS,2,RANGE_CANDIDATE,0.9998280544,0.9998280544,18.908216614
2026-08-07 20:00:00.000 Z,2026-08-08 00:00:00.000 Z,BTC,REGIME_OOS,2,RANGE_CANDIDATE,0.9998294948,0.9998294948,19.512345732
2026-08-08 16:00:00.000 Z,2026-08-08 20:00:00.000 Z,BTC,REGIME_OOS,2,RANGE_CANDIDATE,0.9951362114,0.9951362114,20.865955055
2026-08-08 20:00:00.000 Z,2026-08-09 00:00:00.000 Z,BTC,REGIME_OOS,2,RANGE_CANDIDATE,0.9995834476,0.9995834476,21.219542037
2026-08-09 00:00:00.000 Z,2026-08-09 04:00:00.000 Z,BTC,REGIME_OOS,2,RANGE_CANDIDATE,0.9998363947,0.9998363947,20.80720696
2026-08-09 04:00:00.000 Z,2026-08-09 08:00:00.000 Z,BTC,REGIME_OOS,2,RANGE_CANDIDATE,0.9997919076,0.9997919076,20.424324388
2026-08-09 08:00:00.000 Z,2026-08-09 12:00:00.000 Z,BTC,REGIME_OOS,2,RANGE_CANDIDATE,0.9997386485,0.9997386485,20.26264225
2026-08-09 12:00:00.000 Z,2026-08-09 16:00:00.000 Z,BTC,REGIME_OOS,2,RANGE_CANDIDATE,0.9997294276,0.9997294276,20.748126549
2026-08-09 16:00:00.000 Z,2026-08-09 20:00:00.000 Z,BTC,REGIME_OOS,2,RANGE_CANDIDATE,0.9997047129,0.9997047129,21.239290499
2026-08-09 20:00:00.000 Z,2026-08-10 00:00:00.000 Z,BTC,REGIME_OOS,2,RANGE_CANDIDATE,0.9997973709,0.9997973709,20.44819327
2026-08-10 00:00:00.000 Z,2026-08-10 04:00:00.000 Z,BTC,REGIME_OOS,2,RANGE_CANDIDATE,0.9998157303,0.9998157303,19.638061455
2026-08-10 04:00:00.000 Z,2026-08-10 08:00:00.000 Z,BTC,REGIME_OOS,2,RANGE_CANDIDATE,0.9998183769,0.9998183769,18.885796199
2026-08-10 08:00:00.000 Z,2026-08-10 12:00:00.000 Z,BTC,REGIME_OOS,2,RANGE_CANDIDATE,0.9998349985,0.9998349985,18.187264175
2026-08-10 12:00:00.000 Z,2026-08-10 16:00:00.000 Z,BTC,REGIME_OOS,2,RANGE_CANDIDATE,0.999897009,0.999897009,18.408501663
2026-08-10 16:00:00.000 Z,2026-08-10 20:00:00.000 Z,BTC,REGIME_OOS,2,RANGE_CANDIDATE,0.9999005454,0.9999005454,19.374815908
2026-08-10 20:00:00.000 Z,2026-08-11 00:00:00.000 Z,BTC,REGIME_OOS,2,RANGE_CANDIDATE,0.9999093121,0.9999093121,20.272107707
2026-08-11 00:00:00.000 Z,2026-08-11 04:00:00.000 Z,BTC,REGIME_OOS,2,RANGE_CANDIDATE,0.9999081957,0.9999081957,21.168071527
2026-08-11 04:00:00.000 Z,2026-08-11 08:00:00.000 Z,BTC,REGIME_OOS,2,RANGE_CANDIDATE,0.9998934202,0.9998934202,22.12986724
2026-08-11 08:00:00.000 Z,2026-08-11 12:00:00.000 Z,BTC,REGIME_OOS,2,RANGE_CANDIDATE,0.9999105921,0.9999105921,22.019210637
2026-08-11 12:00:00.000 Z,2026-08-11 16:00:00.000 Z,BTC,REGIME_OOS,2,RANGE_CANDIDATE,0.9999154041,0.9999154041,23.047014286
2026-08-11 16:00:00.000 Z,2026-08-11 20:00:00.000 Z,BTC,REGIME_OOS,2,RANGE_CANDIDATE,0.999897866,0.999897866,24.336380973
2026-08-11 20:00:00.000 Z,2026-08-12 00:00:00.000 Z,BTC,REGIME_OOS,2,RANGE_CANDIDATE,0.9998932654,0.9998932654,25.084758963
2026-08-12 00:00:00.000 Z,2026-08-12 04:00:00.000 Z,BTC,REGIME_OOS,2,RANGE_CANDIDATE,0.9998910976,0.9998910976,25.433354189
2026-08-12 04:00:00.000 Z,2026-08-12 08:00:00.000 Z,BTC,REGIME_OOS,2,RANGE_CANDIDATE,0.9998905384,0.9998905384,25.62206846
2026-08-12 08:00:00.000 Z,2026-08-12 12:00:00.000 Z,BTC,REGIME_OOS,2,RANGE_CANDIDATE,0.9999166468,0.9999166468,24.653564657
2026-08-12 12:00:00.000 Z,2026-08-12 16:00:00.000 Z,BTC,REGIME_OOS,2,RANGE_CANDIDATE,0.9999167082,0.9999167082,24.707447182
2026-08-12 16:00:00.000 Z,2026-08-12 20:00:00.000 Z,BTC,REGIME_OOS,2,RANGE_CANDIDATE,0.9999144196,0.9999144196,24.757480956
2026-08-12 20:00:00.000 Z,2026-08-13 00:00:00.000 Z,BTC,REGIME_OOS,2,RANGE_CANDIDATE,0.9998838043,0.9998838043,24.787717141
2026-08-13 00:00:00.000 Z,2026-08-13 04:00:00.000 Z,BTC,REGIME_OOS,2,RANGE_CANDIDATE,0.9998884196,0.9998884196,24.21394433
2026-08-13 04:00:00.000 Z,2026-08-13 08:00:00.000 Z,BTC,REGIME_OOS,2,RANGE_CANDIDATE,0.9999124304,0.9999124304,22.790906469
2026-08-13 08:00:00.000 Z,2026-08-13 12:00:00.000 Z,BTC,REGIME_OOS,2,RANGE_CANDIDATE,0.9998887791,0.9998887791,22.090341906
2026-08-13 12:00:00.000 Z,2026-08-13 16:00:00.000 Z,BTC,REGIME_OOS,2,RANGE_CANDIDATE,0.9998772512,0.9998772512,21.138759633
2026-08-13 16:00:00.000 Z,2026-08-13 20:00:00.000 Z,BTC,REGIME_OOS,2,RANGE_CANDIDATE,0.9998206888,0.9998206888,21.471830423
2026-08-13 20:00:00.000 Z,2026-08-14 00:00:00.000 Z,BTC,REGIME_OOS,2,RANGE_CANDIDATE,0.9998199536,0.9998199536,21.47567338
2026-08-14 00:00:00.000 Z,2026-08-14 04:00:00.000 Z,BTC,REGIME_OOS,2,RANGE_CANDIDATE,0.9998119886,0.9998119886,21.695306829
2026-08-14 04:00:00.000 Z,2026-08-14 08:00:00.000 Z,BTC,REGIME_OOS,2,RANGE_CANDIDATE,0.9997135208,0.9997135208,22.58663207
2026-08-14 08:00:00.000 Z,2026-08-14 12:00:00.000 Z,BTC,REGIME_OOS,2,RANGE_CANDIDATE,0.9996737991,0.9996737991,23.698934791
2026-08-14 12:00:00.000 Z,2026-08-14 16:00:00.000 Z,BTC,REGIME_OOS,2,RANGE_CANDIDATE,0.9995634249,0.9995634249,25.022084417
2026-08-14 16:00:00.000 Z,2026-08-14 20:00:00.000 Z,BTC,REGIME_OOS,2,RANGE_CANDIDATE,0.9994045017,0.9994045017,25.640836522
2026-08-14 20:00:00.000 Z,2026-08-15 00:00:00.000 Z,BTC,REGIME_OOS,2,RANGE_CANDIDATE,0.9994670011,0.9994670011,26.264539187
2026-08-15 12:00:00.000 Z,2026-08-15 16:00:00.000 Z,BTC,REGIME_OOS,2,RANGE_CANDIDATE,0.9925892568,0.9925892568,27.095261986
2026-08-15 16:00:00.000 Z,2026-08-15 20:00:00.000 Z,BTC,REGIME_OOS,2,RANGE_CANDIDATE,0.9991853883,0.9991853883,27.394762259
2026-08-15 20:00:00.000 Z,2026-08-16 00:00:00.000 Z,BTC,REGIME_OOS,2,RANGE_CANDIDATE,0.9994772039,0.9994772039,27.505422592
2026-08-16 00:00:00.000 Z,2026-08-16 04:00:00.000 Z,BTC,REGIME_OOS,2,RANGE_CANDIDATE,0.9992459275,0.9992459275,27.773413216
2026-08-16 12:00:00.000 Z,2026-08-16 16:00:00.000 Z,BTC,REGIME_OOS,2,RANGE_CANDIDATE,0.9904902147,0.9904902147,28.262277897
2026-08-16 16:00:00.000 Z,2026-08-16 20:00:00.000 Z,BTC,REGIME_OOS,2,RANGE_CANDIDATE,0.999264041,0.999264041,27.213017786
2026-08-16 20:00:00.000 Z,2026-08-17 00:00:00.000 Z,BTC,REGIME_OOS,2,RANGE_CANDIDATE,0.9991372052,0.9991372052,27.239088592
2026-08-17 00:00:00.000 Z,2026-08-17 04:00:00.000 Z,BTC,REGIME_OOS,2,RANGE_CANDIDATE,0.9996039886,0.9996039886,25.599403394
2026-08-17 04:00:00.000 Z,2026-08-17 08:00:00.000 Z,BTC,REGIME_OOS,2,RANGE_CANDIDATE,0.9997199988,0.9997199988,24.054958162
2026-08-17 08:00:00.000 Z,2026-08-17 12:00:00.000 Z,BTC,REGIME_OOS,2,RANGE_CANDIDATE,0.9997628209,0.9997628209,22.610723217
2026-08-17 12:00:00.000 Z,2026-08-17 16:00:00.000 Z,BTC,REGIME_OOS,2,RANGE_CANDIDATE,0.9998367453,0.9998367453,21.969657063
2026-08-17 16:00:00.000 Z,2026-08-17 20:00:00.000 Z,BTC,REGIME_OOS,2,RANGE_CANDIDATE,0.9998629607,0.9998629607,22.146878112
2026-08-17 20:00:00.000 Z,2026-08-18 00:00:00.000 Z,BTC,REGIME_OOS,2,RANGE_CANDIDATE,0.9998630279,0.9998630279,22.311440514
2026-08-18 00:00:00.000 Z,2026-08-18 04:00:00.000 Z,BTC,REGIME_OOS,2,RANGE_CANDIDATE,0.9999235001,0.9999235001,21.702253574
2026-08-18 04:00:00.000 Z,2026-08-18 08:00:00.000 Z,BTC,REGIME_OOS,2,RANGE_CANDIDATE,0.9999293765,0.9999293765,21.136579986
2026-08-18 08:00:00.000 Z,2026-08-18 12:00:00.000 Z,BTC,REGIME_OOS,2,RANGE_CANDIDATE,0.9999226185,0.9999226185,20.611311654
2026-08-18 12:00:00.000 Z,2026-08-18 16:00:00.000 Z,BTC,REGIME_OOS,2,RANGE_CANDIDATE,0.9999183336,0.9999183336,21.522378796
2026-08-18 16:00:00.000 Z,2026-08-18 20:00:00.000 Z,BTC,REGIME_OOS,2,RANGE_CANDIDATE,0.9999298454,0.9999298454,22.368369713
2026-08-18 20:00:00.000 Z,2026-08-19 00:00:00.000 Z,BTC,REGIME_OOS,2,RANGE_CANDIDATE,0.9999109001,0.9999109001,22.875518022
2026-08-19 00:00:00.000 Z,2026-08-19 04:00:00.000 Z,BTC,REGIME_OOS,2,RANGE_CANDIDATE,0.9999296052,0.9999296052,22.370164902
2026-08-19 04:00:00.000 Z,2026-08-19 08:00:00.000 Z,BTC,REGIME_OOS,2,RANGE_CANDIDATE,0.9999340881,0.9999340881,21.49833248
2026-08-19 08:00:00.000 Z,2026-08-19 12:00:00.000 Z,BTC,REGIME_OOS,2,RANGE_CANDIDATE,0.9999312998,0.9999312998,20.985779232
2026-08-19 12:00:00.000 Z,2026-08-19 16:00:00.000 Z,BTC,REGIME_OOS,2,RANGE_CANDIDATE,0.9289065874,0.9289065874,24.667824781
2026-08-19 16:00:00.000 Z,2026-08-19 20:00:00.000 Z,BTC,REGIME_OOS,1,OTHER,0.6214231847,0.376945347,28.086867077
2026-08-19 20:00:00.000 Z,2026-08-20 00:00:00.000 Z,BTC,REGIME_OOS,1,OTHER,0.9994468527,0.0003822455469,31.531376838
2026-08-20 00:00:00.000 Z,2026-08-20 04:00:00.000 Z,BTC,REGIME_OOS,1,OTHER,0.9999080156,4.409152857e-06,34.729850189
2026-08-20 04:00:00.000 Z,2026-08-20 08:00:00.000 Z,BTC,REGIME_OOS,1,OTHER,0.9999550379,4.223952763e-08,37.724589782
2026-08-20 08:00:00.000 Z,2026-08-20 12:00:00.000 Z,BTC,REGIME_OOS,1,OTHER,0.999987235,3.968246511e-13,40.960477012
2026-08-20 12:00:00.000 Z,2026-08-20 16:00:00.000 Z,BTC,REGIME_OOS,1,OTHER,0.9999952811,3.415430061e-13,44.018096797
2026-08-20 16:00:00.000 Z,2026-08-20 20:00:00.000 Z,BTC,REGIME_OOS,1,OTHER,0.9999968896,1.386604174e-15,46.882509578
2026-08-20 20:00:00.000 Z,2026-08-21 00:00:00.000 Z,BTC,REGIME_OOS,1,OTHER,0.9999981801,8.975176284e-18,49.601956703
2026-08-21 00:00:00.000 Z,2026-08-21 04:00:00.000 Z,BTC,REGIME_OOS,1,OTHER,0.9999994651,1.363557436e-22,52.385106159
2026-08-21 04:00:00.000 Z,2026-08-21 08:00:00.000 Z,BTC,REGIME_OOS,1,OTHER,0.9999998623,1.188949061e-28,55.062397744
2026-08-21 08:00:00.000 Z,2026-08-21 12:00:00.000 Z,BTC,REGIME_OOS,1,OTHER,0.9999999397,3.36316224e-31,57.705954085
2026-08-21 12:00:00.000 Z,2026-08-21 16:00:00.000 Z,BTC,REGIME_OOS,1,OTHER,0.9999999681,3.328911807e-34,60.008412397
2026-08-21 16:00:00.000 Z,2026-08-21 20:00:00.000 Z,BTC,REGIME_OOS,1,OTHER,0.9999999771,9.236902947e-36,62.1464094
2026-08-21 20:00:00.000 Z,2026-08-22 00:00:00.000 Z,BTC,REGIME_OOS,1,OTHER,0.9999999942,2.906069272e-40,64.202106452
2026-08-22 12:00:00.000 Z,2026-08-22 16:00:00.000 Z,BTC,REGIME_OOS,1,OTHER,0.9999996672,2.449731414e-36,67.896146765
2026-08-22 16:00:00.000 Z,2026-08-22 20:00:00.000 Z,BTC,REGIME_OOS,1,OTHER,0.999999995,1.357276068e-37,69.558832529
2026-08-22 20:00:00.000 Z,2026-08-23 00:00:00.000 Z,BTC,REGIME_OOS,1,OTHER,0.9999999937,2.716407848e-35,70.842299066
2026-08-23 00:00:00.000 Z,2026-08-23 04:00:00.000 Z,BTC,REGIME_OOS,1,OTHER,0.9999999959,1.068113557e-33,72.034089421
2026-08-23 04:00:00.000 Z,2026-08-23 08:00:00.000 Z,BTC,REGIME_OOS,1,OTHER,0.9999999879,1.782154028e-31,71.173707336
2026-08-23 08:00:00.000 Z,2026-08-23 12:00:00.000 Z,BTC,REGIME_OOS,1,OTHER,0.9999999976,7.322288295e-32,70.46274611
2026-08-23 12:00:00.000 Z,2026-08-23 16:00:00.000 Z,BTC,REGIME_OOS,1,OTHER,0.9999999978,8.57190143e-31,69.965055929
2026-08-23 16:00:00.000 Z,2026-08-23 20:00:00.000 Z,BTC,REGIME_OOS,1,OTHER,0.9999999981,6.433446034e-30,69.502915046
2026-08-23 20:00:00.000 Z,2026-08-24 00:00:00.000 Z,BTC,REGIME_OOS,1,OTHER,0.9999999981,8.214243439e-29,69.275740037
2026-08-24 00:00:00.000 Z,2026-08-24 04:00:00.000 Z,BTC,REGIME_OOS,1,OTHER,0.9999999968,2.127851745e-27,68.380506376
2026-08-24 04:00:00.000 Z,2026-08-24 08:00:00.000 Z,BTC,REGIME_OOS,1,OTHER,0.9999999974,9.17838809e-27,67.270378932
2026-08-24 08:00:00.000 Z,2026-08-24 12:00:00.000 Z,BTC,REGIME_OOS,1,OTHER,0.999999999,4.716639325e-28,66.63386621
2026-08-24 12:00:00.000 Z,2026-08-24 16:00:00.000 Z,BTC,REGIME_OOS,1,OTHER,0.9999999994,9.354273577e-29,66.527243194
2026-08-24 16:00:00.000 Z,2026-08-24 20:00:00.000 Z,BTC,REGIME_OOS,1,OTHER,0.9999999989,1.077672466e-27,66.428236108
2026-08-24 20:00:00.000 Z,2026-08-25 00:00:00.000 Z,BTC,REGIME_OOS,1,OTHER,0.9999999756,8.956249606e-23,66.336300956
2026-08-25 00:00:00.000 Z,2026-08-25 04:00:00.000 Z,BTC,REGIME_OOS,1,OTHER,0.9999999932,2.570145904e-24,66.886631555
2026-08-25 04:00:00.000 Z,2026-08-25 08:00:00.000 Z,BTC,REGIME_OOS,1,OTHER,0.9999999742,2.089812606e-22,67.397652825
2026-08-25 08:00:00.000 Z,2026-08-25 12:00:00.000 Z,BTC,REGIME_OOS,1,OTHER,0.9999999459,3.535885841e-21,67.033116918
2026-08-25 12:00:00.000 Z,2026-08-25 16:00:00.000 Z,BTC,REGIME_OOS,1,OTHER,0.9999999081,8.17469896e-20,65.674646504
2026-08-25 16:00:00.000 Z,2026-08-25 20:00:00.000 Z,BTC,REGIME_OOS,1,OTHER,0.9999993031,4.900191038e-17,64.437153324
2026-08-25 20:00:00.000 Z,2026-08-26 00:00:00.000 Z,BTC,REGIME_OOS,1,OTHER,0.9999981098,3.852577793e-15,62.379820743
2026-08-26 00:00:00.000 Z,2026-08-26 04:00:00.000 Z,BTC,REGIME_OOS,1,OTHER,0.9999973233,3.795604635e-14,60.650618048
2026-08-26 04:00:00.000 Z,2026-08-26 08:00:00.000 Z,BTC,REGIME_OOS,1,OTHER,0.9999956605,7.341859736e-13,59.044929831
2026-08-26 08:00:00.000 Z,2026-08-26 12:00:00.000 Z,BTC,REGIME_OOS,1,OTHER,0.9999826447,7.111919917e-11,56.881410953
2026-08-26 12:00:00.000 Z,2026-08-26 16:00:00.000 Z,BTC,REGIME_OOS,1,OTHER,0.9998929032,7.652309588e-09,53.994833992
2026-08-26 16:00:00.000 Z,2026-08-26 20:00:00.000 Z,BTC,REGIME_OOS,1,OTHER,0.9998831295,1.452098545e-07,51.314441099
2026-08-26 20:00:00.000 Z,2026-08-27 00:00:00.000 Z,BTC,REGIME_OOS,1,OTHER,0.9998678191,1.127847414e-06,49.264358528
2026-08-27 00:00:00.000 Z,2026-08-27 04:00:00.000 Z,BTC,REGIME_OOS,1,OTHER,0.9997812763,9.505493911e-06,47.360710426
2026-08-27 04:00:00.000 Z,2026-08-27 08:00:00.000 Z,BTC,REGIME_OOS,1,OTHER,0.9994982466,7.708163258e-05,45.640259612
2026-08-27 08:00:00.000 Z,2026-08-27 12:00:00.000 Z,BTC,REGIME_OOS,1,OTHER,0.9997243637,5.83977055e-05,45.190643261
2026-08-27 12:00:00.000 Z,2026-08-27 16:00:00.000 Z,BTC,REGIME_OOS,1,OTHER,0.9998447205,2.946890507e-05,44.939558173
2026-08-27 16:00:00.000 Z,2026-08-27 20:00:00.000 Z,BTC,REGIME_OOS,1,OTHER,0.9995757284,0.0001426872966,44.706407733
2026-08-27 20:00:00.000 Z,2026-08-28 00:00:00.000 Z,BTC,REGIME_OOS,1,OTHER,0.9995388391,0.0002018407097,44.489910897
2026-08-28 00:00:00.000 Z,2026-08-28 04:00:00.000 Z,BTC,REGIME_OOS,1,OTHER,0.9994053435,0.0002410786611,45.029905566
2026-08-28 04:00:00.000 Z,2026-08-28 08:00:00.000 Z,BTC,REGIME_OOS,1,OTHER,0.9993922996,0.0002457421645,45.215175465
2026-08-28 08:00:00.000 Z,2026-08-28 12:00:00.000 Z,BTC,REGIME_OOS,1,OTHER,0.9979031988,0.001099726664,44.636684828
2026-08-28 12:00:00.000 Z,2026-08-28 16:00:00.000 Z,BTC,REGIME_OOS,1,OTHER,0.9917295529,0.006043159736,42.974413701
2026-08-29 16:00:00.000 Z,2026-08-29 20:00:00.000 Z,BTC,REGIME_OOS,2,RANGE_CANDIDATE,0.7578288853,0.7578288853,38.770812189
2026-08-29 20:00:00.000 Z,2026-08-30 00:00:00.000 Z,BTC,REGIME_OOS,2,RANGE_CANDIDATE,0.9358641467,0.9358641467,36.946000113
2026-08-30 00:00:00.000 Z,2026-08-30 04:00:00.000 Z,BTC,REGIME_OOS,2,RANGE_CANDIDATE,0.9920915056,0.9920915056,35.073420355
2026-08-30 04:00:00.000 Z,2026-08-30 08:00:00.000 Z,BTC,REGIME_OOS,2,RANGE_CANDIDATE,0.9985393085,0.9985393085,33.353444522
2026-08-30 16:00:00.000 Z,2026-08-30 20:00:00.000 Z,BTC,REGIME_OOS,2,RANGE_CANDIDATE,0.9892202984,0.9892202984,32.29233605
2026-08-30 20:00:00.000 Z,2026-08-31 00:00:00.000 Z,BTC,REGIME_OOS,2,RANGE_CANDIDATE,0.9995805163,0.9995805163,30.349936182
2026-08-31 00:00:00.000 Z,2026-08-31 04:00:00.000 Z,BTC,REGIME_OOS,2,RANGE_CANDIDATE,0.9997280237,0.9997280237,28.546279162
2026-08-31 04:00:00.000 Z,2026-08-31 08:00:00.000 Z,BTC,REGIME_OOS,2,RANGE_CANDIDATE,0.9998760326,0.9998760326,26.665124947
2026-08-31 08:00:00.000 Z,2026-08-31 12:00:00.000 Z,BTC,REGIME_OOS,2,RANGE_CANDIDATE,0.999906676,0.999906676,25.203538466
2026-08-31 12:00:00.000 Z,2026-08-31 16:00:00.000 Z,BTC,REGIME_OOS,2,RANGE_CANDIDATE,0.999932997,0.999932997,23.421075382
2026-08-31 16:00:00.000 Z,2026-08-31 20:00:00.000 Z,BTC,REGIME_OOS,2,RANGE_CANDIDATE,0.9999390348,0.9999390348,22.360296129
2026-08-31 20:00:00.000 Z,2026-09-01 00:00:00.000 Z,BTC,REGIME_OOS,2,RANGE_CANDIDATE,0.9999389083,0.9999389083,21.141152991
2026-09-01 00:00:00.000 Z,2026-09-01 04:00:00.000 Z,BTC,REGIME_OOS,2,RANGE_CANDIDATE,0.9999439856,0.9999439856,19.713752197
2026-09-01 04:00:00.000 Z,2026-09-01 08:00:00.000 Z,BTC,REGIME_OOS,2,RANGE_CANDIDATE,0.9999441886,0.9999441886,18.863022766
2026-09-01 08:00:00.000 Z,2026-09-01 12:00:00.000 Z,BTC,REGIME_OOS,2,RANGE_CANDIDATE,0.9999420964,0.9999420964,17.960600718
2026-09-01 12:00:00.000 Z,2026-09-01 16:00:00.000 Z,BTC,REGIME_OOS,2,RANGE_CANDIDATE,0.9999364827,0.9999364827,17.445510037
2026-09-01 16:00:00.000 Z,2026-09-01 20:00:00.000 Z,BTC,REGIME_OOS,2,RANGE_CANDIDATE,0.9999141008,0.9999141008,18.006034115
2026-09-01 20:00:00.000 Z,2026-09-02 00:00:00.000 Z,BTC,REGIME_OOS,2,RANGE_CANDIDATE,0.9999150379,0.9999150379,18.526520759
2026-09-02 00:00:00.000 Z,2026-09-02 04:00:00.000 Z,BTC,REGIME_OOS,2,RANGE_CANDIDATE,0.9999206123,0.9999206123,18.744127035
2026-09-02 04:00:00.000 Z,2026-09-02 08:00:00.000 Z,BTC,REGIME_OOS,2,RANGE_CANDIDATE,0.9999124619,0.9999124619,18.946190005
2026-09-02 08:00:00.000 Z,2026-09-02 12:00:00.000 Z,BTC,REGIME_OOS,2,RANGE_CANDIDATE,0.9998818672,0.9998818672,20.150712456
2026-09-02 12:00:00.000 Z,2026-09-02 16:00:00.000 Z,BTC,REGIME_OOS,2,RANGE_CANDIDATE,0.999867201,0.999867201,21.269197589
2026-09-02 16:00:00.000 Z,2026-09-02 20:00:00.000 Z,BTC,REGIME_OOS,2,RANGE_CANDIDATE,0.9998833715,0.9998833715,22.224582717
2026-09-02 20:00:00.000 Z,2026-09-03 00:00:00.000 Z,BTC,REGIME_OOS,2,RANGE_CANDIDATE,0.9998227656,0.9998227656,23.140298317
2026-09-03 00:00:00.000 Z,2026-09-03 04:00:00.000 Z,BTC,REGIME_OOS,2,RANGE_CANDIDATE,0.9998532782,0.9998532782,23.292671855
2026-09-03 04:00:00.000 Z,2026-09-03 08:00:00.000 Z,BTC,REGIME_OOS,2,RANGE_CANDIDATE,0.999872018,0.999872018,22.898672456
2026-09-03 08:00:00.000 Z,2026-09-03 12:00:00.000 Z,BTC,REGIME_OOS,2,RANGE_CANDIDATE,0.999881473,0.999881473,22.532815871
2026-09-03 12:00:00.000 Z,2026-09-03 16:00:00.000 Z,BTC,REGIME_OOS,2,RANGE_CANDIDATE,0.9994226723,0.9994226723,23.418638217
2026-09-03 16:00:00.000 Z,2026-09-03 20:00:00.000 Z,BTC,REGIME_OOS,2,RANGE_CANDIDATE,0.9974277936,0.9974277936,24.506381952
2026-09-03 20:00:00.000 Z,2026-09-04 00:00:00.000 Z,BTC,REGIME_OOS,2,RANGE_CANDIDATE,0.9984815943,0.9984815943,25.744672917
2026-09-04 00:00:00.000 Z,2026-09-04 04:00:00.000 Z,BTC,REGIME_OOS,2,RANGE_CANDIDATE,0.9991223139,0.9991223139,26.396820781
2026-09-04 04:00:00.000 Z,2026-09-04 08:00:00.000 Z,BTC,REGIME_OOS,2,RANGE_CANDIDATE,0.9990492668,0.9990492668,26.85188053
2026-09-04 08:00:00.000 Z,2026-09-04 12:00:00.000 Z,BTC,REGIME_OOS,2,RANGE_CANDIDATE,0.9978259969,0.9978259969,27.35017048
2026-09-04 12:00:00.000 Z,2026-09-04 16:00:00.000 Z,BTC,REGIME_OOS,2,RANGE_CANDIDATE,0.9997883053,0.9997883053,25.448455615
2026-09-04 16:00:00.000 Z,2026-09-04 20:00:00.000 Z,BTC,REGIME_OOS,2,RANGE_CANDIDATE,0.9998431171,0.9998431171,23.682577525
2026-09-04 20:00:00.000 Z,2026-09-05 00:00:00.000 Z,BTC,REGIME_OOS,2,RANGE_CANDIDATE,0.9998571582,0.9998571582,22.042833585
2026-09-05 12:00:00.000 Z,2026-09-05 16:00:00.000 Z,BTC,REGIME_OOS,2,RANGE_CANDIDATE,0.9992148331,0.9992148331,19.166792957
2026-09-05 16:00:00.000 Z,2026-09-05 20:00:00.000 Z,BTC,REGIME_OOS,2,RANGE_CANDIDATE,0.9999241269,0.9999241269,18.396594837
2026-09-05 20:00:00.000 Z,2026-09-06 00:00:00.000 Z,BTC,REGIME_OOS,2,RANGE_CANDIDATE,0.9999359992,0.9999359992,17.473455035
2026-09-06 00:00:00.000 Z,2026-09-06 04:00:00.000 Z,BTC,REGIME_OOS,2,RANGE_CANDIDATE,0.9999478044,0.9999478044,16.61625379
2026-09-06 04:00:00.000 Z,2026-09-06 08:00:00.000 Z,BTC,REGIME_OOS,2,RANGE_CANDIDATE,0.9999466274,0.9999466274,15.519826653
2026-09-06 16:00:00.000 Z,2026-09-06 20:00:00.000 Z,BTC,REGIME_OOS,2,RANGE_CANDIDATE,0.9993342403,0.9993342403,13.883042709
2026-09-06 20:00:00.000 Z,2026-09-07 00:00:00.000 Z,BTC,REGIME_OOS,2,RANGE_CANDIDATE,0.9998721352,0.9998721352,13.561877374
2026-09-07 00:00:00.000 Z,2026-09-07 04:00:00.000 Z,BTC,REGIME_OOS,2,RANGE_CANDIDATE,0.9998929918,0.9998929918,13.135190604
2026-09-07 04:00:00.000 Z,2026-09-07 08:00:00.000 Z,BTC,REGIME_OOS,2,RANGE_CANDIDATE,0.9998439148,0.9998439148,12.717980996
2026-09-07 08:00:00.000 Z,2026-09-07 12:00:00.000 Z,BTC,REGIME_OOS,2,RANGE_CANDIDATE,0.9998601373,0.9998601373,12.330572074
2026-09-07 12:00:00.000 Z,2026-09-07 16:00:00.000 Z,BTC,REGIME_OOS,2,RANGE_CANDIDATE,0.9999091507,0.9999091507,12.785952275
2026-09-07 16:00:00.000 Z,2026-09-07 20:00:00.000 Z,BTC,REGIME_OOS,2,RANGE_CANDIDATE,0.9998849826,0.9998849826,13.208805318
2026-09-07 20:00:00.000 Z,2026-09-08 00:00:00.000 Z,BTC,REGIME_OOS,2,RANGE_CANDIDATE,0.9998677352,0.9998677352,13.601454573
2026-09-08 00:00:00.000 Z,2026-09-08 04:00:00.000 Z,BTC,REGIME_OOS,2,RANGE_CANDIDATE,0.9999154735,0.9999154735,14.140691576
2026-09-08 04:00:00.000 Z,2026-09-08 08:00:00.000 Z,BTC,REGIME_OOS,2,RANGE_CANDIDATE,0.999929276,0.999929276,15.38089685
2026-09-08 08:00:00.000 Z,2026-09-08 12:00:00.000 Z,BTC,REGIME_OOS,2,RANGE_CANDIDATE,0.9999409422,0.9999409422,16.346534001
2026-09-08 12:00:00.000 Z,2026-09-08 16:00:00.000 Z,BTC,REGIME_OOS,2,RANGE_CANDIDATE,0.9999382658,0.9999382658,18.012708166
2026-09-08 16:00:00.000 Z,2026-09-08 20:00:00.000 Z,BTC,REGIME_OOS,2,RANGE_CANDIDATE,0.9999465306,0.9999465306,19.369202637
2026-09-08 20:00:00.000 Z,2026-09-09 00:00:00.000 Z,BTC,REGIME_OOS,2,RANGE_CANDIDATE,0.9999492899,0.9999492899,20.628804646
2026-09-09 00:00:00.000 Z,2026-09-09 04:00:00.000 Z,BTC,REGIME_OOS,2,RANGE_CANDIDATE,0.9999266111,0.9999266111,21.105618108
2026-09-09 04:00:00.000 Z,2026-09-09 08:00:00.000 Z,BTC,REGIME_OOS,2,RANGE_CANDIDATE,0.9999293423,0.9999293423,20.441313746
2026-09-09 08:00:00.000 Z,2026-09-09 12:00:00.000 Z,BTC,REGIME_OOS,2,RANGE_CANDIDATE,0.999940164,0.999940164,19.161919542
2026-09-09 12:00:00.000 Z,2026-09-09 16:00:00.000 Z,BTC,REGIME_OOS,2,RANGE_CANDIDATE,0.9999384794,0.9999384794,19.048763132
2026-09-09 16:00:00.000 Z,2026-09-09 20:00:00.000 Z,BTC,REGIME_OOS,2,RANGE_CANDIDATE,0.9999371126,0.9999371126,18.943689323
2026-09-09 20:00:00.000 Z,2026-09-10 00:00:00.000 Z,BTC,REGIME_OOS,2,RANGE_CANDIDATE,0.9999200589,0.9999200589,19.407467439
2026-09-10 00:00:00.000 Z,2026-09-10 04:00:00.000 Z,BTC,REGIME_OOS,2,RANGE_CANDIDATE,0.9999503766,0.9999503766,19.375577308
2026-09-10 04:00:00.000 Z,2026-09-10 08:00:00.000 Z,BTC,REGIME_OOS,2,RANGE_CANDIDATE,0.9999168068,0.9999168068,19.271468419
2026-09-10 08:00:00.000 Z,2026-09-10 12:00:00.000 Z,BTC,REGIME_OOS,2,RANGE_CANDIDATE,0.9998713065,0.9998713065,19.503254499
2026-09-10 12:00:00.000 Z,2026-09-10 16:00:00.000 Z,BTC,REGIME_OOS,2,RANGE_CANDIDATE,0.9998382007,0.9998382007,20.955843502
2026-09-10 16:00:00.000 Z,2026-09-10 20:00:00.000 Z,BTC,REGIME_OOS,2,RANGE_CANDIDATE,0.9998143673,0.9998143673,22.304676147
2026-09-10 20:00:00.000 Z,2026-09-11 00:00:00.000 Z,BTC,REGIME_OOS,2,RANGE_CANDIDATE,0.9996287279,0.9996287279,23.885488881
2026-09-11 00:00:00.000 Z,2026-09-11 04:00:00.000 Z,BTC,REGIME_OOS,2,RANGE_CANDIDATE,0.9995903721,0.9995903721,25.35338642
2026-09-11 04:00:00.000 Z,2026-09-11 08:00:00.000 Z,BTC,REGIME_OOS,2,RANGE_CANDIDATE,0.9996679269,0.9996679269,25.629946555
2026-09-11 08:00:00.000 Z,2026-09-11 12:00:00.000 Z,BTC,REGIME_OOS,2,RANGE_CANDIDATE,0.9996178567,0.9996178567,26.114375056
2026-09-11 12:00:00.000 Z,2026-09-11 16:00:00.000 Z,BTC,REGIME_OOS,2,RANGE_CANDIDATE,0.9997836139,0.9997836139,25.534269809
2026-09-11 16:00:00.000 Z,2026-09-11 20:00:00.000 Z,BTC,REGIME_OOS,2,RANGE_CANDIDATE,0.9997346815,0.9997346815,24.995600652
2026-09-11 20:00:00.000 Z,2026-09-12 00:00:00.000 Z,BTC,REGIME_OOS,2,RANGE_CANDIDATE,0.9996388094,0.9996388094,24.495407862
2026-09-12 12:00:00.000 Z,2026-09-12 16:00:00.000 Z,BTC,REGIME_OOS,2,RANGE_CANDIDATE,0.9977626908,0.9977626908,23.713026247
2026-09-12 16:00:00.000 Z,2026-09-12 20:00:00.000 Z,BTC,REGIME_OOS,2,RANGE_CANDIDATE,0.9997935964,0.9997935964,22.95872878
2026-09-12 20:00:00.000 Z,2026-09-13 00:00:00.000 Z,BTC,REGIME_OOS,2,RANGE_CANDIDATE,0.9998393412,0.9998393412,22.258309703
2026-09-13 00:00:00.000 Z,2026-09-13 04:00:00.000 Z,BTC,REGIME_OOS,2,RANGE_CANDIDATE,0.9997747343,0.9997747343,21.639655352
2026-09-13 12:00:00.000 Z,2026-09-13 16:00:00.000 Z,BTC,REGIME_OOS,2,RANGE_CANDIDATE,0.9980440756,0.9980440756,19.604045008
2026-09-13 16:00:00.000 Z,2026-09-13 20:00:00.000 Z,BTC,REGIME_OOS,2,RANGE_CANDIDATE,0.9998398337,0.9998398337,18.768603539
2026-09-13 20:00:00.000 Z,2026-09-14 00:00:00.000 Z,BTC,REGIME_OOS,2,RANGE_CANDIDATE,0.9998016077,0.9998016077,17.871589607
2026-09-14 00:00:00.000 Z,2026-09-14 04:00:00.000 Z,BTC,REGIME_OOS,2,RANGE_CANDIDATE,0.999816791,0.999816791,16.72177973
2026-09-14 04:00:00.000 Z,2026-09-14 08:00:00.000 Z,BTC,REGIME_OOS,2,RANGE_CANDIDATE,0.9998568598,0.9998568598,15.743821702
2026-09-14 08:00:00.000 Z,2026-09-14 12:00:00.000 Z,BTC,REGIME_OOS,2,RANGE_CANDIDATE,0.9998509372,0.9998509372,15.548788206
2026-09-14 12:00:00.000 Z,2026-09-14 16:00:00.000 Z,BTC,REGIME_OOS,2,RANGE_CANDIDATE,0.9999008441,0.9999008441,15.827003
2026-09-14 16:00:00.000 Z,2026-09-14 20:00:00.000 Z,BTC,REGIME_OOS,2,RANGE_CANDIDATE,0.9999171246,0.9999171246,16.798746485
2026-09-14 20:00:00.000 Z,2026-09-15 00:00:00.000 Z,BTC,REGIME_OOS,2,RANGE_CANDIDATE,0.9999268613,0.9999268613,17.105585096
2026-09-15 00:00:00.000 Z,2026-09-15 04:00:00.000 Z,BTC,REGIME_OOS,2,RANGE_CANDIDATE,0.9999441671,0.9999441671,16.523472957
2026-09-15 04:00:00.000 Z,2026-09-15 08:00:00.000 Z,BTC,REGIME_OOS,2,RANGE_CANDIDATE,0.9999359139,0.9999359139,15.805652341
2026-09-15 08:00:00.000 Z,2026-09-15 12:00:00.000 Z,BTC,REGIME_OOS,2,RANGE_CANDIDATE,0.9999365904,0.9999365904,15.358090666
2026-09-15 12:00:00.000 Z,2026-09-15 16:00:00.000 Z,BTC,REGIME_OOS,2,RANGE_CANDIDATE,0.9999029487,0.9999029487,16.09337129
2026-09-15 16:00:00.000 Z,2026-09-15 20:00:00.000 Z,BTC,REGIME_OOS,2,RANGE_CANDIDATE,0.9998625472,0.9998625472,17.314581658
2026-09-15 20:00:00.000 Z,2026-09-16 00:00:00.000 Z,BTC,REGIME_OOS,2,RANGE_CANDIDATE,0.9998770102,0.9998770102,18.448562713
2026-09-16 00:00:00.000 Z,2026-09-16 04:00:00.000 Z,BTC,REGIME_OOS,2,RANGE_CANDIDATE,0.9999303173,0.9999303173,19.501545122
2026-09-16 04:00:00.000 Z,2026-09-16 08:00:00.000 Z,BTC,REGIME_OOS,2,RANGE_CANDIDATE,0.9999425423,0.9999425423,20.479314502
2026-09-16 08:00:00.000 Z,2026-09-16 12:00:00.000 Z,BTC,REGIME_OOS,2,RANGE_CANDIDATE,0.9999535349,0.9999535349,21.665394774
2026-09-16 12:00:00.000 Z,2026-09-16 16:00:00.000 Z,BTC,REGIME_OOS,2,RANGE_CANDIDATE,0.9999387357,0.9999387357,22.766755028
2026-09-16 16:00:00.000 Z,2026-09-16 20:00:00.000 Z,BTC,REGIME_OOS,2,RANGE_CANDIDATE,0.9999249814,0.9999249814,24.145058885
2026-09-16 20:00:00.000 Z,2026-09-17 00:00:00.000 Z,BTC,REGIME_OOS,2,RANGE_CANDIDATE,0.9999067246,0.9999067246,25.424912467
2026-09-17 00:00:00.000 Z,2026-09-17 04:00:00.000 Z,BTC,REGIME_OOS,2,RANGE_CANDIDATE,0.9998849844,0.9998849844,25.833868171
2026-09-17 04:00:00.000 Z,2026-09-17 08:00:00.000 Z,BTC,REGIME_OOS,2,RANGE_CANDIDATE,0.9998845418,0.9998845418,26.213612754
2026-09-17 08:00:00.000 Z,2026-09-17 12:00:00.000 Z,BTC,REGIME_OOS,2,RANGE_CANDIDATE,0.9998829317,0.9998829317,26.421235343
2026-09-17 12:00:00.000 Z,2026-09-17 16:00:00.000 Z,BTC,REGIME_OOS,2,RANGE_CANDIDATE,0.9998934976,0.9998934976,25.619627422
2026-09-17 16:00:00.000 Z,2026-09-17 20:00:00.000 Z,BTC,REGIME_OOS,2,RANGE_CANDIDATE,0.9999103825,0.9999103825,24.87527721
2026-09-17 20:00:00.000 Z,2026-09-18 00:00:00.000 Z,BTC,REGIME_OOS,2,RANGE_CANDIDATE,0.9999127213,0.9999127213,24.536663303
2026-09-18 00:00:00.000 Z,2026-09-18 04:00:00.000 Z,BTC,REGIME_OOS,2,RANGE_CANDIDATE,0.9999202823,0.9999202823,23.066092958
2026-09-18 04:00:00.000 Z,2026-09-18 08:00:00.000 Z,BTC,REGIME_OOS,2,RANGE_CANDIDATE,0.9999159252,0.9999159252,22.158646847
2026-09-18 08:00:00.000 Z,2026-09-18 12:00:00.000 Z,BTC,REGIME_OOS,2,RANGE_CANDIDATE,0.9999005565,0.9999005565,22.218082422
2026-09-18 12:00:00.000 Z,2026-09-18 16:00:00.000 Z,BTC,REGIME_OOS,2,RANGE_CANDIDATE,0.998816118,0.998816118,24.426160738
2026-09-18 16:00:00.000 Z,2026-09-18 20:00:00.000 Z,BTC,REGIME_OOS,2,RANGE_CANDIDATE,0.9928018287,0.9928018287,26.602221941
2026-09-18 20:00:00.000 Z,2026-09-19 00:00:00.000 Z,BTC,REGIME_OOS,2,RANGE_CANDIDATE,0.9743551894,0.9743551894,28.6228502
2026-09-19 16:00:00.000 Z,2026-09-19 20:00:00.000 Z,BTC,REGIME_OOS,1,OTHER,0.5017742121,0.4608967203,32.75837863
2026-09-19 20:00:00.000 Z,2026-09-20 00:00:00.000 Z,BTC,REGIME_OOS,1,OTHER,0.8065729273,0.1865964451,33.873865348
2026-09-20 00:00:00.000 Z,2026-09-20 04:00:00.000 Z,BTC,REGIME_OOS,1,OTHER,0.5136945892,0.4809726276,33.735051529
2026-09-20 04:00:00.000 Z,2026-09-20 08:00:00.000 Z,BTC,REGIME_OOS,2,RANGE_CANDIDATE,0.7837715398,0.7837715398,33.557502046
2026-09-20 08:00:00.000 Z,2026-09-20 12:00:00.000 Z,BTC,REGIME_OOS,2,RANGE_CANDIDATE,0.8965126053,0.8965126053,33.392634669
2026-09-20 12:00:00.000 Z,2026-09-20 16:00:00.000 Z,BTC,REGIME_OOS,2,RANGE_CANDIDATE,0.8959916767,0.8959916767,33.664778657
2026-09-20 16:00:00.000 Z,2026-09-20 20:00:00.000 Z,BTC,REGIME_OOS,2,RANGE_CANDIDATE,0.6687883346,0.6687883346,34.449197641
2026-09-20 20:00:00.000 Z,2026-09-21 00:00:00.000 Z,BTC,REGIME_OOS,1,OTHER,0.650431876,0.3479200567,35.177586699
2026-09-21 00:00:00.000 Z,2026-09-21 04:00:00.000 Z,BTC,REGIME_OOS,1,OTHER,0.9558846592,0.04358705528,36.368227319
2026-09-21 04:00:00.000 Z,2026-09-21 08:00:00.000 Z,BTC,REGIME_OOS,1,OTHER,0.9963062444,0.003510633968,37.473822181
2026-09-21 08:00:00.000 Z,2026-09-21 12:00:00.000 Z,BTC,REGIME_OOS,1,OTHER,0.9999856128,7.255740324e-07,39.879413216
2026-09-21 12:00:00.000 Z,2026-09-21 16:00:00.000 Z,BTC,REGIME_OOS,1,OTHER,0.9999941057,9.202218338e-09,42.380271822
2026-09-21 16:00:00.000 Z,2026-09-21 20:00:00.000 Z,BTC,REGIME_OOS,1,OTHER,0.9999969814,4.142546742e-10,44.806942612
2026-09-21 20:00:00.000 Z,2026-09-22 00:00:00.000 Z,BTC,REGIME_OOS,1,OTHER,0.999997263,4.640611339e-11,47.158097706
2026-09-22 00:00:00.000 Z,2026-09-22 04:00:00.000 Z,BTC,REGIME_OOS,1,OTHER,0.9999973494,1.022189368e-10,47.927126651
2026-09-22 04:00:00.000 Z,2026-09-22 08:00:00.000 Z,BTC,REGIME_OOS,1,OTHER,0.9999966749,3.685611105e-10,48.388591714
2026-09-22 08:00:00.000 Z,2026-09-22 12:00:00.000 Z,BTC,REGIME_OOS,1,OTHER,0.9999970022,2.39918463e-10,49.065428621
2026-09-22 12:00:00.000 Z,2026-09-22 16:00:00.000 Z,BTC,REGIME_OOS,1,OTHER,0.9999972979,6.631752111e-11,49.823058803
2026-09-22 16:00:00.000 Z,2026-09-22 20:00:00.000 Z,BTC,REGIME_OOS,1,OTHER,0.9999968618,4.095036748e-11,50.526572543
2026-09-22 20:00:00.000 Z,2026-09-23 00:00:00.000 Z,BTC,REGIME_OOS,1,OTHER,0.99999657,2.485903605e-11,51.132074048
2026-09-23 00:00:00.000 Z,2026-09-23 04:00:00.000 Z,BTC,REGIME_OOS,1,OTHER,0.9999978934,5.00055755e-12,51.893316911
2026-09-23 04:00:00.000 Z,2026-09-23 08:00:00.000 Z,BTC,REGIME_OOS,1,OTHER,0.9999976128,3.95614181e-12,52.722146751
2026-09-23 08:00:00.000 Z,2026-09-23 12:00:00.000 Z,BTC,REGIME_OOS,1,OTHER,0.9999970236,1.08645033e-11,52.511911946
2026-09-23 12:00:00.000 Z,2026-09-23 16:00:00.000 Z,BTC,REGIME_OOS,1,OTHER,0.9999796677,2.625435202e-09,50.163792602
2026-09-23 16:00:00.000 Z,2026-09-23 20:00:00.000 Z,BTC,REGIME_OOS,1,OTHER,0.9999836403,3.118316004e-08,47.663708379
2026-09-23 20:00:00.000 Z,2026-09-24 00:00:00.000 Z,BTC,REGIME_OOS,1,OTHER,0.9999773192,4.145234115e-07,45.366927461
2026-09-24 00:00:00.000 Z,2026-09-24 04:00:00.000 Z,BTC,REGIME_OOS,1,OTHER,0.99978746,3.62993147e-05,42.766791726
2026-09-24 04:00:00.000 Z,2026-09-24 08:00:00.000 Z,BTC,REGIME_OOS,1,OTHER,0.9995871237,0.0002812564434,40.409921801
2026-09-24 08:00:00.000 Z,2026-09-24 12:00:00.000 Z,BTC,REGIME_OOS,1,OTHER,0.997750291,0.002013101757,37.825254266
2026-09-24 12:00:00.000 Z,2026-09-24 16:00:00.000 Z,BTC,REGIME_OOS,1,OTHER,0.9928721267,0.006990102241,35.186235861
2026-09-24 16:00:00.000 Z,2026-09-24 20:00:00.000 Z,BTC,REGIME_OOS,1,OTHER,0.9691412666,0.03069278831,32.73571877
2026-09-24 20:00:00.000 Z,2026-09-25 00:00:00.000 Z,BTC,REGIME_OOS,1,OTHER,0.8382507353,0.1615065217,30.460238615
2026-09-25 00:00:00.000 Z,2026-09-25 04:00:00.000 Z,BTC,REGIME_OOS,1,OTHER,0.6560120542,0.3438490756,28.848758711
2026-09-25 04:00:00.000 Z,2026-09-25 08:00:00.000 Z,BTC,REGIME_OOS,2,RANGE_CANDIDATE,0.7972131526,0.7972131526,26.853700989
2026-09-25 08:00:00.000 Z,2026-09-25 12:00:00.000 Z,BTC,REGIME_OOS,2,RANGE_CANDIDATE,0.9539229154,0.9539229154,25.924718808
2026-09-25 12:00:00.000 Z,2026-09-25 16:00:00.000 Z,BTC,REGIME_OOS,2,RANGE_CANDIDATE,0.9973424873,0.9973424873,24.106690421
2026-09-26 12:00:00.000 Z,2026-09-26 16:00:00.000 Z,BTC,REGIME_OOS,2,RANGE_CANDIDATE,0.9933407024,0.9933407024,20.88692946
2026-09-26 16:00:00.000 Z,2026-09-26 20:00:00.000 Z,BTC,REGIME_OOS,2,RANGE_CANDIDATE,0.9996329169,0.9996329169,19.445127145
2026-09-26 20:00:00.000 Z,2026-09-27 00:00:00.000 Z,BTC,REGIME_OOS,2,RANGE_CANDIDATE,0.9997053149,0.9997053149,18.428954964
2026-09-27 00:00:00.000 Z,2026-09-27 04:00:00.000 Z,BTC,REGIME_OOS,2,RANGE_CANDIDATE,0.9999246333,0.9999246333,17.655135547
2026-09-27 04:00:00.000 Z,2026-09-27 08:00:00.000 Z,BTC,REGIME_OOS,2,RANGE_CANDIDATE,0.9999116517,0.9999116517,17.161726019
2026-09-27 08:00:00.000 Z,2026-09-27 12:00:00.000 Z,BTC,REGIME_OOS,2,RANGE_CANDIDATE,0.9999277059,0.9999277059,16.980290352
2026-09-27 12:00:00.000 Z,2026-09-27 16:00:00.000 Z,BTC,REGIME_OOS,2,RANGE_CANDIDATE,0.9999353386,0.9999353386,16.462850156
2026-09-27 16:00:00.000 Z,2026-09-27 20:00:00.000 Z,BTC,REGIME_OOS,2,RANGE_CANDIDATE,0.9999405815,0.9999405815,15.982369975
2026-09-27 20:00:00.000 Z,2026-09-28 00:00:00.000 Z,BTC,REGIME_OOS,2,RANGE_CANDIDATE,0.9999464217,0.9999464217,14.961703368
2026-09-28 00:00:00.000 Z,2026-09-28 04:00:00.000 Z,BTC,REGIME_OOS,2,RANGE_CANDIDATE,0.9999375819,0.9999375819,15.191948496
2026-09-28 04:00:00.000 Z,2026-09-28 08:00:00.000 Z,BTC,REGIME_OOS,2,RANGE_CANDIDATE,0.9999096689,0.9999096689,15.975017934
2026-09-28 08:00:00.000 Z,2026-09-28 12:00:00.000 Z,BTC,REGIME_OOS,2,RANGE_CANDIDATE,0.9999200573,0.9999200573,16.892275152
2026-09-28 12:00:00.000 Z,2026-09-28 16:00:00.000 Z,BTC,REGIME_OOS,2,RANGE_CANDIDATE,0.9999436424,0.9999436424,16.433726248
2026-09-28 16:00:00.000 Z,2026-09-28 20:00:00.000 Z,BTC,REGIME_OOS,2,RANGE_CANDIDATE,0.9999311359,0.9999311359,15.335293277
2026-09-28 20:00:00.000 Z,2026-09-29 00:00:00.000 Z,BTC,REGIME_OOS,2,RANGE_CANDIDATE,0.999945572,0.999945572,14.260288917
2026-09-29 00:00:00.000 Z,2026-09-29 04:00:00.000 Z,BTC,REGIME_OOS,2,RANGE_CANDIDATE,0.9999502572,0.9999502572,13.634133147
2026-09-29 04:00:00.000 Z,2026-09-29 08:00:00.000 Z,BTC,REGIME_OOS,2,RANGE_CANDIDATE,0.9999527381,0.9999527381,13.178775927
2026-09-29 08:00:00.000 Z,2026-09-29 12:00:00.000 Z,BTC,REGIME_OOS,2,RANGE_CANDIDATE,0.9999464208,0.9999464208,13.126052533
2026-09-29 12:00:00.000 Z,2026-09-29 16:00:00.000 Z,BTC,REGIME_OOS,2,RANGE_CANDIDATE,0.9999590305,0.9999590305,12.556691746
2026-09-29 16:00:00.000 Z,2026-09-29 20:00:00.000 Z,BTC,REGIME_OOS,2,RANGE_CANDIDATE,0.9999585242,0.9999585242,12.05259543
2026-09-29 20:00:00.000 Z,2026-09-30 00:00:00.000 Z,BTC,REGIME_OOS,2,RANGE_CANDIDATE,0.9999547106,0.9999547106,11.335229952
2026-09-30 00:00:00.000 Z,2026-09-30 04:00:00.000 Z,BTC,REGIME_OOS,2,RANGE_CANDIDATE,0.9999534835,0.9999534835,11.040159796
2026-09-30 04:00:00.000 Z,2026-09-30 08:00:00.000 Z,BTC,REGIME_OOS,2,RANGE_CANDIDATE,0.9999471419,0.9999471419,11.074495447
2026-09-30 08:00:00.000 Z,2026-09-30 12:00:00.000 Z,BTC,REGIME_OOS,2,RANGE_CANDIDATE,0.999944388,0.999944388,10.296479413
2026-09-30 12:00:00.000 Z,2026-09-30 16:00:00.000 Z,BTC,REGIME_OOS,2,RANGE_CANDIDATE,0.9999404629,0.9999404629,11.439870597
2026-09-30 16:00:00.000 Z,2026-09-30 20:00:00.000 Z,BTC,REGIME_OOS,2,RANGE_CANDIDATE,0.9999470773,0.9999470773,12.501590982
2025-12-31 20:00:00.000 Z,2026-01-01 00:00:00.000 Z,ETH,REGIME_OOS,1,RANGE_CANDIDATE,0.9993504342,0.9993504342,13.048153347
2026-01-02 00:00:00.000 Z,2026-01-02 04:00:00.000 Z,ETH,REGIME_OOS,1,RANGE_CANDIDATE,0.9989169157,0.9989169157,15.74158215
2026-01-02 04:00:00.000 Z,2026-01-02 08:00:00.000 Z,ETH,REGIME_OOS,1,RANGE_CANDIDATE,0.9999248308,0.9999248308,17.249072591
2026-01-02 08:00:00.000 Z,2026-01-02 12:00:00.000 Z,ETH,REGIME_OOS,1,RANGE_CANDIDATE,0.9998041273,0.9998041273,19.209753811
2026-01-02 12:00:00.000 Z,2026-01-02 16:00:00.000 Z,ETH,REGIME_OOS,1,RANGE_CANDIDATE,0.9990773274,0.9990773274,21.533295402
2026-01-02 16:00:00.000 Z,2026-01-02 20:00:00.000 Z,ETH,REGIME_OOS,1,RANGE_CANDIDATE,0.9964768303,0.9964768303,24.203464776
2026-01-02 20:00:00.000 Z,2026-01-03 00:00:00.000 Z,ETH,REGIME_OOS,1,RANGE_CANDIDATE,0.9846182785,0.9846182785,26.682907766
2026-01-05 00:00:00.000 Z,2026-01-05 04:00:00.000 Z,ETH,REGIME_OOS,0,OTHER,0.7865761926,0.2074703092,32.058851399
2026-01-05 04:00:00.000 Z,2026-01-05 08:00:00.000 Z,ETH,REGIME_OOS,0,OTHER,0.8666118184,0.1327587727,34.36595664
2026-01-05 08:00:00.000 Z,2026-01-05 12:00:00.000 Z,ETH,REGIME_OOS,0,OTHER,0.9922899267,0.007451259503,36.508268649
2026-01-05 12:00:00.000 Z,2026-01-05 16:00:00.000 Z,ETH,REGIME_OOS,0,OTHER,0.9956654152,0.004007833223,37.645179434
2026-01-05 16:00:00.000 Z,2026-01-05 20:00:00.000 Z,ETH,REGIME_OOS,0,OTHER,0.9957834614,0.003653163217,38.989278931
2026-01-05 20:00:00.000 Z,2026-01-06 00:00:00.000 Z,ETH,REGIME_OOS,0,OTHER,0.9988445168,0.0007499648028,40.59277041
2026-01-06 00:00:00.000 Z,2026-01-06 04:00:00.000 Z,ETH,REGIME_OOS,0,OTHER,0.999601067,0.0001475544195,41.46599182
2026-01-06 04:00:00.000 Z,2026-01-06 08:00:00.000 Z,ETH,REGIME_OOS,0,OTHER,0.9997791813,4.318026685e-05,42.334561195
2026-01-06 08:00:00.000 Z,2026-01-06 12:00:00.000 Z,ETH,REGIME_OOS,0,OTHER,0.9998292428,1.294379658e-05,43.1410899
2026-01-06 12:00:00.000 Z,2026-01-06 16:00:00.000 Z,ETH,REGIME_OOS,0,OTHER,0.9998914439,1.908209742e-06,44.561477567
2026-01-06 16:00:00.000 Z,2026-01-06 20:00:00.000 Z,ETH,REGIME_OOS,0,OTHER,0.9997570242,3.00234186e-05,44.126112924
2026-01-06 20:00:00.000 Z,2026-01-07 00:00:00.000 Z,ETH,REGIME_OOS,0,OTHER,0.9999390157,2.697425488e-06,43.992114744
2026-01-07 00:00:00.000 Z,2026-01-07 04:00:00.000 Z,ETH,REGIME_OOS,0,OTHER,0.9998792643,1.888728431e-05,43.867687863
2026-01-07 04:00:00.000 Z,2026-01-07 08:00:00.000 Z,ETH,REGIME_OOS,0,OTHER,0.9998152899,5.016259527e-05,43.752148616
2026-01-07 08:00:00.000 Z,2026-01-07 12:00:00.000 Z,ETH,REGIME_OOS,0,OTHER,0.9995854786,0.000248112305,41.956234552
2026-01-07 12:00:00.000 Z,2026-01-07 16:00:00.000 Z,ETH,REGIME_OOS,0,OTHER,0.996732096,0.00283112065,39.093700168
2026-01-07 16:00:00.000 Z,2026-01-07 20:00:00.000 Z,ETH,REGIME_OOS,0,OTHER,0.9847544549,0.01480862779,36.593568956
2026-01-07 20:00:00.000 Z,2026-01-08 00:00:00.000 Z,ETH,REGIME_OOS,0,OTHER,0.972328555,0.02714577071,34.272018545
2026-01-08 00:00:00.000 Z,2026-01-08 04:00:00.000 Z,ETH,REGIME_OOS,0,OTHER,0.8183323324,0.1808075222,32.030976761
2026-01-08 04:00:00.000 Z,2026-01-08 08:00:00.000 Z,ETH,REGIME_OOS,0,OTHER,0.5368889571,0.4624553219,30.864221461
2026-01-08 08:00:00.000 Z,2026-01-08 12:00:00.000 Z,ETH,REGIME_OOS,1,RANGE_CANDIDATE,0.8188677031,0.8188677031,29.780805825
2026-01-08 12:00:00.000 Z,2026-01-08 16:00:00.000 Z,ETH,REGIME_OOS,1,RANGE_CANDIDATE,0.9750612445,0.9750612445,29.597284557
2026-01-08 16:00:00.000 Z,2026-01-08 20:00:00.000 Z,ETH,REGIME_OOS,1,RANGE_CANDIDATE,0.9958934085,0.9958934085,28.771900272
2026-01-08 20:00:00.000 Z,2026-01-09 00:00:00.000 Z,ETH,REGIME_OOS,1,RANGE_CANDIDATE,0.9982758562,0.9982758562,28.015124914
2026-01-09 00:00:00.000 Z,2026-01-09 04:00:00.000 Z,ETH,REGIME_OOS,1,RANGE_CANDIDATE,0.9987627534,0.9987627534,26.66217172
2026-01-09 04:00:00.000 Z,2026-01-09 08:00:00.000 Z,ETH,REGIME_OOS,1,RANGE_CANDIDATE,0.9994797737,0.9994797737,25.40585804
2026-01-09 08:00:00.000 Z,2026-01-09 12:00:00.000 Z,ETH,REGIME_OOS,1,RANGE_CANDIDATE,0.999736733,0.999736733,25.188039611
2026-01-09 12:00:00.000 Z,2026-01-09 16:00:00.000 Z,ETH,REGIME_OOS,1,RANGE_CANDIDATE,0.9998269751,0.9998269751,24.106431026
2026-01-09 16:00:00.000 Z,2026-01-09 20:00:00.000 Z,ETH,REGIME_OOS,1,RANGE_CANDIDATE,0.9999001498,0.9999001498,23.010015565
2026-01-09 20:00:00.000 Z,2026-01-10 00:00:00.000 Z,ETH,REGIME_OOS,1,RANGE_CANDIDATE,0.9999363841,0.9999363841,22.08453078
2026-01-12 00:00:00.000 Z,2026-01-12 04:00:00.000 Z,ETH,REGIME_OOS,1,RANGE_CANDIDATE,0.9994851546,0.9994851546,20.469170819
2026-01-12 04:00:00.000 Z,2026-01-12 08:00:00.000 Z,ETH,REGIME_OOS,1,RANGE_CANDIDATE,0.999967072,0.999967072,20.227922833
2026-01-12 08:00:00.000 Z,2026-01-12 12:00:00.000 Z,ETH,REGIME_OOS,1,RANGE_CANDIDATE,0.9999697111,0.9999697111,19.164260429
2026-01-12 12:00:00.000 Z,2026-01-12 16:00:00.000 Z,ETH,REGIME_OOS,1,RANGE_CANDIDATE,0.999951489,0.999951489,18.284406648
2026-01-12 16:00:00.000 Z,2026-01-12 20:00:00.000 Z,ETH,REGIME_OOS,1,RANGE_CANDIDATE,0.9999473835,0.9999473835,17.093729927
2026-01-12 20:00:00.000 Z,2026-01-13 00:00:00.000 Z,ETH,REGIME_OOS,1,RANGE_CANDIDATE,0.9999392253,0.9999392253,15.988101544
2026-01-13 00:00:00.000 Z,2026-01-13 04:00:00.000 Z,ETH,REGIME_OOS,1,RANGE_CANDIDATE,0.9999373623,0.9999373623,14.961446617
2026-01-13 04:00:00.000 Z,2026-01-13 08:00:00.000 Z,ETH,REGIME_OOS,1,RANGE_CANDIDATE,0.9999294311,0.9999294311,14.579735758
2026-01-13 08:00:00.000 Z,2026-01-13 12:00:00.000 Z,ETH,REGIME_OOS,1,RANGE_CANDIDATE,0.999914349,0.999914349,14.261680031
2026-01-13 12:00:00.000 Z,2026-01-13 16:00:00.000 Z,ETH,REGIME_OOS,1,RANGE_CANDIDATE,0.9999555572,0.9999555572,14.908417774
2026-01-13 16:00:00.000 Z,2026-01-13 20:00:00.000 Z,ETH,REGIME_OOS,1,RANGE_CANDIDATE,0.9999454586,0.9999454586,16.075115349
2026-01-13 20:00:00.000 Z,2026-01-14 00:00:00.000 Z,ETH,REGIME_OOS,1,RANGE_CANDIDATE,0.9990992474,0.9990992474,18.6883349
2026-01-14 00:00:00.000 Z,2026-01-14 04:00:00.000 Z,ETH,REGIME_OOS,1,RANGE_CANDIDATE,0.9966088291,0.9966088291,21.236403767
2026-01-14 04:00:00.000 Z,2026-01-14 08:00:00.000 Z,ETH,REGIME_OOS,1,RANGE_CANDIDATE,0.9941681456,0.9941681456,23.660004742
2026-01-14 08:00:00.000 Z,2026-01-14 12:00:00.000 Z,ETH,REGIME_OOS,1,RANGE_CANDIDATE,0.9972044111,0.9972044111,24.736865114
2026-01-14 12:00:00.000 Z,2026-01-14 16:00:00.000 Z,ETH,REGIME_OOS,1,RANGE_CANDIDATE,0.9790471194,0.9790471194,26.002965876
2026-01-14 16:00:00.000 Z,2026-01-14 20:00:00.000 Z,ETH,REGIME_OOS,1,RANGE_CANDIDATE,0.9445753551,0.9445753551,27.622357546
2026-01-14 20:00:00.000 Z,2026-01-15 00:00:00.000 Z,ETH,REGIME_OOS,1,RANGE_CANDIDATE,0.9397222013,0.9397222013,29.126078382
2026-01-15 00:00:00.000 Z,2026-01-15 04:00:00.000 Z,ETH,REGIME_OOS,1,RANGE_CANDIDATE,0.9812754356,0.9812754356,28.826569542
2026-01-15 04:00:00.000 Z,2026-01-15 08:00:00.000 Z,ETH,REGIME_OOS,1,RANGE_CANDIDATE,0.9658960724,0.9658960724,28.54845419
2026-01-15 08:00:00.000 Z,2026-01-15 12:00:00.000 Z,ETH,REGIME_OOS,1,RANGE_CANDIDATE,0.8589397647,0.8589397647,28.854948597
2026-01-15 12:00:00.000 Z,2026-01-15 16:00:00.000 Z,ETH,REGIME_OOS,1,RANGE_CANDIDATE,0.8876073127,0.8876073127,28.269299221
2026-01-15 16:00:00.000 Z,2026-01-15 20:00:00.000 Z,ETH,REGIME_OOS,1,RANGE_CANDIDATE,0.9591147949,0.9591147949,27.410897711
2026-01-15 20:00:00.000 Z,2026-01-16 00:00:00.000 Z,ETH,REGIME_OOS,1,RANGE_CANDIDATE,0.9796459188,0.9796459188,26.613810594
2026-01-16 00:00:00.000 Z,2026-01-16 04:00:00.000 Z,ETH,REGIME_OOS,1,RANGE_CANDIDATE,0.9902959145,0.9902959145,25.971518289
2026-01-16 04:00:00.000 Z,2026-01-16 08:00:00.000 Z,ETH,REGIME_OOS,1,RANGE_CANDIDATE,0.9914990441,0.9914990441,25.014512785
2026-01-16 08:00:00.000 Z,2026-01-16 12:00:00.000 Z,ETH,REGIME_OOS,1,RANGE_CANDIDATE,0.9968050443,0.9968050443,24.197200379
2026-01-16 12:00:00.000 Z,2026-01-16 16:00:00.000 Z,ETH,REGIME_OOS,1,RANGE_CANDIDATE,0.9979816387,0.9979816387,22.575236648
2026-01-16 16:00:00.000 Z,2026-01-16 20:00:00.000 Z,ETH,REGIME_OOS,1,RANGE_CANDIDATE,0.9979067927,0.9979067927,21.069127469
2026-01-16 20:00:00.000 Z,2026-01-17 00:00:00.000 Z,ETH,REGIME_OOS,1,RANGE_CANDIDATE,0.9984247479,0.9984247479,19.752845283
2026-01-19 00:00:00.000 Z,2026-01-19 04:00:00.000 Z,ETH,REGIME_OOS,1,RANGE_CANDIDATE,0.9937262006,0.9937262006,19.021370763
2026-01-19 04:00:00.000 Z,2026-01-19 08:00:00.000 Z,ETH,REGIME_OOS,1,RANGE_CANDIDATE,0.9995219218,0.9995219218,18.454669715
2026-01-19 08:00:00.000 Z,2026-01-19 12:00:00.000 Z,ETH,REGIME_OOS,1,RANGE_CANDIDATE,0.9996795501,0.9996795501,17.588025407
2026-01-19 12:00:00.000 Z,2026-01-19 16:00:00.000 Z,ETH,REGIME_OOS,1,RANGE_CANDIDATE,0.9997121746,0.9997121746,16.693801537
2026-01-19 16:00:00.000 Z,2026-01-19 20:00:00.000 Z,ETH,REGIME_OOS,1,RANGE_CANDIDATE,0.9996458557,0.9996458557,15.8634508
2026-01-19 20:00:00.000 Z,2026-01-20 00:00:00.000 Z,ETH,REGIME_OOS,1,RANGE_CANDIDATE,0.9998318176,0.9998318176,15.88963402
2026-01-20 00:00:00.000 Z,2026-01-20 04:00:00.000 Z,ETH,REGIME_OOS,1,RANGE_CANDIDATE,0.9998943921,0.9998943921,15.913947009
2026-01-20 04:00:00.000 Z,2026-01-20 08:00:00.000 Z,ETH,REGIME_OOS,1,RANGE_CANDIDATE,0.9999214294,0.9999214294,17.079008709
2026-01-20 08:00:00.000 Z,2026-01-20 12:00:00.000 Z,ETH,REGIME_OOS,1,RANGE_CANDIDATE,0.999905071,0.999905071,18.509802405
2026-01-20 12:00:00.000 Z,2026-01-20 16:00:00.000 Z,ETH,REGIME_OOS,1,RANGE_CANDIDATE,0.9990851566,0.9990851566,20.787517083
2026-01-20 16:00:00.000 Z,2026-01-20 20:00:00.000 Z,ETH,REGIME_OOS,1,RANGE_CANDIDATE,0.9460038204,0.9460038204,23.068446431
2026-01-20 20:00:00.000 Z,2026-01-21 00:00:00.000 Z,ETH,REGIME_OOS,2,OTHER,0.8857281685,0.1105215901,25.564545471
2026-01-21 00:00:00.000 Z,2026-01-21 04:00:00.000 Z,ETH,REGIME_OOS,2,OTHER,0.9926147062,0.006505955544,27.952967034
2026-01-21 04:00:00.000 Z,2026-01-21 08:00:00.000 Z,ETH,REGIME_OOS,2,OTHER,0.9949917559,0.00387381219,29.636350239
2026-01-21 08:00:00.000 Z,2026-01-21 12:00:00.000 Z,ETH,REGIME_OOS,2,OTHER,0.999594288,0.0001149846862,31.425582104
2026-01-21 12:00:00.000 Z,2026-01-21 16:00:00.000 Z,ETH,REGIME_OOS,2,OTHER,0.9981462885,0.001071195643,31.666612181
2026-01-21 16:00:00.000 Z,2026-01-21 20:00:00.000 Z,ETH,REGIME_OOS,2,OTHER,0.9940970573,0.004099803112,30.916233386
2026-01-21 20:00:00.000 Z,2026-01-22 00:00:00.000 Z,ETH,REGIME_OOS,2,OTHER,0.994964175,0.003825201106,30.219453077
2026-01-22 00:00:00.000 Z,2026-01-22 04:00:00.000 Z,ETH,REGIME_OOS,2,OTHER,0.9929370508,0.006249651558,29.572442789
2026-01-22 04:00:00.000 Z,2026-01-22 08:00:00.000 Z,ETH,REGIME_OOS,2,OTHER,0.9931663874,0.006387348818,28.971647522
2026-01-22 08:00:00.000 Z,2026-01-22 12:00:00.000 Z,ETH,REGIME_OOS,2,OTHER,0.9923989347,0.007188774563,28.760925585
2026-01-22 12:00:00.000 Z,2026-01-22 16:00:00.000 Z,ETH,REGIME_OOS,2,OTHER,0.9964427152,0.003367891005,29.550568756
2026-01-22 16:00:00.000 Z,2026-01-22 20:00:00.000 Z,ETH,REGIME_OOS,2,OTHER,0.9984024156,0.001495682756,30.283808844
2026-01-22 20:00:00.000 Z,2026-01-23 00:00:00.000 Z,ETH,REGIME_OOS,2,OTHER,0.9959555436,0.003901917969,30.96467464
2026-01-23 00:00:00.000 Z,2026-01-23 04:00:00.000 Z,ETH,REGIME_OOS,2,OTHER,0.9958160336,0.00408967399,31.196577569
2026-01-23 04:00:00.000 Z,2026-01-23 08:00:00.000 Z,ETH,REGIME_OOS,2,OTHER,0.9964593308,0.003473128205,31.591995706
2026-01-23 08:00:00.000 Z,2026-01-23 12:00:00.000 Z,ETH,REGIME_OOS,2,OTHER,0.995279822,0.004652348265,32.277036883
2026-01-23 12:00:00.000 Z,2026-01-23 16:00:00.000 Z,ETH,REGIME_OOS,2,OTHER,0.9967342544,0.003195389719,33.196437812
2026-01-23 16:00:00.000 Z,2026-01-23 20:00:00.000 Z,ETH,REGIME_OOS,2,OTHER,0.9974997644,0.002448064439,32.431563414
2026-01-23 20:00:00.000 Z,2026-01-24 00:00:00.000 Z,ETH,REGIME_OOS,2,OTHER,0.9971560828,0.002795619736,31.857101975
2026-01-26 00:00:00.000 Z,2026-01-26 04:00:00.000 Z,ETH,REGIME_OOS,2,OTHER,0.9817561154,0.01769980729,32.701875631
2026-01-26 04:00:00.000 Z,2026-01-26 08:00:00.000 Z,ETH,REGIME_OOS,2,OTHER,0.9928019143,0.00711522064,32.109456654
2026-01-26 08:00:00.000 Z,2026-01-26 12:00:00.000 Z,ETH,REGIME_OOS,2,OTHER,0.9921857998,0.007739279114,31.111359925
2026-01-26 12:00:00.000 Z,2026-01-26 16:00:00.000 Z,ETH,REGIME_OOS,2,OTHER,0.9834720286,0.01643388062,29.794104544
2026-01-26 16:00:00.000 Z,2026-01-26 20:00:00.000 Z,ETH,REGIME_OOS,2,OTHER,0.9013613189,0.09842189224,28.570938833
2026-01-26 20:00:00.000 Z,2026-01-27 00:00:00.000 Z,ETH,REGIME_OOS,2,OTHER,0.8499688349,0.1496544917,27.23461036
2026-01-27 00:00:00.000 Z,2026-01-27 04:00:00.000 Z,ETH,REGIME_OOS,1,RANGE_CANDIDATE,0.6146533171,0.6146533171,25.941440694
2026-01-27 04:00:00.000 Z,2026-01-27 08:00:00.000 Z,ETH,REGIME_OOS,1,RANGE_CANDIDATE,0.9616682139,0.9616682139,24.56564928
2026-01-27 08:00:00.000 Z,2026-01-27 12:00:00.000 Z,ETH,REGIME_OOS,1,RANGE_CANDIDATE,0.9980943981,0.9980943981,23.773710791
2026-01-27 12:00:00.000 Z,2026-01-27 16:00:00.000 Z,ETH,REGIME_OOS,1,RANGE_CANDIDATE,0.9995215995,0.9995215995,22.77794795
2026-01-27 16:00:00.000 Z,2026-01-27 20:00:00.000 Z,ETH,REGIME_OOS,1,RANGE_CANDIDATE,0.999756768,0.999756768,21.658900431
2026-01-27 20:00:00.000 Z,2026-01-28 00:00:00.000 Z,ETH,REGIME_OOS,1,RANGE_CANDIDATE,0.9997493961,0.9997493961,21.247826683
2026-01-28 00:00:00.000 Z,2026-01-28 04:00:00.000 Z,ETH,REGIME_OOS,1,RANGE_CANDIDATE,0.9998667997,0.9998667997,20.866115347
2026-01-28 04:00:00.000 Z,2026-01-28 08:00:00.000 Z,ETH,REGIME_OOS,1,RANGE_CANDIDATE,0.9998673631,0.9998673631,20.413252964
2026-01-28 08:00:00.000 Z,2026-01-28 12:00:00.000 Z,ETH,REGIME_OOS,1,RANGE_CANDIDATE,0.9997968398,0.9997968398,20.49486307
2026-01-28 12:00:00.000 Z,2026-01-28 16:00:00.000 Z,ETH,REGIME_OOS,1,RANGE_CANDIDATE,0.9999082225,0.9999082225,20.475568794
2026-01-28 16:00:00.000 Z,2026-01-28 20:00:00.000 Z,ETH,REGIME_OOS,1,RANGE_CANDIDATE,0.9999393929,0.9999393929,20.457652681
2026-01-28 20:00:00.000 Z,2026-01-29 00:00:00.000 Z,ETH,REGIME_OOS,1,RANGE_CANDIDATE,0.9999526197,0.9999526197,20.562427399
2026-01-29 00:00:00.000 Z,2026-01-29 04:00:00.000 Z,ETH,REGIME_OOS,1,RANGE_CANDIDATE,0.9999522734,0.9999522734,19.27351338
2026-01-29 04:00:00.000 Z,2026-01-29 08:00:00.000 Z,ETH,REGIME_OOS,1,RANGE_CANDIDATE,0.9999719664,0.9999719664,17.90335986
2026-01-29 08:00:00.000 Z,2026-01-29 12:00:00.000 Z,ETH,REGIME_OOS,1,RANGE_CANDIDATE,0.9999611303,0.9999611303,16.999952318
2026-01-29 12:00:00.000 Z,2026-01-29 16:00:00.000 Z,ETH,REGIME_OOS,1,RANGE_CANDIDATE,0.9996483873,0.9996483873,18.357961274
2026-01-29 16:00:00.000 Z,2026-01-29 20:00:00.000 Z,ETH,REGIME_OOS,1,RANGE_CANDIDATE,0.9983377803,0.9983377803,20.07444099
2026-01-29 20:00:00.000 Z,2026-01-30 00:00:00.000 Z,ETH,REGIME_OOS,1,RANGE_CANDIDATE,0.9992078308,0.9992078308,21.668315012
2026-01-30 00:00:00.000 Z,2026-01-30 04:00:00.000 Z,ETH,REGIME_OOS,1,RANGE_CANDIDATE,0.9876112041,0.9876112041,23.999421004
2026-01-30 04:00:00.000 Z,2026-01-30 08:00:00.000 Z,ETH,REGIME_OOS,1,RANGE_CANDIDATE,0.9222785125,0.9222785125,26.164019425
2026-01-30 08:00:00.000 Z,2026-01-30 12:00:00.000 Z,ETH,REGIME_OOS,1,RANGE_CANDIDATE,0.9102112268,0.9102112268,28.032931222
2026-01-30 12:00:00.000 Z,2026-01-30 16:00:00.000 Z,ETH,REGIME_OOS,1,RANGE_CANDIDATE,0.7569994233,0.7569994233,29.777710721
2026-02-02 00:00:00.000 Z,2026-02-02 04:00:00.000 Z,ETH,REGIME_OOS,2,OTHER,0.9999999283,1.073289634e-29,36.848660438
2026-02-02 04:00:00.000 Z,2026-02-02 08:00:00.000 Z,ETH,REGIME_OOS,2,OTHER,0.999999999,2.120431732e-37,40.064779368
2026-02-02 08:00:00.000 Z,2026-02-02 12:00:00.000 Z,ETH,REGIME_OOS,2,OTHER,0.9999999994,7.618981186e-41,42.100541098
2026-02-02 12:00:00.000 Z,2026-02-02 16:00:00.000 Z,ETH,REGIME_OOS,2,OTHER,0.9999999978,2.193134873e-40,42.78626233
2026-02-02 16:00:00.000 Z,2026-02-02 20:00:00.000 Z,ETH,REGIME_OOS,2,OTHER,0.9999999997,2.167078448e-44,43.423003475
2026-02-02 20:00:00.000 Z,2026-02-03 00:00:00.000 Z,ETH,REGIME_OOS,2,OTHER,0.9999999907,4.533318255e-41,44.088632691
2026-02-03 00:00:00.000 Z,2026-02-03 04:00:00.000 Z,ETH,REGIME_OOS,2,OTHER,0.9999999955,2.776569161e-42,44.846920482
2026-02-03 04:00:00.000 Z,2026-02-03 08:00:00.000 Z,ETH,REGIME_OOS,2,OTHER,0.9999999983,8.908027753e-43,45.551044859
2026-02-03 08:00:00.000 Z,2026-02-03 12:00:00.000 Z,ETH,REGIME_OOS,2,OTHER,0.9999999995,7.114646741e-43,46.376192385
2026-02-03 12:00:00.000 Z,2026-02-03 16:00:00.000 Z,ETH,REGIME_OOS,2,OTHER,0.9999999996,1.217899651e-41,47.218421701
2026-02-03 16:00:00.000 Z,2026-02-03 20:00:00.000 Z,ETH,REGIME_OOS,2,OTHER,1,3.155061326e-44,48.620195511
2026-02-03 20:00:00.000 Z,2026-02-04 00:00:00.000 Z,ETH,REGIME_OOS,2,OTHER,1,2.127112708e-42,49.316880958
2026-02-04 00:00:00.000 Z,2026-02-04 04:00:00.000 Z,ETH,REGIME_OOS,2,OTHER,1,2.905547512e-40,49.96380316
2026-02-04 04:00:00.000 Z,2026-02-04 08:00:00.000 Z,ETH,REGIME_OOS,2,OTHER,0.9999999999,5.452178169e-38,50.564516633
2026-02-04 08:00:00.000 Z,2026-02-04 12:00:00.000 Z,ETH,REGIME_OOS,2,OTHER,0.9999999999,9.195080146e-36,51.28975444
2026-02-04 12:00:00.000 Z,2026-02-04 16:00:00.000 Z,ETH,REGIME_OOS,2,OTHER,1,3.814242447e-39,52.373966545
2026-02-04 16:00:00.000 Z,2026-02-04 20:00:00.000 Z,ETH,REGIME_OOS,2,OTHER,1,1.326108853e-34,53.610808256
2026-02-04 20:00:00.000 Z,2026-02-05 00:00:00.000 Z,ETH,REGIME_OOS,2,OTHER,1,4.170746057e-33,54.75930413
2026-02-05 00:00:00.000 Z,2026-02-05 04:00:00.000 Z,ETH,REGIME_OOS,2,OTHER,1,2.572061018e-32,55.860775803
2026-02-05 04:00:00.000 Z,2026-02-05 08:00:00.000 Z,ETH,REGIME_OOS,2,OTHER,1,9.697017025e-33,56.994897846
2026-02-05 08:00:00.000 Z,2026-02-05 12:00:00.000 Z,ETH,REGIME_OOS,2,OTHER,1,2.224088985e-33,57.437926829
2026-02-05 12:00:00.000 Z,2026-02-05 16:00:00.000 Z,ETH,REGIME_OOS,2,OTHER,1,7.360574757e-39,58.40458447
2026-02-05 16:00:00.000 Z,2026-02-05 20:00:00.000 Z,ETH,REGIME_OOS,2,OTHER,1,5.168494573e-42,59.347462306
2026-02-05 20:00:00.000 Z,2026-02-06 00:00:00.000 Z,ETH,REGIME_OOS,2,OTHER,1,8.335371536e-51,60.517691736
2026-02-06 00:00:00.000 Z,2026-02-06 04:00:00.000 Z,ETH,REGIME_OOS,2,OTHER,1,7.128706778e-50,61.796739175
2026-02-06 04:00:00.000 Z,2026-02-06 08:00:00.000 Z,ETH,REGIME_OOS,2,OTHER,1,2.042538083e-49,62.440003623
2026-02-06 08:00:00.000 Z,2026-02-06 12:00:00.000 Z,ETH,REGIME_OOS,2,OTHER,1,3.702556085e-48,63.106877902
2026-02-06 12:00:00.000 Z,2026-02-06 16:00:00.000 Z,ETH,REGIME_OOS,2,OTHER,1,1.53870438e-45,62.498520989
2026-02-06 16:00:00.000 Z,2026-02-06 20:00:00.000 Z,ETH,REGIME_OOS,2,OTHER,1,1.654363867e-42,60.520957023
2026-02-06 20:00:00.000 Z,2026-02-07 00:00:00.000 Z,ETH,REGIME_OOS,2,OTHER,0.9999999994,3.659960556e-36,58.617657686
2026-02-09 00:00:00.000 Z,2026-02-09 04:00:00.000 Z,ETH,REGIME_OOS,2,OTHER,0.999999856,5.235310212e-29,53.842219942
2026-02-09 04:00:00.000 Z,2026-02-09 08:00:00.000 Z,ETH,REGIME_OOS,2,OTHER,0.9999999951,5.188994546e-27,51.78143366
2026-02-09 08:00:00.000 Z,2026-02-09 12:00:00.000 Z,ETH,REGIME_OOS,2,OTHER,0.9999999987,3.26736489e-25,50.347318953
2026-02-09 12:00:00.000 Z,2026-02-09 16:00:00.000 Z,ETH,REGIME_OOS,2,OTHER,0.9999999938,1.743365367e-21,49.050867497
2026-02-09 16:00:00.000 Z,2026-02-09 20:00:00.000 Z,ETH,REGIME_OOS,2,OTHER,0.9999999635,1.034912994e-19,46.708804217
2026-02-09 20:00:00.000 Z,2026-02-10 00:00:00.000 Z,ETH,REGIME_OOS,2,OTHER,0.9999999626,7.405186772e-18,44.465787086
2026-02-10 00:00:00.000 Z,2026-02-10 04:00:00.000 Z,ETH,REGIME_OOS,2,OTHER,0.9999999608,1.026121493e-16,42.793327385
2026-02-10 04:00:00.000 Z,2026-02-10 08:00:00.000 Z,ETH,REGIME_OOS,2,OTHER,0.9999999581,4.419757808e-16,41.783607796
2026-02-10 08:00:00.000 Z,2026-02-10 12:00:00.000 Z,ETH,REGIME_OOS,2,OTHER,0.9999999348,2.616178995e-15,40.884875602
2026-02-10 12:00:00.000 Z,2026-02-10 16:00:00.000 Z,ETH,REGIME_OOS,2,OTHER,0.9999994035,7.252680156e-13,39.855568931
2026-02-10 16:00:00.000 Z,2026-02-10 20:00:00.000 Z,ETH,REGIME_OOS,2,OTHER,0.9999994477,2.916147209e-12,38.736571548
2026-02-10 20:00:00.000 Z,2026-02-11 00:00:00.000 Z,ETH,REGIME_OOS,2,OTHER,0.9999989996,4.075056545e-11,37.697502549
2026-02-11 00:00:00.000 Z,2026-02-11 04:00:00.000 Z,ETH,REGIME_OOS,2,OTHER,0.9999967437,8.185406884e-09,36.519244944
2026-02-11 04:00:00.000 Z,2026-02-11 08:00:00.000 Z,ETH,REGIME_OOS,2,OTHER,0.9999962774,1.881828846e-08,36.143843897
2026-02-11 08:00:00.000 Z,2026-02-11 12:00:00.000 Z,ETH,REGIME_OOS,2,OTHER,0.9999605741,3.4926619e-06,35.90049798
2026-02-11 12:00:00.000 Z,2026-02-11 16:00:00.000 Z,ETH,REGIME_OOS,2,OTHER,0.9999756707,2.822920536e-06,34.43752631
2026-02-11 16:00:00.000 Z,2026-02-11 20:00:00.000 Z,ETH,REGIME_OOS,2,OTHER,0.999740065,0.0001248062334,33.079052616
2026-02-11 20:00:00.000 Z,2026-02-12 00:00:00.000 Z,ETH,REGIME_OOS,2,OTHER,0.9993653599,0.0003967965991,31.288772692
2026-02-12 00:00:00.000 Z,2026-02-12 04:00:00.000 Z,ETH,REGIME_OOS,2,OTHER,0.9958900464,0.003356563929,29.626369906
2026-02-12 04:00:00.000 Z,2026-02-12 08:00:00.000 Z,ETH,REGIME_OOS,2,OTHER,0.9902897938,0.008441344647,27.954903842
2026-02-12 08:00:00.000 Z,2026-02-12 12:00:00.000 Z,ETH,REGIME_OOS,2,OTHER,0.9238252908,0.06450847568,26.058266039
2026-02-12 12:00:00.000 Z,2026-02-12 16:00:00.000 Z,ETH,REGIME_OOS,2,OTHER,0.6217539966,0.3676647594,24.556279379
2026-02-12 16:00:00.000 Z,2026-02-12 20:00:00.000 Z,ETH,REGIME_OOS,1,RANGE_CANDIDATE,0.6578816079,0.6578816079,24.057573906
2026-02-12 20:00:00.000 Z,2026-02-13 00:00:00.000 Z,ETH,REGIME_OOS,1,RANGE_CANDIDATE,0.9676111021,0.9676111021,23.557324478
2026-02-13 00:00:00.000 Z,2026-02-13 04:00:00.000 Z,ETH,REGIME_OOS,1,RANGE_CANDIDATE,0.9981707344,0.9981707344,22.923628335
2026-02-13 04:00:00.000 Z,2026-02-13 08:00:00.000 Z,ETH,REGIME_OOS,1,RANGE_CANDIDATE,0.9991266644,0.9991266644,22.474922262
2026-02-13 08:00:00.000 Z,2026-02-13 12:00:00.000 Z,ETH,REGIME_OOS,1,RANGE_CANDIDATE,0.9993507449,0.9993507449,21.71991247
2026-02-13 12:00:00.000 Z,2026-02-13 16:00:00.000 Z,ETH,REGIME_OOS,1,RANGE_CANDIDATE,0.9979476688,0.9979476688,21.200189745
2026-02-13 16:00:00.000 Z,2026-02-13 20:00:00.000 Z,ETH,REGIME_OOS,1,RANGE_CANDIDATE,0.9960983858,0.9960983858,21.112140658
2026-02-13 20:00:00.000 Z,2026-02-14 00:00:00.000 Z,ETH,REGIME_OOS,1,RANGE_CANDIDATE,0.9984000741,0.9984000741,21.030380791
2026-02-16 00:00:00.000 Z,2026-02-16 04:00:00.000 Z,ETH,REGIME_OOS,1,RANGE_CANDIDATE,0.993578528,0.993578528,19.420680308
2026-02-16 04:00:00.000 Z,2026-02-16 08:00:00.000 Z,ETH,REGIME_OOS,1,RANGE_CANDIDATE,0.9998237543,0.9998237543,18.676273211
2026-02-16 08:00:00.000 Z,2026-02-16 12:00:00.000 Z,ETH,REGIME_OOS,1,RANGE_CANDIDATE,0.9997822692,0.9997822692,17.63469962
2026-02-16 12:00:00.000 Z,2026-02-16 16:00:00.000 Z,ETH,REGIME_OOS,1,RANGE_CANDIDATE,0.9972050616,0.9972050616,16.720207463
2026-02-16 16:00:00.000 Z,2026-02-16 20:00:00.000 Z,ETH,REGIME_OOS,1,RANGE_CANDIDATE,0.9996417465,0.9996417465,15.871036174
2026-02-16 20:00:00.000 Z,2026-02-17 00:00:00.000 Z,ETH,REGIME_OOS,1,RANGE_CANDIDATE,0.9999260493,0.9999260493,15.394282193
2026-02-17 00:00:00.000 Z,2026-02-17 04:00:00.000 Z,ETH,REGIME_OOS,1,RANGE_CANDIDATE,0.9999460277,0.9999460277,15.10263021
2026-02-17 04:00:00.000 Z,2026-02-17 08:00:00.000 Z,ETH,REGIME_OOS,1,RANGE_CANDIDATE,0.9999598582,0.9999598582,14.362710407
2026-02-17 08:00:00.000 Z,2026-02-17 12:00:00.000 Z,ETH,REGIME_OOS,1,RANGE_CANDIDATE,0.9999579995,0.9999579995,13.608341669
2026-02-17 12:00:00.000 Z,2026-02-17 16:00:00.000 Z,ETH,REGIME_OOS,1,RANGE_CANDIDATE,0.9999548722,0.9999548722,12.898052981
2026-02-17 16:00:00.000 Z,2026-02-17 20:00:00.000 Z,ETH,REGIME_OOS,1,RANGE_CANDIDATE,0.9999485382,0.9999485382,12.108732851
2026-02-17 20:00:00.000 Z,2026-02-18 00:00:00.000 Z,ETH,REGIME_OOS,1,RANGE_CANDIDATE,0.9999555981,0.9999555981,11.37579273
2026-02-18 00:00:00.000 Z,2026-02-18 04:00:00.000 Z,ETH,REGIME_OOS,1,RANGE_CANDIDATE,0.9999190747,0.9999190747,10.988360789
2026-02-18 04:00:00.000 Z,2026-02-18 08:00:00.000 Z,ETH,REGIME_OOS,1,RANGE_CANDIDATE,0.9998854407,0.9998854407,10.502000859
2026-02-18 08:00:00.000 Z,2026-02-18 12:00:00.000 Z,ETH,REGIME_OOS,1,RANGE_CANDIDATE,0.9999126613,0.9999126613,9.993435925
2026-02-18 12:00:00.000 Z,2026-02-18 16:00:00.000 Z,ETH,REGIME_OOS,1,RANGE_CANDIDATE,0.9999347583,0.9999347583,10.129572273
2026-02-18 16:00:00.000 Z,2026-02-18 20:00:00.000 Z,ETH,REGIME_OOS,1,RANGE_CANDIDATE,0.9999440386,0.9999440386,10.926076431
2026-02-18 20:00:00.000 Z,2026-02-19 00:00:00.000 Z,ETH,REGIME_OOS,1,RANGE_CANDIDATE,0.9999559629,0.9999559629,11.665687435
2026-02-19 00:00:00.000 Z,2026-02-19 04:00:00.000 Z,ETH,REGIME_OOS,1,RANGE_CANDIDATE,0.9999496824,0.9999496824,11.745431944
2026-02-19 04:00:00.000 Z,2026-02-19 08:00:00.000 Z,ETH,REGIME_OOS,1,RANGE_CANDIDATE,0.999946432,0.999946432,11.387960971
2026-02-19 08:00:00.000 Z,2026-02-19 12:00:00.000 Z,ETH,REGIME_OOS,1,RANGE_CANDIDATE,0.9999457201,0.9999457201,11.531789871
2026-02-19 12:00:00.000 Z,2026-02-19 16:00:00.000 Z,ETH,REGIME_OOS,1,RANGE_CANDIDATE,0.9999482093,0.9999482093,12.499931906
2026-02-19 16:00:00.000 Z,2026-02-19 20:00:00.000 Z,ETH,REGIME_OOS,1,RANGE_CANDIDATE,0.9999645642,0.9999645642,13.493092305
2026-02-19 20:00:00.000 Z,2026-02-20 00:00:00.000 Z,ETH,REGIME_OOS,1,RANGE_CANDIDATE,0.9999667528,0.9999667528,14.21090107
2026-02-20 00:00:00.000 Z,2026-02-20 04:00:00.000 Z,ETH,REGIME_OOS,1,RANGE_CANDIDATE,0.9999618007,0.9999618007,14.449396185
2026-02-20 04:00:00.000 Z,2026-02-20 08:00:00.000 Z,ETH,REGIME_OOS,1,RANGE_CANDIDATE,0.9999675739,0.9999675739,15.069879697
2026-02-20 08:00:00.000 Z,2026-02-20 12:00:00.000 Z,ETH,REGIME_OOS,1,RANGE_CANDIDATE,0.9999549486,0.9999549486,15.449961718
2026-02-20 12:00:00.000 Z,2026-02-20 16:00:00.000 Z,ETH,REGIME_OOS,1,RANGE_CANDIDATE,0.9999508557,0.9999508557,16.243677286
2026-02-20 16:00:00.000 Z,2026-02-20 20:00:00.000 Z,ETH,REGIME_OOS,1,RANGE_CANDIDATE,0.9999605961,0.9999605961,16.980698885
2026-02-20 20:00:00.000 Z,2026-02-21 00:00:00.000 Z,ETH,REGIME_OOS,1,RANGE_CANDIDATE,0.9999674468,0.9999674468,17.665076084
2026-02-23 00:00:00.000 Z,2026-02-23 04:00:00.000 Z,ETH,REGIME_OOS,1,RANGE_CANDIDATE,0.9956103633,0.9956103633,21.417841569
2026-02-23 04:00:00.000 Z,2026-02-23 08:00:00.000 Z,ETH,REGIME_OOS,1,RANGE_CANDIDATE,0.999838202,0.999838202,23.905014207
2026-02-23 08:00:00.000 Z,2026-02-23 12:00:00.000 Z,ETH,REGIME_OOS,1,RANGE_CANDIDATE,0.9999009429,0.9999009429,24.653382103
2026-02-23 12:00:00.000 Z,2026-02-23 16:00:00.000 Z,ETH,REGIME_OOS,1,RANGE_CANDIDATE,0.9997887444,0.9997887444,25.081364039
2026-02-23 16:00:00.000 Z,2026-02-23 20:00:00.000 Z,ETH,REGIME_OOS,1,RANGE_CANDIDATE,0.9957665136,0.9957665136,26.377478559
2026-02-23 20:00:00.000 Z,2026-02-24 00:00:00.000 Z,ETH,REGIME_OOS,1,RANGE_CANDIDATE,0.9970463786,0.9970463786,27.581013471
2026-02-24 00:00:00.000 Z,2026-02-24 04:00:00.000 Z,ETH,REGIME_OOS,1,RANGE_CANDIDATE,0.9963031035,0.9963031035,29.173607917
2026-02-24 04:00:00.000 Z,2026-02-24 08:00:00.000 Z,ETH,REGIME_OOS,1,RANGE_CANDIDATE,0.9885509669,0.9885509669,30.652445616
2026-02-24 08:00:00.000 Z,2026-02-24 12:00:00.000 Z,ETH,REGIME_OOS,1,RANGE_CANDIDATE,0.947841504,0.947841504,32.025652051
2026-02-24 12:00:00.000 Z,2026-02-24 16:00:00.000 Z,ETH,REGIME_OOS,1,RANGE_CANDIDATE,0.9365659623,0.9365659623,32.649347245
2026-02-24 16:00:00.000 Z,2026-02-24 20:00:00.000 Z,ETH,REGIME_OOS,1,RANGE_CANDIDATE,0.9530093413,0.9530093413,32.628921768
2026-02-24 20:00:00.000 Z,2026-02-25 00:00:00.000 Z,ETH,REGIME_OOS,1,RANGE_CANDIDATE,0.9479254633,0.9479254633,32.609955253
2026-02-25 00:00:00.000 Z,2026-02-25 04:00:00.000 Z,ETH,REGIME_OOS,1,RANGE_CANDIDATE,0.9619191585,0.9619191585,30.516684488
2026-02-25 04:00:00.000 Z,2026-02-25 08:00:00.000 Z,ETH,REGIME_OOS,1,RANGE_CANDIDATE,0.9900853924,0.9900853924,28.572933062
2026-02-25 08:00:00.000 Z,2026-02-25 12:00:00.000 Z,ETH,REGIME_OOS,1,RANGE_CANDIDATE,0.9925537648,0.9925537648,27.174327886
2026-02-25 12:00:00.000 Z,2026-02-25 16:00:00.000 Z,ETH,REGIME_OOS,1,RANGE_CANDIDATE,0.6010724635,0.6010724635,27.732615891
2026-02-25 16:00:00.000 Z,2026-02-25 20:00:00.000 Z,ETH,REGIME_OOS,0,OTHER,0.9132462646,0.0007587640182,28.932829185
2026-02-25 20:00:00.000 Z,2026-02-26 00:00:00.000 Z,ETH,REGIME_OOS,0,OTHER,0.9569269039,4.258503647e-05,30.633093202
2026-02-26 00:00:00.000 Z,2026-02-26 04:00:00.000 Z,ETH,REGIME_OOS,0,OTHER,0.9728320651,0.000200563949,32.211909789
2026-02-26 04:00:00.000 Z,2026-02-26 08:00:00.000 Z,ETH,REGIME_OOS,0,OTHER,0.9869189228,9.399940484e-06,33.728539682
2026-02-26 08:00:00.000 Z,2026-02-26 12:00:00.000 Z,ETH,REGIME_OOS,0,OTHER,0.994766429,4.551363967e-06,34.931728792
2026-02-26 12:00:00.000 Z,2026-02-26 16:00:00.000 Z,ETH,REGIME_OOS,0,OTHER,0.9902455207,9.75556933e-05,35.023308499
2026-02-26 16:00:00.000 Z,2026-02-26 20:00:00.000 Z,ETH,REGIME_OOS,0,OTHER,0.9842992714,0.0001043576047,34.154105727
2026-02-26 20:00:00.000 Z,2026-02-27 00:00:00.000 Z,ETH,REGIME_OOS,0,OTHER,0.9841048058,0.000118014023,33.387112106
2026-02-27 00:00:00.000 Z,2026-02-27 04:00:00.000 Z,ETH,REGIME_OOS,0,OTHER,0.991120618,0.000119751116,32.44597839
2026-02-27 04:00:00.000 Z,2026-02-27 08:00:00.000 Z,ETH,REGIME_OOS,0,OTHER,0.994375114,0.0001637799723,31.840108248
2026-02-27 08:00:00.000 Z,2026-02-27 12:00:00.000 Z,ETH,REGIME_OOS,0,OTHER,0.9644845596,0.001749019018,29.584743261
2026-02-27 12:00:00.000 Z,2026-02-27 16:00:00.000 Z,ETH,REGIME_OOS,0,OTHER,0.9456766603,0.0144466936,27.706581197
2026-03-02 00:00:00.000 Z,2026-03-02 04:00:00.000 Z,ETH,REGIME_OOS,1,RANGE_CANDIDATE,0.7161040147,0.7161040147,24.71724554
2026-03-02 04:00:00.000 Z,2026-03-02 08:00:00.000 Z,ETH,REGIME_OOS,1,RANGE_CANDIDATE,0.7128699601,0.7128699601,23.003465977
2026-03-02 08:00:00.000 Z,2026-03-02 12:00:00.000 Z,ETH,REGIME_OOS,1,RANGE_CANDIDATE,0.959106308,0.959106308,21.519048055
2026-03-02 12:00:00.000 Z,2026-03-02 16:00:00.000 Z,ETH,REGIME_OOS,1,RANGE_CANDIDATE,0.6520476275,0.6520476275,21.633781079
2026-03-02 16:00:00.000 Z,2026-03-02 20:00:00.000 Z,ETH,REGIME_OOS,0,OTHER,0.8366029875,0.1630935049,22.047195081
2026-03-02 20:00:00.000 Z,2026-03-03 00:00:00.000 Z,ETH,REGIME_OOS,0,OTHER,0.9820336566,0.01787143926,22.431079511
2026-03-03 00:00:00.000 Z,2026-03-03 04:00:00.000 Z,ETH,REGIME_OOS,0,OTHER,0.9403592115,0.05951009608,22.164720025
2026-03-03 04:00:00.000 Z,2026-03-03 08:00:00.000 Z,ETH,REGIME_OOS,0,OTHER,0.9465817798,0.05330183034,21.644662046
2026-03-03 08:00:00.000 Z,2026-03-03 12:00:00.000 Z,ETH,REGIME_OOS,0,OTHER,0.7568426327,0.2429608872,20.10025339
2026-03-03 12:00:00.000 Z,2026-03-03 16:00:00.000 Z,ETH,REGIME_OOS,0,OTHER,0.5567188305,0.4429152774,18.87174011
2026-03-03 16:00:00.000 Z,2026-03-03 20:00:00.000 Z,ETH,REGIME_OOS,1,RANGE_CANDIDATE,0.7780603699,0.7780603699,17.831188165
2026-03-03 20:00:00.000 Z,2026-03-04 00:00:00.000 Z,ETH,REGIME_OOS,1,RANGE_CANDIDATE,0.9606297708,0.9606297708,16.864961359
2026-03-04 00:00:00.000 Z,2026-03-04 04:00:00.000 Z,ETH,REGIME_OOS,1,RANGE_CANDIDATE,0.9938242397,0.9938242397,15.724824463
2026-03-04 04:00:00.000 Z,2026-03-04 08:00:00.000 Z,ETH,REGIME_OOS,1,RANGE_CANDIDATE,0.9961889608,0.9961889608,14.786503048
2026-03-04 08:00:00.000 Z,2026-03-04 12:00:00.000 Z,ETH,REGIME_OOS,1,RANGE_CANDIDATE,0.8866783487,0.8866783487,15.499045154
2026-03-04 12:00:00.000 Z,2026-03-04 16:00:00.000 Z,ETH,REGIME_OOS,0,OTHER,0.9967859435,0.002540896436,16.976316621
2026-03-04 16:00:00.000 Z,2026-03-04 20:00:00.000 Z,ETH,REGIME_OOS,0,OTHER,0.9996314176,6.895071631e-05,18.792786656
2026-03-04 20:00:00.000 Z,2026-03-05 00:00:00.000 Z,ETH,REGIME_OOS,0,OTHER,0.9949416877,0.003978298347,20.064590699
2026-03-05 00:00:00.000 Z,2026-03-05 04:00:00.000 Z,ETH,REGIME_OOS,0,OTHER,0.9975030377,0.001632973228,21.060054662
2026-03-05 04:00:00.000 Z,2026-03-05 08:00:00.000 Z,ETH,REGIME_OOS,0,OTHER,0.9823877961,0.0167352376,21.717703713
2026-03-05 08:00:00.000 Z,2026-03-05 12:00:00.000 Z,ETH,REGIME_OOS,0,OTHER,0.9920905937,0.007427028409,22.591311448
2026-03-05 12:00:00.000 Z,2026-03-05 16:00:00.000 Z,ETH,REGIME_OOS,0,OTHER,0.9415757896,0.05621723903,22.704361475
2026-03-05 16:00:00.000 Z,2026-03-05 20:00:00.000 Z,ETH,REGIME_OOS,0,OTHER,0.927301555,0.07012287569,22.485979398
2026-03-05 20:00:00.000 Z,2026-03-06 00:00:00.000 Z,ETH,REGIME_OOS,0,OTHER,0.8600533053,0.1382229035,22.385348089
2026-03-06 00:00:00.000 Z,2026-03-06 04:00:00.000 Z,ETH,REGIME_OOS,0,OTHER,0.827159632,0.1716891657,22.169343121
2026-03-06 04:00:00.000 Z,2026-03-06 08:00:00.000 Z,ETH,REGIME_OOS,0,OTHER,0.7162111635,0.2824728637,21.812645031
2026-03-06 08:00:00.000 Z,2026-03-06 12:00:00.000 Z,ETH,REGIME_OOS,0,OTHER,0.5653539621,0.4314704689,21.095000757
2026-03-06 12:00:00.000 Z,2026-03-06 16:00:00.000 Z,ETH,REGIME_OOS,0,OTHER,0.5975718361,0.3953616363,20.590896829
2026-03-06 16:00:00.000 Z,2026-03-06 20:00:00.000 Z,ETH,REGIME_OOS,1,RANGE_CANDIDATE,0.5597887501,0.5597887501,20.330911582
2026-03-06 20:00:00.000 Z,2026-03-07 00:00:00.000 Z,ETH,REGIME_OOS,1,RANGE_CANDIDATE,0.7296774061,0.7296774061,20.08949671
2026-03-09 00:00:00.000 Z,2026-03-09 04:00:00.000 Z,ETH,REGIME_OOS,1,RANGE_CANDIDATE,0.5971216873,0.5971216873,20.36027557
2026-03-09 04:00:00.000 Z,2026-03-09 08:00:00.000 Z,ETH,REGIME_OOS,1,RANGE_CANDIDATE,0.8307989463,0.8307989463,19.707106605
2026-03-09 08:00:00.000 Z,2026-03-09 12:00:00.000 Z,ETH,REGIME_OOS,1,RANGE_CANDIDATE,0.9641285973,0.9641285973,18.902277337
2026-03-09 12:00:00.000 Z,2026-03-09 16:00:00.000 Z,ETH,REGIME_OOS,1,RANGE_CANDIDATE,0.991046779,0.991046779,17.849031266
2026-03-09 16:00:00.000 Z,2026-03-09 20:00:00.000 Z,ETH,REGIME_OOS,1,RANGE_CANDIDATE,0.9954959474,0.9954959474,16.766110911
2026-03-09 20:00:00.000 Z,2026-03-10 00:00:00.000 Z,ETH,REGIME_OOS,1,RANGE_CANDIDATE,0.9981594268,0.9981594268,15.776039643
2026-03-10 00:00:00.000 Z,2026-03-10 04:00:00.000 Z,ETH,REGIME_OOS,1,RANGE_CANDIDATE,0.998465829,0.998465829,14.826888712
2026-03-10 04:00:00.000 Z,2026-03-10 08:00:00.000 Z,ETH,REGIME_OOS,1,RANGE_CANDIDATE,0.9958788896,0.9958788896,14.062654774
2026-03-10 08:00:00.000 Z,2026-03-10 12:00:00.000 Z,ETH,REGIME_OOS,1,RANGE_CANDIDATE,0.9968335026,0.9968335026,13.683477605
2026-03-10 12:00:00.000 Z,2026-03-10 16:00:00.000 Z,ETH,REGIME_OOS,1,RANGE_CANDIDATE,0.9983704893,0.9983704893,13.182081187
2026-03-10 16:00:00.000 Z,2026-03-10 20:00:00.000 Z,ETH,REGIME_OOS,1,RANGE_CANDIDATE,0.9995963598,0.9995963598,12.600658993
2026-03-10 20:00:00.000 Z,2026-03-11 00:00:00.000 Z,ETH,REGIME_OOS,1,RANGE_CANDIDATE,0.9991824046,0.9991824046,12.240948975
2026-03-11 00:00:00.000 Z,2026-03-11 04:00:00.000 Z,ETH,REGIME_OOS,1,RANGE_CANDIDATE,0.9998101679,0.9998101679,11.9444951
2026-03-11 04:00:00.000 Z,2026-03-11 08:00:00.000 Z,ETH,REGIME_OOS,1,RANGE_CANDIDATE,0.9998647876,0.9998647876,11.939191069
2026-03-11 08:00:00.000 Z,2026-03-11 12:00:00.000 Z,ETH,REGIME_OOS,1,RANGE_CANDIDATE,0.9997018082,0.9997018082,11.934265898
2026-03-11 12:00:00.000 Z,2026-03-11 16:00:00.000 Z,ETH,REGIME_OOS,1,RANGE_CANDIDATE,0.9998653015,0.9998653015,11.72488869
2026-03-11 16:00:00.000 Z,2026-03-11 20:00:00.000 Z,ETH,REGIME_OOS,1,RANGE_CANDIDATE,0.9999201352,0.9999201352,11.619741826
2026-03-11 20:00:00.000 Z,2026-03-12 00:00:00.000 Z,ETH,REGIME_OOS,1,RANGE_CANDIDATE,0.9999375434,0.9999375434,11.439770573
2026-03-12 00:00:00.000 Z,2026-03-12 04:00:00.000 Z,ETH,REGIME_OOS,1,RANGE_CANDIDATE,0.9999288276,0.9999288276,10.859102335
2026-03-12 04:00:00.000 Z,2026-03-12 08:00:00.000 Z,ETH,REGIME_OOS,1,RANGE_CANDIDATE,0.9999030461,0.9999030461,10.3199104
2026-03-12 08:00:00.000 Z,2026-03-12 12:00:00.000 Z,ETH,REGIME_OOS,1,RANGE_CANDIDATE,0.9999138084,0.9999138084,10.437811113
2026-03-12 12:00:00.000 Z,2026-03-12 16:00:00.000 Z,ETH,REGIME_OOS,1,RANGE_CANDIDATE,0.9999424387,0.9999424387,11.005408327
2026-03-12 16:00:00.000 Z,2026-03-12 20:00:00.000 Z,ETH,REGIME_OOS,1,RANGE_CANDIDATE,0.9999507559,0.9999507559,11.532462883
2026-03-12 20:00:00.000 Z,2026-03-13 00:00:00.000 Z,ETH,REGIME_OOS,1,RANGE_CANDIDATE,0.9999473401,0.9999473401,12.395665368
2026-03-13 00:00:00.000 Z,2026-03-13 04:00:00.000 Z,ETH,REGIME_OOS,1,RANGE_CANDIDATE,0.9997116173,0.9997116173,14.291484052
2026-03-13 04:00:00.000 Z,2026-03-13 08:00:00.000 Z,ETH,REGIME_OOS,1,RANGE_CANDIDATE,0.9998299477,0.9998299477,16.051887117
2026-03-13 08:00:00.000 Z,2026-03-13 12:00:00.000 Z,ETH,REGIME_OOS,1,RANGE_CANDIDATE,0.9986894683,0.9986894683,17.94898225
2026-03-13 12:00:00.000 Z,2026-03-13 16:00:00.000 Z,ETH,REGIME_OOS,1,RANGE_CANDIDATE,0.9988958416,0.9988958416,20.7584674
2026-03-13 16:00:00.000 Z,2026-03-13 20:00:00.000 Z,ETH,REGIME_OOS,1,RANGE_CANDIDATE,0.9994955015,0.9994955015,22.246555716
2026-03-13 20:00:00.000 Z,2026-03-14 00:00:00.000 Z,ETH,REGIME_OOS,1,RANGE_CANDIDATE,0.9956949082,0.9956949082,23.62835201
2026-03-16 04:00:00.000 Z,2026-03-16 08:00:00.000 Z,ETH,REGIME_OOS,0,OTHER,0.9954965204,0.002408069925,29.018682583
2026-03-16 08:00:00.000 Z,2026-03-16 12:00:00.000 Z,ETH,REGIME_OOS,0,OTHER,0.9999147852,1.078923102e-05,31.444037772
2026-03-16 12:00:00.000 Z,2026-03-16 16:00:00.000 Z,ETH,REGIME_OOS,0,OTHER,0.9998968197,6.398396903e-06,33.884878576
2026-03-16 16:00:00.000 Z,2026-03-16 20:00:00.000 Z,ETH,REGIME_OOS,0,OTHER,0.9999488924,1.196075508e-09,36.397062241
2026-03-16 20:00:00.000 Z,2026-03-17 00:00:00.000 Z,ETH,REGIME_OOS,0,OTHER,0.9999822325,5.651397428e-13,38.918059874
2026-03-17 00:00:00.000 Z,2026-03-17 04:00:00.000 Z,ETH,REGIME_OOS,0,OTHER,0.9999640929,5.311304801e-10,40.885080522
2026-03-17 04:00:00.000 Z,2026-03-17 08:00:00.000 Z,ETH,REGIME_OOS,0,OTHER,0.999957942,2.118826418e-10,42.272947081
2026-03-17 08:00:00.000 Z,2026-03-17 12:00:00.000 Z,ETH,REGIME_OOS,0,OTHER,0.9999582707,1.859743289e-10,43.561680315
2026-03-17 12:00:00.000 Z,2026-03-17 16:00:00.000 Z,ETH,REGIME_OOS,0,OTHER,0.999944832,3.707212135e-10,44.95207275
2026-03-17 16:00:00.000 Z,2026-03-17 20:00:00.000 Z,ETH,REGIME_OOS,0,OTHER,0.999972519,2.954939836e-11,46.243151439
2026-03-17 20:00:00.000 Z,2026-03-18 00:00:00.000 Z,ETH,REGIME_OOS,0,OTHER,0.9999691779,2.416299195e-11,47.442010222
2026-03-18 00:00:00.000 Z,2026-03-18 04:00:00.000 Z,ETH,REGIME_OOS,0,OTHER,0.9999903107,2.016174089e-12,48.174672297
2026-03-18 04:00:00.000 Z,2026-03-18 08:00:00.000 Z,ETH,REGIME_OOS,0,OTHER,0.9999886589,6.755689461e-12,48.855001366
2026-03-18 08:00:00.000 Z,2026-03-18 12:00:00.000 Z,ETH,REGIME_OOS,0,OTHER,0.9999735011,2.639997604e-10,47.62903305
2026-03-18 12:00:00.000 Z,2026-03-18 16:00:00.000 Z,ETH,REGIME_OOS,0,OTHER,0.9997783159,8.330334275e-08,44.30727857
2026-03-18 16:00:00.000 Z,2026-03-18 20:00:00.000 Z,ETH,REGIME_OOS,0,OTHER,0.9996603082,1.655329332e-06,41.313806669
2026-03-18 20:00:00.000 Z,2026-03-19 00:00:00.000 Z,ETH,REGIME_OOS,0,OTHER,0.9998534156,5.86078141e-06,38.772941334
2026-03-19 00:00:00.000 Z,2026-03-19 04:00:00.000 Z,ETH,REGIME_OOS,0,OTHER,0.9999055404,1.176495593e-05,36.19530334
2026-03-19 04:00:00.000 Z,2026-03-19 08:00:00.000 Z,ETH,REGIME_OOS,0,OTHER,0.9995337515,0.0001921553025,34.336004552
2026-03-19 08:00:00.000 Z,2026-03-19 12:00:00.000 Z,ETH,REGIME_OOS,0,OTHER,0.998085356,0.001616969386,32.60951282
2026-03-19 12:00:00.000 Z,2026-03-19 16:00:00.000 Z,ETH,REGIME_OOS,0,OTHER,0.9940661069,0.005298457463,32.039522747
2026-03-19 16:00:00.000 Z,2026-03-19 20:00:00.000 Z,ETH,REGIME_OOS,0,OTHER,0.9949715712,0.004576359708,31.510246251
2026-03-19 20:00:00.000 Z,2026-03-20 00:00:00.000 Z,ETH,REGIME_OOS,0,OTHER,0.9944007814,0.004853963777,31.018775219
2026-03-20 00:00:00.000 Z,2026-03-20 04:00:00.000 Z,ETH,REGIME_OOS,0,OTHER,0.9832564054,0.01521372484,30.328044143
2026-03-20 04:00:00.000 Z,2026-03-20 08:00:00.000 Z,ETH,REGIME_OOS,0,OTHER,0.9568088805,0.0420209012,29.90665064
2026-03-20 08:00:00.000 Z,2026-03-20 12:00:00.000 Z,ETH,REGIME_OOS,0,OTHER,0.8465900936,0.1509999966,29.022773574
2026-03-20 12:00:00.000 Z,2026-03-20 16:00:00.000 Z,ETH,REGIME_OOS,0,OTHER,0.5802513131,0.4173520217,28.524009422
2026-03-20 16:00:00.000 Z,2026-03-20 20:00:00.000 Z,ETH,REGIME_OOS,1,RANGE_CANDIDATE,0.8150608398,0.8150608398,28.06087128
2026-03-20 20:00:00.000 Z,2026-03-21 00:00:00.000 Z,ETH,REGIME_OOS,1,RANGE_CANDIDATE,0.9804868923,0.9804868923,27.630814434
2026-03-23 00:00:00.000 Z,2026-03-23 04:00:00.000 Z,ETH,REGIME_OOS,2,OTHER,0.4933807947,0.4707546549,29.946724583
2026-03-23 04:00:00.000 Z,2026-03-23 08:00:00.000 Z,ETH,REGIME_OOS,2,OTHER,0.7173939653,0.2790020266,31.104365451
2026-03-23 08:00:00.000 Z,2026-03-23 12:00:00.000 Z,ETH,REGIME_OOS,1,RANGE_CANDIDATE,0.9415417119,0.9415417119,28.920047514
2026-03-23 12:00:00.000 Z,2026-03-23 16:00:00.000 Z,ETH,REGIME_OOS,1,RANGE_CANDIDATE,0.9945281226,0.9945281226,26.891752287
2026-03-23 16:00:00.000 Z,2026-03-23 20:00:00.000 Z,ETH,REGIME_OOS,1,RANGE_CANDIDATE,0.9984984435,0.9984984435,25.008335291
2026-03-23 20:00:00.000 Z,2026-03-24 00:00:00.000 Z,ETH,REGIME_OOS,1,RANGE_CANDIDATE,0.9979197014,0.9979197014,23.25944808
2026-03-24 00:00:00.000 Z,2026-03-24 04:00:00.000 Z,ETH,REGIME_OOS,1,RANGE_CANDIDATE,0.9979330102,0.9979330102,21.956968309
2026-03-24 04:00:00.000 Z,2026-03-24 08:00:00.000 Z,ETH,REGIME_OOS,1,RANGE_CANDIDATE,0.9971247089,0.9971247089,20.403562099
2026-03-24 08:00:00.000 Z,2026-03-24 12:00:00.000 Z,ETH,REGIME_OOS,1,RANGE_CANDIDATE,0.9996323127,0.9996323127,19.110918125
2026-03-24 12:00:00.000 Z,2026-03-24 16:00:00.000 Z,ETH,REGIME_OOS,1,RANGE_CANDIDATE,0.999246114,0.999246114,18.30168233
2026-03-24 16:00:00.000 Z,2026-03-24 20:00:00.000 Z,ETH,REGIME_OOS,1,RANGE_CANDIDATE,0.9986694705,0.9986694705,17.93626636
2026-03-24 20:00:00.000 Z,2026-03-25 00:00:00.000 Z,ETH,REGIME_OOS,1,RANGE_CANDIDATE,0.99919608,0.99919608,16.922924938
2026-03-25 00:00:00.000 Z,2026-03-25 04:00:00.000 Z,ETH,REGIME_OOS,1,RANGE_CANDIDATE,0.9995275848,0.9995275848,15.848620955
2026-03-25 04:00:00.000 Z,2026-03-25 08:00:00.000 Z,ETH,REGIME_OOS,1,RANGE_CANDIDATE,0.9998101193,0.9998101193,14.879653662
2026-03-25 08:00:00.000 Z,2026-03-25 12:00:00.000 Z,ETH,REGIME_OOS,1,RANGE_CANDIDATE,0.9999133553,0.9999133553,14.497277084
2026-03-25 12:00:00.000 Z,2026-03-25 16:00:00.000 Z,ETH,REGIME_OOS,1,RANGE_CANDIDATE,0.9999233847,0.9999233847,13.590745774
2026-03-25 16:00:00.000 Z,2026-03-25 20:00:00.000 Z,ETH,REGIME_OOS,1,RANGE_CANDIDATE,0.9998874471,0.9998874471,12.7489667
2026-03-25 20:00:00.000 Z,2026-03-26 00:00:00.000 Z,ETH,REGIME_OOS,1,RANGE_CANDIDATE,0.9999136048,0.9999136048,11.967314703
2026-03-26 00:00:00.000 Z,2026-03-26 04:00:00.000 Z,ETH,REGIME_OOS,1,RANGE_CANDIDATE,0.9999243127,0.9999243127,11.557669626
2026-03-26 04:00:00.000 Z,2026-03-26 08:00:00.000 Z,ETH,REGIME_OOS,1,RANGE_CANDIDATE,0.9999252821,0.9999252821,12.02433502
2026-03-26 08:00:00.000 Z,2026-03-26 12:00:00.000 Z,ETH,REGIME_OOS,1,RANGE_CANDIDATE,0.999721305,0.999721305,13.445802011
2026-03-26 12:00:00.000 Z,2026-03-26 16:00:00.000 Z,ETH,REGIME_OOS,1,RANGE_CANDIDATE,0.99986228,0.99986228,14.972915539
2026-03-26 16:00:00.000 Z,2026-03-26 20:00:00.000 Z,ETH,REGIME_OOS,1,RANGE_CANDIDATE,0.9996173642,0.9996173642,16.694792822
2026-03-26 20:00:00.000 Z,2026-03-27 00:00:00.000 Z,ETH,REGIME_OOS,1,RANGE_CANDIDATE,0.9997068489,0.9997068489,17.965719852
2026-03-27 00:00:00.000 Z,2026-03-27 04:00:00.000 Z,ETH,REGIME_OOS,1,RANGE_CANDIDATE,0.9998356631,0.9998356631,19.145866379
2026-03-27 04:00:00.000 Z,2026-03-27 08:00:00.000 Z,ETH,REGIME_OOS,1,RANGE_CANDIDATE,0.9998794086,0.9998794086,20.414273336
2026-03-27 08:00:00.000 Z,2026-03-27 12:00:00.000 Z,ETH,REGIME_OOS,1,RANGE_CANDIDATE,0.9987161529,0.9987161529,22.604346341
2026-03-27 12:00:00.000 Z,2026-03-27 16:00:00.000 Z,ETH,REGIME_OOS,1,RANGE_CANDIDATE,0.996389137,0.996389137,24.873229031
2026-03-30 00:00:00.000 Z,2026-03-30 04:00:00.000 Z,ETH,REGIME_OOS,1,RANGE_CANDIDATE,0.9707361484,0.9707361484,28.173442241
2026-03-30 04:00:00.000 Z,2026-03-30 08:00:00.000 Z,ETH,REGIME_OOS,1,RANGE_CANDIDATE,0.9968297836,0.9968297836,28.16767424
2026-03-30 08:00:00.000 Z,2026-03-30 12:00:00.000 Z,ETH,REGIME_OOS,1,RANGE_CANDIDATE,0.9977097554,0.9977097554,27.725683636
2026-03-30 12:00:00.000 Z,2026-03-30 16:00:00.000 Z,ETH,REGIME_OOS,1,RANGE_CANDIDATE,0.9957564821,0.9957564821,27.158224147
2026-03-30 16:00:00.000 Z,2026-03-30 20:00:00.000 Z,ETH,REGIME_OOS,1,RANGE_CANDIDATE,0.9981657471,0.9981657471,27.264449661
2026-03-30 20:00:00.000 Z,2026-03-31 00:00:00.000 Z,ETH,REGIME_OOS,1,RANGE_CANDIDATE,0.997797347,0.997797347,27.363087638
2026-03-31 00:00:00.000 Z,2026-03-31 04:00:00.000 Z,ETH,REGIME_OOS,1,RANGE_CANDIDATE,0.9994035157,0.9994035157,26.012124533
2026-03-31 04:00:00.000 Z,2026-03-31 08:00:00.000 Z,ETH,REGIME_OOS,1,RANGE_CANDIDATE,0.9997173587,0.9997173587,24.757658792
2026-03-31 08:00:00.000 Z,2026-03-31 12:00:00.000 Z,ETH,REGIME_OOS,1,RANGE_CANDIDATE,0.9995592853,0.9995592853,24.290421342
2026-03-31 12:00:00.000 Z,2026-03-31 16:00:00.000 Z,ETH,REGIME_OOS,1,RANGE_CANDIDATE,0.9997512443,0.9997512443,22.910414265
2026-03-31 16:00:00.000 Z,2026-03-31 20:00:00.000 Z,ETH,REGIME_OOS,1,RANGE_CANDIDATE,0.9997787625,0.9997787625,21.704694228
2026-03-31 20:00:00.000 Z,2026-04-01 00:00:00.000 Z,ETH,REGIME_OOS,1,RANGE_CANDIDATE,0.9997858933,0.9997858933,20.58509705
2026-04-01 00:00:00.000 Z,2026-04-01 04:00:00.000 Z,ETH,REGIME_OOS,1,RANGE_CANDIDATE,0.999907746,0.999907746,19.325468597
2026-04-01 04:00:00.000 Z,2026-04-01 08:00:00.000 Z,ETH,REGIME_OOS,1,RANGE_CANDIDATE,0.999857012,0.999857012,19.163561544
2026-04-01 08:00:00.000 Z,2026-04-01 12:00:00.000 Z,ETH,REGIME_OOS,1,RANGE_CANDIDATE,0.9997419697,0.9997419697,19.013219281
2026-04-01 12:00:00.000 Z,2026-04-01 16:00:00.000 Z,ETH,REGIME_OOS,1,RANGE_CANDIDATE,0.9997891389,0.9997891389,18.328327862
2026-04-01 16:00:00.000 Z,2026-04-01 20:00:00.000 Z,ETH,REGIME_OOS,1,RANGE_CANDIDATE,0.9998840665,0.9998840665,18.193080399
2026-04-01 20:00:00.000 Z,2026-04-02 00:00:00.000 Z,ETH,REGIME_OOS,1,RANGE_CANDIDATE,0.9999147616,0.9999147616,18.067493468
2026-04-02 00:00:00.000 Z,2026-04-02 04:00:00.000 Z,ETH,REGIME_OOS,1,RANGE_CANDIDATE,0.9998268929,0.9998268929,17.80961411
2026-04-02 04:00:00.000 Z,2026-04-02 08:00:00.000 Z,ETH,REGIME_OOS,1,RANGE_CANDIDATE,0.999840116,0.999840116,17.774973377
2026-04-02 08:00:00.000 Z,2026-04-02 12:00:00.000 Z,ETH,REGIME_OOS,1,RANGE_CANDIDATE,0.9997537593,0.9997537593,18.004738609
2026-04-02 12:00:00.000 Z,2026-04-02 16:00:00.000 Z,ETH,REGIME_OOS,1,RANGE_CANDIDATE,0.9998998413,0.9998998413,17.646937033
2026-04-02 16:00:00.000 Z,2026-04-02 20:00:00.000 Z,ETH,REGIME_OOS,1,RANGE_CANDIDATE,0.9999179852,0.9999179852,17.173593411
2026-04-02 20:00:00.000 Z,2026-04-03 00:00:00.000 Z,ETH,REGIME_OOS,1,RANGE_CANDIDATE,0.999903348,0.999903348,16.734060047
2026-04-03 00:00:00.000 Z,2026-04-03 04:00:00.000 Z,ETH,REGIME_OOS,1,RANGE_CANDIDATE,0.9999453368,0.9999453368,16.620839961
2026-04-03 04:00:00.000 Z,2026-04-03 08:00:00.000 Z,ETH,REGIME_OOS,1,RANGE_CANDIDATE,0.9999428352,0.9999428352,15.957028512
2026-04-03 08:00:00.000 Z,2026-04-03 12:00:00.000 Z,ETH,REGIME_OOS,1,RANGE_CANDIDATE,0.999931639,0.999931639,15.340632167
2026-04-03 12:00:00.000 Z,2026-04-03 16:00:00.000 Z,ETH,REGIME_OOS,1,RANGE_CANDIDATE,0.9998867733,0.9998867733,15.147488625
2026-04-06 00:00:00.000 Z,2026-04-06 04:00:00.000 Z,ETH,REGIME_OOS,1,RANGE_CANDIDATE,0.9789223551,0.9789223551,14.550883933
2026-04-06 04:00:00.000 Z,2026-04-06 08:00:00.000 Z,ETH,REGIME_OOS,1,RANGE_CANDIDATE,0.9991522585,0.9991522585,14.565389852
2026-04-06 08:00:00.000 Z,2026-04-06 12:00:00.000 Z,ETH,REGIME_OOS,1,RANGE_CANDIDATE,0.9994333477,0.9994333477,15.318356864
2026-04-06 12:00:00.000 Z,2026-04-06 16:00:00.000 Z,ETH,REGIME_OOS,1,RANGE_CANDIDATE,0.998897895,0.998897895,16.017540519
2026-04-06 16:00:00.000 Z,2026-04-06 20:00:00.000 Z,ETH,REGIME_OOS,1,RANGE_CANDIDATE,0.9995284189,0.9995284189,16.096050497
2026-04-06 20:00:00.000 Z,2026-04-07 00:00:00.000 Z,ETH,REGIME_OOS,1,RANGE_CANDIDATE,0.9998280855,0.9998280855,15.030489141
2026-04-07 00:00:00.000 Z,2026-04-07 04:00:00.000 Z,ETH,REGIME_OOS,1,RANGE_CANDIDATE,0.9998590358,0.9998590358,14.04103931
2026-04-07 04:00:00.000 Z,2026-04-07 08:00:00.000 Z,ETH,REGIME_OOS,1,RANGE_CANDIDATE,0.9999345431,0.9999345431,13.122264467
2026-04-07 08:00:00.000 Z,2026-04-07 12:00:00.000 Z,ETH,REGIME_OOS,1,RANGE_CANDIDATE,0.9999354494,0.9999354494,12.771391013
2026-04-07 12:00:00.000 Z,2026-04-07 16:00:00.000 Z,ETH,REGIME_OOS,1,RANGE_CANDIDATE,0.9999013178,0.9999013178,12.054649025
2026-04-07 16:00:00.000 Z,2026-04-07 20:00:00.000 Z,ETH,REGIME_OOS,1,RANGE_CANDIDATE,0.999905484,0.999905484,11.732850682
2026-04-07 20:00:00.000 Z,2026-04-08 00:00:00.000 Z,ETH,REGIME_OOS,1,RANGE_CANDIDATE,0.9699813696,0.9699813696,14.180629285
2026-04-08 00:00:00.000 Z,2026-04-08 04:00:00.000 Z,ETH,REGIME_OOS,1,RANGE_CANDIDATE,0.9635039347,0.9635039347,16.453566558
2026-04-08 04:00:00.000 Z,2026-04-08 08:00:00.000 Z,ETH,REGIME_OOS,1,RANGE_CANDIDATE,0.7137386166,0.7137386166,18.683586514
2026-04-08 08:00:00.000 Z,2026-04-08 12:00:00.000 Z,ETH,REGIME_OOS,0,OTHER,0.6884972475,0.3103375421,20.772040591
2026-04-08 12:00:00.000 Z,2026-04-08 16:00:00.000 Z,ETH,REGIME_OOS,0,OTHER,0.7095985841,0.289610257,21.05787739
2026-04-08 16:00:00.000 Z,2026-04-08 20:00:00.000 Z,ETH,REGIME_OOS,1,RANGE_CANDIDATE,0.5532948839,0.5532948839,21.323297275
2026-04-08 20:00:00.000 Z,2026-04-09 00:00:00.000 Z,ETH,REGIME_OOS,1,RANGE_CANDIDATE,0.9616787422,0.9616787422,21.065744183
2026-04-09 00:00:00.000 Z,2026-04-09 04:00:00.000 Z,ETH,REGIME_OOS,1,RANGE_CANDIDATE,0.9967706425,0.9967706425,20.356554114
2026-04-09 04:00:00.000 Z,2026-04-09 08:00:00.000 Z,ETH,REGIME_OOS,1,RANGE_CANDIDATE,0.9896926528,0.9896926528,19.698020478
2026-04-09 08:00:00.000 Z,2026-04-09 12:00:00.000 Z,ETH,REGIME_OOS,1,RANGE_CANDIDATE,0.9941652879,0.9941652879,19.258117587
2026-04-09 12:00:00.000 Z,2026-04-09 16:00:00.000 Z,ETH,REGIME_OOS,1,RANGE_CANDIDATE,0.9648903947,0.9648903947,19.474506785
2026-04-09 16:00:00.000 Z,2026-04-09 20:00:00.000 Z,ETH,REGIME_OOS,1,RANGE_CANDIDATE,0.9798836747,0.9798836747,19.767734911
2026-04-09 20:00:00.000 Z,2026-04-10 00:00:00.000 Z,ETH,REGIME_OOS,1,RANGE_CANDIDATE,0.9929565004,0.9929565004,20.357127775
2026-04-10 00:00:00.000 Z,2026-04-10 04:00:00.000 Z,ETH,REGIME_OOS,1,RANGE_CANDIDATE,0.9936166788,0.9936166788,20.635739388
2026-04-10 04:00:00.000 Z,2026-04-10 08:00:00.000 Z,ETH,REGIME_OOS,1,RANGE_CANDIDATE,0.9954335271,0.9954335271,20.838633862
2026-04-10 08:00:00.000 Z,2026-04-10 12:00:00.000 Z,ETH,REGIME_OOS,1,RANGE_CANDIDATE,0.9878353733,0.9878353733,21.490095442
2026-04-10 12:00:00.000 Z,2026-04-10 16:00:00.000 Z,ETH,REGIME_OOS,1,RANGE_CANDIDATE,0.9845659201,0.9845659201,22.760925676
2026-04-10 16:00:00.000 Z,2026-04-10 20:00:00.000 Z,ETH,REGIME_OOS,1,RANGE_CANDIDATE,0.9257346232,0.9257346232,23.940982321
2026-04-10 20:00:00.000 Z,2026-04-11 00:00:00.000 Z,ETH,REGIME_OOS,1,RANGE_CANDIDATE,0.9559656995,0.9559656995,25.06566361
2026-04-13 00:00:00.000 Z,2026-04-13 04:00:00.000 Z,ETH,REGIME_OOS,1,RANGE_CANDIDATE,0.9878227458,0.9878227458,22.594434794
2026-04-13 04:00:00.000 Z,2026-04-13 08:00:00.000 Z,ETH,REGIME_OOS,1,RANGE_CANDIDATE,0.9994798618,0.9994798618,21.361451575
2026-04-13 08:00:00.000 Z,2026-04-13 12:00:00.000 Z,ETH,REGIME_OOS,1,RANGE_CANDIDATE,0.9997087644,0.9997087644,20.099673911
2026-04-13 12:00:00.000 Z,2026-04-13 16:00:00.000 Z,ETH,REGIME_OOS,1,RANGE_CANDIDATE,0.9995166139,0.9995166139,20.066557708
2026-04-13 16:00:00.000 Z,2026-04-13 20:00:00.000 Z,ETH,REGIME_OOS,1,RANGE_CANDIDATE,0.995626337,0.995626337,20.738939578
2026-04-13 20:00:00.000 Z,2026-04-14 00:00:00.000 Z,ETH,REGIME_OOS,0,OTHER,0.9587801246,0.04042304769,23.072181429
2026-04-14 00:00:00.000 Z,2026-04-14 04:00:00.000 Z,ETH,REGIME_OOS,0,OTHER,0.9998085178,0.0001472529426,25.238763148
2026-04-14 04:00:00.000 Z,2026-04-14 08:00:00.000 Z,ETH,REGIME_OOS,0,OTHER,0.9999707221,3.409995023e-06,27.365526054
2026-04-14 08:00:00.000 Z,2026-04-14 12:00:00.000 Z,ETH,REGIME_OOS,0,OTHER,0.9999773299,9.411943315e-07,29.411508548
2026-04-14 12:00:00.000 Z,2026-04-14 16:00:00.000 Z,ETH,REGIME_OOS,0,OTHER,0.999950937,1.095047717e-05,30.109426233
2026-04-14 16:00:00.000 Z,2026-04-14 20:00:00.000 Z,ETH,REGIME_OOS,0,OTHER,0.9782228221,0.02110718846,29.882366013
2026-04-14 20:00:00.000 Z,2026-04-15 00:00:00.000 Z,ETH,REGIME_OOS,0,OTHER,0.9209636777,0.07814220226,29.67152438
2026-04-15 00:00:00.000 Z,2026-04-15 04:00:00.000 Z,ETH,REGIME_OOS,0,OTHER,0.8506665544,0.1483499364,29.667140597
2026-04-15 04:00:00.000 Z,2026-04-15 08:00:00.000 Z,ETH,REGIME_OOS,0,OTHER,0.738714774,0.2601586261,29.295991117
2026-04-15 08:00:00.000 Z,2026-04-15 12:00:00.000 Z,ETH,REGIME_OOS,0,OTHER,0.7640203323,0.2354856003,28.951352314
2026-04-15 12:00:00.000 Z,2026-04-15 16:00:00.000 Z,ETH,REGIME_OOS,0,OTHER,0.7409354246,0.2586108054,28.848717046
2026-04-15 16:00:00.000 Z,2026-04-15 20:00:00.000 Z,ETH,REGIME_OOS,0,OTHER,0.9743003433,0.02555087792,29.456159735
2026-04-15 20:00:00.000 Z,2026-04-16 00:00:00.000 Z,ETH,REGIME_OOS,0,OTHER,0.9886293027,0.01122519143,30.02021366
2026-04-16 00:00:00.000 Z,2026-04-16 04:00:00.000 Z,ETH,REGIME_OOS,0,OTHER,0.9913952446,0.008464428751,30.403765199
2026-04-16 04:00:00.000 Z,2026-04-16 08:00:00.000 Z,ETH,REGIME_OOS,0,OTHER,0.9812606428,0.01857997184,30.411474707
2026-04-16 08:00:00.000 Z,2026-04-16 12:00:00.000 Z,ETH,REGIME_OOS,0,OTHER,0.8800792227,0.1196076736,30.070416869
2026-04-16 12:00:00.000 Z,2026-04-16 16:00:00.000 Z,ETH,REGIME_OOS,0,OTHER,0.6381426389,0.3616529713,28.236303192
2026-04-16 16:00:00.000 Z,2026-04-16 20:00:00.000 Z,ETH,REGIME_OOS,0,OTHER,0.5180659693,0.481807224,26.837156199
2026-04-16 20:00:00.000 Z,2026-04-17 00:00:00.000 Z,ETH,REGIME_OOS,1,RANGE_CANDIDATE,0.6652310619,0.6652310619,25.622148538
2026-04-17 00:00:00.000 Z,2026-04-17 04:00:00.000 Z,ETH,REGIME_OOS,1,RANGE_CANDIDATE,0.8803356363,0.8803356363,23.936912175
2026-04-17 04:00:00.000 Z,2026-04-17 08:00:00.000 Z,ETH,REGIME_OOS,1,RANGE_CANDIDATE,0.9857817463,0.9857817463,22.295326432
2026-04-17 08:00:00.000 Z,2026-04-17 12:00:00.000 Z,ETH,REGIME_OOS,1,RANGE_CANDIDATE,0.9940463768,0.9940463768,21.654458186
2026-04-17 12:00:00.000 Z,2026-04-17 16:00:00.000 Z,ETH,REGIME_OOS,1,RANGE_CANDIDATE,0.9237163753,0.9237163753,22.744762235
2026-04-17 16:00:00.000 Z,2026-04-17 20:00:00.000 Z,ETH,REGIME_OOS,1,RANGE_CANDIDATE,0.9487681329,0.9487681329,23.87279093
2026-04-17 20:00:00.000 Z,2026-04-18 00:00:00.000 Z,ETH,REGIME_OOS,1,RANGE_CANDIDATE,0.6996046703,0.6996046703,24.920246147
2026-04-20 00:00:00.000 Z,2026-04-20 04:00:00.000 Z,ETH,REGIME_OOS,1,RANGE_CANDIDATE,0.9789530173,0.9789530173,23.575897164
2026-04-20 04:00:00.000 Z,2026-04-20 08:00:00.000 Z,ETH,REGIME_OOS,1,RANGE_CANDIDATE,0.9978665563,0.9978665563,22.106864231
2026-04-20 08:00:00.000 Z,2026-04-20 12:00:00.000 Z,ETH,REGIME_OOS,1,RANGE_CANDIDATE,0.9975341279,0.9975341279,20.742762222
2026-04-20 12:00:00.000 Z,2026-04-20 16:00:00.000 Z,ETH,REGIME_OOS,1,RANGE_CANDIDATE,0.9993216875,0.9993216875,19.738914069
2026-04-20 16:00:00.000 Z,2026-04-20 20:00:00.000 Z,ETH,REGIME_OOS,1,RANGE_CANDIDATE,0.9997965107,0.9997965107,18.436507721
2026-04-20 20:00:00.000 Z,2026-04-21 00:00:00.000 Z,ETH,REGIME_OOS,1,RANGE_CANDIDATE,0.999882444,0.999882444,17.227130398
2026-04-21 00:00:00.000 Z,2026-04-21 04:00:00.000 Z,ETH,REGIME_OOS,1,RANGE_CANDIDATE,0.9999250916,0.9999250916,16.302276097
2026-04-21 04:00:00.000 Z,2026-04-21 08:00:00.000 Z,ETH,REGIME_OOS,1,RANGE_CANDIDATE,0.9999344802,0.9999344802,15.406020227
2026-04-21 08:00:00.000 Z,2026-04-21 12:00:00.000 Z,ETH,REGIME_OOS,1,RANGE_CANDIDATE,0.999943325,0.999943325,14.345191946
2026-04-21 12:00:00.000 Z,2026-04-21 16:00:00.000 Z,ETH,REGIME_OOS,1,RANGE_CANDIDATE,0.9999395928,0.9999395928,13.859376022
2026-04-21 16:00:00.000 Z,2026-04-21 20:00:00.000 Z,ETH,REGIME_OOS,1,RANGE_CANDIDATE,0.9999530458,0.9999530458,13.5396467
2026-04-21 20:00:00.000 Z,2026-04-22 00:00:00.000 Z,ETH,REGIME_OOS,1,RANGE_CANDIDATE,0.9999453625,0.9999453625,13.242755186
2026-04-22 00:00:00.000 Z,2026-04-22 04:00:00.000 Z,ETH,REGIME_OOS,1,RANGE_CANDIDATE,0.9998765859,0.9998765859,12.958835026
2026-04-22 04:00:00.000 Z,2026-04-22 08:00:00.000 Z,ETH,REGIME_OOS,1,RANGE_CANDIDATE,0.9998206724,0.9998206724,13.389159326
2026-04-22 08:00:00.000 Z,2026-04-22 12:00:00.000 Z,ETH,REGIME_OOS,1,RANGE_CANDIDATE,0.9997413377,0.9997413377,13.788746176
2026-04-22 12:00:00.000 Z,2026-04-22 16:00:00.000 Z,ETH,REGIME_OOS,1,RANGE_CANDIDATE,0.9997894614,0.9997894614,14.595868476
2026-04-22 16:00:00.000 Z,2026-04-22 20:00:00.000 Z,ETH,REGIME_OOS,1,RANGE_CANDIDATE,0.9998141809,0.9998141809,15.093672878
2026-04-22 20:00:00.000 Z,2026-04-23 00:00:00.000 Z,ETH,REGIME_OOS,1,RANGE_CANDIDATE,0.9999491406,0.9999491406,15.250951057
2026-04-23 00:00:00.000 Z,2026-04-23 04:00:00.000 Z,ETH,REGIME_OOS,1,RANGE_CANDIDATE,0.9999733939,0.9999733939,14.246199652
2026-04-23 04:00:00.000 Z,2026-04-23 08:00:00.000 Z,ETH,REGIME_OOS,1,RANGE_CANDIDATE,0.9999702728,0.9999702728,13.313216204
2026-04-23 08:00:00.000 Z,2026-04-23 12:00:00.000 Z,ETH,REGIME_OOS,1,RANGE_CANDIDATE,0.9999671811,0.9999671811,13.2324414
2026-04-23 12:00:00.000 Z,2026-04-23 16:00:00.000 Z,ETH,REGIME_OOS,1,RANGE_CANDIDATE,0.9999674196,0.9999674196,13.157436225
2026-04-23 16:00:00.000 Z,2026-04-23 20:00:00.000 Z,ETH,REGIME_OOS,1,RANGE_CANDIDATE,0.9999619805,0.9999619805,13.794465211
2026-04-23 20:00:00.000 Z,2026-04-24 00:00:00.000 Z,ETH,REGIME_OOS,1,RANGE_CANDIDATE,0.9999727562,0.9999727562,14.316029907
2026-04-24 00:00:00.000 Z,2026-04-24 04:00:00.000 Z,ETH,REGIME_OOS,1,RANGE_CANDIDATE,0.999976045,0.999976045,15.022538116
2026-04-24 04:00:00.000 Z,2026-04-24 08:00:00.000 Z,ETH,REGIME_OOS,1,RANGE_CANDIDATE,0.9999767475,0.9999767475,15.726543543
2026-04-24 08:00:00.000 Z,2026-04-24 12:00:00.000 Z,ETH,REGIME_OOS,1,RANGE_CANDIDATE,0.9999626262,0.9999626262,15.621129351
2026-04-24 12:00:00.000 Z,2026-04-24 16:00:00.000 Z,ETH,REGIME_OOS,1,RANGE_CANDIDATE,0.9999601841,0.9999601841,15.523244745
2026-04-27 00:00:00.000 Z,2026-04-27 04:00:00.000 Z,ETH,REGIME_OOS,1,RANGE_CANDIDATE,0.9942936771,0.9942936771,15.827000922
2026-04-27 04:00:00.000 Z,2026-04-27 08:00:00.000 Z,ETH,REGIME_OOS,1,RANGE_CANDIDATE,0.9999543549,0.9999543549,14.821903619
2026-04-27 08:00:00.000 Z,2026-04-27 12:00:00.000 Z,ETH,REGIME_OOS,1,RANGE_CANDIDATE,0.9999608992,0.9999608992,13.780467136
2026-04-27 12:00:00.000 Z,2026-04-27 16:00:00.000 Z,ETH,REGIME_OOS,1,RANGE_CANDIDATE,0.9999723374,0.9999723374,13.844162448
2026-04-27 16:00:00.000 Z,2026-04-27 20:00:00.000 Z,ETH,REGIME_OOS,1,RANGE_CANDIDATE,0.9999743636,0.9999743636,13.903308095
2026-04-27 20:00:00.000 Z,2026-04-28 00:00:00.000 Z,ETH,REGIME_OOS,1,RANGE_CANDIDATE,0.9999676903,0.9999676903,13.445883919
2026-04-28 00:00:00.000 Z,2026-04-28 04:00:00.000 Z,ETH,REGIME_OOS,1,RANGE_CANDIDATE,0.9999456539,0.9999456539,13.13363224
2026-04-28 04:00:00.000 Z,2026-04-28 08:00:00.000 Z,ETH,REGIME_OOS,1,RANGE_CANDIDATE,0.9999743491,0.9999743491,13.122305285
2026-04-28 08:00:00.000 Z,2026-04-28 12:00:00.000 Z,ETH,REGIME_OOS,1,RANGE_CANDIDATE,0.9999708626,0.9999708626,13.111787399
2026-04-28 12:00:00.000 Z,2026-04-28 16:00:00.000 Z,ETH,REGIME_OOS,1,RANGE_CANDIDATE,0.9999742664,0.9999742664,13.422038938
2026-04-28 16:00:00.000 Z,2026-04-28 20:00:00.000 Z,ETH,REGIME_OOS,1,RANGE_CANDIDATE,0.9999714637,0.9999714637,12.984257804
2026-04-28 20:00:00.000 Z,2026-04-29 00:00:00.000 Z,ETH,REGIME_OOS,1,RANGE_CANDIDATE,0.9999724614,0.9999724614,12.560369779
2026-04-29 00:00:00.000 Z,2026-04-29 04:00:00.000 Z,ETH,REGIME_OOS,1,RANGE_CANDIDATE,0.9999658481,0.9999658481,11.743457099
2026-04-29 04:00:00.000 Z,2026-04-29 08:00:00.000 Z,ETH,REGIME_OOS,1,RANGE_CANDIDATE,0.9999628185,0.9999628185,11.65067458
2026-04-29 08:00:00.000 Z,2026-04-29 12:00:00.000 Z,ETH,REGIME_OOS,1,RANGE_CANDIDATE,0.9999518744,0.9999518744,11.68350396
2026-04-29 12:00:00.000 Z,2026-04-29 16:00:00.000 Z,ETH,REGIME_OOS,1,RANGE_CANDIDATE,0.9999461709,0.9999461709,11.857770689
2026-04-29 16:00:00.000 Z,2026-04-29 20:00:00.000 Z,ETH,REGIME_OOS,1,RANGE_CANDIDATE,0.9998385262,0.9998385262,12.963072411
2026-04-29 20:00:00.000 Z,2026-04-30 00:00:00.000 Z,ETH,REGIME_OOS,1,RANGE_CANDIDATE,0.99992715,0.99992715,13.989424011
2026-04-30 00:00:00.000 Z,2026-04-30 04:00:00.000 Z,ETH,REGIME_OOS,1,RANGE_CANDIDATE,0.9999387384,0.9999387384,14.276114014
2026-04-30 04:00:00.000 Z,2026-04-30 08:00:00.000 Z,ETH,REGIME_OOS,1,RANGE_CANDIDATE,0.9999574237,0.9999574237,14.600978043
2026-04-30 08:00:00.000 Z,2026-04-30 12:00:00.000 Z,ETH,REGIME_OOS,1,RANGE_CANDIDATE,0.9999408515,0.9999408515,14.50148952
2026-04-30 12:00:00.000 Z,2026-04-30 16:00:00.000 Z,ETH,REGIME_OOS,1,RANGE_CANDIDATE,0.9999687114,0.9999687114,14.543331054
2026-04-30 16:00:00.000 Z,2026-04-30 20:00:00.000 Z,ETH,REGIME_OOS,1,RANGE_CANDIDATE,0.9999597206,0.9999597206,14.582183907
2026-04-30 20:00:00.000 Z,2026-05-01 00:00:00.000 Z,ETH,REGIME_OOS,1,RANGE_CANDIDATE,0.9999680728,0.9999680728,14.618261556
2026-05-01 00:00:00.000 Z,2026-05-01 04:00:00.000 Z,ETH,REGIME_OOS,1,RANGE_CANDIDATE,0.9999635415,0.9999635415,13.725354625
2026-05-01 04:00:00.000 Z,2026-05-01 08:00:00.000 Z,ETH,REGIME_OOS,1,RANGE_CANDIDATE,0.999964052,0.999964052,12.896226761
2026-05-01 08:00:00.000 Z,2026-05-01 12:00:00.000 Z,ETH,REGIME_OOS,1,RANGE_CANDIDATE,0.9999600517,0.9999600517,12.343169653
2026-05-01 12:00:00.000 Z,2026-05-01 16:00:00.000 Z,ETH,REGIME_OOS,1,RANGE_CANDIDATE,0.9999567922,0.9999567922,12.960657544
2026-05-01 16:00:00.000 Z,2026-05-01 20:00:00.000 Z,ETH,REGIME_OOS,1,RANGE_CANDIDATE,0.9999581118,0.9999581118,13.534039157
2026-05-01 20:00:00.000 Z,2026-05-02 00:00:00.000 Z,ETH,REGIME_OOS,1,RANGE_CANDIDATE,0.9999518215,0.9999518215,13.284400908
2026-05-04 00:00:00.000 Z,2026-05-04 04:00:00.000 Z,ETH,REGIME_OOS,1,RANGE_CANDIDATE,0.9969694361,0.9969694361,16.189924636
2026-05-04 04:00:00.000 Z,2026-05-04 08:00:00.000 Z,ETH,REGIME_OOS,1,RANGE_CANDIDATE,0.9999136978,0.9999136978,17.968930691
2026-05-04 08:00:00.000 Z,2026-05-04 12:00:00.000 Z,ETH,REGIME_OOS,1,RANGE_CANDIDATE,0.9999423876,0.9999423876,18.014884271
2026-05-04 12:00:00.000 Z,2026-05-04 16:00:00.000 Z,ETH,REGIME_OOS,1,RANGE_CANDIDATE,0.9999379492,0.9999379492,18.338085936
2026-05-04 16:00:00.000 Z,2026-05-04 20:00:00.000 Z,ETH,REGIME_OOS,1,RANGE_CANDIDATE,0.9999100565,0.9999100565,18.638201767
2026-05-04 20:00:00.000 Z,2026-05-05 00:00:00.000 Z,ETH,REGIME_OOS,1,RANGE_CANDIDATE,0.9999449158,0.9999449158,18.916880753
2026-05-05 00:00:00.000 Z,2026-05-05 04:00:00.000 Z,ETH,REGIME_OOS,1,RANGE_CANDIDATE,0.9998923514,0.9998923514,19.75033138
2026-05-05 04:00:00.000 Z,2026-05-05 08:00:00.000 Z,ETH,REGIME_OOS,1,RANGE_CANDIDATE,0.9998156087,0.9998156087,20.5463351
2026-05-05 08:00:00.000 Z,2026-05-05 12:00:00.000 Z,ETH,REGIME_OOS,1,RANGE_CANDIDATE,0.9997641399,0.9997641399,21.24084614
2026-05-05 12:00:00.000 Z,2026-05-05 16:00:00.000 Z,ETH,REGIME_OOS,1,RANGE_CANDIDATE,0.9998162941,0.9998162941,22.264325158
2026-05-05 16:00:00.000 Z,2026-05-05 20:00:00.000 Z,ETH,REGIME_OOS,1,RANGE_CANDIDATE,0.9998279596,0.9998279596,22.545973387
2026-05-05 20:00:00.000 Z,2026-05-06 00:00:00.000 Z,ETH,REGIME_OOS,1,RANGE_CANDIDATE,0.9998885027,0.9998885027,22.913467119
2026-05-06 00:00:00.000 Z,2026-05-06 04:00:00.000 Z,ETH,REGIME_OOS,1,RANGE_CANDIDATE,0.9998843499,0.9998843499,23.254711298
2026-05-06 04:00:00.000 Z,2026-05-06 08:00:00.000 Z,ETH,REGIME_OOS,1,RANGE_CANDIDATE,0.999893896,0.999893896,23.571580894
2026-05-06 08:00:00.000 Z,2026-05-06 12:00:00.000 Z,ETH,REGIME_OOS,1,RANGE_CANDIDATE,0.9988154648,0.9988154648,25.003427905
2026-05-06 12:00:00.000 Z,2026-05-06 16:00:00.000 Z,ETH,REGIME_OOS,1,RANGE_CANDIDATE,0.9992676053,0.9992676053,25.075692713
2026-05-06 16:00:00.000 Z,2026-05-06 20:00:00.000 Z,ETH,REGIME_OOS,1,RANGE_CANDIDATE,0.9996235162,0.9996235162,24.756612198
2026-05-06 20:00:00.000 Z,2026-05-07 00:00:00.000 Z,ETH,REGIME_OOS,1,RANGE_CANDIDATE,0.9996187479,0.9996187479,24.460323148
2026-05-07 00:00:00.000 Z,2026-05-07 04:00:00.000 Z,ETH,REGIME_OOS,1,RANGE_CANDIDATE,0.9997733961,0.9997733961,23.066235103
2026-05-07 04:00:00.000 Z,2026-05-07 08:00:00.000 Z,ETH,REGIME_OOS,1,RANGE_CANDIDATE,0.9996975504,0.9996975504,21.771724775
2026-05-07 08:00:00.000 Z,2026-05-07 12:00:00.000 Z,ETH,REGIME_OOS,1,RANGE_CANDIDATE,0.9997950751,0.9997950751,20.56967947
2026-05-07 12:00:00.000 Z,2026-05-07 16:00:00.000 Z,ETH,REGIME_OOS,1,RANGE_CANDIDATE,0.9998992068,0.9998992068,20.049783252
2026-05-07 16:00:00.000 Z,2026-05-07 20:00:00.000 Z,ETH,REGIME_OOS,1,RANGE_CANDIDATE,0.999911636,0.999911636,19.728272111
2026-05-07 20:00:00.000 Z,2026-05-08 00:00:00.000 Z,ETH,REGIME_OOS,1,RANGE_CANDIDATE,0.9999393535,0.9999393535,19.429726051
2026-05-08 00:00:00.000 Z,2026-05-08 04:00:00.000 Z,ETH,REGIME_OOS,1,RANGE_CANDIDATE,0.9999505282,0.9999505282,19.729070852
2026-05-08 04:00:00.000 Z,2026-05-08 08:00:00.000 Z,ETH,REGIME_OOS,1,RANGE_CANDIDATE,0.9999458394,0.9999458394,20.007033882
2026-05-08 08:00:00.000 Z,2026-05-08 12:00:00.000 Z,ETH,REGIME_OOS,1,RANGE_CANDIDATE,0.9999598729,0.9999598729,19.522345246
2026-05-08 12:00:00.000 Z,2026-05-08 16:00:00.000 Z,ETH,REGIME_OOS,1,RANGE_CANDIDATE,0.9999631598,0.9999631598,19.384853326
2026-05-08 16:00:00.000 Z,2026-05-08 20:00:00.000 Z,ETH,REGIME_OOS,1,RANGE_CANDIDATE,0.9999505905,0.9999505905,18.222012443
2026-05-08 20:00:00.000 Z,2026-05-09 00:00:00.000 Z,ETH,REGIME_OOS,1,RANGE_CANDIDATE,0.9999691492,0.9999691492,17.142231623
2026-05-11 00:00:00.000 Z,2026-05-11 04:00:00.000 Z,ETH,REGIME_OOS,1,RANGE_CANDIDATE,0.9995303054,0.9995303054,18.12868238
2026-05-11 04:00:00.000 Z,2026-05-11 08:00:00.000 Z,ETH,REGIME_OOS,1,RANGE_CANDIDATE,0.9999686604,0.9999686604,18.335334141
2026-05-11 08:00:00.000 Z,2026-05-11 12:00:00.000 Z,ETH,REGIME_OOS,1,RANGE_CANDIDATE,0.9999678752,0.9999678752,18.527225063
2026-05-11 12:00:00.000 Z,2026-05-11 16:00:00.000 Z,ETH,REGIME_OOS,1,RANGE_CANDIDATE,0.9999748736,0.9999748736,17.650757091
2026-05-11 16:00:00.000 Z,2026-05-11 20:00:00.000 Z,ETH,REGIME_OOS,1,RANGE_CANDIDATE,0.9999708918,0.9999708918,17.049842524
2026-05-11 20:00:00.000 Z,2026-05-12 00:00:00.000 Z,ETH,REGIME_OOS,1,RANGE_CANDIDATE,0.9999744437,0.9999744437,16.510300762
2026-05-12 00:00:00.000 Z,2026-05-12 04:00:00.000 Z,ETH,REGIME_OOS,1,RANGE_CANDIDATE,0.9999681812,0.9999681812,16.253989481
2026-05-12 04:00:00.000 Z,2026-05-12 08:00:00.000 Z,ETH,REGIME_OOS,1,RANGE_CANDIDATE,0.999961543,0.999961543,16.143910221
2026-05-12 08:00:00.000 Z,2026-05-12 12:00:00.000 Z,ETH,REGIME_OOS,1,RANGE_CANDIDATE,0.9999505469,0.9999505469,16.450772109
2026-05-12 12:00:00.000 Z,2026-05-12 16:00:00.000 Z,ETH,REGIME_OOS,1,RANGE_CANDIDATE,0.9999207633,0.9999207633,17.367874493
2026-05-12 16:00:00.000 Z,2026-05-12 20:00:00.000 Z,ETH,REGIME_OOS,1,RANGE_CANDIDATE,0.9999583085,0.9999583085,18.219469564
2026-05-12 20:00:00.000 Z,2026-05-13 00:00:00.000 Z,ETH,REGIME_OOS,1,RANGE_CANDIDATE,0.9999342286,0.9999342286,18.803176603
2026-05-13 00:00:00.000 Z,2026-05-13 04:00:00.000 Z,ETH,REGIME_OOS,1,RANGE_CANDIDATE,0.9999685648,0.9999685648,18.688280187
2026-05-13 04:00:00.000 Z,2026-05-13 08:00:00.000 Z,ETH,REGIME_OOS,1,RANGE_CANDIDATE,0.9999517995,0.9999517995,18.336677704
2026-05-13 08:00:00.000 Z,2026-05-13 12:00:00.000 Z,ETH,REGIME_OOS,1,RANGE_CANDIDATE,0.9999707262,0.9999707262,17.32985018
2026-05-13 12:00:00.000 Z,2026-05-13 16:00:00.000 Z,ETH,REGIME_OOS,1,RANGE_CANDIDATE,0.9999491372,0.9999491372,18.417073014
2026-05-13 16:00:00.000 Z,2026-05-13 20:00:00.000 Z,ETH,REGIME_OOS,1,RANGE_CANDIDATE,0.9999561399,0.9999561399,19.426637075
2026-05-13 20:00:00.000 Z,2026-05-14 00:00:00.000 Z,ETH,REGIME_OOS,1,RANGE_CANDIDATE,0.9999651313,0.9999651313,20.364089417
2026-05-14 00:00:00.000 Z,2026-05-14 04:00:00.000 Z,ETH,REGIME_OOS,1,RANGE_CANDIDATE,0.999910058,0.999910058,21.531355082
2026-05-14 04:00:00.000 Z,2026-05-14 08:00:00.000 Z,ETH,REGIME_OOS,1,RANGE_CANDIDATE,0.9999540775,0.9999540775,22.301756784
2026-05-14 08:00:00.000 Z,2026-05-14 12:00:00.000 Z,ETH,REGIME_OOS,1,RANGE_CANDIDATE,0.9999486853,0.9999486853,23.017129793
2026-05-14 12:00:00.000 Z,2026-05-14 16:00:00.000 Z,ETH,REGIME_OOS,1,RANGE_CANDIDATE,0.9999337307,0.9999337307,22.156588877
2026-05-14 16:00:00.000 Z,2026-05-14 20:00:00.000 Z,ETH,REGIME_OOS,1,RANGE_CANDIDATE,0.999956393,0.999956393,20.660505652
2026-05-14 20:00:00.000 Z,2026-05-15 00:00:00.000 Z,ETH,REGIME_OOS,1,RANGE_CANDIDATE,0.9999647989,0.9999647989,19.637448036
2026-05-15 00:00:00.000 Z,2026-05-15 04:00:00.000 Z,ETH,REGIME_OOS,1,RANGE_CANDIDATE,0.9999610436,0.9999610436,19.378197139
2026-05-15 04:00:00.000 Z,2026-05-15 08:00:00.000 Z,ETH,REGIME_OOS,1,RANGE_CANDIDATE,0.9999605864,0.9999605864,19.775210241
2026-05-15 08:00:00.000 Z,2026-05-15 12:00:00.000 Z,ETH,REGIME_OOS,1,RANGE_CANDIDATE,0.9999568834,0.9999568834,20.143865264
2026-05-15 12:00:00.000 Z,2026-05-15 16:00:00.000 Z,ETH,REGIME_OOS,1,RANGE_CANDIDATE,0.9998586274,0.9998586274,21.592461513
2026-05-15 16:00:00.000 Z,2026-05-15 20:00:00.000 Z,ETH,REGIME_OOS,1,RANGE_CANDIDATE,0.9998630195,0.9998630195,22.937586602
2026-05-15 20:00:00.000 Z,2026-05-16 00:00:00.000 Z,ETH,REGIME_OOS,1,RANGE_CANDIDATE,0.9996359774,0.9996359774,24.207523953
2026-05-18 00:00:00.000 Z,2026-05-18 04:00:00.000 Z,ETH,REGIME_OOS,1,RANGE_CANDIDATE,0.5184536803,0.5184536803,29.800853167
2026-05-18 04:00:00.000 Z,2026-05-18 08:00:00.000 Z,ETH,REGIME_OOS,2,OTHER,0.777126974,0.2221303247,32.30157443
2026-05-18 08:00:00.000 Z,2026-05-18 12:00:00.000 Z,ETH,REGIME_OOS,2,OTHER,0.8457174261,0.153375311,33.969937727
2026-05-18 12:00:00.000 Z,2026-05-18 16:00:00.000 Z,ETH,REGIME_OOS,2,OTHER,0.9921642864,0.00745512732,35.731207987
2026-05-18 16:00:00.000 Z,2026-05-18 20:00:00.000 Z,ETH,REGIME_OOS,2,OTHER,0.9972460818,0.002240798298,37.523612933
2026-05-18 20:00:00.000 Z,2026-05-19 00:00:00.000 Z,ETH,REGIME_OOS,2,OTHER,0.9926781188,0.005803708956,38.566537246
2026-05-19 00:00:00.000 Z,2026-05-19 04:00:00.000 Z,ETH,REGIME_OOS,2,OTHER,0.9938890708,0.004244509616,39.378976398
2026-05-19 04:00:00.000 Z,2026-05-19 08:00:00.000 Z,ETH,REGIME_OOS,2,OTHER,0.9941058143,0.003430553821,40.133384181
2026-05-19 08:00:00.000 Z,2026-05-19 12:00:00.000 Z,ETH,REGIME_OOS,2,OTHER,0.9971946622,0.001273938534,41.101428902
2026-05-19 12:00:00.000 Z,2026-05-19 16:00:00.000 Z,ETH,REGIME_OOS,2,OTHER,0.9986711096,0.0003093019316,42.178353037
2026-05-19 16:00:00.000 Z,2026-05-19 20:00:00.000 Z,ETH,REGIME_OOS,2,OTHER,0.9987240903,0.0003103184668,43.17835402
2026-05-19 20:00:00.000 Z,2026-05-20 00:00:00.000 Z,ETH,REGIME_OOS,2,OTHER,0.9993896949,0.0001210597984,44.139150582
2026-05-20 00:00:00.000 Z,2026-05-20 04:00:00.000 Z,ETH,REGIME_OOS,2,OTHER,0.9995305183,9.056479552e-05,45.048397018
2026-05-20 04:00:00.000 Z,2026-05-20 08:00:00.000 Z,ETH,REGIME_OOS,2,OTHER,0.999356443,0.0002009677258,44.976454806
2026-05-20 08:00:00.000 Z,2026-05-20 12:00:00.000 Z,ETH,REGIME_OOS,2,OTHER,0.9978272556,0.001038790555,44.702499245
2026-05-20 12:00:00.000 Z,2026-05-20 16:00:00.000 Z,ETH,REGIME_OOS,2,OTHER,0.997861398,0.001446255538,43.750503537
2026-05-20 16:00:00.000 Z,2026-05-20 20:00:00.000 Z,ETH,REGIME_OOS,2,OTHER,0.996681852,0.002645708642,42.866507522
2026-05-20 20:00:00.000 Z,2026-05-21 00:00:00.000 Z,ETH,REGIME_OOS,2,OTHER,0.9959067699,0.003473489865,42.249858439
2026-05-21 00:00:00.000 Z,2026-05-21 04:00:00.000 Z,ETH,REGIME_OOS,2,OTHER,0.9961895133,0.003311562614,40.591594021
2026-05-21 04:00:00.000 Z,2026-05-21 08:00:00.000 Z,ETH,REGIME_OOS,2,OTHER,0.9897080212,0.009777133394,39.254100301
2026-05-21 08:00:00.000 Z,2026-05-21 12:00:00.000 Z,ETH,REGIME_OOS,2,OTHER,0.995228881,0.004567169805,38.532157082
2026-05-21 12:00:00.000 Z,2026-05-21 16:00:00.000 Z,ETH,REGIME_OOS,2,OTHER,0.9901919408,0.009520527496,38.041379768
2026-05-21 16:00:00.000 Z,2026-05-21 20:00:00.000 Z,ETH,REGIME_OOS,2,OTHER,0.9592429508,0.04025281796,36.618340618
2026-05-21 20:00:00.000 Z,2026-05-22 00:00:00.000 Z,ETH,REGIME_OOS,2,OTHER,0.8917121375,0.1076925284,35.296947122
2026-05-22 00:00:00.000 Z,2026-05-22 04:00:00.000 Z,ETH,REGIME_OOS,2,OTHER,0.6711696849,0.3281854698,34.153302318
2026-05-22 04:00:00.000 Z,2026-05-22 08:00:00.000 Z,ETH,REGIME_OOS,1,RANGE_CANDIDATE,0.6731760008,0.6731760008,33.242163834
2026-05-22 08:00:00.000 Z,2026-05-22 12:00:00.000 Z,ETH,REGIME_OOS,1,RANGE_CANDIDATE,0.9505637328,0.9505637328,32.592359565
2026-05-22 12:00:00.000 Z,2026-05-22 16:00:00.000 Z,ETH,REGIME_OOS,1,RANGE_CANDIDATE,0.988525372,0.988525372,32.268387961
2026-05-22 16:00:00.000 Z,2026-05-22 20:00:00.000 Z,ETH,REGIME_OOS,1,RANGE_CANDIDATE,0.9692741198,0.9692741198,33.610405816
2026-05-22 20:00:00.000 Z,2026-05-23 00:00:00.000 Z,ETH,REGIME_OOS,1,RANGE_CANDIDATE,0.992437055,0.992437055,34.856565253
2026-05-25 00:00:00.000 Z,2026-05-25 04:00:00.000 Z,ETH,REGIME_OOS,1,RANGE_CANDIDATE,0.9836553172,0.9836553172,33.463262485
2026-05-25 04:00:00.000 Z,2026-05-25 08:00:00.000 Z,ETH,REGIME_OOS,1,RANGE_CANDIDATE,0.9992164132,0.9992164132,32.416649236
2026-05-25 08:00:00.000 Z,2026-05-25 12:00:00.000 Z,ETH,REGIME_OOS,1,RANGE_CANDIDATE,0.9996542623,0.9996542623,31.017811884
2026-05-25 12:00:00.000 Z,2026-05-25 16:00:00.000 Z,ETH,REGIME_OOS,1,RANGE_CANDIDATE,0.9996640423,0.9996640423,29.04370946
2026-05-25 16:00:00.000 Z,2026-05-25 20:00:00.000 Z,ETH,REGIME_OOS,1,RANGE_CANDIDATE,0.9998408198,0.9998408198,27.018359576
2026-05-25 20:00:00.000 Z,2026-05-26 00:00:00.000 Z,ETH,REGIME_OOS,1,RANGE_CANDIDATE,0.9999077937,0.9999077937,25.812569769
2026-05-26 00:00:00.000 Z,2026-05-26 04:00:00.000 Z,ETH,REGIME_OOS,1,RANGE_CANDIDATE,0.9999066043,0.9999066043,25.430248892
2026-05-26 04:00:00.000 Z,2026-05-26 08:00:00.000 Z,ETH,REGIME_OOS,1,RANGE_CANDIDATE,0.9999250988,0.9999250988,25.075236649
2026-05-26 08:00:00.000 Z,2026-05-26 12:00:00.000 Z,ETH,REGIME_OOS,1,RANGE_CANDIDATE,0.9999458541,0.9999458541,23.439549584
2026-05-26 12:00:00.000 Z,2026-05-26 16:00:00.000 Z,ETH,REGIME_OOS,1,RANGE_CANDIDATE,0.9999493649,0.9999493649,22.280497516
2026-05-26 16:00:00.000 Z,2026-05-26 20:00:00.000 Z,ETH,REGIME_OOS,1,RANGE_CANDIDATE,0.9999465446,0.9999465446,22.022914991
2026-05-26 20:00:00.000 Z,2026-05-27 00:00:00.000 Z,ETH,REGIME_OOS,1,RANGE_CANDIDATE,0.99995316,0.99995316,21.783731218
2026-05-27 00:00:00.000 Z,2026-05-27 04:00:00.000 Z,ETH,REGIME_OOS,1,RANGE_CANDIDATE,0.9999546664,0.9999546664,21.262519666
2026-05-27 04:00:00.000 Z,2026-05-27 08:00:00.000 Z,ETH,REGIME_OOS,1,RANGE_CANDIDATE,0.9999594245,0.9999594245,21.259651135
2026-05-27 08:00:00.000 Z,2026-05-27 12:00:00.000 Z,ETH,REGIME_OOS,1,RANGE_CANDIDATE,0.9999522175,0.9999522175,20.533971587
2026-05-27 12:00:00.000 Z,2026-05-27 16:00:00.000 Z,ETH,REGIME_OOS,1,RANGE_CANDIDATE,0.9999509389,0.9999509389,20.756413488
2026-05-27 16:00:00.000 Z,2026-05-27 20:00:00.000 Z,ETH,REGIME_OOS,1,RANGE_CANDIDATE,0.9999481387,0.9999481387,21.216507987
2026-05-27 20:00:00.000 Z,2026-05-28 00:00:00.000 Z,ETH,REGIME_OOS,1,RANGE_CANDIDATE,0.9998675965,0.9998675965,22.334344248
2026-05-28 00:00:00.000 Z,2026-05-28 04:00:00.000 Z,ETH,REGIME_OOS,1,RANGE_CANDIDATE,0.9993186932,0.9993186932,24.306531073
2026-05-28 04:00:00.000 Z,2026-05-28 08:00:00.000 Z,ETH,REGIME_OOS,1,RANGE_CANDIDATE,0.9994433613,0.9994433613,26.187524912
2026-05-28 08:00:00.000 Z,2026-05-28 12:00:00.000 Z,ETH,REGIME_OOS,1,RANGE_CANDIDATE,0.9982753742,0.9982753742,27.723688432
2026-05-28 12:00:00.000 Z,2026-05-28 16:00:00.000 Z,ETH,REGIME_OOS,1,RANGE_CANDIDATE,0.9967613575,0.9967613575,29.457130272
2026-05-28 16:00:00.000 Z,2026-05-28 20:00:00.000 Z,ETH,REGIME_OOS,1,RANGE_CANDIDATE,0.9989240279,0.9989240279,29.621549801
2026-05-28 20:00:00.000 Z,2026-05-29 00:00:00.000 Z,ETH,REGIME_OOS,1,RANGE_CANDIDATE,0.9988825684,0.9988825684,29.774225078
2026-05-29 00:00:00.000 Z,2026-05-29 04:00:00.000 Z,ETH,REGIME_OOS,1,RANGE_CANDIDATE,0.9987362918,0.9987362918,30.146857285
2026-05-29 04:00:00.000 Z,2026-05-29 08:00:00.000 Z,ETH,REGIME_OOS,1,RANGE_CANDIDATE,0.9986878255,0.9986878255,30.29014872
2026-05-29 08:00:00.000 Z,2026-05-29 12:00:00.000 Z,ETH,REGIME_OOS,1,RANGE_CANDIDATE,0.9988188152,0.9988188152,30.464006504
2026-05-29 12:00:00.000 Z,2026-05-29 16:00:00.000 Z,ETH,REGIME_OOS,1,RANGE_CANDIDATE,0.9991944954,0.9991944954,31.085137283
2026-05-31 08:00:00.000 Z,2026-05-31 12:00:00.000 Z,ETH,REGIME_OOS,1,RANGE_CANDIDATE,0.9945125584,0.9945125584,27.335696598
2026-05-31 12:00:00.000 Z,2026-05-31 16:00:00.000 Z,ETH,REGIME_OOS,1,RANGE_CANDIDATE,0.9995485027,0.9995485027,26.904919762
2026-05-31 16:00:00.000 Z,2026-05-31 20:00:00.000 Z,ETH,REGIME_OOS,1,RANGE_CANDIDATE,0.999296409,0.999296409,26.962814234
2026-05-31 20:00:00.000 Z,2026-06-01 00:00:00.000 Z,ETH,REGIME_OOS,1,RANGE_CANDIDATE,0.9994782008,0.9994782008,25.845642928
2026-06-01 00:00:00.000 Z,2026-06-01 04:00:00.000 Z,ETH,REGIME_OOS,1,RANGE_CANDIDATE,0.9995646931,0.9995646931,25.092937214
2026-06-01 04:00:00.000 Z,2026-06-01 08:00:00.000 Z,ETH,REGIME_OOS,1,RANGE_CANDIDATE,0.9991590441,0.9991590441,25.032356622
2026-06-01 08:00:00.000 Z,2026-06-01 12:00:00.000 Z,ETH,REGIME_OOS,1,RANGE_CANDIDATE,0.9993723142,0.9993723142,24.976103215
2026-06-01 12:00:00.000 Z,2026-06-01 16:00:00.000 Z,ETH,REGIME_OOS,1,RANGE_CANDIDATE,0.9985432246,0.9985432246,25.360909488
2026-06-01 16:00:00.000 Z,2026-06-01 20:00:00.000 Z,ETH,REGIME_OOS,1,RANGE_CANDIDATE,0.9997745728,0.9997745728,24.900283095
2026-06-01 20:00:00.000 Z,2026-06-02 00:00:00.000 Z,ETH,REGIME_OOS,1,RANGE_CANDIDATE,0.9998487623,0.9998487623,24.446718428
2026-06-02 00:00:00.000 Z,2026-06-02 04:00:00.000 Z,ETH,REGIME_OOS,1,RANGE_CANDIDATE,0.9998469144,0.9998469144,24.801870366
2026-06-02 04:00:00.000 Z,2026-06-02 08:00:00.000 Z,ETH,REGIME_OOS,1,RANGE_CANDIDATE,0.9998000983,0.9998000983,25.131654309
2026-06-02 08:00:00.000 Z,2026-06-02 12:00:00.000 Z,ETH,REGIME_OOS,1,RANGE_CANDIDATE,0.9997518477,0.9997518477,25.719965938
2026-06-02 12:00:00.000 Z,2026-06-02 16:00:00.000 Z,ETH,REGIME_OOS,1,RANGE_CANDIDATE,0.9983675374,0.9983675374,27.843056074
2026-06-02 16:00:00.000 Z,2026-06-02 20:00:00.000 Z,ETH,REGIME_OOS,1,RANGE_CANDIDATE,0.99475452,0.99475452,29.939792693
2026-06-02 20:00:00.000 Z,2026-06-03 00:00:00.000 Z,ETH,REGIME_OOS,1,RANGE_CANDIDATE,0.750536643,0.750536643,32.442105842
2026-06-03 00:00:00.000 Z,2026-06-03 04:00:00.000 Z,ETH,REGIME_OOS,2,OTHER,0.988896488,0.01044009612,34.990873128
2026-06-03 04:00:00.000 Z,2026-06-03 08:00:00.000 Z,ETH,REGIME_OOS,2,OTHER,0.9820096269,0.01579523001,36.909362625
2026-06-03 08:00:00.000 Z,2026-06-03 12:00:00.000 Z,ETH,REGIME_OOS,2,OTHER,0.9926940206,0.005610670021,38.196573839
2026-06-03 12:00:00.000 Z,2026-06-03 16:00:00.000 Z,ETH,REGIME_OOS,2,OTHER,0.9982876937,0.0007580831345,39.833100329
2026-06-03 16:00:00.000 Z,2026-06-03 20:00:00.000 Z,ETH,REGIME_OOS,2,OTHER,0.9997100441,1.217702501e-05,41.74999608
2026-06-03 20:00:00.000 Z,2026-06-04 00:00:00.000 Z,ETH,REGIME_OOS,2,OTHER,0.9996607502,4.454175844e-06,43.751640511
2026-06-04 00:00:00.000 Z,2026-06-04 04:00:00.000 Z,ETH,REGIME_OOS,2,OTHER,0.9996496752,6.569430164e-07,45.970970355
2026-06-04 04:00:00.000 Z,2026-06-04 08:00:00.000 Z,ETH,REGIME_OOS,2,OTHER,0.9999241695,4.923656783e-09,48.031776639
2026-06-04 08:00:00.000 Z,2026-06-04 12:00:00.000 Z,ETH,REGIME_OOS,2,OTHER,0.9999771181,3.993368324e-11,50.198669543
2026-06-04 12:00:00.000 Z,2026-06-04 16:00:00.000 Z,ETH,REGIME_OOS,2,OTHER,0.9999363799,9.070989904e-11,51.724981655
2026-06-04 16:00:00.000 Z,2026-06-04 20:00:00.000 Z,ETH,REGIME_OOS,2,OTHER,0.9999187537,4.041848401e-11,53.142271474
2026-06-04 20:00:00.000 Z,2026-06-05 00:00:00.000 Z,ETH,REGIME_OOS,2,OTHER,0.9999718676,1.58209858e-12,54.458326305
2026-06-05 00:00:00.000 Z,2026-06-05 04:00:00.000 Z,ETH,REGIME_OOS,2,OTHER,0.9999935926,2.169256634e-14,55.918020368
2026-06-05 04:00:00.000 Z,2026-06-05 08:00:00.000 Z,ETH,REGIME_OOS,2,OTHER,0.9999985899,8.431668704e-17,57.767260997
2026-06-05 08:00:00.000 Z,2026-06-05 12:00:00.000 Z,ETH,REGIME_OOS,2,OTHER,0.9999991678,7.422100376e-18,59.484413009
2026-06-05 12:00:00.000 Z,2026-06-05 16:00:00.000 Z,ETH,REGIME_OOS,2,OTHER,0.9999999812,2.080698278e-24,61.370709019
2026-06-05 16:00:00.000 Z,2026-06-05 20:00:00.000 Z,ETH,REGIME_OOS,2,OTHER,0.9999999905,2.9770415e-26,63.205319712
2026-06-05 20:00:00.000 Z,2026-06-06 00:00:00.000 Z,ETH,REGIME_OOS,2,OTHER,0.9999999861,1.310329119e-26,64.782384105
2026-06-06 12:00:00.000 Z,2026-06-06 16:00:00.000 Z,ETH,REGIME_OOS,2,OTHER,0.999999876,1.194738099e-28,67.720859259
2026-06-06 16:00:00.000 Z,2026-06-06 20:00:00.000 Z,ETH,REGIME_OOS,2,OTHER,0.9999999957,7.927489286e-32,69.040906672
2026-06-06 20:00:00.000 Z,2026-06-07 00:00:00.000 Z,ETH,REGIME_OOS,2,OTHER,0.9999999869,7.040329245e-31,69.764535555
2026-06-07 00:00:00.000 Z,2026-06-07 04:00:00.000 Z,ETH,REGIME_OOS,2,OTHER,0.9999999871,3.32308068e-30,69.045162759
2026-06-07 04:00:00.000 Z,2026-06-07 08:00:00.000 Z,ETH,REGIME_OOS,2,OTHER,0.9999999794,2.793400167e-28,67.601529193
2026-06-07 08:00:00.000 Z,2026-06-07 12:00:00.000 Z,ETH,REGIME_OOS,2,OTHER,0.9999999681,5.80624513e-27,65.411452118
2026-06-07 12:00:00.000 Z,2026-06-07 16:00:00.000 Z,ETH,REGIME_OOS,2,OTHER,0.9999999475,6.393397186e-25,63.601719375
2026-06-07 16:00:00.000 Z,2026-06-07 20:00:00.000 Z,ETH,REGIME_OOS,2,OTHER,0.9999999633,1.355419203e-23,61.652229772
2026-06-07 20:00:00.000 Z,2026-06-08 00:00:00.000 Z,ETH,REGIME_OOS,2,OTHER,0.9999994108,4.797649965e-20,57.561588575
2026-06-08 00:00:00.000 Z,2026-06-08 04:00:00.000 Z,ETH,REGIME_OOS,2,OTHER,0.9999992608,2.642061298e-17,53.763136035
2026-06-08 04:00:00.000 Z,2026-06-08 08:00:00.000 Z,ETH,REGIME_OOS,2,OTHER,0.9999981572,2.114675196e-14,50.762802033
2026-06-08 08:00:00.000 Z,2026-06-08 12:00:00.000 Z,ETH,REGIME_OOS,2,OTHER,0.9999949319,5.098381935e-12,47.588562364
2026-06-08 12:00:00.000 Z,2026-06-08 16:00:00.000 Z,ETH,REGIME_OOS,2,OTHER,0.9999968337,5.850575393e-11,44.400342017
2026-06-08 16:00:00.000 Z,2026-06-08 20:00:00.000 Z,ETH,REGIME_OOS,2,OTHER,0.999996052,6.40162667e-10,41.439851696
2026-06-08 20:00:00.000 Z,2026-06-09 00:00:00.000 Z,ETH,REGIME_OOS,2,OTHER,0.9999908905,8.174902318e-08,38.554696109
2026-06-09 00:00:00.000 Z,2026-06-09 04:00:00.000 Z,ETH,REGIME_OOS,2,OTHER,0.9999846495,6.812543239e-07,36.375694831
2026-06-09 04:00:00.000 Z,2026-06-09 08:00:00.000 Z,ETH,REGIME_OOS,2,OTHER,0.9999625532,6.496990302e-06,34.352336501
2026-06-09 08:00:00.000 Z,2026-06-09 12:00:00.000 Z,ETH,REGIME_OOS,2,OTHER,0.9999058537,4.733566467e-05,32.473503766
2026-06-09 12:00:00.000 Z,2026-06-09 16:00:00.000 Z,ETH,REGIME_OOS,2,OTHER,0.9998981228,6.319629549e-05,31.527262283
2026-06-09 16:00:00.000 Z,2026-06-09 20:00:00.000 Z,ETH,REGIME_OOS,2,OTHER,0.9977418925,0.002035524149,31.095027187
2026-06-09 20:00:00.000 Z,2026-06-10 00:00:00.000 Z,ETH,REGIME_OOS,2,OTHER,0.9975825081,0.002290957471,30.51514311
2026-06-10 00:00:00.000 Z,2026-06-10 04:00:00.000 Z,ETH,REGIME_OOS,2,OTHER,0.9903071853,0.009501519777,30.181210634
2026-06-10 04:00:00.000 Z,2026-06-10 08:00:00.000 Z,ETH,REGIME_OOS,2,OTHER,0.9518037511,0.04780778744,29.963738578
2026-06-10 08:00:00.000 Z,2026-06-10 12:00:00.000 Z,ETH,REGIME_OOS,2,OTHER,0.8451396094,0.1541880288,30.029050389
2026-06-10 12:00:00.000 Z,2026-06-10 16:00:00.000 Z,ETH,REGIME_OOS,1,RANGE_CANDIDATE,0.8631960153,0.8631960153,29.050797526
2026-06-10 16:00:00.000 Z,2026-06-10 20:00:00.000 Z,ETH,REGIME_OOS,1,RANGE_CANDIDATE,0.9952940083,0.9952940083,28.142419868
2026-06-10 20:00:00.000 Z,2026-06-11 00:00:00.000 Z,ETH,REGIME_OOS,1,RANGE_CANDIDATE,0.9991998988,0.9991998988,27.813345041
2026-06-11 00:00:00.000 Z,2026-06-11 04:00:00.000 Z,ETH,REGIME_OOS,1,RANGE_CANDIDATE,0.9993209957,0.9993209957,26.548496077
2026-06-11 04:00:00.000 Z,2026-06-11 08:00:00.000 Z,ETH,REGIME_OOS,1,RANGE_CANDIDATE,0.9997481586,0.9997481586,25.355621247
2026-06-11 08:00:00.000 Z,2026-06-11 12:00:00.000 Z,ETH,REGIME_OOS,1,RANGE_CANDIDATE,0.9986893051,0.9986893051,23.801184589
2026-06-11 12:00:00.000 Z,2026-06-11 16:00:00.000 Z,ETH,REGIME_OOS,1,RANGE_CANDIDATE,0.999674405,0.999674405,22.952536753
2026-06-11 16:00:00.000 Z,2026-06-11 20:00:00.000 Z,ETH,REGIME_OOS,1,RANGE_CANDIDATE,0.9975300148,0.9975300148,21.432690111
2026-06-11 20:00:00.000 Z,2026-06-12 00:00:00.000 Z,ETH,REGIME_OOS,1,RANGE_CANDIDATE,0.9988588238,0.9988588238,20.021403943
2026-06-12 00:00:00.000 Z,2026-06-12 04:00:00.000 Z,ETH,REGIME_OOS,1,RANGE_CANDIDATE,0.9997687643,0.9997687643,18.791759692
2026-06-12 04:00:00.000 Z,2026-06-12 08:00:00.000 Z,ETH,REGIME_OOS,1,RANGE_CANDIDATE,0.9999106229,0.9999106229,17.947795771
2026-06-12 08:00:00.000 Z,2026-06-12 12:00:00.000 Z,ETH,REGIME_OOS,1,RANGE_CANDIDATE,0.9999041168,0.9999041168,16.961936382
2026-06-12 12:00:00.000 Z,2026-06-12 16:00:00.000 Z,ETH,REGIME_OOS,1,RANGE_CANDIDATE,0.9999150624,0.9999150624,16.38053186
2026-06-12 16:00:00.000 Z,2026-06-12 20:00:00.000 Z,ETH,REGIME_OOS,1,RANGE_CANDIDATE,0.9998794334,0.9998794334,15.840656233
2026-06-12 20:00:00.000 Z,2026-06-13 00:00:00.000 Z,ETH,REGIME_OOS,1,RANGE_CANDIDATE,0.9999714456,0.9999714456,15.33934315
2026-06-13 12:00:00.000 Z,2026-06-13 16:00:00.000 Z,ETH,REGIME_OOS,1,RANGE_CANDIDATE,0.9994031975,0.9994031975,13.50264863
2026-06-13 16:00:00.000 Z,2026-06-13 20:00:00.000 Z,ETH,REGIME_OOS,1,RANGE_CANDIDATE,0.9999601846,0.9999601846,12.784247723
2026-06-13 20:00:00.000 Z,2026-06-14 00:00:00.000 Z,ETH,REGIME_OOS,1,RANGE_CANDIDATE,0.999945891,0.999945891,12.37583185
2026-06-14 00:00:00.000 Z,2026-06-14 04:00:00.000 Z,ETH,REGIME_OOS,1,RANGE_CANDIDATE,0.9999365351,0.9999365351,11.970525155
2026-06-14 04:00:00.000 Z,2026-06-14 08:00:00.000 Z,ETH,REGIME_OOS,1,RANGE_CANDIDATE,0.9999409222,0.9999409222,11.196474231
2026-06-14 08:00:00.000 Z,2026-06-14 12:00:00.000 Z,ETH,REGIME_OOS,1,RANGE_CANDIDATE,0.9999181124,0.9999181124,10.477712658
2026-06-14 12:00:00.000 Z,2026-06-14 16:00:00.000 Z,ETH,REGIME_OOS,1,RANGE_CANDIDATE,0.9999161315,0.9999161315,10.673633916
2026-06-14 16:00:00.000 Z,2026-06-14 20:00:00.000 Z,ETH,REGIME_OOS,1,RANGE_CANDIDATE,0.9999202669,0.9999202669,10.855560799
2026-06-14 20:00:00.000 Z,2026-06-15 00:00:00.000 Z,ETH,REGIME_OOS,1,RANGE_CANDIDATE,0.9990706451,0.9990706451,11.923256276
2026-06-15 00:00:00.000 Z,2026-06-15 04:00:00.000 Z,ETH,REGIME_OOS,1,RANGE_CANDIDATE,0.999724191,0.999724191,13.032158785
2026-06-15 04:00:00.000 Z,2026-06-15 08:00:00.000 Z,ETH,REGIME_OOS,1,RANGE_CANDIDATE,0.9996079257,0.9996079257,14.061853972
2026-06-15 08:00:00.000 Z,2026-06-15 12:00:00.000 Z,ETH,REGIME_OOS,1,RANGE_CANDIDATE,0.9894581367,0.9894581367,16.160374578
2026-06-15 12:00:00.000 Z,2026-06-15 16:00:00.000 Z,ETH,REGIME_OOS,0,OTHER,0.994020417,0.004337437598,19.353351332
2026-06-15 16:00:00.000 Z,2026-06-15 20:00:00.000 Z,ETH,REGIME_OOS,0,OTHER,0.9998720808,3.103680241e-05,22.318258318
2026-06-15 20:00:00.000 Z,2026-06-16 00:00:00.000 Z,ETH,REGIME_OOS,0,OTHER,0.9826919879,0.01705365091,23.730969455
2026-06-16 00:00:00.000 Z,2026-06-16 04:00:00.000 Z,ETH,REGIME_OOS,0,OTHER,0.9897150606,0.01009363459,24.342182692
2026-06-16 04:00:00.000 Z,2026-06-16 08:00:00.000 Z,ETH,REGIME_OOS,0,OTHER,0.9919737683,0.007864697675,24.681264685
2026-06-16 08:00:00.000 Z,2026-06-16 12:00:00.000 Z,ETH,REGIME_OOS,0,OTHER,0.9873075167,0.01249280436,25.482917578
2026-06-16 12:00:00.000 Z,2026-06-16 16:00:00.000 Z,ETH,REGIME_OOS,0,OTHER,0.9785807845,0.02092901397,26.764997921
2026-06-16 16:00:00.000 Z,2026-06-16 20:00:00.000 Z,ETH,REGIME_OOS,0,OTHER,0.9816529107,0.01802471831,27.955501097
2026-06-16 20:00:00.000 Z,2026-06-17 00:00:00.000 Z,ETH,REGIME_OOS,0,OTHER,0.9943299671,0.005495025926,29.060968331
2026-06-17 00:00:00.000 Z,2026-06-17 04:00:00.000 Z,ETH,REGIME_OOS,0,OTHER,0.9871718769,0.01255141931,30.275827164
2026-06-17 04:00:00.000 Z,2026-06-17 08:00:00.000 Z,ETH,REGIME_OOS,0,OTHER,0.9889071349,0.0108487885,31.280674676
2026-06-17 08:00:00.000 Z,2026-06-17 12:00:00.000 Z,ETH,REGIME_OOS,0,OTHER,0.9738167351,0.02574568558,31.326746185
2026-06-17 12:00:00.000 Z,2026-06-17 16:00:00.000 Z,ETH,REGIME_OOS,0,OTHER,0.974887916,0.02489326658,30.5705028
2026-06-17 16:00:00.000 Z,2026-06-17 20:00:00.000 Z,ETH,REGIME_OOS,0,OTHER,0.8939122641,0.1052664033,30.341997858
2026-06-17 20:00:00.000 Z,2026-06-18 00:00:00.000 Z,ETH,REGIME_OOS,0,OTHER,0.8491279899,0.150508211,29.977312333
2026-06-18 00:00:00.000 Z,2026-06-18 04:00:00.000 Z,ETH,REGIME_OOS,0,OTHER,0.696044388,0.3035473425,29.949928035
2026-06-18 04:00:00.000 Z,2026-06-18 08:00:00.000 Z,ETH,REGIME_OOS,1,RANGE_CANDIDATE,0.534434854,0.534434854,29.047841275
2026-06-18 08:00:00.000 Z,2026-06-18 12:00:00.000 Z,ETH,REGIME_OOS,1,RANGE_CANDIDATE,0.8507360855,0.8507360855,28.225208982
2026-06-18 12:00:00.000 Z,2026-06-18 16:00:00.000 Z,ETH,REGIME_OOS,1,RANGE_CANDIDATE,0.967802524,0.967802524,27.072406496
2026-06-18 16:00:00.000 Z,2026-06-18 20:00:00.000 Z,ETH,REGIME_OOS,1,RANGE_CANDIDATE,0.992047878,0.992047878,26.216064052
2026-06-18 20:00:00.000 Z,2026-06-19 00:00:00.000 Z,ETH,REGIME_OOS,1,RANGE_CANDIDATE,0.9973349697,0.9973349697,25.077419166
2026-06-19 00:00:00.000 Z,2026-06-19 04:00:00.000 Z,ETH,REGIME_OOS,1,RANGE_CANDIDATE,0.998649253,0.998649253,24.549255743
2026-06-19 04:00:00.000 Z,2026-06-19 08:00:00.000 Z,ETH,REGIME_OOS,1,RANGE_CANDIDATE,0.9988460682,0.9988460682,24.05881828
2026-06-19 08:00:00.000 Z,2026-06-19 12:00:00.000 Z,ETH,REGIME_OOS,1,RANGE_CANDIDATE,0.9991419626,0.9991419626,23.603412063
2026-06-19 12:00:00.000 Z,2026-06-19 16:00:00.000 Z,ETH,REGIME_OOS,1,RANGE_CANDIDATE,0.9986870792,0.9986870792,22.666539838
2026-06-19 16:00:00.000 Z,2026-06-19 20:00:00.000 Z,ETH,REGIME_OOS,1,RANGE_CANDIDATE,0.9993794399,0.9993794399,21.796587057
2026-06-19 20:00:00.000 Z,2026-06-20 00:00:00.000 Z,ETH,REGIME_OOS,1,RANGE_CANDIDATE,0.9998703858,0.9998703858,20.988773761
2026-06-20 12:00:00.000 Z,2026-06-20 16:00:00.000 Z,ETH,REGIME_OOS,1,RANGE_CANDIDATE,0.9976935116,0.9976935116,18.7541186
2026-06-20 16:00:00.000 Z,2026-06-20 20:00:00.000 Z,ETH,REGIME_OOS,1,RANGE_CANDIDATE,0.9999167531,0.9999167531,17.976234195
2026-06-21 08:00:00.000 Z,2026-06-21 12:00:00.000 Z,ETH,REGIME_OOS,1,RANGE_CANDIDATE,0.9989260792,0.9989260792,17.071590765
2026-06-21 12:00:00.000 Z,2026-06-21 16:00:00.000 Z,ETH,REGIME_OOS,1,RANGE_CANDIDATE,0.9999605864,0.9999605864,17.088036116
2026-06-21 16:00:00.000 Z,2026-06-21 20:00:00.000 Z,ETH,REGIME_OOS,1,RANGE_CANDIDATE,0.9999726002,0.9999726002,16.294656424
2026-06-21 20:00:00.000 Z,2026-06-22 00:00:00.000 Z,ETH,REGIME_OOS,1,RANGE_CANDIDATE,0.9999589502,0.9999589502,16.375341691
2026-06-22 00:00:00.000 Z,2026-06-22 04:00:00.000 Z,ETH,REGIME_OOS,1,RANGE_CANDIDATE,0.9999605631,0.9999605631,15.651026233
2026-06-22 04:00:00.000 Z,2026-06-22 08:00:00.000 Z,ETH,REGIME_OOS,1,RANGE_CANDIDATE,0.9999684329,0.9999684329,14.978447593
2026-06-22 08:00:00.000 Z,2026-06-22 12:00:00.000 Z,ETH,REGIME_OOS,1,RANGE_CANDIDATE,0.9999571495,0.9999571495,15.189945994
2026-06-22 12:00:00.000 Z,2026-06-22 16:00:00.000 Z,ETH,REGIME_OOS,1,RANGE_CANDIDATE,0.9999642056,0.9999642056,15.565127853
2026-06-22 16:00:00.000 Z,2026-06-22 20:00:00.000 Z,ETH,REGIME_OOS,1,RANGE_CANDIDATE,0.9999659619,0.9999659619,15.271609271
2026-06-22 20:00:00.000 Z,2026-06-23 00:00:00.000 Z,ETH,REGIME_OOS,1,RANGE_CANDIDATE,0.9999601183,0.9999601183,14.468340251
2026-06-23 00:00:00.000 Z,2026-06-23 04:00:00.000 Z,ETH,REGIME_OOS,1,RANGE_CANDIDATE,0.9999682978,0.9999682978,13.72244759
2026-06-23 04:00:00.000 Z,2026-06-23 08:00:00.000 Z,ETH,REGIME_OOS,1,RANGE_CANDIDATE,0.9998656158,0.9998656158,13.94682771
2026-06-23 08:00:00.000 Z,2026-06-23 12:00:00.000 Z,ETH,REGIME_OOS,1,RANGE_CANDIDATE,0.999691142,0.999691142,15.33048343
2026-06-23 12:00:00.000 Z,2026-06-23 16:00:00.000 Z,ETH,REGIME_OOS,1,RANGE_CANDIDATE,0.9997864728,0.9997864728,16.615306598
2026-06-23 16:00:00.000 Z,2026-06-23 20:00:00.000 Z,ETH,REGIME_OOS,1,RANGE_CANDIDATE,0.9998664172,0.9998664172,17.735242517
2026-06-23 20:00:00.000 Z,2026-06-24 00:00:00.000 Z,ETH,REGIME_OOS,1,RANGE_CANDIDATE,0.9998879277,0.9998879277,18.775183014
2026-06-24 00:00:00.000 Z,2026-06-24 04:00:00.000 Z,ETH,REGIME_OOS,1,RANGE_CANDIDATE,0.9998747293,0.9998747293,19.286929513
2026-06-24 04:00:00.000 Z,2026-06-24 08:00:00.000 Z,ETH,REGIME_OOS,1,RANGE_CANDIDATE,0.999958683,0.999958683,19.762122691
2026-06-24 08:00:00.000 Z,2026-06-24 12:00:00.000 Z,ETH,REGIME_OOS,1,RANGE_CANDIDATE,0.9999499093,0.9999499093,19.522202419
2026-06-24 12:00:00.000 Z,2026-06-24 16:00:00.000 Z,ETH,REGIME_OOS,1,RANGE_CANDIDATE,0.9997893402,0.9997893402,20.510512431
2026-06-24 16:00:00.000 Z,2026-06-24 20:00:00.000 Z,ETH,REGIME_OOS,1,RANGE_CANDIDATE,0.9973944372,0.9973944372,22.676998068
2026-06-24 20:00:00.000 Z,2026-06-25 00:00:00.000 Z,ETH,REGIME_OOS,1,RANGE_CANDIDATE,0.9988702852,0.9988702852,24.688734731
2026-06-25 00:00:00.000 Z,2026-06-25 04:00:00.000 Z,ETH,REGIME_OOS,1,RANGE_CANDIDATE,0.9980058474,0.9980058474,26.556775918
2026-06-25 04:00:00.000 Z,2026-06-25 08:00:00.000 Z,ETH,REGIME_OOS,1,RANGE_CANDIDATE,0.9987928213,0.9987928213,26.643207492
2026-06-25 08:00:00.000 Z,2026-06-25 12:00:00.000 Z,ETH,REGIME_OOS,1,RANGE_CANDIDATE,0.9974331817,0.9974331817,26.70203807
2026-06-25 12:00:00.000 Z,2026-06-25 16:00:00.000 Z,ETH,REGIME_OOS,1,RANGE_CANDIDATE,0.9506934753,0.9506934753,28.443918204
2026-06-25 16:00:00.000 Z,2026-06-25 20:00:00.000 Z,ETH,REGIME_OOS,1,RANGE_CANDIDATE,0.7048629845,0.7048629845,30.061378329
2026-06-25 20:00:00.000 Z,2026-06-26 00:00:00.000 Z,ETH,REGIME_OOS,2,OTHER,0.8402810873,0.15831281,31.563305588
2026-06-26 00:00:00.000 Z,2026-06-26 04:00:00.000 Z,ETH,REGIME_OOS,2,OTHER,0.9957214535,0.003933928153,33.493428612
2026-06-26 04:00:00.000 Z,2026-06-26 08:00:00.000 Z,ETH,REGIME_OOS,2,OTHER,0.9979669885,0.001687243943,34.507255544
2026-06-26 08:00:00.000 Z,2026-06-26 12:00:00.000 Z,ETH,REGIME_OOS,2,OTHER,0.9996000302,0.0002574193592,35.49892199
2026-06-26 12:00:00.000 Z,2026-06-26 16:00:00.000 Z,ETH,REGIME_OOS,2,OTHER,0.9980430677,0.001454749563,36.701539558
2026-06-27 16:00:00.000 Z,2026-06-27 20:00:00.000 Z,ETH,REGIME_OOS,2,OTHER,0.9195807296,0.06463819224,36.81522663
2026-06-27 20:00:00.000 Z,2026-06-28 00:00:00.000 Z,ETH,REGIME_OOS,2,OTHER,0.9961173317,0.003025576959,37.089182544
2026-06-28 00:00:00.000 Z,2026-06-28 04:00:00.000 Z,ETH,REGIME_OOS,2,OTHER,0.9986045362,0.001074631147,37.343570178
2026-06-28 12:00:00.000 Z,2026-06-28 16:00:00.000 Z,ETH,REGIME_OOS,2,OTHER,0.9540634125,0.03850791273,37.465672443
2026-06-28 16:00:00.000 Z,2026-06-28 20:00:00.000 Z,ETH,REGIME_OOS,2,OTHER,0.9984216691,0.001400028156,37.855828083
2026-06-28 20:00:00.000 Z,2026-06-29 00:00:00.000 Z,ETH,REGIME_OOS,2,OTHER,0.9975019861,0.002181048219,38.426134935
2026-06-29 00:00:00.000 Z,2026-06-29 04:00:00.000 Z,ETH,REGIME_OOS,2,OTHER,0.9960941523,0.00340241728,38.562252939
2026-06-29 04:00:00.000 Z,2026-06-29 08:00:00.000 Z,ETH,REGIME_OOS,2,OTHER,0.9879251684,0.01095737067,38.688648227
2026-06-29 08:00:00.000 Z,2026-06-29 12:00:00.000 Z,ETH,REGIME_OOS,2,OTHER,0.9824912747,0.01621878044,38.806015281
2026-06-29 12:00:00.000 Z,2026-06-29 16:00:00.000 Z,ETH,REGIME_OOS,2,OTHER,0.9834359024,0.01530969852,39.24857163
2026-06-29 16:00:00.000 Z,2026-06-29 20:00:00.000 Z,ETH,REGIME_OOS,2,OTHER,0.9708399014,0.02447978967,37.528150215
2026-06-29 20:00:00.000 Z,2026-06-30 00:00:00.000 Z,ETH,REGIME_OOS,2,OTHER,0.9012081202,0.09493620585,35.930616044
2026-06-30 00:00:00.000 Z,2026-06-30 04:00:00.000 Z,ETH,REGIME_OOS,2,OTHER,0.7884860526,0.209447216,35.182134955
2026-06-30 04:00:00.000 Z,2026-06-30 08:00:00.000 Z,ETH,REGIME_OOS,2,OTHER,0.5707774569,0.4271016904,34.669042177
2026-06-30 08:00:00.000 Z,2026-06-30 12:00:00.000 Z,ETH,REGIME_OOS,1,RANGE_CANDIDATE,0.6023213008,0.6023213008,34.278475638
2026-06-30 12:00:00.000 Z,2026-06-30 16:00:00.000 Z,ETH,REGIME_OOS,1,RANGE_CANDIDATE,0.878094031,0.878094031,34.59767209
2026-06-30 16:00:00.000 Z,2026-06-30 20:00:00.000 Z,ETH,REGIME_OOS,1,RANGE_CANDIDATE,0.9728089911,0.9728089911,34.651105517
2026-06-30 20:00:00.000 Z,2026-07-01 00:00:00.000 Z,ETH,REGIME_OOS,1,RANGE_CANDIDATE,0.9883321246,0.9883321246,34.644333514
2026-07-01 00:00:00.000 Z,2026-07-01 04:00:00.000 Z,ETH,REGIME_OOS,1,RANGE_CANDIDATE,0.9967836675,0.9967836675,33.710740723
2026-07-01 04:00:00.000 Z,2026-07-01 08:00:00.000 Z,ETH,REGIME_OOS,1,RANGE_CANDIDATE,0.9968084029,0.9968084029,32.611386126
2026-07-01 08:00:00.000 Z,2026-07-01 12:00:00.000 Z,ETH,REGIME_OOS,1,RANGE_CANDIDATE,0.9984535501,0.9984535501,31.73631879
2026-07-01 12:00:00.000 Z,2026-07-01 16:00:00.000 Z,ETH,REGIME_OOS,1,RANGE_CANDIDATE,0.9973129433,0.9973129433,30.113391321
2026-07-01 16:00:00.000 Z,2026-07-01 20:00:00.000 Z,ETH,REGIME_OOS,1,RANGE_CANDIDATE,0.9988336433,0.9988336433,28.606387242
2026-07-01 20:00:00.000 Z,2026-07-02 00:00:00.000 Z,ETH,REGIME_OOS,1,RANGE_CANDIDATE,0.9995725805,0.9995725805,27.783304295
2026-07-02 00:00:00.000 Z,2026-07-02 04:00:00.000 Z,ETH,REGIME_OOS,1,RANGE_CANDIDATE,0.9985777815,0.9985777815,26.454810335
2026-07-02 04:00:00.000 Z,2026-07-02 08:00:00.000 Z,ETH,REGIME_OOS,1,RANGE_CANDIDATE,0.9997394832,0.9997394832,25.221208801
2026-07-02 08:00:00.000 Z,2026-07-02 12:00:00.000 Z,ETH,REGIME_OOS,1,RANGE_CANDIDATE,0.9940261545,0.9940261545,24.598366804
2026-07-02 12:00:00.000 Z,2026-07-02 16:00:00.000 Z,ETH,REGIME_OOS,1,RANGE_CANDIDATE,0.9617164242,0.9617164242,25.860259102
2026-07-02 16:00:00.000 Z,2026-07-02 20:00:00.000 Z,ETH,REGIME_OOS,1,RANGE_CANDIDATE,0.9745304273,0.9745304273,27.032016236
2026-07-02 20:00:00.000 Z,2026-07-03 00:00:00.000 Z,ETH,REGIME_OOS,1,RANGE_CANDIDATE,0.8244460202,0.8244460202,28.120076433
2026-07-03 00:00:00.000 Z,2026-07-03 04:00:00.000 Z,ETH,REGIME_OOS,1,RANGE_CANDIDATE,0.5072691016,0.5072691016,29.408321118
2026-07-03 04:00:00.000 Z,2026-07-03 08:00:00.000 Z,ETH,REGIME_OOS,0,OTHER,0.9882696579,0.01121910809,30.675574457
2026-07-03 08:00:00.000 Z,2026-07-03 12:00:00.000 Z,ETH,REGIME_OOS,0,OTHER,0.9996853922,0.0001492456772,32.330073254
2026-07-03 12:00:00.000 Z,2026-07-03 16:00:00.000 Z,ETH,REGIME_OOS,0,OTHER,0.9994787826,0.0003167658323,33.935411765
2026-07-03 16:00:00.000 Z,2026-07-03 20:00:00.000 Z,ETH,REGIME_OOS,0,OTHER,0.9999072888,1.272975013e-05,35.364117336
2026-07-03 20:00:00.000 Z,2026-07-04 00:00:00.000 Z,ETH,REGIME_OOS,0,OTHER,0.9999370053,2.449244759e-06,37.045130896
2026-07-04 16:00:00.000 Z,2026-07-04 20:00:00.000 Z,ETH,REGIME_OOS,0,OTHER,0.9994859105,1.187204296e-07,40.881230849
2026-07-04 20:00:00.000 Z,2026-07-05 00:00:00.000 Z,ETH,REGIME_OOS,0,OTHER,0.99996733,2.118880638e-08,42.09284916
2026-07-05 00:00:00.000 Z,2026-07-05 04:00:00.000 Z,ETH,REGIME_OOS,0,OTHER,0.9999650122,6.8168997e-08,42.324327121
2026-07-05 04:00:00.000 Z,2026-07-05 08:00:00.000 Z,ETH,REGIME_OOS,0,OTHER,0.9999371538,9.076003587e-07,42.539270942
2026-07-05 08:00:00.000 Z,2026-07-05 12:00:00.000 Z,ETH,REGIME_OOS,0,OTHER,0.9999467974,1.345435213e-06,42.083290725
2026-07-05 12:00:00.000 Z,2026-07-05 16:00:00.000 Z,ETH,REGIME_OOS,0,OTHER,0.9999692944,5.363590843e-07,41.849056845
2026-07-05 16:00:00.000 Z,2026-07-05 20:00:00.000 Z,ETH,REGIME_OOS,0,OTHER,0.999973434,8.646825133e-07,41.805660177
2026-07-05 20:00:00.000 Z,2026-07-06 00:00:00.000 Z,ETH,REGIME_OOS,0,OTHER,0.9999866734,2.18476555e-07,42.328856616
2026-07-06 00:00:00.000 Z,2026-07-06 04:00:00.000 Z,ETH,REGIME_OOS,0,OTHER,0.9999903312,1.493796721e-07,42.621627665
2026-07-06 04:00:00.000 Z,2026-07-06 08:00:00.000 Z,ETH,REGIME_OOS,0,OTHER,0.9999807295,1.200642873e-06,42.376053043
2026-07-06 08:00:00.000 Z,2026-07-06 12:00:00.000 Z,ETH,REGIME_OOS,0,OTHER,0.9999771049,2.535943547e-06,41.469436069
2026-07-06 12:00:00.000 Z,2026-07-06 16:00:00.000 Z,ETH,REGIME_OOS,0,OTHER,0.9999777519,5.839658179e-06,39.234004201
2026-07-06 16:00:00.000 Z,2026-07-06 20:00:00.000 Z,ETH,REGIME_OOS,0,OTHER,0.9999854604,3.445213225e-06,37.746187329
2026-07-06 20:00:00.000 Z,2026-07-07 00:00:00.000 Z,ETH,REGIME_OOS,0,OTHER,0.999989255,1.952869345e-06,36.97337032
2026-07-07 00:00:00.000 Z,2026-07-07 04:00:00.000 Z,ETH,REGIME_OOS,0,OTHER,0.9995800874,0.0003654328782,35.381580592
2026-07-07 04:00:00.000 Z,2026-07-07 08:00:00.000 Z,ETH,REGIME_OOS,0,OTHER,0.9988940442,0.001045524788,33.386539155
2026-07-07 08:00:00.000 Z,2026-07-07 12:00:00.000 Z,ETH,REGIME_OOS,0,OTHER,0.99930695,0.0006538668518,31.644436533
2026-07-07 12:00:00.000 Z,2026-07-07 16:00:00.000 Z,ETH,REGIME_OOS,0,OTHER,0.9975401261,0.002397852887,30.67590748
2026-07-07 16:00:00.000 Z,2026-07-07 20:00:00.000 Z,ETH,REGIME_OOS,0,OTHER,0.9983641861,0.001584794564,30.098012139
2026-07-07 20:00:00.000 Z,2026-07-08 00:00:00.000 Z,ETH,REGIME_OOS,0,OTHER,0.9685551247,0.03124205799,29.261216855
2026-07-08 00:00:00.000 Z,2026-07-08 04:00:00.000 Z,ETH,REGIME_OOS,0,OTHER,0.5286287309,0.4708763677,27.298679174
2026-07-08 04:00:00.000 Z,2026-07-08 08:00:00.000 Z,ETH,REGIME_OOS,1,RANGE_CANDIDATE,0.9337516859,0.9337516859,25.476322757
2026-07-08 08:00:00.000 Z,2026-07-08 12:00:00.000 Z,ETH,REGIME_OOS,1,RANGE_CANDIDATE,0.9959462367,0.9959462367,24.305964771
2026-07-08 12:00:00.000 Z,2026-07-08 16:00:00.000 Z,ETH,REGIME_OOS,1,RANGE_CANDIDATE,0.9989468124,0.9989468124,23.681893562
2026-07-08 16:00:00.000 Z,2026-07-08 20:00:00.000 Z,ETH,REGIME_OOS,1,RANGE_CANDIDATE,0.9994155889,0.9994155889,23.102398868
2026-07-08 20:00:00.000 Z,2026-07-09 00:00:00.000 Z,ETH,REGIME_OOS,1,RANGE_CANDIDATE,0.9997308167,0.9997308167,22.564296652
2026-07-09 00:00:00.000 Z,2026-07-09 04:00:00.000 Z,ETH,REGIME_OOS,1,RANGE_CANDIDATE,0.9998195497,0.9998195497,22.486967064
2026-07-09 04:00:00.000 Z,2026-07-09 08:00:00.000 Z,ETH,REGIME_OOS,1,RANGE_CANDIDATE,0.9998431614,0.9998431614,22.017787085
2026-07-09 08:00:00.000 Z,2026-07-09 12:00:00.000 Z,ETH,REGIME_OOS,1,RANGE_CANDIDATE,0.9999084554,0.9999084554,21.582119963
2026-07-09 12:00:00.000 Z,2026-07-09 16:00:00.000 Z,ETH,REGIME_OOS,1,RANGE_CANDIDATE,0.9999217255,0.9999217255,21.561469766
2026-07-09 16:00:00.000 Z,2026-07-09 20:00:00.000 Z,ETH,REGIME_OOS,1,RANGE_CANDIDATE,0.9999427278,0.9999427278,21.013415117
2026-07-09 20:00:00.000 Z,2026-07-10 00:00:00.000 Z,ETH,REGIME_OOS,1,RANGE_CANDIDATE,0.9999556901,0.9999556901,20.504507229
2026-07-10 00:00:00.000 Z,2026-07-10 04:00:00.000 Z,ETH,REGIME_OOS,1,RANGE_CANDIDATE,0.9999085171,0.9999085171,19.738589016
2026-07-10 04:00:00.000 Z,2026-07-10 08:00:00.000 Z,ETH,REGIME_OOS,1,RANGE_CANDIDATE,0.9999542509,0.9999542509,19.050192903
2026-07-10 08:00:00.000 Z,2026-07-10 12:00:00.000 Z,ETH,REGIME_OOS,1,RANGE_CANDIDATE,0.9998699817,0.9998699817,19.386752447
2026-07-10 12:00:00.000 Z,2026-07-10 16:00:00.000 Z,ETH,REGIME_OOS,1,RANGE_CANDIDATE,0.9999121691,0.9999121691,20.020438297
2026-07-10 16:00:00.000 Z,2026-07-10 20:00:00.000 Z,ETH,REGIME_OOS,1,RANGE_CANDIDATE,0.9999347142,0.9999347142,20.608860871
2026-07-10 20:00:00.000 Z,2026-07-11 00:00:00.000 Z,ETH,REGIME_OOS,1,RANGE_CANDIDATE,0.9999258823,0.9999258823,21.155253262
2026-07-11 12:00:00.000 Z,2026-07-11 16:00:00.000 Z,ETH,REGIME_OOS,1,RANGE_CANDIDATE,0.9988068978,0.9988068978,23.387363914
2026-07-11 16:00:00.000 Z,2026-07-11 20:00:00.000 Z,ETH,REGIME_OOS,1,RANGE_CANDIDATE,0.999805325,0.999805325,24.857227171
2026-07-11 20:00:00.000 Z,2026-07-12 00:00:00.000 Z,ETH,REGIME_OOS,1,RANGE_CANDIDATE,0.9999421608,0.9999421608,24.482597304
2026-07-12 00:00:00.000 Z,2026-07-12 04:00:00.000 Z,ETH,REGIME_OOS,1,RANGE_CANDIDATE,0.9999373284,0.9999373284,23.727821602
2026-07-12 04:00:00.000 Z,2026-07-12 08:00:00.000 Z,ETH,REGIME_OOS,1,RANGE_CANDIDATE,0.999956223,0.999956223,23.026958449
2026-07-12 08:00:00.000 Z,2026-07-12 12:00:00.000 Z,ETH,REGIME_OOS,1,RANGE_CANDIDATE,0.9999355577,0.9999355577,22.400321123
2026-07-12 12:00:00.000 Z,2026-07-12 16:00:00.000 Z,ETH,REGIME_OOS,1,RANGE_CANDIDATE,0.9999108673,0.9999108673,22.647662174
2026-07-12 16:00:00.000 Z,2026-07-12 20:00:00.000 Z,ETH,REGIME_OOS,1,RANGE_CANDIDATE,0.999924221,0.999924221,22.877336008
2026-07-12 20:00:00.000 Z,2026-07-13 00:00:00.000 Z,ETH,REGIME_OOS,1,RANGE_CANDIDATE,0.9999489059,0.9999489059,21.813956446
2026-07-13 00:00:00.000 Z,2026-07-13 04:00:00.000 Z,ETH,REGIME_OOS,1,RANGE_CANDIDATE,0.9999591478,0.9999591478,21.939646302
2026-07-13 04:00:00.000 Z,2026-07-13 08:00:00.000 Z,ETH,REGIME_OOS,1,RANGE_CANDIDATE,0.9999461527,0.9999461527,21.874422691
2026-07-13 08:00:00.000 Z,2026-07-13 12:00:00.000 Z,ETH,REGIME_OOS,1,RANGE_CANDIDATE,0.9999289395,0.9999289395,21.916308995
2026-07-13 12:00:00.000 Z,2026-07-13 16:00:00.000 Z,ETH,REGIME_OOS,1,RANGE_CANDIDATE,0.9999280024,0.9999280024,20.98206213
2026-07-13 16:00:00.000 Z,2026-07-13 20:00:00.000 Z,ETH,REGIME_OOS,1,RANGE_CANDIDATE,0.999929676,0.999929676,19.498176239
2026-07-13 20:00:00.000 Z,2026-07-14 00:00:00.000 Z,ETH,REGIME_OOS,1,RANGE_CANDIDATE,0.9999110226,0.9999110226,18.120282198
2026-07-14 00:00:00.000 Z,2026-07-14 04:00:00.000 Z,ETH,REGIME_OOS,1,RANGE_CANDIDATE,0.9999319834,0.9999319834,17.737638107
2026-07-14 04:00:00.000 Z,2026-07-14 08:00:00.000 Z,ETH,REGIME_OOS,1,RANGE_CANDIDATE,0.9999433652,0.9999433652,17.382325737
2026-07-14 08:00:00.000 Z,2026-07-14 12:00:00.000 Z,ETH,REGIME_OOS,1,RANGE_CANDIDATE,0.9998784473,0.9998784473,17.541180894
2026-07-14 12:00:00.000 Z,2026-07-14 16:00:00.000 Z,ETH,REGIME_OOS,1,RANGE_CANDIDATE,0.9949377377,0.9949377377,20.045087966
2026-07-14 16:00:00.000 Z,2026-07-14 20:00:00.000 Z,ETH,REGIME_OOS,1,RANGE_CANDIDATE,0.9884601843,0.9884601843,22.370144534
2026-07-14 20:00:00.000 Z,2026-07-15 00:00:00.000 Z,ETH,REGIME_OOS,1,RANGE_CANDIDATE,0.9292754893,0.9292754893,24.779292706
2026-07-15 00:00:00.000 Z,2026-07-15 04:00:00.000 Z,ETH,REGIME_OOS,1,RANGE_CANDIDATE,0.9567541982,0.9567541982,26.60392207
2026-07-15 04:00:00.000 Z,2026-07-15 08:00:00.000 Z,ETH,REGIME_OOS,1,RANGE_CANDIDATE,0.952940967,0.952940967,28.267755095
2026-07-15 08:00:00.000 Z,2026-07-15 12:00:00.000 Z,ETH,REGIME_OOS,1,RANGE_CANDIDATE,0.9505366103,0.9505366103,29.812742904
2026-07-15 12:00:00.000 Z,2026-07-15 16:00:00.000 Z,ETH,REGIME_OOS,1,RANGE_CANDIDATE,0.6784570199,0.6784570199,32.248320033
2026-07-15 16:00:00.000 Z,2026-07-15 20:00:00.000 Z,ETH,REGIME_OOS,0,OTHER,0.6697606126,0.329210102,34.509927366
2026-07-15 20:00:00.000 Z,2026-07-16 00:00:00.000 Z,ETH,REGIME_OOS,0,OTHER,0.9583742344,0.04089812252,36.609991319
2026-07-16 00:00:00.000 Z,2026-07-16 04:00:00.000 Z,ETH,REGIME_OOS,0,OTHER,0.9968939825,0.002632978641,38.094118352
2026-07-16 04:00:00.000 Z,2026-07-16 08:00:00.000 Z,ETH,REGIME_OOS,0,OTHER,0.9981611878,0.001294534671,39.236387982
2026-07-16 08:00:00.000 Z,2026-07-16 12:00:00.000 Z,ETH,REGIME_OOS,0,OTHER,0.9926697867,0.00633968693,38.561602704
2026-07-16 12:00:00.000 Z,2026-07-16 16:00:00.000 Z,ETH,REGIME_OOS,0,OTHER,0.9818348984,0.01645065452,37.520170729
2026-07-16 16:00:00.000 Z,2026-07-16 20:00:00.000 Z,ETH,REGIME_OOS,0,OTHER,0.9385141789,0.05931049141,36.294197136
2026-07-16 20:00:00.000 Z,2026-07-17 00:00:00.000 Z,ETH,REGIME_OOS,0,OTHER,0.8801117152,0.1185415584,34.817728777
2026-07-17 00:00:00.000 Z,2026-07-17 04:00:00.000 Z,ETH,REGIME_OOS,0,OTHER,0.5193789927,0.4791259343,32.733850593
2026-07-17 04:00:00.000 Z,2026-07-17 08:00:00.000 Z,ETH,REGIME_OOS,1,RANGE_CANDIDATE,0.9042768589,0.9042768589,30.925326916
2026-07-17 08:00:00.000 Z,2026-07-17 12:00:00.000 Z,ETH,REGIME_OOS,1,RANGE_CANDIDATE,0.9942883594,0.9942883594,29.245983502
2026-07-17 12:00:00.000 Z,2026-07-17 16:00:00.000 Z,ETH,REGIME_OOS,1,RANGE_CANDIDATE,0.9987835939,0.9987835939,28.415139834
2026-07-17 16:00:00.000 Z,2026-07-17 20:00:00.000 Z,ETH,REGIME_OOS,1,RANGE_CANDIDATE,0.9992546949,0.9992546949,26.816071756
2026-07-17 20:00:00.000 Z,2026-07-18 00:00:00.000 Z,ETH,REGIME_OOS,1,RANGE_CANDIDATE,0.9994245399,0.9994245399,25.331222827
2026-07-18 12:00:00.000 Z,2026-07-18 16:00:00.000 Z,ETH,REGIME_OOS,1,RANGE_CANDIDATE,0.9939729944,0.9939729944,22.943816354
2026-07-18 16:00:00.000 Z,2026-07-18 20:00:00.000 Z,ETH,REGIME_OOS,1,RANGE_CANDIDATE,0.9994359037,0.9994359037,21.509956076
2026-07-18 20:00:00.000 Z,2026-07-19 00:00:00.000 Z,ETH,REGIME_OOS,1,RANGE_CANDIDATE,0.999338076,0.999338076,20.178514389
2026-07-19 00:00:00.000 Z,2026-07-19 04:00:00.000 Z,ETH,REGIME_OOS,1,RANGE_CANDIDATE,0.9994338137,0.9994338137,19.44559153
2026-07-19 04:00:00.000 Z,2026-07-19 08:00:00.000 Z,ETH,REGIME_OOS,1,RANGE_CANDIDATE,0.9996356708,0.9996356708,18.765020303
2026-07-19 08:00:00.000 Z,2026-07-19 12:00:00.000 Z,ETH,REGIME_OOS,1,RANGE_CANDIDATE,0.999719026,0.999719026,18.308629524
2026-07-19 12:00:00.000 Z,2026-07-19 16:00:00.000 Z,ETH,REGIME_OOS,1,RANGE_CANDIDATE,0.9997820703,0.9997820703,17.884838087
2026-07-19 16:00:00.000 Z,2026-07-19 20:00:00.000 Z,ETH,REGIME_OOS,1,RANGE_CANDIDATE,0.9999010385,0.9999010385,16.705673254
2026-07-19 20:00:00.000 Z,2026-07-20 00:00:00.000 Z,ETH,REGIME_OOS,1,RANGE_CANDIDATE,0.9999556774,0.9999556774,16.100157618
2026-07-20 00:00:00.000 Z,2026-07-20 04:00:00.000 Z,ETH,REGIME_OOS,1,RANGE_CANDIDATE,0.9999613843,0.9999613843,16.257070963
2026-07-20 04:00:00.000 Z,2026-07-20 08:00:00.000 Z,ETH,REGIME_OOS,1,RANGE_CANDIDATE,0.9999652769,0.9999652769,15.130688183
2026-07-20 08:00:00.000 Z,2026-07-20 12:00:00.000 Z,ETH,REGIME_OOS,1,RANGE_CANDIDATE,0.9999539878,0.9999539878,14.930794332
2026-07-20 12:00:00.000 Z,2026-07-20 16:00:00.000 Z,ETH,REGIME_OOS,1,RANGE_CANDIDATE,0.9999428426,0.9999428426,15.152564717
2026-07-20 16:00:00.000 Z,2026-07-20 20:00:00.000 Z,ETH,REGIME_OOS,1,RANGE_CANDIDATE,0.9999546647,0.9999546647,15.870689397
2026-07-20 20:00:00.000 Z,2026-07-21 00:00:00.000 Z,ETH,REGIME_OOS,1,RANGE_CANDIDATE,0.9999644494,0.9999644494,16.537519457
2026-07-21 00:00:00.000 Z,2026-07-21 04:00:00.000 Z,ETH,REGIME_OOS,1,RANGE_CANDIDATE,0.9999467691,0.9999467691,17.969786451
2026-07-21 04:00:00.000 Z,2026-07-21 08:00:00.000 Z,ETH,REGIME_OOS,1,RANGE_CANDIDATE,0.9998889306,0.9998889306,19.642810491
2026-07-21 08:00:00.000 Z,2026-07-21 12:00:00.000 Z,ETH,REGIME_OOS,1,RANGE_CANDIDATE,0.999922581,0.999922581,21.549752278
2026-07-21 12:00:00.000 Z,2026-07-21 16:00:00.000 Z,ETH,REGIME_OOS,1,RANGE_CANDIDATE,0.9999152455,0.9999152455,23.00155483
2026-07-21 16:00:00.000 Z,2026-07-21 20:00:00.000 Z,ETH,REGIME_OOS,1,RANGE_CANDIDATE,0.9998867071,0.9998867071,23.724757981
2026-07-21 20:00:00.000 Z,2026-07-22 00:00:00.000 Z,ETH,REGIME_OOS,1,RANGE_CANDIDATE,0.9998445566,0.9998445566,24.396303765
2026-07-22 00:00:00.000 Z,2026-07-22 04:00:00.000 Z,ETH,REGIME_OOS,1,RANGE_CANDIDATE,0.9998434231,0.9998434231,25.482651291
2026-07-22 04:00:00.000 Z,2026-07-22 08:00:00.000 Z,ETH,REGIME_OOS,1,RANGE_CANDIDATE,0.9998580885,0.9998580885,25.424665548
2026-07-22 08:00:00.000 Z,2026-07-22 12:00:00.000 Z,ETH,REGIME_OOS,1,RANGE_CANDIDATE,0.9997661196,0.9997661196,25.370821644
2026-07-22 12:00:00.000 Z,2026-07-22 16:00:00.000 Z,ETH,REGIME_OOS,1,RANGE_CANDIDATE,0.9991694072,0.9991694072,26.157383036
2026-07-22 16:00:00.000 Z,2026-07-22 20:00:00.000 Z,ETH,REGIME_OOS,1,RANGE_CANDIDATE,0.9995681457,0.9995681457,26.887761472
2026-07-22 20:00:00.000 Z,2026-07-23 00:00:00.000 Z,ETH,REGIME_OOS,1,RANGE_CANDIDATE,0.9992348903,0.9992348903,27.56597002
2026-07-23 00:00:00.000 Z,2026-07-23 04:00:00.000 Z,ETH,REGIME_OOS,1,RANGE_CANDIDATE,0.9995654837,0.9995654837,27.801157748
2026-07-23 04:00:00.000 Z,2026-07-23 08:00:00.000 Z,ETH,REGIME_OOS,1,RANGE_CANDIDATE,0.9995818878,0.9995818878,27.554620823
2026-07-23 08:00:00.000 Z,2026-07-23 12:00:00.000 Z,ETH,REGIME_OOS,1,RANGE_CANDIDATE,0.9994456663,0.9994456663,27.534398119
2026-07-23 12:00:00.000 Z,2026-07-23 16:00:00.000 Z,ETH,REGIME_OOS,1,RANGE_CANDIDATE,0.9997313158,0.9997313158,25.694806379
2026-07-23 16:00:00.000 Z,2026-07-23 20:00:00.000 Z,ETH,REGIME_OOS,1,RANGE_CANDIDATE,0.9998664597,0.9998664597,24.667870696
2026-07-23 20:00:00.000 Z,2026-07-24 00:00:00.000 Z,ETH,REGIME_OOS,1,RANGE_CANDIDATE,0.9998985254,0.9998985254,23.714287562
2026-07-24 00:00:00.000 Z,2026-07-24 04:00:00.000 Z,ETH,REGIME_OOS,1,RANGE_CANDIDATE,0.9999195977,0.9999195977,23.510851519
2026-07-24 04:00:00.000 Z,2026-07-24 08:00:00.000 Z,ETH,REGIME_OOS,1,RANGE_CANDIDATE,0.9999265759,0.9999265759,21.922025897
2026-07-24 08:00:00.000 Z,2026-07-24 12:00:00.000 Z,ETH,REGIME_OOS,1,RANGE_CANDIDATE,0.999946735,0.999946735,20.446687819
2026-07-24 12:00:00.000 Z,2026-07-24 16:00:00.000 Z,ETH,REGIME_OOS,1,RANGE_CANDIDATE,0.9999604968,0.9999604968,20.216379447
2026-07-24 16:00:00.000 Z,2026-07-24 20:00:00.000 Z,ETH,REGIME_OOS,1,RANGE_CANDIDATE,0.9999634499,0.9999634499,20.002521672
2026-07-24 20:00:00.000 Z,2026-07-25 00:00:00.000 Z,ETH,REGIME_OOS,1,RANGE_CANDIDATE,0.9999688551,0.9999688551,19.803939453
2026-07-25 16:00:00.000 Z,2026-07-25 20:00:00.000 Z,ETH,REGIME_OOS,1,RANGE_CANDIDATE,0.9996223374,0.9996223374,18.540023922
2026-07-25 20:00:00.000 Z,2026-07-26 00:00:00.000 Z,ETH,REGIME_OOS,1,RANGE_CANDIDATE,0.9999755952,0.9999755952,17.844709591
2026-07-26 00:00:00.000 Z,2026-07-26 04:00:00.000 Z,ETH,REGIME_OOS,1,RANGE_CANDIDATE,0.9999727675,0.9999727675,16.814853886
2026-07-26 04:00:00.000 Z,2026-07-26 08:00:00.000 Z,ETH,REGIME_OOS,1,RANGE_CANDIDATE,0.9999720734,0.9999720734,15.742452268
2026-07-26 16:00:00.000 Z,2026-07-26 20:00:00.000 Z,ETH,REGIME_OOS,1,RANGE_CANDIDATE,0.9995335528,0.9995335528,16.591436915
2026-07-26 20:00:00.000 Z,2026-07-27 00:00:00.000 Z,ETH,REGIME_OOS,1,RANGE_CANDIDATE,0.9999016343,0.9999016343,18.710463757
2026-07-27 00:00:00.000 Z,2026-07-27 04:00:00.000 Z,ETH,REGIME_OOS,1,RANGE_CANDIDATE,0.9999103233,0.9999103233,20.67813154
2026-07-27 04:00:00.000 Z,2026-07-27 08:00:00.000 Z,ETH,REGIME_OOS,1,RANGE_CANDIDATE,0.9998171558,0.9998171558,23.063863713
2026-07-27 08:00:00.000 Z,2026-07-27 12:00:00.000 Z,ETH,REGIME_OOS,1,RANGE_CANDIDATE,0.9997778102,0.9997778102,25.279186446
2026-07-27 12:00:00.000 Z,2026-07-27 16:00:00.000 Z,ETH,REGIME_OOS,1,RANGE_CANDIDATE,0.9999366734,0.9999366734,25.055398887
2026-07-27 16:00:00.000 Z,2026-07-27 20:00:00.000 Z,ETH,REGIME_OOS,1,RANGE_CANDIDATE,0.9999076114,0.9999076114,24.847596153
2026-07-27 20:00:00.000 Z,2026-07-28 00:00:00.000 Z,ETH,REGIME_OOS,1,RANGE_CANDIDATE,0.9999400274,0.9999400274,23.249926154
2026-07-28 00:00:00.000 Z,2026-07-28 04:00:00.000 Z,ETH,REGIME_OOS,1,RANGE_CANDIDATE,0.999933212,0.999933212,22.304433186
2026-07-28 04:00:00.000 Z,2026-07-28 08:00:00.000 Z,ETH,REGIME_OOS,1,RANGE_CANDIDATE,0.9999210294,0.9999210294,21.42647543
2026-07-28 08:00:00.000 Z,2026-07-28 12:00:00.000 Z,ETH,REGIME_OOS,1,RANGE_CANDIDATE,0.9999293967,0.9999293967,20.803253025
2026-07-28 12:00:00.000 Z,2026-07-28 16:00:00.000 Z,ETH,REGIME_OOS,1,RANGE_CANDIDATE,0.9999686053,0.9999686053,19.889779492
2026-07-28 16:00:00.000 Z,2026-07-28 20:00:00.000 Z,ETH,REGIME_OOS,1,RANGE_CANDIDATE,0.9999689133,0.9999689133,19.206232738
2026-07-28 20:00:00.000 Z,2026-07-29 00:00:00.000 Z,ETH,REGIME_OOS,1,RANGE_CANDIDATE,0.9999582344,0.9999582344,18.571510752
2026-07-29 00:00:00.000 Z,2026-07-29 04:00:00.000 Z,ETH,REGIME_OOS,1,RANGE_CANDIDATE,0.9999713682,0.9999713682,17.330747198
2026-07-29 04:00:00.000 Z,2026-07-29 08:00:00.000 Z,ETH,REGIME_OOS,1,RANGE_CANDIDATE,0.999936411,0.999936411,16.247862165
2026-07-29 08:00:00.000 Z,2026-07-29 12:00:00.000 Z,ETH,REGIME_OOS,1,RANGE_CANDIDATE,0.9999275321,0.9999275321,15.242326064
2026-07-29 12:00:00.000 Z,2026-07-29 16:00:00.000 Z,ETH,REGIME_OOS,1,RANGE_CANDIDATE,0.999965696,0.999965696,15.277506661
2026-07-29 16:00:00.000 Z,2026-07-29 20:00:00.000 Z,ETH,REGIME_OOS,1,RANGE_CANDIDATE,0.9999668414,0.9999668414,14.65650421
2026-07-29 20:00:00.000 Z,2026-07-30 00:00:00.000 Z,ETH,REGIME_OOS,1,RANGE_CANDIDATE,0.9999632007,0.9999632007,13.776260183
2026-07-30 00:00:00.000 Z,2026-07-30 04:00:00.000 Z,ETH,REGIME_OOS,1,RANGE_CANDIDATE,0.9999458484,0.9999458484,13.280407388
2026-07-30 04:00:00.000 Z,2026-07-30 08:00:00.000 Z,ETH,REGIME_OOS,1,RANGE_CANDIDATE,0.9999484154,0.9999484154,12.81997265
2026-07-30 08:00:00.000 Z,2026-07-30 12:00:00.000 Z,ETH,REGIME_OOS,1,RANGE_CANDIDATE,0.9999236989,0.9999236989,13.018945601
2026-07-30 12:00:00.000 Z,2026-07-30 16:00:00.000 Z,ETH,REGIME_OOS,1,RANGE_CANDIDATE,0.9999153118,0.9999153118,13.564866564
2026-07-30 16:00:00.000 Z,2026-07-30 20:00:00.000 Z,ETH,REGIME_OOS,1,RANGE_CANDIDATE,0.9999130115,0.9999130115,14.071793173
2026-07-30 20:00:00.000 Z,2026-07-31 00:00:00.000 Z,ETH,REGIME_OOS,1,RANGE_CANDIDATE,0.9999391456,0.9999391456,14.798843519
2026-07-31 00:00:00.000 Z,2026-07-31 04:00:00.000 Z,ETH,REGIME_OOS,1,RANGE_CANDIDATE,0.9999549609,0.9999549609,14.521961967
2026-07-31 04:00:00.000 Z,2026-07-31 08:00:00.000 Z,ETH,REGIME_OOS,1,RANGE_CANDIDATE,0.9999595068,0.9999595068,13.524795975
2026-07-31 08:00:00.000 Z,2026-07-31 12:00:00.000 Z,ETH,REGIME_OOS,1,RANGE_CANDIDATE,0.9999557998,0.9999557998,12.832691637
2026-07-31 12:00:00.000 Z,2026-07-31 16:00:00.000 Z,ETH,REGIME_OOS,1,RANGE_CANDIDATE,0.9999512529,0.9999512529,13.216997098
2026-08-01 20:00:00.000 Z,2026-08-02 00:00:00.000 Z,ETH,REGIME_OOS,1,RANGE_CANDIDATE,0.9987609074,0.9987609074,14.546750195
2026-08-02 00:00:00.000 Z,2026-08-02 04:00:00.000 Z,ETH,REGIME_OOS,1,RANGE_CANDIDATE,0.9999648844,0.9999648844,13.767759693
2026-08-02 04:00:00.000 Z,2026-08-02 08:00:00.000 Z,ETH,REGIME_OOS,1,RANGE_CANDIDATE,0.9999601855,0.9999601855,13.044411369
2026-08-02 08:00:00.000 Z,2026-08-02 12:00:00.000 Z,ETH,REGIME_OOS,1,RANGE_CANDIDATE,0.9999445587,0.9999445587,13.274333089
2026-08-02 12:00:00.000 Z,2026-08-02 16:00:00.000 Z,ETH,REGIME_OOS,1,RANGE_CANDIDATE,0.9999680655,0.9999680655,13.487831829
2026-08-02 16:00:00.000 Z,2026-08-02 20:00:00.000 Z,ETH,REGIME_OOS,1,RANGE_CANDIDATE,0.9999513814,0.9999513814,12.571483542
2026-08-02 20:00:00.000 Z,2026-08-03 00:00:00.000 Z,ETH,REGIME_OOS,1,RANGE_CANDIDATE,0.9999567458,0.9999567458,12.182584138
2026-08-03 00:00:00.000 Z,2026-08-03 04:00:00.000 Z,ETH,REGIME_OOS,1,RANGE_CANDIDATE,0.9999731555,0.9999731555,11.863618297
2026-08-03 04:00:00.000 Z,2026-08-03 08:00:00.000 Z,ETH,REGIME_OOS,1,RANGE_CANDIDATE,0.9999692159,0.9999692159,11.948094384
2026-08-03 08:00:00.000 Z,2026-08-03 12:00:00.000 Z,ETH,REGIME_OOS,1,RANGE_CANDIDATE,0.9999732233,0.9999732233,12.360264553
2026-08-03 12:00:00.000 Z,2026-08-03 16:00:00.000 Z,ETH,REGIME_OOS,1,RANGE_CANDIDATE,0.9999674589,0.9999674589,11.833775606
2026-08-03 16:00:00.000 Z,2026-08-03 20:00:00.000 Z,ETH,REGIME_OOS,1,RANGE_CANDIDATE,0.9999668688,0.9999668688,11.208489033
2026-08-03 20:00:00.000 Z,2026-08-04 00:00:00.000 Z,ETH,REGIME_OOS,1,RANGE_CANDIDATE,0.9999570001,0.9999570001,10.942240741
2026-08-04 00:00:00.000 Z,2026-08-04 04:00:00.000 Z,ETH,REGIME_OOS,1,RANGE_CANDIDATE,0.9999616711,0.9999616711,10.861789283
2026-08-04 04:00:00.000 Z,2026-08-04 08:00:00.000 Z,ETH,REGIME_OOS,1,RANGE_CANDIDATE,0.9999315537,0.9999315537,10.647489
2026-08-04 08:00:00.000 Z,2026-08-04 12:00:00.000 Z,ETH,REGIME_OOS,1,RANGE_CANDIDATE,0.9999219542,0.9999219542,10.469451224
2026-08-04 12:00:00.000 Z,2026-08-04 16:00:00.000 Z,ETH,REGIME_OOS,1,RANGE_CANDIDATE,0.9999373185,0.9999373185,9.950255744
2026-08-04 16:00:00.000 Z,2026-08-04 20:00:00.000 Z,ETH,REGIME_OOS,1,RANGE_CANDIDATE,0.9999326685,0.9999326685,9.315526985
2026-08-04 20:00:00.000 Z,2026-08-05 00:00:00.000 Z,ETH,REGIME_OOS,1,RANGE_CANDIDATE,0.9999169029,0.9999169029,8.726135995
2026-08-05 00:00:00.000 Z,2026-08-05 04:00:00.000 Z,ETH,REGIME_OOS,1,RANGE_CANDIDATE,0.9999080765,0.9999080765,8.502667207
2026-08-05 04:00:00.000 Z,2026-08-05 08:00:00.000 Z,ETH,REGIME_OOS,1,RANGE_CANDIDATE,0.999912116,0.999912116,8.295160475
2026-08-05 08:00:00.000 Z,2026-08-05 12:00:00.000 Z,ETH,REGIME_OOS,1,RANGE_CANDIDATE,0.9998950714,0.9998950714,8.102475653
2026-08-05 12:00:00.000 Z,2026-08-05 16:00:00.000 Z,ETH,REGIME_OOS,1,RANGE_CANDIDATE,0.9999125789,0.9999125789,8.61611002
2026-08-05 16:00:00.000 Z,2026-08-05 20:00:00.000 Z,ETH,REGIME_OOS,1,RANGE_CANDIDATE,0.9999287199,0.9999287199,9.265214153
2026-08-05 20:00:00.000 Z,2026-08-06 00:00:00.000 Z,ETH,REGIME_OOS,1,RANGE_CANDIDATE,0.9999440536,0.9999440536,9.867953706
2026-08-06 00:00:00.000 Z,2026-08-06 04:00:00.000 Z,ETH,REGIME_OOS,1,RANGE_CANDIDATE,0.9999512525,0.9999512525,9.859387628
2026-08-06 04:00:00.000 Z,2026-08-06 08:00:00.000 Z,ETH,REGIME_OOS,1,RANGE_CANDIDATE,0.9999391313,0.9999391313,10.112112377
2026-08-06 08:00:00.000 Z,2026-08-06 12:00:00.000 Z,ETH,REGIME_OOS,1,RANGE_CANDIDATE,0.9999381639,0.9999381639,10.37117782
2026-08-06 12:00:00.000 Z,2026-08-06 16:00:00.000 Z,ETH,REGIME_OOS,1,RANGE_CANDIDATE,0.9999092177,0.9999092177,10.249174362
2026-08-06 16:00:00.000 Z,2026-08-06 20:00:00.000 Z,ETH,REGIME_OOS,1,RANGE_CANDIDATE,0.9999111969,0.9999111969,10.135885437
2026-08-06 20:00:00.000 Z,2026-08-07 00:00:00.000 Z,ETH,REGIME_OOS,1,RANGE_CANDIDATE,0.9999285904,0.9999285904,9.648734266
2026-08-07 00:00:00.000 Z,2026-08-07 04:00:00.000 Z,ETH,REGIME_OOS,1,RANGE_CANDIDATE,0.9999453494,0.9999453494,9.022791444
2026-08-07 04:00:00.000 Z,2026-08-07 08:00:00.000 Z,ETH,REGIME_OOS,1,RANGE_CANDIDATE,0.9999378421,0.9999378421,8.629303761
2026-08-07 08:00:00.000 Z,2026-08-07 12:00:00.000 Z,ETH,REGIME_OOS,1,RANGE_CANDIDATE,0.9998777946,0.9998777946,8.704510904
2026-08-07 12:00:00.000 Z,2026-08-07 16:00:00.000 Z,ETH,REGIME_OOS,1,RANGE_CANDIDATE,0.9999143538,0.9999143538,10.31523362
2026-08-07 16:00:00.000 Z,2026-08-07 20:00:00.000 Z,ETH,REGIME_OOS,1,RANGE_CANDIDATE,0.9999378065,0.9999378065,11.448658554
2026-08-07 20:00:00.000 Z,2026-08-08 00:00:00.000 Z,ETH,REGIME_OOS,1,RANGE_CANDIDATE,0.9999418897,0.9999418897,12.501124564
2026-08-08 12:00:00.000 Z,2026-08-08 16:00:00.000 Z,ETH,REGIME_OOS,1,RANGE_CANDIDATE,0.9981793663,0.9981793663,16.216682199
2026-08-08 16:00:00.000 Z,2026-08-08 20:00:00.000 Z,ETH,REGIME_OOS,1,RANGE_CANDIDATE,0.9998304713,0.9998304713,17.877870665
2026-08-08 20:00:00.000 Z,2026-08-09 00:00:00.000 Z,ETH,REGIME_OOS,1,RANGE_CANDIDATE,0.999904347,0.999904347,18.983274816
2026-08-09 00:00:00.000 Z,2026-08-09 04:00:00.000 Z,ETH,REGIME_OOS,1,RANGE_CANDIDATE,0.9999050667,0.9999050667,19.49858762
2026-08-09 12:00:00.000 Z,2026-08-09 16:00:00.000 Z,ETH,REGIME_OOS,1,RANGE_CANDIDATE,0.9978150259,0.9978150259,20.840027244
2026-08-09 16:00:00.000 Z,2026-08-09 20:00:00.000 Z,ETH,REGIME_OOS,1,RANGE_CANDIDATE,0.9997997639,0.9997997639,21.264128328
2026-08-09 20:00:00.000 Z,2026-08-10 00:00:00.000 Z,ETH,REGIME_OOS,1,RANGE_CANDIDATE,0.9998723897,0.9998723897,20.381268335
2026-08-10 00:00:00.000 Z,2026-08-10 04:00:00.000 Z,ETH,REGIME_OOS,1,RANGE_CANDIDATE,0.9998698223,0.9998698223,19.40712221
2026-08-10 04:00:00.000 Z,2026-08-10 08:00:00.000 Z,ETH,REGIME_OOS,1,RANGE_CANDIDATE,0.999843682,0.999843682,18.502557952
2026-08-10 08:00:00.000 Z,2026-08-10 12:00:00.000 Z,ETH,REGIME_OOS,1,RANGE_CANDIDATE,0.9998700384,0.9998700384,17.662605426
2026-08-10 12:00:00.000 Z,2026-08-10 16:00:00.000 Z,ETH,REGIME_OOS,1,RANGE_CANDIDATE,0.9999341155,0.9999341155,18.668189948
2026-08-10 16:00:00.000 Z,2026-08-10 20:00:00.000 Z,ETH,REGIME_OOS,1,RANGE_CANDIDATE,0.9999426092,0.9999426092,19.76287447
2026-08-10 20:00:00.000 Z,2026-08-11 00:00:00.000 Z,ETH,REGIME_OOS,1,RANGE_CANDIDATE,0.9999492262,0.9999492262,20.73702997
2026-08-11 00:00:00.000 Z,2026-08-11 04:00:00.000 Z,ETH,REGIME_OOS,1,RANGE_CANDIDATE,0.999948262,0.999948262,21.664157077
2026-08-11 04:00:00.000 Z,2026-08-11 08:00:00.000 Z,ETH,REGIME_OOS,1,RANGE_CANDIDATE,0.9999455207,0.9999455207,22.52506082
2026-08-11 08:00:00.000 Z,2026-08-11 12:00:00.000 Z,ETH,REGIME_OOS,1,RANGE_CANDIDATE,0.9999598894,0.9999598894,21.972010548
2026-08-11 12:00:00.000 Z,2026-08-11 16:00:00.000 Z,ETH,REGIME_OOS,1,RANGE_CANDIDATE,0.9999596935,0.9999596935,22.612014013
2026-08-11 16:00:00.000 Z,2026-08-11 20:00:00.000 Z,ETH,REGIME_OOS,1,RANGE_CANDIDATE,0.9999577076,0.9999577076,23.206302946
2026-08-11 20:00:00.000 Z,2026-08-12 00:00:00.000 Z,ETH,REGIME_OOS,1,RANGE_CANDIDATE,0.9999539556,0.9999539556,23.625981229
2026-08-12 00:00:00.000 Z,2026-08-12 04:00:00.000 Z,ETH,REGIME_OOS,1,RANGE_CANDIDATE,0.9999538446,0.9999538446,23.832314723
2026-08-12 04:00:00.000 Z,2026-08-12 08:00:00.000 Z,ETH,REGIME_OOS,1,RANGE_CANDIDATE,0.9999545561,0.9999545561,23.435821806
2026-08-12 08:00:00.000 Z,2026-08-12 12:00:00.000 Z,ETH,REGIME_OOS,1,RANGE_CANDIDATE,0.9999549689,0.9999549689,22.16397001
2026-08-12 12:00:00.000 Z,2026-08-12 16:00:00.000 Z,ETH,REGIME_OOS,1,RANGE_CANDIDATE,0.9999590974,0.9999590974,21.501732547
2026-08-12 16:00:00.000 Z,2026-08-12 20:00:00.000 Z,ETH,REGIME_OOS,1,RANGE_CANDIDATE,0.9999715112,0.9999715112,20.398467002
2026-08-12 20:00:00.000 Z,2026-08-13 00:00:00.000 Z,ETH,REGIME_OOS,1,RANGE_CANDIDATE,0.9999716714,0.9999716714,19.16802874
2026-08-13 00:00:00.000 Z,2026-08-13 04:00:00.000 Z,ETH,REGIME_OOS,1,RANGE_CANDIDATE,0.9999722148,0.9999722148,17.884373182
2026-08-13 04:00:00.000 Z,2026-08-13 08:00:00.000 Z,ETH,REGIME_OOS,1,RANGE_CANDIDATE,0.9999718527,0.9999718527,17.554682233
2026-08-13 08:00:00.000 Z,2026-08-13 12:00:00.000 Z,ETH,REGIME_OOS,1,RANGE_CANDIDATE,0.999963098,0.999963098,16.369886998
2026-08-13 12:00:00.000 Z,2026-08-13 16:00:00.000 Z,ETH,REGIME_OOS,1,RANGE_CANDIDATE,0.9999495185,0.9999495185,15.269719994
2026-08-13 16:00:00.000 Z,2026-08-13 20:00:00.000 Z,ETH,REGIME_OOS,1,RANGE_CANDIDATE,0.9999510981,0.9999510981,15.084130518
2026-08-13 20:00:00.000 Z,2026-08-14 00:00:00.000 Z,ETH,REGIME_OOS,1,RANGE_CANDIDATE,0.9999488313,0.9999488313,14.836966165
2026-08-14 00:00:00.000 Z,2026-08-14 04:00:00.000 Z,ETH,REGIME_OOS,1,RANGE_CANDIDATE,0.9999510454,0.9999510454,14.761623243
2026-08-14 04:00:00.000 Z,2026-08-14 08:00:00.000 Z,ETH,REGIME_OOS,1,RANGE_CANDIDATE,0.9999469559,0.9999469559,15.432580731
2026-08-14 08:00:00.000 Z,2026-08-14 12:00:00.000 Z,ETH,REGIME_OOS,1,RANGE_CANDIDATE,0.999950002,0.999950002,16.109073385
2026-08-14 12:00:00.000 Z,2026-08-14 16:00:00.000 Z,ETH,REGIME_OOS,1,RANGE_CANDIDATE,0.9999497476,0.9999497476,17.083835667
2026-08-14 16:00:00.000 Z,2026-08-14 20:00:00.000 Z,ETH,REGIME_OOS,1,RANGE_CANDIDATE,0.9999487076,0.9999487076,17.608392879
2026-08-14 20:00:00.000 Z,2026-08-15 00:00:00.000 Z,ETH,REGIME_OOS,1,RANGE_CANDIDATE,0.999947147,0.999947147,18.095481718
2026-08-17 00:00:00.000 Z,2026-08-17 04:00:00.000 Z,ETH,REGIME_OOS,1,RANGE_CANDIDATE,0.9990323351,0.9990323351,18.639216674
2026-08-17 04:00:00.000 Z,2026-08-17 08:00:00.000 Z,ETH,REGIME_OOS,1,RANGE_CANDIDATE,0.9999266773,0.9999266773,17.362775384
2026-08-17 08:00:00.000 Z,2026-08-17 12:00:00.000 Z,ETH,REGIME_OOS,1,RANGE_CANDIDATE,0.9999398055,0.9999398055,16.619362411
2026-08-17 12:00:00.000 Z,2026-08-17 16:00:00.000 Z,ETH,REGIME_OOS,1,RANGE_CANDIDATE,0.999929645,0.999929645,15.484228998
2026-08-17 16:00:00.000 Z,2026-08-17 20:00:00.000 Z,ETH,REGIME_OOS,1,RANGE_CANDIDATE,0.9999512065,0.9999512065,14.430176542
2026-08-17 20:00:00.000 Z,2026-08-18 00:00:00.000 Z,ETH,REGIME_OOS,1,RANGE_CANDIDATE,0.9999141404,0.9999141404,13.788965157
2026-08-18 00:00:00.000 Z,2026-08-18 04:00:00.000 Z,ETH,REGIME_OOS,1,RANGE_CANDIDATE,0.9999609238,0.9999609238,13.754821109
2026-08-18 04:00:00.000 Z,2026-08-18 08:00:00.000 Z,ETH,REGIME_OOS,1,RANGE_CANDIDATE,0.9999595857,0.9999595857,13.723115922
2026-08-18 08:00:00.000 Z,2026-08-18 12:00:00.000 Z,ETH,REGIME_OOS,1,RANGE_CANDIDATE,0.9999597498,0.9999597498,13.69367539
2026-08-18 12:00:00.000 Z,2026-08-18 16:00:00.000 Z,ETH,REGIME_OOS,1,RANGE_CANDIDATE,0.9999555374,0.9999555374,13.204605662
2026-08-18 16:00:00.000 Z,2026-08-18 20:00:00.000 Z,ETH,REGIME_OOS,1,RANGE_CANDIDATE,0.9999605492,0.9999605492,12.784744546
2026-08-18 20:00:00.000 Z,2026-08-19 00:00:00.000 Z,ETH,REGIME_OOS,1,RANGE_CANDIDATE,0.9999520713,0.9999520713,12.39487351
2026-08-19 00:00:00.000 Z,2026-08-19 04:00:00.000 Z,ETH,REGIME_OOS,1,RANGE_CANDIDATE,0.9999367768,0.9999367768,11.520026121
2026-08-19 04:00:00.000 Z,2026-08-19 08:00:00.000 Z,ETH,REGIME_OOS,1,RANGE_CANDIDATE,0.9999266065,0.9999266065,10.915518614
2026-08-19 08:00:00.000 Z,2026-08-19 12:00:00.000 Z,ETH,REGIME_OOS,1,RANGE_CANDIDATE,0.9999233893,0.9999233893,10.986137085
2026-08-19 12:00:00.000 Z,2026-08-19 16:00:00.000 Z,ETH,REGIME_OOS,0,OTHER,0.670719926,0.326125804,15.450019773
2026-08-19 16:00:00.000 Z,2026-08-19 20:00:00.000 Z,ETH,REGIME_OOS,0,OTHER,0.9994907573,0.0002999648738,19.595053697
2026-08-19 20:00:00.000 Z,2026-08-20 00:00:00.000 Z,ETH,REGIME_OOS,0,OTHER,0.999943044,4.89780563e-17,24.381600481
2026-08-20 00:00:00.000 Z,2026-08-20 04:00:00.000 Z,ETH,REGIME_OOS,0,OTHER,0.9999160796,1.875588592e-20,28.826251066
2026-08-20 04:00:00.000 Z,2026-08-20 08:00:00.000 Z,ETH,REGIME_OOS,0,OTHER,0.9999135601,4.219044199e-23,32.95342661
2026-08-20 08:00:00.000 Z,2026-08-20 12:00:00.000 Z,ETH,REGIME_OOS,0,OTHER,0.9999070013,2.440744061e-29,36.894744445
2026-08-20 12:00:00.000 Z,2026-08-20 16:00:00.000 Z,ETH,REGIME_OOS,0,OTHER,0.9999853438,2.580729759e-29,40.598137359
2026-08-20 16:00:00.000 Z,2026-08-20 20:00:00.000 Z,ETH,REGIME_OOS,0,OTHER,0.9999807091,1.071740148e-31,44.079201747
2026-08-20 20:00:00.000 Z,2026-08-21 00:00:00.000 Z,ETH,REGIME_OOS,0,OTHER,0.9999803684,5.502733434e-32,47.185423089
2026-08-21 00:00:00.000 Z,2026-08-21 04:00:00.000 Z,ETH,REGIME_OOS,0,OTHER,0.9999847194,6.983258377e-35,50.159205706
2026-08-21 04:00:00.000 Z,2026-08-21 08:00:00.000 Z,ETH,REGIME_OOS,0,OTHER,0.9999910243,1.380025364e-38,52.960654781
2026-08-21 08:00:00.000 Z,2026-08-21 12:00:00.000 Z,ETH,REGIME_OOS,0,OTHER,0.9999912981,3.566641109e-39,55.657279286
2026-08-21 12:00:00.000 Z,2026-08-21 16:00:00.000 Z,ETH,REGIME_OOS,0,OTHER,0.9999955305,3.519408256e-41,58.161287754
2026-08-21 16:00:00.000 Z,2026-08-21 20:00:00.000 Z,ETH,REGIME_OOS,0,OTHER,0.9999975046,1.86937731e-42,60.527706907
2026-08-21 20:00:00.000 Z,2026-08-22 00:00:00.000 Z,ETH,REGIME_OOS,0,OTHER,0.9999994834,5.695576844e-50,62.883218066
2026-08-22 12:00:00.000 Z,2026-08-22 16:00:00.000 Z,ETH,REGIME_OOS,0,OTHER,0.9999798706,4.22250743e-40,66.452115083
2026-08-22 16:00:00.000 Z,2026-08-22 20:00:00.000 Z,ETH,REGIME_OOS,0,OTHER,0.9999997081,9.366979411e-41,68.070153126
2026-08-22 20:00:00.000 Z,2026-08-23 00:00:00.000 Z,ETH,REGIME_OOS,0,OTHER,0.9999997731,3.16106419e-37,69.057432396
2026-08-23 00:00:00.000 Z,2026-08-23 04:00:00.000 Z,ETH,REGIME_OOS,0,OTHER,0.9999998648,1.258196332e-34,69.974191718
2026-08-23 04:00:00.000 Z,2026-08-23 08:00:00.000 Z,ETH,REGIME_OOS,0,OTHER,0.9999996926,9.174541989e-33,69.491742753
2026-08-23 08:00:00.000 Z,2026-08-23 12:00:00.000 Z,ETH,REGIME_OOS,0,OTHER,0.9999999535,4.971133985e-34,69.237450561
2026-08-23 12:00:00.000 Z,2026-08-23 16:00:00.000 Z,ETH,REGIME_OOS,0,OTHER,0.9999999493,2.301037037e-33,69.210623229
2026-08-23 16:00:00.000 Z,2026-08-23 20:00:00.000 Z,ETH,REGIME_OOS,0,OTHER,0.999999945,4.610585799e-33,69.185712135
2026-08-23 20:00:00.000 Z,2026-08-24 00:00:00.000 Z,ETH,REGIME_OOS,0,OTHER,0.9999999459,9.802725926e-33,69.361448224
2026-08-24 00:00:00.000 Z,2026-08-24 04:00:00.000 Z,ETH,REGIME_OOS,0,OTHER,0.9999999044,1.945735392e-31,69.46867089
2026-08-24 04:00:00.000 Z,2026-08-24 08:00:00.000 Z,ETH,REGIME_OOS,0,OTHER,0.9999999258,8.999160436e-32,69.611641334
2026-08-24 08:00:00.000 Z,2026-08-24 12:00:00.000 Z,ETH,REGIME_OOS,0,OTHER,0.9999999599,1.217240797e-33,69.964265863
2026-08-24 12:00:00.000 Z,2026-08-24 16:00:00.000 Z,ETH,REGIME_OOS,0,OTHER,0.9999999433,7.164353906e-33,70.431020778
2026-08-24 16:00:00.000 Z,2026-08-24 20:00:00.000 Z,ETH,REGIME_OOS,0,OTHER,0.9999999021,2.559186472e-31,70.065350319
2026-08-24 20:00:00.000 Z,2026-08-25 00:00:00.000 Z,ETH,REGIME_OOS,0,OTHER,0.9999985589,6.801987694e-25,69.725799179
2026-08-25 00:00:00.000 Z,2026-08-25 04:00:00.000 Z,ETH,REGIME_OOS,0,OTHER,0.9999991112,6.109597268e-24,69.761335423
2026-08-25 04:00:00.000 Z,2026-08-25 08:00:00.000 Z,ETH,REGIME_OOS,0,OTHER,0.9999842059,1.467629988e-19,69.423122012
2026-08-25 08:00:00.000 Z,2026-08-25 12:00:00.000 Z,ETH,REGIME_OOS,0,OTHER,0.9999732703,2.663558188e-18,68.987936644
2026-08-25 12:00:00.000 Z,2026-08-25 16:00:00.000 Z,ETH,REGIME_OOS,0,OTHER,0.9999733223,3.281891603e-17,67.708117828
2026-08-25 16:00:00.000 Z,2026-08-25 20:00:00.000 Z,ETH,REGIME_OOS,0,OTHER,0.9999266462,1.781522336e-15,66.53250955
2026-08-25 20:00:00.000 Z,2026-08-26 00:00:00.000 Z,ETH,REGIME_OOS,0,OTHER,0.999803078,3.478919395e-13,63.416130449
2026-08-26 00:00:00.000 Z,2026-08-26 04:00:00.000 Z,ETH,REGIME_OOS,0,OTHER,0.999861058,6.723923527e-12,60.65220972
2026-08-26 04:00:00.000 Z,2026-08-26 08:00:00.000 Z,ETH,REGIME_OOS,0,OTHER,0.9998396756,1.753089618e-10,58.0857119
2026-08-26 08:00:00.000 Z,2026-08-26 12:00:00.000 Z,ETH,REGIME_OOS,0,OTHER,0.9997827368,2.899978034e-09,55.865504746
2026-08-26 12:00:00.000 Z,2026-08-26 16:00:00.000 Z,ETH,REGIME_OOS,0,OTHER,0.9995003893,7.514458663e-08,53.363684759
2026-08-26 16:00:00.000 Z,2026-08-26 20:00:00.000 Z,ETH,REGIME_OOS,0,OTHER,0.9996200069,4.950221034e-07,51.278331262
2026-08-26 20:00:00.000 Z,2026-08-27 00:00:00.000 Z,ETH,REGIME_OOS,0,OTHER,0.9997098794,1.062594979e-06,49.980709775
2026-08-27 00:00:00.000 Z,2026-08-27 04:00:00.000 Z,ETH,REGIME_OOS,0,OTHER,0.999387989,1.174026443e-05,48.775775538
2026-08-27 04:00:00.000 Z,2026-08-27 08:00:00.000 Z,ETH,REGIME_OOS,0,OTHER,0.9974938464,0.0001338457108,47.451688341
2026-08-27 08:00:00.000 Z,2026-08-27 12:00:00.000 Z,ETH,REGIME_OOS,0,OTHER,0.9988816321,7.74814667e-05,47.419045969
2026-08-27 12:00:00.000 Z,2026-08-27 16:00:00.000 Z,ETH,REGIME_OOS,0,OTHER,0.9990897727,7.620162334e-05,47.116406746
2026-08-27 16:00:00.000 Z,2026-08-27 20:00:00.000 Z,ETH,REGIME_OOS,0,OTHER,0.9967590012,0.0006300046339,46.859531586
2026-08-27 20:00:00.000 Z,2026-08-28 00:00:00.000 Z,ETH,REGIME_OOS,0,OTHER,0.996558289,0.0009204637999,46.621004652
2026-08-28 00:00:00.000 Z,2026-08-28 04:00:00.000 Z,ETH,REGIME_OOS,0,OTHER,0.9948073132,0.00151586912,46.73941784
2026-08-28 04:00:00.000 Z,2026-08-28 08:00:00.000 Z,ETH,REGIME_OOS,0,OTHER,0.9944411466,0.001712369184,46.683826139
2026-08-28 08:00:00.000 Z,2026-08-28 12:00:00.000 Z,ETH,REGIME_OOS,0,OTHER,0.9901700034,0.003237589505,46.678063168
2026-08-28 12:00:00.000 Z,2026-08-28 16:00:00.000 Z,ETH,REGIME_OOS,0,OTHER,0.9857155869,0.004094898628,46.875982875
2026-08-29 12:00:00.000 Z,2026-08-29 16:00:00.000 Z,ETH,REGIME_OOS,0,OTHER,0.4165391719,0.3029102741,44.388798054
2026-08-29 16:00:00.000 Z,2026-08-29 20:00:00.000 Z,ETH,REGIME_OOS,0,OTHER,0.5959494366,0.2738203824,43.71946341
2026-08-29 20:00:00.000 Z,2026-08-30 00:00:00.000 Z,ETH,REGIME_OOS,0,OTHER,0.5778190829,0.3417410569,43.097938384
2026-08-30 00:00:00.000 Z,2026-08-30 04:00:00.000 Z,ETH,REGIME_OOS,1,RANGE_CANDIDATE,0.5325904597,0.5325904597,42.593466575
2026-08-30 04:00:00.000 Z,2026-08-30 08:00:00.000 Z,ETH,REGIME_OOS,1,RANGE_CANDIDATE,0.7840724837,0.7840724837,41.68206801
2026-08-30 08:00:00.000 Z,2026-08-30 12:00:00.000 Z,ETH,REGIME_OOS,1,RANGE_CANDIDATE,0.9224422633,0.9224422633,40.835769342
2026-08-30 12:00:00.000 Z,2026-08-30 16:00:00.000 Z,ETH,REGIME_OOS,1,RANGE_CANDIDATE,0.9532303439,0.9532303439,40.736030695
2026-08-30 16:00:00.000 Z,2026-08-30 20:00:00.000 Z,ETH,REGIME_OOS,1,RANGE_CANDIDATE,0.9386933809,0.9386933809,41.590735481
2026-08-30 20:00:00.000 Z,2026-08-31 00:00:00.000 Z,ETH,REGIME_OOS,1,RANGE_CANDIDATE,0.9901957155,0.9901957155,38.768096014
2026-08-31 00:00:00.000 Z,2026-08-31 04:00:00.000 Z,ETH,REGIME_OOS,1,RANGE_CANDIDATE,0.9980794479,0.9980794479,36.147073651
2026-08-31 04:00:00.000 Z,2026-08-31 08:00:00.000 Z,ETH,REGIME_OOS,1,RANGE_CANDIDATE,0.999327508,0.999327508,33.880563853
2026-08-31 08:00:00.000 Z,2026-08-31 12:00:00.000 Z,ETH,REGIME_OOS,1,RANGE_CANDIDATE,0.9996417042,0.9996417042,32.085868476
2026-08-31 12:00:00.000 Z,2026-08-31 16:00:00.000 Z,ETH,REGIME_OOS,1,RANGE_CANDIDATE,0.9996927362,0.9996927362,30.910377485
2026-08-31 16:00:00.000 Z,2026-08-31 20:00:00.000 Z,ETH,REGIME_OOS,1,RANGE_CANDIDATE,0.9997767183,0.9997767183,30.120743683
2026-08-31 20:00:00.000 Z,2026-09-01 00:00:00.000 Z,ETH,REGIME_OOS,1,RANGE_CANDIDATE,0.999746963,0.999746963,29.387512296
2026-09-01 00:00:00.000 Z,2026-09-01 04:00:00.000 Z,ETH,REGIME_OOS,1,RANGE_CANDIDATE,0.9997935756,0.9997935756,28.393346447
2026-09-01 04:00:00.000 Z,2026-09-01 08:00:00.000 Z,ETH,REGIME_OOS,1,RANGE_CANDIDATE,0.9998513554,0.9998513554,27.566613346
2026-09-01 08:00:00.000 Z,2026-09-01 12:00:00.000 Z,ETH,REGIME_OOS,1,RANGE_CANDIDATE,0.9999179763,0.9999179763,25.935165608
2026-09-01 12:00:00.000 Z,2026-09-01 16:00:00.000 Z,ETH,REGIME_OOS,1,RANGE_CANDIDATE,0.9999390642,0.9999390642,24.241985887
2026-09-01 16:00:00.000 Z,2026-09-01 20:00:00.000 Z,ETH,REGIME_OOS,1,RANGE_CANDIDATE,0.9999214289,0.9999214289,23.926208569
2026-09-01 20:00:00.000 Z,2026-09-02 00:00:00.000 Z,ETH,REGIME_OOS,1,RANGE_CANDIDATE,0.9999354593,0.9999354593,23.632986774
2026-09-02 00:00:00.000 Z,2026-09-02 04:00:00.000 Z,ETH,REGIME_OOS,1,RANGE_CANDIDATE,0.9999303797,0.9999303797,23.691184647
2026-09-02 04:00:00.000 Z,2026-09-02 08:00:00.000 Z,ETH,REGIME_OOS,1,RANGE_CANDIDATE,0.9999249982,0.9999249982,23.525732271
2026-09-02 08:00:00.000 Z,2026-09-02 12:00:00.000 Z,ETH,REGIME_OOS,1,RANGE_CANDIDATE,0.9998818822,0.9998818822,24.491700698
2026-09-02 12:00:00.000 Z,2026-09-02 16:00:00.000 Z,ETH,REGIME_OOS,1,RANGE_CANDIDATE,0.9998845666,0.9998845666,25.388671381
2026-09-02 16:00:00.000 Z,2026-09-02 20:00:00.000 Z,ETH,REGIME_OOS,1,RANGE_CANDIDATE,0.9999136378,0.9999136378,26.271479339
2026-09-02 20:00:00.000 Z,2026-09-03 00:00:00.000 Z,ETH,REGIME_OOS,1,RANGE_CANDIDATE,0.9998891165,0.9998891165,27.091229585
2026-09-03 00:00:00.000 Z,2026-09-03 04:00:00.000 Z,ETH,REGIME_OOS,1,RANGE_CANDIDATE,0.9998742423,0.9998742423,27.416671963
2026-09-03 04:00:00.000 Z,2026-09-03 08:00:00.000 Z,ETH,REGIME_OOS,1,RANGE_CANDIDATE,0.9998842911,0.9998842911,27.245624521
2026-09-03 08:00:00.000 Z,2026-09-03 12:00:00.000 Z,ETH,REGIME_OOS,1,RANGE_CANDIDATE,0.9999125542,0.9999125542,27.086794754
2026-09-03 12:00:00.000 Z,2026-09-03 16:00:00.000 Z,ETH,REGIME_OOS,1,RANGE_CANDIDATE,0.9988529047,0.9988529047,26.78792793
2026-09-03 16:00:00.000 Z,2026-09-03 20:00:00.000 Z,ETH,REGIME_OOS,1,RANGE_CANDIDATE,0.9989987609,0.9989987609,26.784251551
2026-09-03 20:00:00.000 Z,2026-09-04 00:00:00.000 Z,ETH,REGIME_OOS,1,RANGE_CANDIDATE,0.9992676953,0.9992676953,26.780837771
2026-09-04 00:00:00.000 Z,2026-09-04 04:00:00.000 Z,ETH,REGIME_OOS,1,RANGE_CANDIDATE,0.9994571009,0.9994571009,26.777667833
2026-09-04 04:00:00.000 Z,2026-09-04 08:00:00.000 Z,ETH,REGIME_OOS,1,RANGE_CANDIDATE,0.9993573869,0.9993573869,26.97166242
2026-09-04 08:00:00.000 Z,2026-09-04 12:00:00.000 Z,ETH,REGIME_OOS,1,RANGE_CANDIDATE,0.9987762053,0.9987762053,27.58021087
2026-09-04 12:00:00.000 Z,2026-09-04 16:00:00.000 Z,ETH,REGIME_OOS,1,RANGE_CANDIDATE,0.9998622148,0.9998622148,25.661235951
2026-09-04 16:00:00.000 Z,2026-09-04 20:00:00.000 Z,ETH,REGIME_OOS,1,RANGE_CANDIDATE,0.9999009814,0.9999009814,23.87933067
2026-09-04 20:00:00.000 Z,2026-09-05 00:00:00.000 Z,ETH,REGIME_OOS,1,RANGE_CANDIDATE,0.9999325942,0.9999325942,22.224704337
2026-09-05 12:00:00.000 Z,2026-09-05 16:00:00.000 Z,ETH,REGIME_OOS,1,RANGE_CANDIDATE,0.9994278777,0.9994278777,19.440168729
2026-09-05 16:00:00.000 Z,2026-09-05 20:00:00.000 Z,ETH,REGIME_OOS,1,RANGE_CANDIDATE,0.9999527072,0.9999527072,18.957789054
2026-09-05 20:00:00.000 Z,2026-09-06 00:00:00.000 Z,ETH,REGIME_OOS,1,RANGE_CANDIDATE,0.9999485649,0.9999485649,18.627128018
2026-09-06 00:00:00.000 Z,2026-09-06 04:00:00.000 Z,ETH,REGIME_OOS,1,RANGE_CANDIDATE,0.9999321953,0.9999321953,18.920724201
2026-09-06 04:00:00.000 Z,2026-09-06 08:00:00.000 Z,ETH,REGIME_OOS,1,RANGE_CANDIDATE,0.9998946124,0.9998946124,19.389607378
2026-09-06 16:00:00.000 Z,2026-09-06 20:00:00.000 Z,ETH,REGIME_OOS,1,RANGE_CANDIDATE,0.9993362127,0.9993362127,17.374602847
2026-09-06 20:00:00.000 Z,2026-09-07 00:00:00.000 Z,ETH,REGIME_OOS,1,RANGE_CANDIDATE,0.9999067833,0.9999067833,17.363011619
2026-09-07 00:00:00.000 Z,2026-09-07 04:00:00.000 Z,ETH,REGIME_OOS,1,RANGE_CANDIDATE,0.9999209663,0.9999209663,17.596570104
2026-09-07 04:00:00.000 Z,2026-09-07 08:00:00.000 Z,ETH,REGIME_OOS,1,RANGE_CANDIDATE,0.9998940344,0.9998940344,16.975493624
2026-09-07 08:00:00.000 Z,2026-09-07 12:00:00.000 Z,ETH,REGIME_OOS,1,RANGE_CANDIDATE,0.9998973446,0.9998973446,16.39877975
2026-09-07 12:00:00.000 Z,2026-09-07 16:00:00.000 Z,ETH,REGIME_OOS,1,RANGE_CANDIDATE,0.9999192013,0.9999192013,15.270512541
2026-09-07 16:00:00.000 Z,2026-09-07 20:00:00.000 Z,ETH,REGIME_OOS,1,RANGE_CANDIDATE,0.9998883796,0.9998883796,14.222835846
2026-09-07 20:00:00.000 Z,2026-09-08 00:00:00.000 Z,ETH,REGIME_OOS,1,RANGE_CANDIDATE,0.9998158405,0.9998158405,13.249993201
2026-09-08 00:00:00.000 Z,2026-09-08 04:00:00.000 Z,ETH,REGIME_OOS,1,RANGE_CANDIDATE,0.9998529182,0.9998529182,12.640922546
2026-09-08 04:00:00.000 Z,2026-09-08 08:00:00.000 Z,ETH,REGIME_OOS,1,RANGE_CANDIDATE,0.9998701032,0.9998701032,12.00800324
2026-09-08 08:00:00.000 Z,2026-09-08 12:00:00.000 Z,ETH,REGIME_OOS,1,RANGE_CANDIDATE,0.9998630401,0.9998630401,11.458627508
2026-09-08 12:00:00.000 Z,2026-09-08 16:00:00.000 Z,ETH,REGIME_OOS,1,RANGE_CANDIDATE,0.9997574043,0.9997574043,11.3730448
2026-09-08 16:00:00.000 Z,2026-09-08 20:00:00.000 Z,ETH,REGIME_OOS,1,RANGE_CANDIDATE,0.9998138263,0.9998138263,11.0557628
2026-09-08 20:00:00.000 Z,2026-09-09 00:00:00.000 Z,ETH,REGIME_OOS,1,RANGE_CANDIDATE,0.9998093955,0.9998093955,10.761143801
2026-09-09 00:00:00.000 Z,2026-09-09 04:00:00.000 Z,ETH,REGIME_OOS,1,RANGE_CANDIDATE,0.9998980473,0.9998980473,10.146841344
2026-09-09 04:00:00.000 Z,2026-09-09 08:00:00.000 Z,ETH,REGIME_OOS,1,RANGE_CANDIDATE,0.9998694052,0.9998694052,9.979550773
2026-09-09 08:00:00.000 Z,2026-09-09 12:00:00.000 Z,ETH,REGIME_OOS,1,RANGE_CANDIDATE,0.9998939104,0.9998939104,9.419696359
2026-09-09 12:00:00.000 Z,2026-09-09 16:00:00.000 Z,ETH,REGIME_OOS,1,RANGE_CANDIDATE,0.9999069845,0.9999069845,9.080480634
2026-09-09 16:00:00.000 Z,2026-09-09 20:00:00.000 Z,ETH,REGIME_OOS,1,RANGE_CANDIDATE,0.9999120014,0.9999120014,9.113548851
2026-09-09 20:00:00.000 Z,2026-09-10 00:00:00.000 Z,ETH,REGIME_OOS,1,RANGE_CANDIDATE,0.999921883,0.999921883,9.816937819
2026-09-10 00:00:00.000 Z,2026-09-10 04:00:00.000 Z,ETH,REGIME_OOS,1,RANGE_CANDIDATE,0.999917392,0.999917392,10.109954649
2026-09-10 04:00:00.000 Z,2026-09-10 08:00:00.000 Z,ETH,REGIME_OOS,1,RANGE_CANDIDATE,0.999914502,0.999914502,10.095392205
2026-09-10 08:00:00.000 Z,2026-09-10 12:00:00.000 Z,ETH,REGIME_OOS,1,RANGE_CANDIDATE,0.9999164975,0.9999164975,10.335911447
2026-09-10 12:00:00.000 Z,2026-09-10 16:00:00.000 Z,ETH,REGIME_OOS,1,RANGE_CANDIDATE,0.999942902,0.999942902,12.127983129
2026-09-10 16:00:00.000 Z,2026-09-10 20:00:00.000 Z,ETH,REGIME_OOS,1,RANGE_CANDIDATE,0.9999540422,0.9999540422,13.286126334
2026-09-10 20:00:00.000 Z,2026-09-11 00:00:00.000 Z,ETH,REGIME_OOS,1,RANGE_CANDIDATE,0.9999620516,0.9999620516,14.361545024
2026-09-11 00:00:00.000 Z,2026-09-11 04:00:00.000 Z,ETH,REGIME_OOS,1,RANGE_CANDIDATE,0.9999648125,0.9999648125,15.360148094
2026-09-11 04:00:00.000 Z,2026-09-11 08:00:00.000 Z,ETH,REGIME_OOS,1,RANGE_CANDIDATE,0.9999669396,0.9999669396,15.577142814
2026-09-11 08:00:00.000 Z,2026-09-11 12:00:00.000 Z,ETH,REGIME_OOS,1,RANGE_CANDIDATE,0.9999639196,0.9999639196,15.194702444
2026-09-11 12:00:00.000 Z,2026-09-11 16:00:00.000 Z,ETH,REGIME_OOS,1,RANGE_CANDIDATE,0.9997212683,0.9997212683,17.552084381
2026-09-11 16:00:00.000 Z,2026-09-11 20:00:00.000 Z,ETH,REGIME_OOS,1,RANGE_CANDIDATE,0.9999068949,0.9999068949,19.741081894
2026-09-11 20:00:00.000 Z,2026-09-12 00:00:00.000 Z,ETH,REGIME_OOS,1,RANGE_CANDIDATE,0.9999315922,0.9999315922,20.741226448
2026-09-12 12:00:00.000 Z,2026-09-12 16:00:00.000 Z,ETH,REGIME_OOS,1,RANGE_CANDIDATE,0.9987964369,0.9987964369,22.662460837
2026-09-12 16:00:00.000 Z,2026-09-12 20:00:00.000 Z,ETH,REGIME_OOS,1,RANGE_CANDIDATE,0.999907677,0.999907677,23.139447431
2026-09-12 20:00:00.000 Z,2026-09-13 00:00:00.000 Z,ETH,REGIME_OOS,1,RANGE_CANDIDATE,0.9999341346,0.9999341346,23.547353471
2026-09-13 00:00:00.000 Z,2026-09-13 04:00:00.000 Z,ETH,REGIME_OOS,1,RANGE_CANDIDATE,0.9999471911,0.9999471911,23.851610967
2026-09-13 04:00:00.000 Z,2026-09-13 08:00:00.000 Z,ETH,REGIME_OOS,1,RANGE_CANDIDATE,0.9999394632,0.9999394632,24.134135785
2026-09-13 08:00:00.000 Z,2026-09-13 12:00:00.000 Z,ETH,REGIME_OOS,1,RANGE_CANDIDATE,0.9999549621,0.9999549621,22.907876956
2026-09-13 12:00:00.000 Z,2026-09-13 16:00:00.000 Z,ETH,REGIME_OOS,1,RANGE_CANDIDATE,0.9999614413,0.9999614413,21.399992966
2026-09-13 16:00:00.000 Z,2026-09-13 20:00:00.000 Z,ETH,REGIME_OOS,1,RANGE_CANDIDATE,0.9999603813,0.9999603813,20.585310612
2026-09-13 20:00:00.000 Z,2026-09-14 00:00:00.000 Z,ETH,REGIME_OOS,1,RANGE_CANDIDATE,0.9999697678,0.9999697678,19.347576062
2026-09-14 00:00:00.000 Z,2026-09-14 04:00:00.000 Z,ETH,REGIME_OOS,1,RANGE_CANDIDATE,0.9999641948,0.9999641948,18.402176524
2026-09-14 04:00:00.000 Z,2026-09-14 08:00:00.000 Z,ETH,REGIME_OOS,1,RANGE_CANDIDATE,0.9999603488,0.9999603488,17.290844937
2026-09-14 08:00:00.000 Z,2026-09-14 12:00:00.000 Z,ETH,REGIME_OOS,1,RANGE_CANDIDATE,0.9999597066,0.9999597066,16.133890944
2026-09-14 12:00:00.000 Z,2026-09-14 16:00:00.000 Z,ETH,REGIME_OOS,1,RANGE_CANDIDATE,0.999963533,0.999963533,15.425050782
2026-09-14 16:00:00.000 Z,2026-09-14 20:00:00.000 Z,ETH,REGIME_OOS,1,RANGE_CANDIDATE,0.9999313468,0.9999313468,14.875122065
2026-09-14 20:00:00.000 Z,2026-09-15 00:00:00.000 Z,ETH,REGIME_OOS,1,RANGE_CANDIDATE,0.9999350019,0.9999350019,15.782203389
2026-09-15 00:00:00.000 Z,2026-09-15 04:00:00.000 Z,ETH,REGIME_OOS,1,RANGE_CANDIDATE,0.9999404601,0.9999404601,16.0671234
2026-09-15 04:00:00.000 Z,2026-09-15 08:00:00.000 Z,ETH,REGIME_OOS,1,RANGE_CANDIDATE,0.9999516566,0.9999516566,15.562407143
2026-09-15 08:00:00.000 Z,2026-09-15 12:00:00.000 Z,ETH,REGIME_OOS,1,RANGE_CANDIDATE,0.9999574621,0.9999574621,14.929724053
2026-09-15 12:00:00.000 Z,2026-09-15 16:00:00.000 Z,ETH,REGIME_OOS,1,RANGE_CANDIDATE,0.9999514163,0.9999514163,15.103070249
2026-09-15 16:00:00.000 Z,2026-09-15 20:00:00.000 Z,ETH,REGIME_OOS,1,RANGE_CANDIDATE,0.9999246615,0.9999246615,15.797477829
2026-09-15 20:00:00.000 Z,2026-09-16 00:00:00.000 Z,ETH,REGIME_OOS,1,RANGE_CANDIDATE,0.9999326174,0.9999326174,16.442284868
2026-09-16 00:00:00.000 Z,2026-09-16 04:00:00.000 Z,ETH,REGIME_OOS,1,RANGE_CANDIDATE,0.9999444966,0.9999444966,17.041034261
2026-09-16 04:00:00.000 Z,2026-09-16 08:00:00.000 Z,ETH,REGIME_OOS,1,RANGE_CANDIDATE,0.9999566727,0.9999566727,17.59701584
2026-09-16 08:00:00.000 Z,2026-09-16 12:00:00.000 Z,ETH,REGIME_OOS,1,RANGE_CANDIDATE,0.9999646001,0.9999646001,17.534231159
2026-09-16 12:00:00.000 Z,2026-09-16 16:00:00.000 Z,ETH,REGIME_OOS,1,RANGE_CANDIDATE,0.9999579265,0.9999579265,17.533160939
2026-09-16 16:00:00.000 Z,2026-09-16 20:00:00.000 Z,ETH,REGIME_OOS,1,RANGE_CANDIDATE,0.9999625103,0.9999625103,17.182128469
2026-09-16 20:00:00.000 Z,2026-09-17 00:00:00.000 Z,ETH,REGIME_OOS,1,RANGE_CANDIDATE,0.9999118808,0.9999118808,16.856169746
2026-09-17 00:00:00.000 Z,2026-09-17 04:00:00.000 Z,ETH,REGIME_OOS,1,RANGE_CANDIDATE,0.9999447155,0.9999447155,15.798131098
2026-09-17 04:00:00.000 Z,2026-09-17 08:00:00.000 Z,ETH,REGIME_OOS,1,RANGE_CANDIDATE,0.9999511138,0.9999511138,14.80709002
2026-09-17 08:00:00.000 Z,2026-09-17 12:00:00.000 Z,ETH,REGIME_OOS,1,RANGE_CANDIDATE,0.9999527309,0.9999527309,13.88683759
2026-09-17 12:00:00.000 Z,2026-09-17 16:00:00.000 Z,ETH,REGIME_OOS,1,RANGE_CANDIDATE,0.9999355795,0.9999355795,14.090105745
2026-09-17 16:00:00.000 Z,2026-09-17 20:00:00.000 Z,ETH,REGIME_OOS,1,RANGE_CANDIDATE,0.9999587206,0.9999587206,14.278854746
2026-09-17 20:00:00.000 Z,2026-09-18 00:00:00.000 Z,ETH,REGIME_OOS,1,RANGE_CANDIDATE,0.99996142,0.99996142,14.156646303
2026-09-18 00:00:00.000 Z,2026-09-18 04:00:00.000 Z,ETH,REGIME_OOS,1,RANGE_CANDIDATE,0.9999662294,0.9999662294,14.81433067
2026-09-18 04:00:00.000 Z,2026-09-18 08:00:00.000 Z,ETH,REGIME_OOS,1,RANGE_CANDIDATE,0.9999665373,0.9999665373,15.760488327
2026-09-18 08:00:00.000 Z,2026-09-18 12:00:00.000 Z,ETH,REGIME_OOS,1,RANGE_CANDIDATE,0.9999528261,0.9999528261,17.138034842
2026-09-18 12:00:00.000 Z,2026-09-18 16:00:00.000 Z,ETH,REGIME_OOS,1,RANGE_CANDIDATE,0.9996649796,0.9996649796,19.672083817
2026-09-18 16:00:00.000 Z,2026-09-18 20:00:00.000 Z,ETH,REGIME_OOS,1,RANGE_CANDIDATE,0.9839335318,0.9839335318,22.566624312
2026-09-18 20:00:00.000 Z,2026-09-19 00:00:00.000 Z,ETH,REGIME_OOS,1,RANGE_CANDIDATE,0.9673871267,0.9673871267,25.254411915
2026-09-19 16:00:00.000 Z,2026-09-19 20:00:00.000 Z,ETH,REGIME_OOS,0,OTHER,0.6887953559,0.2637039432,30.319040031
2026-09-19 20:00:00.000 Z,2026-09-20 00:00:00.000 Z,ETH,REGIME_OOS,0,OTHER,0.8942583315,0.09875900093,31.901449739
2026-09-20 00:00:00.000 Z,2026-09-20 04:00:00.000 Z,ETH,REGIME_OOS,0,OTHER,0.6287736985,0.3666233133,31.553590935
2026-09-20 04:00:00.000 Z,2026-09-20 08:00:00.000 Z,ETH,REGIME_OOS,1,RANGE_CANDIDATE,0.7697617466,0.7697617466,31.230579188
2026-09-20 08:00:00.000 Z,2026-09-20 12:00:00.000 Z,ETH,REGIME_OOS,1,RANGE_CANDIDATE,0.9540433744,0.9540433744,30.74514878
2026-09-20 12:00:00.000 Z,2026-09-20 16:00:00.000 Z,ETH,REGIME_OOS,1,RANGE_CANDIDATE,0.9735063714,0.9735063714,30.864431699
2026-09-20 16:00:00.000 Z,2026-09-20 20:00:00.000 Z,ETH,REGIME_OOS,1,RANGE_CANDIDATE,0.9126149832,0.9126149832,31.606187132
2026-09-20 20:00:00.000 Z,2026-09-21 00:00:00.000 Z,ETH,REGIME_OOS,1,RANGE_CANDIDATE,0.7931190746,0.7931190746,32.116112643
2026-09-21 00:00:00.000 Z,2026-09-21 04:00:00.000 Z,ETH,REGIME_OOS,0,OTHER,0.9358506653,0.06356085686,33.377250366
2026-09-21 04:00:00.000 Z,2026-09-21 08:00:00.000 Z,ETH,REGIME_OOS,0,OTHER,0.9973575367,0.002500628861,34.548306822
2026-09-21 08:00:00.000 Z,2026-09-21 12:00:00.000 Z,ETH,REGIME_OOS,0,OTHER,0.9999601961,5.878644602e-06,36.38334144
2026-09-21 12:00:00.000 Z,2026-09-21 16:00:00.000 Z,ETH,REGIME_OOS,0,OTHER,0.9999792343,6.396195681e-07,38.19716591
2026-09-21 16:00:00.000 Z,2026-09-21 20:00:00.000 Z,ETH,REGIME_OOS,0,OTHER,0.999985206,2.539675631e-07,39.982532641
2026-09-21 20:00:00.000 Z,2026-09-22 00:00:00.000 Z,ETH,REGIME_OOS,0,OTHER,0.9999850014,1.058810059e-07,41.882332947
2026-09-22 00:00:00.000 Z,2026-09-22 04:00:00.000 Z,ETH,REGIME_OOS,0,OTHER,0.9999859755,2.160149737e-07,42.415808121
2026-09-22 04:00:00.000 Z,2026-09-22 08:00:00.000 Z,ETH,REGIME_OOS,0,OTHER,0.9999786296,1.051304815e-06,42.570941729
2026-09-22 08:00:00.000 Z,2026-09-22 12:00:00.000 Z,ETH,REGIME_OOS,0,OTHER,0.9999768328,1.08037068e-06,42.864491872
2026-09-22 12:00:00.000 Z,2026-09-22 16:00:00.000 Z,ETH,REGIME_OOS,0,OTHER,0.9999672822,1.653013824e-06,43.255890127
2026-09-22 16:00:00.000 Z,2026-09-22 20:00:00.000 Z,ETH,REGIME_OOS,0,OTHER,0.9999679061,1.29709865e-06,43.619331365
2026-09-22 20:00:00.000 Z,2026-09-23 00:00:00.000 Z,ETH,REGIME_OOS,0,OTHER,0.9999687933,7.350900288e-07,44.105175268
2026-09-23 00:00:00.000 Z,2026-09-23 04:00:00.000 Z,ETH,REGIME_OOS,0,OTHER,0.9999726585,4.912716637e-07,44.690445605
2026-09-23 04:00:00.000 Z,2026-09-23 08:00:00.000 Z,ETH,REGIME_OOS,0,OTHER,0.9999696319,5.963239375e-07,44.890151597
2026-09-23 08:00:00.000 Z,2026-09-23 12:00:00.000 Z,ETH,REGIME_OOS,0,OTHER,0.9999582588,2.116806006e-06,44.155375514
2026-09-23 12:00:00.000 Z,2026-09-23 16:00:00.000 Z,ETH,REGIME_OOS,0,OTHER,0.999646673,0.0001604260453,41.33258927
2026-09-23 16:00:00.000 Z,2026-09-23 20:00:00.000 Z,ETH,REGIME_OOS,0,OTHER,0.9991576687,0.0006909676321,38.446489129
2026-09-23 20:00:00.000 Z,2026-09-24 00:00:00.000 Z,ETH,REGIME_OOS,0,OTHER,0.9969238234,0.002899627251,36.212522025
2026-09-24 00:00:00.000 Z,2026-09-24 04:00:00.000 Z,ETH,REGIME_OOS,0,OTHER,0.9642443602,0.03508851592,33.946460317
2026-09-24 04:00:00.000 Z,2026-09-24 08:00:00.000 Z,ETH,REGIME_OOS,0,OTHER,0.799978338,0.1992793249,32.119578884
2026-09-24 08:00:00.000 Z,2026-09-24 12:00:00.000 Z,ETH,REGIME_OOS,1,RANGE_CANDIDATE,0.6249481704,0.6249481704,30.335984719
2026-09-24 12:00:00.000 Z,2026-09-24 16:00:00.000 Z,ETH,REGIME_OOS,1,RANGE_CANDIDATE,0.9351228082,0.9351228082,28.528280418
2026-09-24 16:00:00.000 Z,2026-09-24 20:00:00.000 Z,ETH,REGIME_OOS,1,RANGE_CANDIDATE,0.9928566684,0.9928566684,26.65152223
2026-09-24 20:00:00.000 Z,2026-09-25 00:00:00.000 Z,ETH,REGIME_OOS,1,RANGE_CANDIDATE,0.9981360831,0.9981360831,24.908818198
2026-09-25 00:00:00.000 Z,2026-09-25 04:00:00.000 Z,ETH,REGIME_OOS,1,RANGE_CANDIDATE,0.9986739346,0.9986739346,23.410719615
2026-09-25 04:00:00.000 Z,2026-09-25 08:00:00.000 Z,ETH,REGIME_OOS,1,RANGE_CANDIDATE,0.9993876603,0.9993876603,22.264824158
2026-09-25 08:00:00.000 Z,2026-09-25 12:00:00.000 Z,ETH,REGIME_OOS,1,RANGE_CANDIDATE,0.9981178864,0.9981178864,21.67085467
2026-09-25 12:00:00.000 Z,2026-09-25 16:00:00.000 Z,ETH,REGIME_OOS,1,RANGE_CANDIDATE,0.9996992359,0.9996992359,21.119311573
2026-09-26 20:00:00.000 Z,2026-09-27 00:00:00.000 Z,ETH,REGIME_OOS,1,RANGE_CANDIDATE,0.9988399223,0.9988399223,19.465863669
2026-09-27 00:00:00.000 Z,2026-09-27 04:00:00.000 Z,ETH,REGIME_OOS,1,RANGE_CANDIDATE,0.9999011071,0.9999011071,19.143638155
2026-09-27 04:00:00.000 Z,2026-09-27 08:00:00.000 Z,ETH,REGIME_OOS,1,RANGE_CANDIDATE,0.9998433993,0.9998433993,19.246465366
2026-09-27 08:00:00.000 Z,2026-09-27 12:00:00.000 Z,ETH,REGIME_OOS,1,RANGE_CANDIDATE,0.9999452737,0.9999452737,19.341947777
2026-09-27 12:00:00.000 Z,2026-09-27 16:00:00.000 Z,ETH,REGIME_OOS,1,RANGE_CANDIDATE,0.9999589355,0.9999589355,18.300421869
2026-09-27 16:00:00.000 Z,2026-09-27 20:00:00.000 Z,ETH,REGIME_OOS,1,RANGE_CANDIDATE,0.9999621914,0.9999621914,17.333290669
2026-09-27 20:00:00.000 Z,2026-09-28 00:00:00.000 Z,ETH,REGIME_OOS,1,RANGE_CANDIDATE,0.9999579605,0.9999579605,16.403118705
2026-09-28 00:00:00.000 Z,2026-09-28 04:00:00.000 Z,ETH,REGIME_OOS,1,RANGE_CANDIDATE,0.9999592533,0.9999592533,16.365197632
2026-09-28 04:00:00.000 Z,2026-09-28 08:00:00.000 Z,ETH,REGIME_OOS,1,RANGE_CANDIDATE,0.9999537062,0.9999537062,16.545373065
2026-09-28 08:00:00.000 Z,2026-09-28 12:00:00.000 Z,ETH,REGIME_OOS,1,RANGE_CANDIDATE,0.9999644545,0.9999644545,16.3031929
2026-09-28 12:00:00.000 Z,2026-09-28 16:00:00.000 Z,ETH,REGIME_OOS,1,RANGE_CANDIDATE,0.9999681698,0.9999681698,15.347825139
2026-09-28 16:00:00.000 Z,2026-09-28 20:00:00.000 Z,ETH,REGIME_OOS,1,RANGE_CANDIDATE,0.9999632774,0.9999632774,15.067748354
2026-09-28 20:00:00.000 Z,2026-09-29 00:00:00.000 Z,ETH,REGIME_OOS,1,RANGE_CANDIDATE,0.9999638644,0.9999638644,14.807677054
2026-09-29 00:00:00.000 Z,2026-09-29 04:00:00.000 Z,ETH,REGIME_OOS,1,RANGE_CANDIDATE,0.9999533788,0.9999533788,13.945266089
2026-09-29 04:00:00.000 Z,2026-09-29 08:00:00.000 Z,ETH,REGIME_OOS,1,RANGE_CANDIDATE,0.999937301,0.999937301,13.915432248
2026-09-29 08:00:00.000 Z,2026-09-29 12:00:00.000 Z,ETH,REGIME_OOS,1,RANGE_CANDIDATE,0.9999395427,0.9999395427,14.407730699
2026-09-29 12:00:00.000 Z,2026-09-29 16:00:00.000 Z,ETH,REGIME_OOS,1,RANGE_CANDIDATE,0.9999571352,0.9999571352,13.654196875
2026-09-29 16:00:00.000 Z,2026-09-29 20:00:00.000 Z,ETH,REGIME_OOS,1,RANGE_CANDIDATE,0.999958674,0.999958674,12.954486896
2026-09-29 20:00:00.000 Z,2026-09-30 00:00:00.000 Z,ETH,REGIME_OOS,1,RANGE_CANDIDATE,0.9999636846,0.9999636846,12.3047562
2026-09-30 00:00:00.000 Z,2026-09-30 04:00:00.000 Z,ETH,REGIME_OOS,1,RANGE_CANDIDATE,0.9999598246,0.9999598246,11.510970756
2026-09-30 04:00:00.000 Z,2026-09-30 08:00:00.000 Z,ETH,REGIME_OOS,1,RANGE_CANDIDATE,0.9999599329,0.9999599329,11.077054705
2026-09-30 08:00:00.000 Z,2026-09-30 12:00:00.000 Z,ETH,REGIME_OOS,1,RANGE_CANDIDATE,0.9999401483,0.9999401483,10.724563348
2026-09-30 12:00:00.000 Z,2026-09-30 16:00:00.000 Z,ETH,REGIME_OOS,1,RANGE_CANDIDATE,0.9999584636,0.9999584636,11.501077072
2026-09-30 16:00:00.000 Z,2026-09-30 20:00:00.000 Z,ETH,REGIME_OOS,1,RANGE_CANDIDATE,0.9999623883,0.9999623883,12.126927654
